,enter,exit,date,latitude,longitude,matricula
0,PalasietB,CV-645B,2023-08-22T15:05:09.097Z,38.985252,-0.537441,460
1,Argenteria,PalasietB,2023-08-22T15:05:09.097Z,38.985489,-0.534157,300
2,9 OctubreB,Reina,2023-08-22T15:05:09.097Z,38.987684,-0.53061,976
3,Abu Masaifa,Ausias MarchB,2023-08-22T15:05:09.097Z,38.987684,-0.53061,725
4,Ausias MarchB,Baixada estacio 1,2023-08-22T15:05:09.097Z,38.991913,-0.524291,626
5,Beata InesA,Argenteria,2023-08-22T15:05:09.097Z,38.987684,-0.53061,502
6,Albereda 1,Albereda 2,2023-08-22T15:05:09.097Z,38.990122,-0.519633,865
7,Academic Maravall,Maulets,2023-08-22T15:05:09.097Z,38.991249,-0.518678,347
8,Cosmografo,Maulets,2023-08-22T15:05:09.097Z,38.991249,-0.518678,349
9,N-340B,N-340A,2023-08-22T15:05:09.097Z,0.0,0.0,False
10,CV-645A,Corts Valencianes 1B,2023-08-22T15:05:19.097Z,38.985252,-0.537441,040
11,CV-645B,N-340A,2023-08-22T15:05:19.097Z,0.0,0.0,311
12,Corts Valencianes 2B,Ausias MarchB,2023-08-22T15:05:19.097Z,38.987684,-0.53061,182
13,9 OctubreB,Corts Valencianes 2A,2023-08-22T15:05:19.097Z,38.987684,-0.53061,283
14,Ausias MarchA,Reina,2023-08-22T15:05:19.097Z,38.987684,-0.53061,False
15,Ausias MarchB,Ximen ToviaB,2023-08-22T15:05:19.097Z,38.991913,-0.524291,801
16,Ximen ToviaA,Ximen ToviaB,2023-08-22T15:05:19.097Z,38.991913,-0.524291,422
17,Ximen ToviaB,Gregorio Molina,2023-08-22T15:05:19.097Z,38.992357,-0.519858,False
18,Academic Maravall,Maulets,2023-08-22T15:05:19.097Z,38.991249,-0.518678,969
19,Republica Argentina,Academic Maravall,2023-08-22T15:05:19.097Z,38.99105,-0.519778,046
20,Corts Valencianes 2B,Corts Valencianes 2A,2023-08-22T15:05:29.097Z,38.987684,-0.53061,712
21,PalasietB,CV-645B,2023-08-22T15:05:29.097Z,38.985252,-0.537441,954
22,Ausias MarchA,Beata InesB,2023-08-22T15:05:29.097Z,38.987684,-0.53061,949
23,Reina,Republica Argentina,2023-08-22T15:05:29.097Z,38.989955,-0.523503,False
24,Ximen ToviaB,Gregorio Molina,2023-08-22T15:05:29.097Z,38.992357,-0.519858,False
25,Maulets,Ximen ToviaA,2023-08-22T15:05:29.097Z,38.992357,-0.519858,347
26,N-340A,Gregorio Molina,2023-08-22T15:05:29.097Z,38.992357,-0.519858,eXX
27,Corts Valencianes 1B,Alfons MagnanimB,2023-08-22T15:05:39.097Z,38.986084,-0.534517,False
28,Corts Valencianes 2A,Corts Valencianes 2B,2023-08-22T15:05:39.097Z,38.986084,-0.534517,283
29,PalasietA,PalasietB,2023-08-22T15:05:39.097Z,38.985489,-0.534157,597
30,PalasietB,CV-645B,2023-08-22T15:05:39.097Z,38.985252,-0.537441,966
31,Alfons MagnanimB,9 OctubreB,2023-08-22T15:05:39.097Z,38.987144,-0.535236,499
32,9 OctubreB,Corts Valencianes 2A,2023-08-22T15:05:39.097Z,38.987684,-0.53061,918
33,Ausias MarchA,9 OctubreA,2023-08-22T15:05:39.097Z,38.987684,-0.53061,916
34,Ausias MarchB,Ximen ToviaB,2023-08-22T15:05:39.097Z,38.991913,-0.524291,False
35,Beata InesA,Ausias MarchB,2023-08-22T15:05:39.097Z,38.987684,-0.53061,767
36,Academic Maravall,Maulets,2023-08-22T15:05:39.097Z,38.991249,-0.518678,046
37,N-340B,N-340A,2023-08-22T15:05:39.097Z,0.0,0.0,447
38,CV-645B,N-340A,2023-08-22T15:05:49.097Z,0.0,0.0,240
39,PalasietA,PalasietB,2023-08-22T15:05:49.097Z,38.985489,-0.534157,999
40,Ausias MarchB,Ximen ToviaB,2023-08-22T15:05:49.097Z,38.991913,-0.524291,912
41,Beata InesB,Beata InesA,2023-08-22T15:05:49.097Z,0.0,0.0,719
42,Reina,Albereda 1,2023-08-22T15:05:49.097Z,38.989955,-0.523503,False
43,Gregorio Molina,Abu Masaifa,2023-08-22T15:05:49.097Z,38.991213,-0.523787,891
44,Corts Valencianes 2A,Aben FerriB,2023-08-22T15:05:59.097Z,38.986084,-0.534517,918
45,Corts Valencianes 2B,Ausias MarchB,2023-08-22T15:05:59.097Z,38.987684,-0.53061,283
46,Ausias MarchB,Ximen ToviaB,2023-08-22T15:05:59.097Z,38.991913,-0.524291,False
47,Beata InesB,CV-645A,2023-08-22T15:05:59.097Z,0.0,0.0,964
48,Reina,Republica Argentina,2023-08-22T15:05:59.097Z,38.989955,-0.523503,976
49,Gregorio Molina,Abu Masaifa,2023-08-22T15:05:59.097Z,38.991213,-0.523787,560
50,Republica Argentina,Carme 2,2023-08-22T15:05:59.097Z,38.99105,-0.519778,469
51,CV-645B,CV-645A,2023-08-22T15:06:09.097Z,0.0,0.0,627
52,Corts Valencianes 2A,Alfons MagnanimB,2023-08-22T15:06:09.097Z,38.986084,-0.534517,070
53,PalasietA,Aben FerriA,2023-08-22T15:06:09.097Z,38.985489,-0.534157,980
54,Aben FerriB,Aben FerriA,2023-08-22T15:06:09.097Z,38.985489,-0.534157,518
55,Ausias MarchB,Ausias MarchA,2023-08-22T15:06:09.097Z,38.991913,-0.524291,725
56,Gregorio Molina,Abu Masaifa,2023-08-22T15:06:09.097Z,38.991213,-0.523787,False
57,Albereda 1,Albereda 2,2023-08-22T15:06:09.097Z,38.990122,-0.519633,False
58,Carme 2,Albereda 2,2023-08-22T15:06:09.097Z,38.990122,-0.519633,False
59,N-340B,N-340A,2023-08-22T15:06:09.097Z,0.0,0.0,331
60,CV-645A,Corts Valencianes 1B,2023-08-22T15:06:19.097Z,38.985252,-0.537441,364
61,CV-645B,CV-645A,2023-08-22T15:06:19.097Z,0.0,0.0,False
62,Corts Valencianes 2A,Corts Valencianes 2B,2023-08-22T15:06:19.097Z,38.986084,-0.534517,676
63,PalasietA,PalasietB,2023-08-22T15:06:19.097Z,38.985489,-0.534157,486
64,Alfons MagnanimB,9 OctubreB,2023-08-22T15:06:19.097Z,38.987144,-0.535236,False
65,Aben FerriA,Corts Valencianes 2B,2023-08-22T15:06:19.097Z,38.986084,-0.534517,580
66,Argenteria,Aben FerriA,2023-08-22T15:06:19.097Z,38.985489,-0.534157,502
67,9 OctubreA,9 OctubreB,2023-08-22T15:06:19.097Z,38.987144,-0.535236,918
68,Beata InesA,Corts Valencianes 2A,2023-08-22T15:06:19.097Z,38.987684,-0.53061,273
69,CV-645A,Corts Valencianes 1B,2023-08-22T15:06:29.097Z,38.985252,-0.537441,627
70,Corts Valencianes 2A,Alfons MagnanimB,2023-08-22T15:06:29.097Z,38.986084,-0.534517,273
71,PalasietA,Aben FerriA,2023-08-22T15:06:29.097Z,38.985489,-0.534157,202
72,Aben FerriA,Corts Valencianes 2B,2023-08-22T15:06:29.097Z,38.986084,-0.534517,518
73,Abu Masaifa,9 OctubreA,2023-08-22T15:06:29.097Z,38.987684,-0.53061,False
74,Ausias MarchA,Beata InesB,2023-08-22T15:06:29.097Z,38.987684,-0.53061,725
75,Beata InesB,N-340A,2023-08-22T15:06:29.097Z,0.0,0.0,999
76,Ximen ToviaA,Ximen ToviaB,2023-08-22T15:06:29.097Z,38.991913,-0.524291,False
77,Corts Valencianes 1B,Alfons MagnanimB,2023-08-22T15:06:39.097Z,38.986084,-0.534517,964
78,Corts Valencianes 2B,Ausias MarchB,2023-08-22T15:06:39.097Z,38.987684,-0.53061,864
79,PalasietA,Aben FerriA,2023-08-22T15:06:39.097Z,38.985489,-0.534157,096
80,PalasietB,Corts Valencianes 1B,2023-08-22T15:06:39.097Z,38.985252,-0.537441,486
81,Alfons MagnanimB,9 OctubreB,2023-08-22T15:06:39.097Z,38.987144,-0.535236,273
82,Argenteria,PalasietB,2023-08-22T15:06:39.097Z,38.985489,-0.534157,878
83,Abu Masaifa,Argenteria,2023-08-22T15:06:39.097Z,38.987684,-0.53061,960
84,Ausias MarchB,Ausias MarchA,2023-08-22T15:06:39.097Z,38.991913,-0.524291,462
85,N-340B,Beata InesA,2023-08-22T15:06:39.097Z,0.0,0.0,724
86,CV-645A,PalasietA,2023-08-22T15:06:49.097Z,38.985252,-0.537441,False
87,Corts Valencianes 2B,9 OctubreA,2023-08-22T15:06:49.097Z,38.987684,-0.53061,980
88,PalasietB,Corts Valencianes 1B,2023-08-22T15:06:49.097Z,38.985252,-0.537441,878
89,Argenteria,PalasietB,2023-08-22T15:06:49.097Z,38.985489,-0.534157,560
90,9 OctubreB,Beata InesB,2023-08-22T15:06:49.097Z,38.987684,-0.53061,459
91,Ximen ToviaA,Ximen ToviaB,2023-08-22T15:06:49.097Z,38.991913,-0.524291,661
92,N-340B,N-340A,2023-08-22T15:06:49.097Z,0.0,0.0,469
93,CV-645B,N-340A,2023-08-22T15:06:59.097Z,0.0,0.0,732
94,Corts Valencianes 1B,Aben FerriB,2023-08-22T15:06:59.097Z,38.986084,-0.534517,166
95,Corts Valencianes 2B,Beata InesB,2023-08-22T15:06:59.097Z,38.987684,-0.53061,050
96,Alfons MagnanimB,9 OctubreB,2023-08-22T15:06:59.097Z,38.987144,-0.535236,364
97,Aben FerriA,Alfons MagnanimB,2023-08-22T15:06:59.097Z,38.986084,-0.534517,502
98,Aben FerriB,PalasietB,2023-08-22T15:06:59.097Z,38.985489,-0.534157,053
99,9 OctubreB,9 OctubreA,2023-08-22T15:06:59.097Z,38.987684,-0.53061,787
100,Ausias MarchB,Baixada estacio 1,2023-08-22T15:06:59.097Z,38.991913,-0.524291,283
101,Beata InesA,9 OctubreA,2023-08-22T15:06:59.097Z,38.987684,-0.53061,274
102,N-340A,Gregorio Molina,2023-08-22T15:06:59.097Z,38.992357,-0.519858,311
103,Corts Valencianes 1B,Corts Valencianes 1A,2023-08-22T15:07:09.097Z,38.986084,-0.534517,878
104,Corts Valencianes 2B,Reina,2023-08-22T15:07:09.097Z,38.987684,-0.53061,518
105,PalasietB,CV-645B,2023-08-22T15:07:09.097Z,38.985252,-0.537441,263
106,Alfons MagnanimB,Alfons MagnanimA,2023-08-22T15:07:09.097Z,38.987144,-0.535236,040
107,9 OctubreA,9 OctubreB,2023-08-22T15:07:09.097Z,38.987144,-0.535236,949
108,9 OctubreB,Ausias MarchB,2023-08-22T15:07:09.097Z,38.987684,-0.53061,070
109,Ausias MarchB,Ausias MarchA,2023-08-22T15:07:09.097Z,38.991913,-0.524291,864
110,Baixada estacio 1,Abu Masaifa,2023-08-22T15:07:09.097Z,38.991213,-0.523787,283
111,Corts Valencianes 1A,CV-645B,2023-08-22T15:07:19.097Z,38.985252,-0.537441,878
112,PalasietB,CV-645B,2023-08-22T15:07:19.097Z,38.985252,-0.537441,560
113,Aben FerriA,Corts Valencianes 2B,2023-08-22T15:07:19.097Z,38.986084,-0.534517,056
114,Aben FerriB,Aben FerriA,2023-08-22T15:07:19.097Z,38.985489,-0.534157,486
115,9 OctubreA,9 OctubreB,2023-08-22T15:07:19.097Z,38.987144,-0.535236,294
116,9 OctubreB,Ausias MarchB,2023-08-22T15:07:19.097Z,38.987684,-0.53061,916
117,Ximen ToviaB,N-340B,2023-08-22T15:07:19.097Z,38.992357,-0.519858,801
118,Albereda 2,N-340B,2023-08-22T15:07:19.097Z,38.990742,-0.513,190
119,Maulets,N-340B,2023-08-22T15:07:19.097Z,38.992357,-0.519858,349
120,N-340B,N-340A,2023-08-22T15:07:19.097Z,0.0,0.0,976
121,PalasietB,PalasietA,2023-08-22T15:07:29.097Z,38.985252,-0.537441,053
122,Aben FerriA,Alfons MagnanimB,2023-08-22T15:07:29.097Z,38.986084,-0.534517,486
123,9 OctubreB,Reina,2023-08-22T15:07:29.097Z,38.987684,-0.53061,273
124,Abu Masaifa,Ausias MarchB,2023-08-22T15:07:29.097Z,38.987684,-0.53061,False
125,Ausias MarchB,Ausias MarchA,2023-08-22T15:07:29.097Z,38.991913,-0.524291,070
126,Reina,Republica Argentina,2023-08-22T15:07:29.097Z,38.989955,-0.523503,699
127,Ximen ToviaB,Carme 1,2023-08-22T15:07:29.097Z,38.992357,-0.519858,822
128,Gregorio Molina,Baixada estacio 2,2023-08-22T15:07:29.097Z,38.991213,-0.523787,311
129,Albereda 1,Albereda 2,2023-08-22T15:07:29.097Z,38.990122,-0.519633,882
130,Albereda 2,Cosmografo,2023-08-22T15:07:29.097Z,38.990742,-0.513,397
131,Carme 2,Albereda 2,2023-08-22T15:07:29.097Z,38.990122,-0.519633,070
132,Republica Argentina,Carme 2,2023-08-22T15:07:29.097Z,38.99105,-0.519778,976
133,CV-645B,CV-645A,2023-08-22T15:07:39.097Z,0.0,0.0,284
134,Corts Valencianes 2B,Ausias MarchB,2023-08-22T15:07:39.097Z,38.987684,-0.53061,056
135,PalasietA,Aben FerriA,2023-08-22T15:07:39.097Z,38.985489,-0.534157,063
136,PalasietB,CV-645B,2023-08-22T15:07:39.097Z,38.985252,-0.537441,999
137,9 OctubreB,Ausias MarchB,2023-08-22T15:07:39.097Z,38.987684,-0.53061,669
138,Ximen ToviaB,Gregorio Molina,2023-08-22T15:07:39.097Z,38.992357,-0.519858,069
139,Carme 2,Albereda 2,2023-08-22T15:07:39.097Z,38.990122,-0.519633,750
140,Maulets,Gregorio Molina,2023-08-22T15:07:39.097Z,38.992357,-0.519858,046
141,N-340B,N-340A,2023-08-22T15:07:39.097Z,0.0,0.0,062
142,CV-645B,Beata InesA,2023-08-22T15:07:49.097Z,0.0,0.0,081
143,Corts Valencianes 1A,CV-645B,2023-08-22T15:07:49.097Z,38.985252,-0.537441,538
144,Alfons MagnanimA,Corts Valencianes 1A,2023-08-22T15:07:49.097Z,38.986084,-0.534517,040
145,Alfons MagnanimB,Alfons MagnanimA,2023-08-22T15:07:49.097Z,38.987144,-0.535236,502
146,Aben FerriA,Corts Valencianes 1A,2023-08-22T15:07:49.097Z,38.986084,-0.534517,063
147,9 OctubreA,9 OctubreB,2023-08-22T15:07:49.097Z,38.987144,-0.535236,063
148,9 OctubreB,Argenteria,2023-08-22T15:07:49.097Z,38.987684,-0.53061,949
149,Abu Masaifa,Argenteria,2023-08-22T15:07:49.097Z,38.987684,-0.53061,283
150,Ausias MarchA,Argenteria,2023-08-22T15:07:49.097Z,38.987684,-0.53061,False
151,Beata InesB,Beata InesA,2023-08-22T15:07:49.097Z,0.0,0.0,550
152,Ximen ToviaB,Ximen ToviaA,2023-08-22T15:07:49.097Z,38.992357,-0.519858,912
153,Carme 1,Carme 2,2023-08-22T15:07:49.097Z,38.99105,-0.519778,619
154,N-340A,Gregorio Molina,2023-08-22T15:07:49.097Z,38.992357,-0.519858,147
155,CV-645B,N-340A,2023-08-22T15:07:59.097Z,0.0,0.0,791
156,PalasietA,PalasietB,2023-08-22T15:07:59.097Z,38.985489,-0.534157,179
157,Alfons MagnanimA,Aben FerriB,2023-08-22T15:07:59.097Z,38.986084,-0.534517,502
158,9 OctubreA,Alfons MagnanimA,2023-08-22T15:07:59.097Z,38.987144,-0.535236,787
159,Abu Masaifa,Ausias MarchB,2023-08-22T15:07:59.097Z,38.987684,-0.53061,248
160,Ausias MarchA,9 OctubreA,2023-08-22T15:07:59.097Z,38.987684,-0.53061,864
161,Ausias MarchB,Ximen ToviaB,2023-08-22T15:07:59.097Z,38.991913,-0.524291,918
162,Ximen ToviaA,Baixada estacio 1,2023-08-22T15:07:59.097Z,38.991913,-0.524291,912
163,Gregorio Molina,Abu Masaifa,2023-08-22T15:07:59.097Z,38.991213,-0.523787,False
164,Cosmografo,Maulets,2023-08-22T15:07:59.097Z,38.991249,-0.518678,166
165,N-340A,Ximen ToviaA,2023-08-22T15:07:59.097Z,38.992357,-0.519858,200
166,CV-645A,PalasietA,2023-08-22T15:08:09.097Z,38.985252,-0.537441,284
167,CV-645B,N-340A,2023-08-22T15:08:09.097Z,0.0,0.0,False
168,Alfons MagnanimA,Corts Valencianes 2B,2023-08-22T15:08:09.097Z,38.986084,-0.534517,787
169,Argenteria,Aben FerriA,2023-08-22T15:08:09.097Z,38.985489,-0.534157,949
170,9 OctubreA,Alfons MagnanimA,2023-08-22T15:08:09.097Z,38.987144,-0.535236,224
171,Ausias MarchA,9 OctubreA,2023-08-22T15:08:09.097Z,38.987684,-0.53061,076
172,Ausias MarchB,Ximen ToviaB,2023-08-22T15:08:09.097Z,38.991913,-0.524291,False
173,Beata InesA,Corts Valencianes 2A,2023-08-22T15:08:09.097Z,38.987684,-0.53061,081
174,Baixada estacio 1,Baixada estacio 2,2023-08-22T15:08:09.097Z,38.991213,-0.523787,126
175,Gregorio Molina,Abu Masaifa,2023-08-22T15:08:09.097Z,38.991213,-0.523787,046
176,Maulets,Gregorio Molina,2023-08-22T15:08:09.097Z,38.992357,-0.519858,997
177,N-340A,Ximen ToviaA,2023-08-22T15:08:09.097Z,38.992357,-0.519858,331
178,N-340B,Beata InesA,2023-08-22T15:08:09.097Z,0.0,0.0,693
179,Corts Valencianes 2A,Aben FerriB,2023-08-22T15:08:19.097Z,38.986084,-0.534517,081
180,PalasietA,PalasietB,2023-08-22T15:08:19.097Z,38.985489,-0.534157,284
181,Alfons MagnanimA,Alfons MagnanimB,2023-08-22T15:08:19.097Z,38.986084,-0.534517,724
182,Aben FerriA,Alfons MagnanimB,2023-08-22T15:08:19.097Z,38.986084,-0.534517,891
183,Ausias MarchB,Baixada estacio 1,2023-08-22T15:08:19.097Z,38.991913,-0.524291,096
184,Beata InesA,Argenteria,2023-08-22T15:08:19.097Z,38.987684,-0.53061,550
185,N-340A,Ximen ToviaA,2023-08-22T15:08:19.097Z,38.992357,-0.519858,350
186,CV-645B,Beata InesA,2023-08-22T15:08:29.097Z,0.0,0.0,636
187,Corts Valencianes 2B,Corts Valencianes 2A,2023-08-22T15:08:29.097Z,38.987684,-0.53061,787
188,Alfons MagnanimB,9 OctubreB,2023-08-22T15:08:29.097Z,38.987144,-0.535236,674
189,Argenteria,PalasietB,2023-08-22T15:08:29.097Z,38.985489,-0.534157,283
190,Ausias MarchB,Baixada estacio 1,2023-08-22T15:08:29.097Z,38.991913,-0.524291,964
191,Beata InesA,9 OctubreA,2023-08-22T15:08:29.097Z,38.987684,-0.53061,693
192,Beata InesB,Beata InesA,2023-08-22T15:08:29.097Z,0.0,0.0,272
193,Ximen ToviaA,Ausias MarchA,2023-08-22T15:08:29.097Z,38.991913,-0.524291,240
194,Gregorio Molina,Abu Masaifa,2023-08-22T15:08:29.097Z,38.991213,-0.523787,474
195,N-340A,Ximen ToviaA,2023-08-22T15:08:29.097Z,38.992357,-0.519858,469
196,Corts Valencianes 2A,Aben FerriB,2023-08-22T15:08:39.097Z,38.986084,-0.534517,787
197,PalasietB,Corts Valencianes 1B,2023-08-22T15:08:39.097Z,38.985252,-0.537441,False
198,Alfons MagnanimB,Alfons MagnanimA,2023-08-22T15:08:39.097Z,38.987144,-0.535236,619
199,Aben FerriB,PalasietB,2023-08-22T15:08:39.097Z,38.985489,-0.534157,081
200,Baixada estacio 1,Abu Masaifa,2023-08-22T15:08:39.097Z,38.991213,-0.523787,056
201,Gregorio Molina,Baixada estacio 2,2023-08-22T15:08:39.097Z,38.991213,-0.523787,397
202,N-340A,Ximen ToviaA,2023-08-22T15:08:39.097Z,38.992357,-0.519858,732
203,Corts Valencianes 1A,PalasietA,2023-08-22T15:08:49.097Z,38.985252,-0.537441,040
204,PalasietB,PalasietA,2023-08-22T15:08:49.097Z,38.985252,-0.537441,325
205,Alfons MagnanimA,Corts Valencianes 1A,2023-08-22T15:08:49.097Z,38.986084,-0.534517,949
206,Aben FerriB,PalasietB,2023-08-22T15:08:49.097Z,38.985489,-0.534157,787
207,Argenteria,PalasietB,2023-08-22T15:08:49.097Z,38.985489,-0.534157,482
208,9 OctubreA,9 OctubreB,2023-08-22T15:08:49.097Z,38.987144,-0.535236,864
209,Ausias MarchA,9 OctubreA,2023-08-22T15:08:49.097Z,38.987684,-0.53061,240
210,Ausias MarchB,Ausias MarchA,2023-08-22T15:08:49.097Z,38.991913,-0.524291,248
211,Ximen ToviaB,N-340B,2023-08-22T15:08:49.097Z,38.992357,-0.519858,771
212,N-340A,Gregorio Molina,2023-08-22T15:08:49.097Z,38.992357,-0.519858,978
213,N-340B,Beata InesA,2023-08-22T15:08:49.097Z,0.0,0.0,669
214,CV-645B,CV-645A,2023-08-22T15:08:59.097Z,0.0,0.0,069
215,Corts Valencianes 1A,CV-645B,2023-08-22T15:08:59.097Z,38.985252,-0.537441,063
216,Corts Valencianes 1B,Corts Valencianes 1A,2023-08-22T15:08:59.097Z,38.986084,-0.534517,False
217,Corts Valencianes 2A,Corts Valencianes 2B,2023-08-22T15:08:59.097Z,38.986084,-0.534517,669
218,Argenteria,PalasietB,2023-08-22T15:08:59.097Z,38.985489,-0.534157,550
219,9 OctubreA,Alfons MagnanimA,2023-08-22T15:08:59.097Z,38.987144,-0.535236,070
220,Beata InesA,Argenteria,2023-08-22T15:08:59.097Z,38.987684,-0.53061,636
221,Ximen ToviaB,Gregorio Molina,2023-08-22T15:08:59.097Z,38.992357,-0.519858,False
222,Gregorio Molina,Abu Masaifa,2023-08-22T15:08:59.097Z,38.991213,-0.523787,673
223,Albereda 2,N-340B,2023-08-22T15:08:59.097Z,38.990742,-0.513,699
224,Carme 1,Carme 2,2023-08-22T15:08:59.097Z,38.99105,-0.519778,734
225,N-340A,Gregorio Molina,2023-08-22T15:08:59.097Z,38.992357,-0.519858,230
226,N-340B,Beata InesA,2023-08-22T15:08:59.097Z,0.0,0.0,110
227,CV-645A,PalasietA,2023-08-22T15:09:09.097Z,38.985252,-0.537441,449
228,Corts Valencianes 1A,CV-645B,2023-08-22T15:09:09.097Z,38.985252,-0.537441,040
229,Corts Valencianes 2A,Corts Valencianes 2B,2023-08-22T15:09:09.097Z,38.986084,-0.534517,900
230,PalasietA,PalasietB,2023-08-22T15:09:09.097Z,38.985489,-0.534157,False
231,PalasietB,CV-645B,2023-08-22T15:09:09.097Z,38.985252,-0.537441,283
232,Aben FerriA,Corts Valencianes 1A,2023-08-22T15:09:09.097Z,38.986084,-0.534517,690
233,Argenteria,Aben FerriA,2023-08-22T15:09:09.097Z,38.985489,-0.534157,426
234,9 OctubreA,Alfons MagnanimA,2023-08-22T15:09:09.097Z,38.987144,-0.535236,633
235,9 OctubreB,Ausias MarchB,2023-08-22T15:09:09.097Z,38.987684,-0.53061,254
236,Beata InesA,Corts Valencianes 2A,2023-08-22T15:09:09.097Z,38.987684,-0.53061,120
237,Beata InesB,Beata InesA,2023-08-22T15:09:09.097Z,0.0,0.0,459
238,Ximen ToviaA,Ximen ToviaB,2023-08-22T15:09:09.097Z,38.991913,-0.524291,331
239,Ximen ToviaB,Carme 1,2023-08-22T15:09:09.097Z,38.992357,-0.519858,661
240,Gregorio Molina,Baixada estacio 2,2023-08-22T15:09:09.097Z,38.991213,-0.523787,976
241,N-340A,Gregorio Molina,2023-08-22T15:09:09.097Z,38.992357,-0.519858,791
242,CV-645B,N-340A,2023-08-22T15:09:19.097Z,0.0,0.0,906
243,Corts Valencianes 2B,Argenteria,2023-08-22T15:09:19.097Z,38.987684,-0.53061,003
244,PalasietA,Aben FerriA,2023-08-22T15:09:19.097Z,38.985489,-0.534157,926
245,PalasietB,Corts Valencianes 1B,2023-08-22T15:09:19.097Z,38.985252,-0.537441,081
246,Argenteria,Aben FerriA,2023-08-22T15:09:19.097Z,38.985489,-0.534157,619
247,9 OctubreA,Alfons MagnanimA,2023-08-22T15:09:19.097Z,38.987144,-0.535236,240
248,Ximen ToviaA,Baixada estacio 1,2023-08-22T15:09:19.097Z,38.991913,-0.524291,999
249,Ximen ToviaB,Ximen ToviaA,2023-08-22T15:09:19.097Z,38.992357,-0.519858,916
250,N-340A,Gregorio Molina,2023-08-22T15:09:19.097Z,38.992357,-0.519858,197
251,Corts Valencianes 1A,CV-645B,2023-08-22T15:09:29.097Z,38.985252,-0.537441,False
252,Corts Valencianes 2B,9 OctubreA,2023-08-22T15:09:29.097Z,38.987684,-0.53061,900
253,Alfons MagnanimA,Corts Valencianes 2B,2023-08-22T15:09:29.097Z,38.986084,-0.534517,635
254,Aben FerriA,Alfons MagnanimB,2023-08-22T15:09:29.097Z,38.986084,-0.534517,420
255,Ausias MarchA,Reina,2023-08-22T15:09:29.097Z,38.987684,-0.53061,248
256,Beata InesA,Reina,2023-08-22T15:09:29.097Z,38.987684,-0.53061,619
257,Ximen ToviaA,Ausias MarchA,2023-08-22T15:09:29.097Z,38.991913,-0.524291,462
258,Baixada estacio 1,Abu Masaifa,2023-08-22T15:09:29.097Z,38.991213,-0.523787,999
259,Albereda 2,N-340B,2023-08-22T15:09:29.097Z,38.990742,-0.513,583
260,Carme 1,Carme 2,2023-08-22T15:09:29.097Z,38.99105,-0.519778,906
261,CV-645B,Beata InesA,2023-08-22T15:09:39.097Z,0.0,0.0,875
262,Corts Valencianes 1A,CV-645B,2023-08-22T15:09:39.097Z,38.985252,-0.537441,False
263,Corts Valencianes 1B,Alfons MagnanimB,2023-08-22T15:09:39.097Z,38.986084,-0.534517,081
264,PalasietA,Aben FerriA,2023-08-22T15:09:39.097Z,38.985489,-0.534157,919
265,PalasietB,CV-645B,2023-08-22T15:09:39.097Z,38.985252,-0.537441,100
266,Alfons MagnanimA,Aben FerriB,2023-08-22T15:09:39.097Z,38.986084,-0.534517,076
267,Alfons MagnanimB,9 OctubreB,2023-08-22T15:09:39.097Z,38.987144,-0.535236,426
268,Aben FerriA,Corts Valencianes 2B,2023-08-22T15:09:39.097Z,38.986084,-0.534517,649
269,Argenteria,Aben FerriA,2023-08-22T15:09:39.097Z,38.985489,-0.534157,003
270,9 OctubreB,Ausias MarchB,2023-08-22T15:09:39.097Z,38.987684,-0.53061,699
271,Abu Masaifa,Beata InesB,2023-08-22T15:09:39.097Z,38.987684,-0.53061,069
272,Beata InesA,Ausias MarchB,2023-08-22T15:09:39.097Z,38.987684,-0.53061,710
273,Reina,Albereda 1,2023-08-22T15:09:39.097Z,38.989955,-0.523503,273
274,Ximen ToviaA,Ausias MarchA,2023-08-22T15:09:39.097Z,38.991913,-0.524291,732
275,Albereda 1,Albereda 2,2023-08-22T15:09:39.097Z,38.990122,-0.519633,123
276,Carme 2,Albereda 2,2023-08-22T15:09:39.097Z,38.990122,-0.519633,579
277,CV-645B,Beata InesA,2023-08-22T15:09:49.097Z,0.0,0.0,376
278,Corts Valencianes 1A,CV-645B,2023-08-22T15:09:49.097Z,38.985252,-0.537441,018
279,Corts Valencianes 1B,Aben FerriB,2023-08-22T15:09:49.097Z,38.986084,-0.534517,271
280,PalasietA,PalasietB,2023-08-22T15:09:49.097Z,38.985489,-0.534157,False
281,PalasietB,Corts Valencianes 1B,2023-08-22T15:09:49.097Z,38.985252,-0.537441,462
282,Alfons MagnanimA,Corts Valencianes 2B,2023-08-22T15:09:49.097Z,38.986084,-0.534517,633
283,Aben FerriA,Corts Valencianes 1A,2023-08-22T15:09:49.097Z,38.986084,-0.534517,919
284,9 OctubreB,Reina,2023-08-22T15:09:49.097Z,38.987684,-0.53061,274
285,Abu Masaifa,9 OctubreA,2023-08-22T15:09:49.097Z,38.987684,-0.53061,016
286,Albereda 1,Albereda 2,2023-08-22T15:09:49.097Z,38.990122,-0.519633,271
287,N-340A,Gregorio Molina,2023-08-22T15:09:49.097Z,38.992357,-0.519858,966
288,CV-645B,Beata InesA,2023-08-22T15:09:59.097Z,0.0,0.0,619
289,Corts Valencianes 2B,Corts Valencianes 2A,2023-08-22T15:09:59.097Z,38.987684,-0.53061,435
290,Alfons MagnanimA,Alfons MagnanimB,2023-08-22T15:09:59.097Z,38.986084,-0.534517,240
291,Aben FerriA,Alfons MagnanimB,2023-08-22T15:09:59.097Z,38.986084,-0.534517,919
292,Aben FerriB,PalasietB,2023-08-22T15:09:59.097Z,38.985489,-0.534157,070
293,9 OctubreA,9 OctubreB,2023-08-22T15:09:59.097Z,38.987144,-0.535236,067
294,9 OctubreB,Beata InesB,2023-08-22T15:09:59.097Z,38.987684,-0.53061,864
295,Abu Masaifa,Reina,2023-08-22T15:09:59.097Z,38.987684,-0.53061,474
296,Beata InesA,9 OctubreA,2023-08-22T15:09:59.097Z,38.987684,-0.53061,459
297,Ximen ToviaA,Baixada estacio 1,2023-08-22T15:09:59.097Z,38.991913,-0.524291,918
298,Albereda 2,N-340B,2023-08-22T15:09:59.097Z,38.990742,-0.513,626
299,Carme 1,Academic Maravall,2023-08-22T15:09:59.097Z,38.99105,-0.519778,444
300,CV-645B,Beata InesA,2023-08-22T15:10:09.097Z,0.0,0.0,False
301,Corts Valencianes 1A,Corts Valencianes 1B,2023-08-22T15:10:09.097Z,38.985252,-0.537441,919
302,Corts Valencianes 1B,Corts Valencianes 1A,2023-08-22T15:10:09.097Z,38.986084,-0.534517,462
303,PalasietB,Corts Valencianes 1B,2023-08-22T15:10:09.097Z,38.985252,-0.537441,550
304,Alfons MagnanimB,9 OctubreB,2023-08-22T15:10:09.097Z,38.987144,-0.535236,240
305,9 OctubreB,Reina,2023-08-22T15:10:09.097Z,38.987684,-0.53061,201
306,Abu Masaifa,Argenteria,2023-08-22T15:10:09.097Z,38.987684,-0.53061,056
307,Ausias MarchB,Ausias MarchA,2023-08-22T15:10:09.097Z,38.991913,-0.524291,294
308,Beata InesA,Corts Valencianes 2A,2023-08-22T15:10:09.097Z,38.987684,-0.53061,699
309,Baixada estacio 1,Abu Masaifa,2023-08-22T15:10:09.097Z,38.991213,-0.523787,916
310,Gregorio Molina,Abu Masaifa,2023-08-22T15:10:09.097Z,38.991213,-0.523787,347
311,Albereda 2,N-340B,2023-08-22T15:10:09.097Z,38.990742,-0.513,714
312,N-340B,N-340A,2023-08-22T15:10:09.097Z,0.0,0.0,691
313,Corts Valencianes 1A,CV-645B,2023-08-22T15:10:19.097Z,38.985252,-0.537441,482
314,Corts Valencianes 1B,Alfons MagnanimB,2023-08-22T15:10:19.097Z,38.986084,-0.534517,919
315,Corts Valencianes 2B,Ausias MarchB,2023-08-22T15:10:19.097Z,38.987684,-0.53061,325
316,PalasietB,CV-645B,2023-08-22T15:10:19.097Z,38.985252,-0.537441,040
317,Alfons MagnanimB,Alfons MagnanimA,2023-08-22T15:10:19.097Z,38.987144,-0.535236,919
318,Aben FerriB,PalasietB,2023-08-22T15:10:19.097Z,38.985489,-0.534157,627
319,9 OctubreB,Ausias MarchB,2023-08-22T15:10:19.097Z,38.987684,-0.53061,426
320,Abu Masaifa,Reina,2023-08-22T15:10:19.097Z,38.987684,-0.53061,673
321,Ausias MarchA,Reina,2023-08-22T15:10:19.097Z,38.987684,-0.53061,499
322,Gregorio Molina,Abu Masaifa,2023-08-22T15:10:19.097Z,38.991213,-0.523787,256
323,Academic Maravall,Maulets,2023-08-22T15:10:19.097Z,38.991249,-0.518678,False
324,N-340B,CV-645A,2023-08-22T15:10:19.097Z,0.0,0.0,020
325,Corts Valencianes 2A,Corts Valencianes 1A,2023-08-22T15:10:29.097Z,38.986084,-0.534517,435
326,Corts Valencianes 2B,Ausias MarchB,2023-08-22T15:10:29.097Z,38.987684,-0.53061,693
327,PalasietB,Corts Valencianes 1B,2023-08-22T15:10:29.097Z,38.985252,-0.537441,False
328,Alfons MagnanimA,Aben FerriB,2023-08-22T15:10:29.097Z,38.986084,-0.534517,069
329,Alfons MagnanimB,Alfons MagnanimA,2023-08-22T15:10:29.097Z,38.987144,-0.535236,698
330,Aben FerriA,Alfons MagnanimB,2023-08-22T15:10:29.097Z,38.986084,-0.534517,009
331,Argenteria,PalasietB,2023-08-22T15:10:29.097Z,38.985489,-0.534157,056
332,Ausias MarchA,9 OctubreA,2023-08-22T15:10:29.097Z,38.987684,-0.53061,732
333,Gregorio Molina,Abu Masaifa,2023-08-22T15:10:29.097Z,38.991213,-0.523787,791
334,Albereda 2,N-340B,2023-08-22T15:10:29.097Z,38.990742,-0.513,879
335,Maulets,N-340B,2023-08-22T15:10:29.097Z,38.992357,-0.519858,144
336,N-340B,N-340A,2023-08-22T15:10:29.097Z,0.0,0.0,627
337,Corts Valencianes 1B,Aben FerriB,2023-08-22T15:10:39.097Z,38.986084,-0.534517,550
338,Corts Valencianes 2A,Corts Valencianes 1A,2023-08-22T15:10:39.097Z,38.986084,-0.534517,875
339,Corts Valencianes 2B,Reina,2023-08-22T15:10:39.097Z,38.987684,-0.53061,135
340,PalasietB,CV-645B,2023-08-22T15:10:39.097Z,38.985252,-0.537441,070
341,Alfons MagnanimA,Corts Valencianes 1A,2023-08-22T15:10:39.097Z,38.986084,-0.534517,XXX
342,Alfons MagnanimB,9 OctubreB,2023-08-22T15:10:39.097Z,38.987144,-0.535236,610
343,Aben FerriB,PalasietB,2023-08-22T15:10:39.097Z,38.985489,-0.534157,449
344,9 OctubreA,9 OctubreB,2023-08-22T15:10:39.097Z,38.987144,-0.535236,046
345,Ausias MarchA,9 OctubreA,2023-08-22T15:10:39.097Z,38.987684,-0.53061,503
346,Gregorio Molina,Baixada estacio 2,2023-08-22T15:10:39.097Z,38.991213,-0.523787,474
347,Albereda 2,Cosmografo,2023-08-22T15:10:39.097Z,38.990742,-0.513,False
348,PalasietB,CV-645B,2023-08-22T15:10:49.097Z,38.985252,-0.537441,False
349,Alfons MagnanimB,9 OctubreB,2023-08-22T15:10:49.097Z,38.987144,-0.535236,009
350,Baixada estacio 2,Albereda 1,2023-08-22T15:10:49.097Z,38.989955,-0.523503,971
351,Gregorio Molina,Abu Masaifa,2023-08-22T15:10:49.097Z,38.991213,-0.523787,009
352,Albereda 2,Cosmografo,2023-08-22T15:10:49.097Z,38.990742,-0.513,794
353,Carme 2,Albereda 2,2023-08-22T15:10:49.097Z,38.990122,-0.519633,734
354,Academic Maravall,Maulets,2023-08-22T15:10:49.097Z,38.991249,-0.518678,491
355,CV-645B,CV-645A,2023-08-22T15:10:59.097Z,0.0,0.0,896
356,Corts Valencianes 1A,CV-645B,2023-08-22T15:10:59.097Z,38.985252,-0.537441,435
357,9 OctubreA,Alfons MagnanimA,2023-08-22T15:10:59.097Z,38.987144,-0.535236,459
358,Ausias MarchA,Corts Valencianes 2A,2023-08-22T15:10:59.097Z,38.987684,-0.53061,294
359,Ausias MarchB,Ausias MarchA,2023-08-22T15:10:59.097Z,38.991913,-0.524291,063
360,Beata InesA,Ausias MarchB,2023-08-22T15:10:59.097Z,38.987684,-0.53061,196
361,Cosmografo,Maulets,2023-08-22T15:10:59.097Z,38.991249,-0.518678,616
362,Maulets,Ximen ToviaA,2023-08-22T15:10:59.097Z,38.992357,-0.519858,False
363,Corts Valencianes 1B,Alfons MagnanimB,2023-08-22T15:11:09.097Z,38.986084,-0.534517,False
364,PalasietB,CV-645B,2023-08-22T15:11:09.097Z,38.985252,-0.537441,627
365,Alfons MagnanimA,Alfons MagnanimB,2023-08-22T15:11:09.097Z,38.986084,-0.534517,459
366,9 OctubreA,9 OctubreB,2023-08-22T15:11:09.097Z,38.987144,-0.535236,384
367,9 OctubreB,Ausias MarchB,2023-08-22T15:11:09.097Z,38.987684,-0.53061,False
368,Ausias MarchB,Ximen ToviaB,2023-08-22T15:11:09.097Z,38.991913,-0.524291,085
369,Beata InesA,9 OctubreA,2023-08-22T15:11:09.097Z,38.987684,-0.53061,619
370,Reina,Republica Argentina,2023-08-22T15:11:09.097Z,38.989955,-0.523503,248
371,Carme 2,Albereda 2,2023-08-22T15:11:09.097Z,38.990122,-0.519633,906
372,Maulets,Ximen ToviaA,2023-08-22T15:11:09.097Z,38.992357,-0.519858,635
373,Corts Valencianes 1A,CV-645B,2023-08-22T15:11:19.097Z,38.985252,-0.537441,False
374,PalasietB,Corts Valencianes 1B,2023-08-22T15:11:19.097Z,38.985252,-0.537441,580
375,9 OctubreA,Alfons MagnanimA,2023-08-22T15:11:19.097Z,38.987144,-0.535236,732
376,9 OctubreB,Argenteria,2023-08-22T15:11:19.097Z,38.987684,-0.53061,200
377,Beata InesA,Ausias MarchB,2023-08-22T15:11:19.097Z,38.987684,-0.53061,False
378,Baixada estacio 2,Republica Argentina,2023-08-22T15:11:19.097Z,38.989955,-0.523503,False
379,Albereda 1,Albereda 2,2023-08-22T15:11:19.097Z,38.990122,-0.519633,971
380,N-340B,CV-645A,2023-08-22T15:11:19.097Z,0.0,0.0,820
381,CV-645A,Corts Valencianes 1B,2023-08-22T15:11:29.097Z,38.985252,-0.537441,False
382,CV-645B,CV-645A,2023-08-22T15:11:29.097Z,0.0,0.0,631
383,PalasietB,Corts Valencianes 1B,2023-08-22T15:11:29.097Z,38.985252,-0.537441,449
384,Alfons MagnanimA,Alfons MagnanimB,2023-08-22T15:11:29.097Z,38.986084,-0.534517,732
385,Aben FerriA,Corts Valencianes 2B,2023-08-22T15:11:29.097Z,38.986084,-0.534517,819
386,Aben FerriB,PalasietB,2023-08-22T15:11:29.097Z,38.985489,-0.534157,550
387,9 OctubreA,9 OctubreB,2023-08-22T15:11:29.097Z,38.987144,-0.535236,903
388,9 OctubreB,Ausias MarchB,2023-08-22T15:11:29.097Z,38.987684,-0.53061,619
389,Ximen ToviaA,Ximen ToviaB,2023-08-22T15:11:29.097Z,38.991913,-0.524291,XXX
390,Ximen ToviaB,Ximen ToviaA,2023-08-22T15:11:29.097Z,38.992357,-0.519858,085
391,Baixada estacio 2,Republica Argentina,2023-08-22T15:11:29.097Z,38.989955,-0.523503,397
392,Republica Argentina,Academic Maravall,2023-08-22T15:11:29.097Z,38.99105,-0.519778,248
393,CV-645A,PalasietA,2023-08-22T15:11:39.097Z,38.985252,-0.537441,896
394,Corts Valencianes 1B,Alfons MagnanimB,2023-08-22T15:11:39.097Z,38.986084,-0.534517,096
395,Corts Valencianes 2A,Corts Valencianes 2B,2023-08-22T15:11:39.097Z,38.986084,-0.534517,254
396,Corts Valencianes 2B,9 OctubreA,2023-08-22T15:11:39.097Z,38.987684,-0.53061,819
397,9 OctubreB,Corts Valencianes 2A,2023-08-22T15:11:39.097Z,38.987684,-0.53061,016
398,Ximen ToviaB,Carme 1,2023-08-22T15:11:39.097Z,38.992357,-0.519858,491
399,Baixada estacio 2,Republica Argentina,2023-08-22T15:11:39.097Z,38.989955,-0.523503,666
400,Academic Maravall,Maulets,2023-08-22T15:11:39.097Z,38.991249,-0.518678,248
401,Cosmografo,Maulets,2023-08-22T15:11:39.097Z,38.991249,-0.518678,794
402,N-340A,Carme 1,2023-08-22T15:11:39.097Z,38.992357,-0.519858,012
403,Republica Argentina,Academic Maravall,2023-08-22T15:11:39.097Z,38.99105,-0.519778,312
404,CV-645A,Corts Valencianes 1B,2023-08-22T15:11:49.097Z,38.985252,-0.537441,820
405,CV-645B,CV-645A,2023-08-22T15:11:49.097Z,0.0,0.0,False
406,PalasietB,CV-645B,2023-08-22T15:11:49.097Z,38.985252,-0.537441,550
407,9 OctubreA,Alfons MagnanimA,2023-08-22T15:11:49.097Z,38.987144,-0.535236,False
408,9 OctubreB,Ausias MarchB,2023-08-22T15:11:49.097Z,38.987684,-0.53061,919
409,Ximen ToviaA,Baixada estacio 1,2023-08-22T15:11:49.097Z,38.991913,-0.524291,635
410,Baixada estacio 2,Republica Argentina,2023-08-22T15:11:49.097Z,38.989955,-0.523503,697
411,Academic Maravall,Maulets,2023-08-22T15:11:49.097Z,38.991249,-0.518678,612
412,Maulets,Ximen ToviaA,2023-08-22T15:11:49.097Z,38.992357,-0.519858,248
413,N-340A,Carme 1,2023-08-22T15:11:49.097Z,38.992357,-0.519858,129
414,CV-645A,Corts Valencianes 1B,2023-08-22T15:11:59.097Z,38.985252,-0.537441,631
415,CV-645B,N-340A,2023-08-22T15:11:59.097Z,0.0,0.0,364
416,Corts Valencianes 1B,Corts Valencianes 1A,2023-08-22T15:11:59.097Z,38.986084,-0.534517,919
417,Alfons MagnanimB,9 OctubreB,2023-08-22T15:11:59.097Z,38.987144,-0.535236,799
418,9 OctubreA,9 OctubreB,2023-08-22T15:11:59.097Z,38.987144,-0.535236,819
419,9 OctubreB,Ausias MarchB,2023-08-22T15:11:59.097Z,38.987684,-0.53061,384
420,Abu Masaifa,Argenteria,2023-08-22T15:11:59.097Z,38.987684,-0.53061,916
421,Baixada estacio 1,Baixada estacio 2,2023-08-22T15:11:59.097Z,38.991213,-0.523787,616
422,Carme 1,Carme 2,2023-08-22T15:11:59.097Z,38.99105,-0.519778,False
423,Maulets,Gregorio Molina,2023-08-22T15:11:59.097Z,38.992357,-0.519858,794
424,N-340B,N-340A,2023-08-22T15:11:59.097Z,0.0,0.0,711
425,CV-645B,Beata InesA,2023-08-22T15:12:09.097Z,0.0,0.0,710
426,Corts Valencianes 1B,Corts Valencianes 2B,2023-08-22T15:12:09.097Z,38.986084,-0.534517,670
427,Corts Valencianes 2B,Reina,2023-08-22T15:12:09.097Z,38.987684,-0.53061,294
428,PalasietA,Aben FerriA,2023-08-22T15:12:09.097Z,38.985489,-0.534157,484
429,Ximen ToviaA,Baixada estacio 1,2023-08-22T15:12:09.097Z,38.991913,-0.524291,085
430,Baixada estacio 2,Albereda 1,2023-08-22T15:12:09.097Z,38.989955,-0.523503,635
431,Carme 1,Academic Maravall,2023-08-22T15:12:09.097Z,38.99105,-0.519778,216
432,Maulets,Gregorio Molina,2023-08-22T15:12:09.097Z,38.992357,-0.519858,126
433,CV-645A,PalasietA,2023-08-22T15:12:19.097Z,38.985252,-0.537441,988
434,CV-645B,Beata InesA,2023-08-22T15:12:19.097Z,0.0,0.0,851
435,Corts Valencianes 1B,Corts Valencianes 2B,2023-08-22T15:12:19.097Z,38.986084,-0.534517,969
436,Alfons MagnanimA,Corts Valencianes 2B,2023-08-22T15:12:19.097Z,38.986084,-0.534517,938
437,Alfons MagnanimB,9 OctubreB,2023-08-22T15:12:19.097Z,38.987144,-0.535236,732
438,Aben FerriA,Corts Valencianes 1A,2023-08-22T15:12:19.097Z,38.986084,-0.534517,484
439,Argenteria,PalasietB,2023-08-22T15:12:19.097Z,38.985489,-0.534157,916
440,9 OctubreB,Ausias MarchB,2023-08-22T15:12:19.097Z,38.987684,-0.53061,503
441,Beata InesA,Ausias MarchB,2023-08-22T15:12:19.097Z,38.987684,-0.53061,690
442,Carme 1,Academic Maravall,2023-08-22T15:12:19.097Z,38.99105,-0.519778,621
443,Academic Maravall,Maulets,2023-08-22T15:12:19.097Z,38.991249,-0.518678,216
444,N-340B,CV-645A,2023-08-22T15:12:19.097Z,0.0,0.0,466
445,PalasietA,PalasietB,2023-08-22T15:12:29.097Z,38.985489,-0.534157,586
446,Alfons MagnanimB,9 OctubreB,2023-08-22T15:12:29.097Z,38.987144,-0.535236,580
447,Beata InesA,Ausias MarchB,2023-08-22T15:12:29.097Z,38.987684,-0.53061,897
448,Baixada estacio 1,Abu Masaifa,2023-08-22T15:12:29.097Z,38.991213,-0.523787,699
449,Gregorio Molina,Abu Masaifa,2023-08-22T15:12:29.097Z,38.991213,-0.523787,198
450,Academic Maravall,Maulets,2023-08-22T15:12:29.097Z,38.991249,-0.518678,129
451,Maulets,Ximen ToviaA,2023-08-22T15:12:29.097Z,38.992357,-0.519858,210
452,Republica Argentina,Academic Maravall,2023-08-22T15:12:29.097Z,38.99105,-0.519778,497
453,CV-645A,Corts Valencianes 1B,2023-08-22T15:12:39.097Z,38.985252,-0.537441,466
454,Corts Valencianes 2A,Corts Valencianes 2B,2023-08-22T15:12:39.097Z,38.986084,-0.534517,016
455,PalasietB,PalasietA,2023-08-22T15:12:39.097Z,38.985252,-0.537441,916
456,9 OctubreB,Argenteria,2023-08-22T15:12:39.097Z,38.987684,-0.53061,False
457,Gregorio Molina,Abu Masaifa,2023-08-22T15:12:39.097Z,38.991213,-0.523787,False
458,N-340B,N-340A,2023-08-22T15:12:39.097Z,0.0,0.0,365
459,CV-645B,N-340A,2023-08-22T15:12:49.097Z,0.0,0.0,560
460,Corts Valencianes 1B,Corts Valencianes 2B,2023-08-22T15:12:49.097Z,38.986084,-0.534517,999
461,PalasietB,CV-645B,2023-08-22T15:12:49.097Z,38.985252,-0.537441,679
462,9 OctubreB,Reina,2023-08-22T15:12:49.097Z,38.987684,-0.53061,819
463,Ausias MarchA,Reina,2023-08-22T15:12:49.097Z,38.987684,-0.53061,796
464,Academic Maravall,Maulets,2023-08-22T15:12:49.097Z,38.991249,-0.518678,197
465,N-340A,Gregorio Molina,2023-08-22T15:12:49.097Z,38.992357,-0.519858,336
466,PalasietA,Aben FerriA,2023-08-22T15:12:59.097Z,38.985489,-0.534157,918
467,PalasietB,Corts Valencianes 1B,2023-08-22T15:12:59.097Z,38.985252,-0.537441,985
468,Aben FerriA,Corts Valencianes 2B,2023-08-22T15:12:59.097Z,38.986084,-0.534517,934
469,Argenteria,Aben FerriA,2023-08-22T15:12:59.097Z,38.985489,-0.534157,False
470,9 OctubreB,Ausias MarchB,2023-08-22T15:12:59.097Z,38.987684,-0.53061,732
471,Ausias MarchB,Ausias MarchA,2023-08-22T15:12:59.097Z,38.991913,-0.524291,325
472,N-340A,Ximen ToviaA,2023-08-22T15:12:59.097Z,38.992357,-0.519858,994
473,Corts Valencianes 2B,Ausias MarchB,2023-08-22T15:13:09.097Z,38.987684,-0.53061,670
474,PalasietB,CV-645B,2023-08-22T15:13:09.097Z,38.985252,-0.537441,235
475,Aben FerriB,PalasietB,2023-08-22T15:13:09.097Z,38.985489,-0.534157,502
476,Argenteria,PalasietB,2023-08-22T15:13:09.097Z,38.985489,-0.534157,919
477,9 OctubreB,Reina,2023-08-22T15:13:09.097Z,38.987684,-0.53061,096
478,Abu Masaifa,9 OctubreA,2023-08-22T15:13:09.097Z,38.987684,-0.53061,347
479,Ximen ToviaA,Ximen ToviaB,2023-08-22T15:13:09.097Z,38.991913,-0.524291,248
480,PalasietB,PalasietA,2023-08-22T15:13:19.097Z,38.985252,-0.537441,502
481,Aben FerriA,Corts Valencianes 2B,2023-08-22T15:13:19.097Z,38.986084,-0.534517,916
482,Abu Masaifa,9 OctubreA,2023-08-22T15:13:19.097Z,38.987684,-0.53061,062
483,Ausias MarchB,Ximen ToviaB,2023-08-22T15:13:19.097Z,38.991913,-0.524291,426
484,Baixada estacio 1,Abu Masaifa,2023-08-22T15:13:19.097Z,38.991213,-0.523787,964
485,N-340A,Ximen ToviaA,2023-08-22T15:13:19.097Z,38.992357,-0.519858,866
486,CV-645B,CV-645A,2023-08-22T15:13:29.097Z,0.0,0.0,357
487,Corts Valencianes 2A,Corts Valencianes 2B,2023-08-22T15:13:29.097Z,38.986084,-0.534517,124
488,Corts Valencianes 2B,Corts Valencianes 2A,2023-08-22T15:13:29.097Z,38.987684,-0.53061,969
489,PalasietB,CV-645B,2023-08-22T15:13:29.097Z,38.985252,-0.537441,919
490,Aben FerriA,Corts Valencianes 1A,2023-08-22T15:13:29.097Z,38.986084,-0.534517,False
491,Abu Masaifa,Argenteria,2023-08-22T15:13:29.097Z,38.987684,-0.53061,791
492,Ausias MarchB,Ausias MarchA,2023-08-22T15:13:29.097Z,38.991913,-0.524291,693
493,Ximen ToviaA,Ximen ToviaA,2023-08-22T15:13:29.097Z,38.991913,-0.524291,717
494,N-340A,Ximen ToviaA,2023-08-22T15:13:29.097Z,38.992357,-0.519858,560
495,Corts Valencianes 1B,Aben FerriB,2023-08-22T15:13:39.097Z,38.986084,-0.534517,985
496,Corts Valencianes 2B,9 OctubreA,2023-08-22T15:13:39.097Z,38.987684,-0.53061,938
497,PalasietA,Aben FerriA,2023-08-22T15:13:39.097Z,38.985489,-0.534157,507
498,Abu Masaifa,Argenteria,2023-08-22T15:13:39.097Z,38.987684,-0.53061,966
499,Ausias MarchA,Corts Valencianes 2A,2023-08-22T15:13:39.097Z,38.987684,-0.53061,325
500,Ausias MarchB,Baixada estacio 1,2023-08-22T15:13:39.097Z,38.991913,-0.524291,196
501,Beata InesB,Beata InesA,2023-08-22T15:13:39.097Z,0.0,0.0,False
502,Ximen ToviaA,Ausias MarchA,2023-08-22T15:13:39.097Z,38.991913,-0.524291,False
503,CV-645B,Beata InesA,2023-08-22T15:13:49.097Z,0.0,0.0,False
504,Corts Valencianes 2A,Aben FerriB,2023-08-22T15:13:49.097Z,38.986084,-0.534517,631
505,Corts Valencianes 2B,Argenteria,2023-08-22T15:13:49.097Z,38.987684,-0.53061,046
506,Aben FerriA,Corts Valencianes 2B,2023-08-22T15:13:49.097Z,38.986084,-0.534517,502
507,Abu Masaifa,Beata InesB,2023-08-22T15:13:49.097Z,38.987684,-0.53061,921
508,Ausias MarchB,Ximen ToviaB,2023-08-22T15:13:49.097Z,38.991913,-0.524291,900
509,Beata InesB,CV-645A,2023-08-22T15:13:49.097Z,0.0,0.0,False
510,Ximen ToviaA,Ximen ToviaB,2023-08-22T15:13:49.097Z,38.991913,-0.524291,560
511,Gregorio Molina,Abu Masaifa,2023-08-22T15:13:49.097Z,38.991213,-0.523787,936
512,CV-645A,PalasietA,2023-08-22T15:13:59.097Z,38.985252,-0.537441,354
513,CV-645B,CV-645A,2023-08-22T15:13:59.097Z,0.0,0.0,056
514,Corts Valencianes 1A,CV-645B,2023-08-22T15:13:59.097Z,38.985252,-0.537441,False
515,Argenteria,PalasietB,2023-08-22T15:13:59.097Z,38.985489,-0.534157,eXX
516,Ausias MarchB,Ausias MarchA,2023-08-22T15:13:59.097Z,38.991913,-0.524291,False
517,Beata InesA,Ausias MarchB,2023-08-22T15:13:59.097Z,38.987684,-0.53061,False
518,Baixada estacio 1,Abu Masaifa,2023-08-22T15:13:59.097Z,38.991213,-0.523787,196
519,Corts Valencianes 2B,Corts Valencianes 2A,2023-08-22T15:14:09.097Z,38.987684,-0.53061,444
520,PalasietA,PalasietB,2023-08-22T15:14:09.097Z,38.985489,-0.534157,357
521,Aben FerriB,Aben FerriA,2023-08-22T15:14:09.097Z,38.985489,-0.534157,False
522,Argenteria,Aben FerriA,2023-08-22T15:14:09.097Z,38.985489,-0.534157,009
523,9 OctubreA,Alfons MagnanimA,2023-08-22T15:14:09.097Z,38.987144,-0.535236,256
524,Abu Masaifa,Beata InesB,2023-08-22T15:14:09.097Z,38.987684,-0.53061,794
525,Ausias MarchA,Corts Valencianes 2A,2023-08-22T15:14:09.097Z,38.987684,-0.53061,369
526,CV-645B,Beata InesA,2023-08-22T15:14:19.097Z,0.0,0.0,292
527,Corts Valencianes 2A,Corts Valencianes 1A,2023-08-22T15:14:19.097Z,38.986084,-0.534517,325
528,PalasietB,PalasietA,2023-08-22T15:14:19.097Z,38.985252,-0.537441,917
529,Alfons MagnanimA,Corts Valencianes 2B,2023-08-22T15:14:19.097Z,38.986084,-0.534517,False
530,Aben FerriA,Alfons MagnanimB,2023-08-22T15:14:19.097Z,38.986084,-0.534517,988
531,Aben FerriB,Aben FerriA,2023-08-22T15:14:19.097Z,38.985489,-0.534157,631
532,Ausias MarchA,Argenteria,2023-08-22T15:14:19.097Z,38.987684,-0.53061,False
533,Beata InesA,Argenteria,2023-08-22T15:14:19.097Z,38.987684,-0.53061,216
534,Ximen ToviaA,Ximen ToviaB,2023-08-22T15:14:19.097Z,38.991913,-0.524291,717
535,N-340B,CV-645A,2023-08-22T15:14:19.097Z,0.0,0.0,030
536,CV-645B,CV-645A,2023-08-22T15:14:29.097Z,0.0,0.0,263
537,Corts Valencianes 2A,Aben FerriB,2023-08-22T15:14:29.097Z,38.986084,-0.534517,444
538,Corts Valencianes 2B,Beata InesB,2023-08-22T15:14:29.097Z,38.987684,-0.53061,934
539,Aben FerriA,Aben FerriB,2023-08-22T15:14:29.097Z,38.986084,-0.534517,300
540,9 OctubreA,9 OctubreB,2023-08-22T15:14:29.097Z,38.987144,-0.535236,938
541,Abu Masaifa,Argenteria,2023-08-22T15:14:29.097Z,38.987684,-0.53061,364
542,Ausias MarchB,Ausias MarchA,2023-08-22T15:14:29.097Z,38.991913,-0.524291,610
543,Beata InesA,Argenteria,2023-08-22T15:14:29.097Z,38.987684,-0.53061,491
544,Corts Valencianes 2A,Corts Valencianes 1A,2023-08-22T15:14:39.097Z,38.986084,-0.534517,369
545,Corts Valencianes 2B,Reina,2023-08-22T15:14:39.097Z,38.987684,-0.53061,916
546,Aben FerriB,PalasietB,2023-08-22T15:14:39.097Z,38.985489,-0.534157,999
547,9 OctubreA,9 OctubreB,2023-08-22T15:14:39.097Z,38.987144,-0.535236,347
548,Ausias MarchB,Ximen ToviaB,2023-08-22T15:14:39.097Z,38.991913,-0.524291,182
549,CV-645B,N-340A,2023-08-22T15:14:49.097Z,0.0,0.0,303
550,Corts Valencianes 1A,CV-645B,2023-08-22T15:14:49.097Z,38.985252,-0.537441,325
551,PalasietB,PalasietA,2023-08-22T15:14:49.097Z,38.985252,-0.537441,444
552,Abu Masaifa,Ausias MarchB,2023-08-22T15:14:49.097Z,38.987684,-0.53061,994
553,Ausias MarchA,9 OctubreA,2023-08-22T15:14:49.097Z,38.987684,-0.53061,919
554,CV-645A,PalasietA,2023-08-22T15:14:59.097Z,38.985252,-0.537441,False
555,CV-645B,CV-645A,2023-08-22T15:14:59.097Z,0.0,0.0,063
556,Corts Valencianes 1A,CV-645B,2023-08-22T15:14:59.097Z,38.985252,-0.537441,699
557,Corts Valencianes 2B,Reina,2023-08-22T15:14:59.097Z,38.987684,-0.53061,712
558,PalasietA,PalasietB,2023-08-22T15:14:59.097Z,38.985489,-0.534157,616
559,Aben FerriB,PalasietB,2023-08-22T15:14:59.097Z,38.985489,-0.534157,616
560,Abu Masaifa,9 OctubreA,2023-08-22T15:14:59.097Z,38.987684,-0.53061,336
561,Beata InesB,CV-645A,2023-08-22T15:14:59.097Z,0.0,0.0,228
562,Ximen ToviaA,Ximen ToviaB,2023-08-22T15:14:59.097Z,38.991913,-0.524291,776
563,Gregorio Molina,Abu Masaifa,2023-08-22T15:14:59.097Z,38.991213,-0.523787,False
564,CV-645A,Corts Valencianes 1B,2023-08-22T15:15:09.097Z,38.985252,-0.537441,096
565,CV-645B,Beata InesA,2023-08-22T15:15:09.097Z,0.0,0.0,898
566,Corts Valencianes 1A,Corts Valencianes 1B,2023-08-22T15:15:09.097Z,38.985252,-0.537441,185
567,Corts Valencianes 2B,Beata InesB,2023-08-22T15:15:09.097Z,38.987684,-0.53061,502
568,9 OctubreA,Alfons MagnanimA,2023-08-22T15:15:09.097Z,38.987144,-0.535236,618
569,9 OctubreB,Ausias MarchB,2023-08-22T15:15:09.097Z,38.987684,-0.53061,938
570,Ausias MarchB,Ximen ToviaB,2023-08-22T15:15:09.097Z,38.991913,-0.524291,600
571,CV-645A,PalasietA,2023-08-22T15:15:19.097Z,38.985252,-0.537441,False
572,CV-645B,Beata InesA,2023-08-22T15:15:19.097Z,0.0,0.0,246
573,Corts Valencianes 1B,Corts Valencianes 1A,2023-08-22T15:15:19.097Z,38.986084,-0.534517,056
574,Corts Valencianes 2A,Alfons MagnanimB,2023-08-22T15:15:19.097Z,38.986084,-0.534517,906
575,PalasietB,CV-645B,2023-08-22T15:15:19.097Z,38.985252,-0.537441,818
576,Alfons MagnanimA,Corts Valencianes 2B,2023-08-22T15:15:19.097Z,38.986084,-0.534517,618
577,Beata InesA,9 OctubreA,2023-08-22T15:15:19.097Z,38.987684,-0.53061,691
578,CV-645A,PalasietA,2023-08-22T15:15:29.097Z,38.985252,-0.537441,263
579,CV-645B,CV-645A,2023-08-22T15:15:29.097Z,0.0,0.0,157
580,Corts Valencianes 1A,PalasietA,2023-08-22T15:15:29.097Z,38.985252,-0.537441,950
581,Corts Valencianes 1B,Aben FerriB,2023-08-22T15:15:29.097Z,38.986084,-0.534517,False
582,Corts Valencianes 2A,Corts Valencianes 2B,2023-08-22T15:15:29.097Z,38.986084,-0.534517,366
583,PalasietA,Aben FerriA,2023-08-22T15:15:29.097Z,38.985489,-0.534157,False
584,PalasietB,Corts Valencianes 1B,2023-08-22T15:15:29.097Z,38.985252,-0.537441,009
585,Alfons MagnanimB,9 OctubreB,2023-08-22T15:15:29.097Z,38.987144,-0.535236,906
586,9 OctubreA,Alfons MagnanimA,2023-08-22T15:15:29.097Z,38.987144,-0.535236,364
587,Abu Masaifa,Reina,2023-08-22T15:15:29.097Z,38.987684,-0.53061,376
588,Ximen ToviaB,N-340B,2023-08-22T15:15:29.097Z,38.992357,-0.519858,248
589,Albereda 2,N-340B,2023-08-22T15:15:29.097Z,38.990742,-0.513,920
590,CV-645A,Corts Valencianes 1B,2023-08-22T15:15:39.097Z,38.985252,-0.537441,063
591,CV-645B,Beata InesA,2023-08-22T15:15:39.097Z,0.0,0.0,False
592,PalasietA,Aben FerriA,2023-08-22T15:15:39.097Z,38.985489,-0.534157,963
593,Alfons MagnanimA,Corts Valencianes 1A,2023-08-22T15:15:39.097Z,38.986084,-0.534517,336
594,Aben FerriA,Alfons MagnanimB,2023-08-22T15:15:39.097Z,38.986084,-0.534517,False
595,Aben FerriB,PalasietB,2023-08-22T15:15:39.097Z,38.985489,-0.534157,185
596,9 OctubreA,9 OctubreB,2023-08-22T15:15:39.097Z,38.987144,-0.535236,169
597,Ausias MarchB,Ausias MarchA,2023-08-22T15:15:39.097Z,38.991913,-0.524291,384
598,Ximen ToviaB,Ximen ToviaA,2023-08-22T15:15:39.097Z,38.992357,-0.519858,420
599,Gregorio Molina,Abu Masaifa,2023-08-22T15:15:39.097Z,38.991213,-0.523787,False
600,Albereda 2,Cosmografo,2023-08-22T15:15:39.097Z,38.990742,-0.513,569
601,CV-645A,PalasietA,2023-08-22T15:15:49.097Z,38.985252,-0.537441,284
602,Corts Valencianes 1B,Alfons MagnanimB,2023-08-22T15:15:49.097Z,38.986084,-0.534517,009
603,Corts Valencianes 2B,Reina,2023-08-22T15:15:49.097Z,38.987684,-0.53061,619
604,PalasietA,Aben FerriA,2023-08-22T15:15:49.097Z,38.985489,-0.534157,609
605,PalasietB,PalasietA,2023-08-22T15:15:49.097Z,38.985252,-0.537441,False
606,Alfons MagnanimB,Alfons MagnanimA,2023-08-22T15:15:49.097Z,38.987144,-0.535236,False
607,Aben FerriA,Corts Valencianes 2B,2023-08-22T15:15:49.097Z,38.986084,-0.534517,963
608,9 OctubreA,Alfons MagnanimA,2023-08-22T15:15:49.097Z,38.987144,-0.535236,698
609,Ausias MarchB,Ximen ToviaB,2023-08-22T15:15:49.097Z,38.991913,-0.524291,503
610,Reina,Albereda 1,2023-08-22T15:15:49.097Z,38.989955,-0.523503,639
611,Albereda 1,Albereda 2,2023-08-22T15:15:49.097Z,38.990122,-0.519633,616
612,Carme 2,Albereda 2,2023-08-22T15:15:49.097Z,38.990122,-0.519633,False
613,CV-645B,Beata InesA,2023-08-22T15:15:59.097Z,0.0,0.0,090
614,Corts Valencianes 1B,Aben FerriB,2023-08-22T15:15:59.097Z,38.986084,-0.534517,063
615,Corts Valencianes 2B,Ausias MarchB,2023-08-22T15:15:59.097Z,38.987684,-0.53061,366
616,PalasietA,PalasietB,2023-08-22T15:15:59.097Z,38.985489,-0.534157,263
617,Alfons MagnanimA,Corts Valencianes 1A,2023-08-22T15:15:59.097Z,38.986084,-0.534517,False
618,Alfons MagnanimB,Alfons MagnanimA,2023-08-22T15:15:59.097Z,38.987144,-0.535236,009
619,9 OctubreA,9 OctubreB,2023-08-22T15:15:59.097Z,38.987144,-0.535236,609
620,Ausias MarchA,Argenteria,2023-08-22T15:15:59.097Z,38.987684,-0.53061,384
621,Ausias MarchB,Ausias MarchA,2023-08-22T15:15:59.097Z,38.991913,-0.524291,710
622,Albereda 2,Cosmografo,2023-08-22T15:15:59.097Z,38.990742,-0.513,769
623,N-340B,CV-645A,2023-08-22T15:15:59.097Z,0.0,0.0,395
624,Corts Valencianes 2B,Argenteria,2023-08-22T15:16:09.097Z,38.987684,-0.53061,963
625,Aben FerriA,Alfons MagnanimB,2023-08-22T15:16:09.097Z,38.986084,-0.534517,609
626,Ausias MarchB,Baixada estacio 1,2023-08-22T15:16:09.097Z,38.991913,-0.524291,False
627,Reina,Republica Argentina,2023-08-22T15:16:09.097Z,38.989955,-0.523503,147
628,Albereda 1,Albereda 2,2023-08-22T15:16:09.097Z,38.990122,-0.519633,633
629,N-340B,N-340A,2023-08-22T15:16:09.097Z,0.0,0.0,False
630,PalasietA,Aben FerriA,2023-08-22T15:16:19.097Z,38.985489,-0.534157,585
631,Alfons MagnanimB,Alfons MagnanimA,2023-08-22T15:16:19.097Z,38.987144,-0.535236,030
632,Ausias MarchB,Baixada estacio 1,2023-08-22T15:16:19.097Z,38.991913,-0.524291,732
633,Baixada estacio 1,Baixada estacio 2,2023-08-22T15:16:19.097Z,38.991213,-0.523787,851
634,N-340B,Beata InesA,2023-08-22T15:16:19.097Z,0.0,0.0,169
635,PalasietA,PalasietB,2023-08-22T15:16:29.097Z,38.985489,-0.534157,284
636,Alfons MagnanimA,Corts Valencianes 2B,2023-08-22T15:16:29.097Z,38.986084,-0.534517,616
637,Aben FerriA,Corts Valencianes 2B,2023-08-22T15:16:29.097Z,38.986084,-0.534517,609
638,9 OctubreB,Ausias MarchB,2023-08-22T15:16:29.097Z,38.987684,-0.53061,False
639,Ausias MarchB,Baixada estacio 1,2023-08-22T15:16:29.097Z,38.991913,-0.524291,820
640,Ximen ToviaA,Ausias MarchA,2023-08-22T15:16:29.097Z,38.991913,-0.524291,426
641,Baixada estacio 1,Baixada estacio 2,2023-08-22T15:16:29.097Z,38.991213,-0.523787,732
642,Baixada estacio 2,Republica Argentina,2023-08-22T15:16:29.097Z,38.989955,-0.523503,897
643,Cosmografo,Maulets,2023-08-22T15:16:29.097Z,38.991249,-0.518678,588
644,N-340B,Beata InesA,2023-08-22T15:16:29.097Z,0.0,0.0,False
645,CV-645A,PalasietA,2023-08-22T15:16:39.097Z,38.985252,-0.537441,157
646,CV-645B,CV-645A,2023-08-22T15:16:39.097Z,0.0,0.0,040
647,Corts Valencianes 2B,9 OctubreA,2023-08-22T15:16:39.097Z,38.987684,-0.53061,300
648,PalasietA,Aben FerriA,2023-08-22T15:16:39.097Z,38.985489,-0.534157,False
649,Argenteria,Aben FerriA,2023-08-22T15:16:39.097Z,38.985489,-0.534157,045
650,9 OctubreB,Reina,2023-08-22T15:16:39.097Z,38.987684,-0.53061,906
651,Ausias MarchA,Ausias MarchA,2023-08-22T15:16:39.097Z,38.987684,-0.53061,710
652,Ausias MarchB,Ximen ToviaB,2023-08-22T15:16:39.097Z,38.991913,-0.524291,False
653,Beata InesA,Ausias MarchB,2023-08-22T15:16:39.097Z,38.987684,-0.53061,246
654,Reina,Albereda 1,2023-08-22T15:16:39.097Z,38.989955,-0.523503,027
655,Baixada estacio 1,Baixada estacio 2,2023-08-22T15:16:39.097Z,38.991213,-0.523787,670
656,CV-645B,Beata InesA,2023-08-22T15:16:49.097Z,0.0,0.0,819
657,Corts Valencianes 1A,Corts Valencianes 1B,2023-08-22T15:16:49.097Z,38.985252,-0.537441,717
658,Aben FerriA,Corts Valencianes 2B,2023-08-22T15:16:49.097Z,38.986084,-0.534517,365
659,Argenteria,PalasietB,2023-08-22T15:16:49.097Z,38.985489,-0.534157,803
660,9 OctubreB,Ausias MarchB,2023-08-22T15:16:49.097Z,38.987684,-0.53061,662
661,Ausias MarchB,Ximen ToviaB,2023-08-22T15:16:49.097Z,38.991913,-0.524291,969
662,Beata InesA,Ausias MarchB,2023-08-22T15:16:49.097Z,38.987684,-0.53061,False
663,Reina,Albereda 1,2023-08-22T15:16:49.097Z,38.989955,-0.523503,673
664,Gregorio Molina,Abu Masaifa,2023-08-22T15:16:49.097Z,38.991213,-0.523787,879
665,CV-645B,N-340A,2023-08-22T15:16:59.097Z,0.0,0.0,669
666,Corts Valencianes 1A,CV-645B,2023-08-22T15:16:59.097Z,38.985252,-0.537441,286
667,Aben FerriA,Alfons MagnanimB,2023-08-22T15:16:59.097Z,38.986084,-0.534517,046
668,9 OctubreA,9 OctubreB,2023-08-22T15:16:59.097Z,38.987144,-0.535236,906
669,Ausias MarchB,Baixada estacio 1,2023-08-22T15:16:59.097Z,38.991913,-0.524291,938
670,Beata InesA,Ausias MarchB,2023-08-22T15:16:59.097Z,38.987684,-0.53061,090
671,N-340B,N-340A,2023-08-22T15:16:59.097Z,0.0,0.0,999
672,Republica Argentina,Academic Maravall,2023-08-22T15:16:59.097Z,38.99105,-0.519778,851
673,CV-645B,CV-645A,2023-08-22T15:17:09.097Z,0.0,0.0,448
674,Alfons MagnanimA,Corts Valencianes 1A,2023-08-22T15:17:09.097Z,38.986084,-0.534517,619
675,Argenteria,PalasietB,2023-08-22T15:17:09.097Z,38.985489,-0.534157,False
676,9 OctubreB,Reina,2023-08-22T15:17:09.097Z,38.987684,-0.53061,608
677,Beata InesA,Ausias MarchB,2023-08-22T15:17:09.097Z,38.987684,-0.53061,449
678,Albereda 2,N-340B,2023-08-22T15:17:09.097Z,38.990742,-0.513,817
679,Maulets,N-340B,2023-08-22T15:17:09.097Z,38.992357,-0.519858,130
680,N-340B,N-340A,2023-08-22T15:17:09.097Z,0.0,0.0,820
681,CV-645B,Beata InesA,2023-08-22T15:17:19.097Z,0.0,0.0,False
682,Corts Valencianes 1A,CV-645B,2023-08-22T15:17:19.097Z,38.985252,-0.537441,False
683,Corts Valencianes 1B,Corts Valencianes 2B,2023-08-22T15:17:19.097Z,38.986084,-0.534517,False
684,Corts Valencianes 2B,9 OctubreA,2023-08-22T15:17:19.097Z,38.987684,-0.53061,669
685,PalasietA,PalasietB,2023-08-22T15:17:19.097Z,38.985489,-0.534157,528
686,Argenteria,PalasietB,2023-08-22T15:17:19.097Z,38.985489,-0.534157,669
687,Ausias MarchA,Corts Valencianes 2A,2023-08-22T15:17:19.097Z,38.987684,-0.53061,426
688,Beata InesA,9 OctubreA,2023-08-22T15:17:19.097Z,38.987684,-0.53061,False
689,Reina,Republica Argentina,2023-08-22T15:17:19.097Z,38.989955,-0.523503,135
690,Albereda 2,Cosmografo,2023-08-22T15:17:19.097Z,38.990742,-0.513,765
691,Academic Maravall,Maulets,2023-08-22T15:17:19.097Z,38.991249,-0.518678,False
692,N-340B,Beata InesA,2023-08-22T15:17:19.097Z,0.0,0.0,False
693,CV-645B,Beata InesA,2023-08-22T15:17:29.097Z,0.0,0.0,715
694,Corts Valencianes 2B,Reina,2023-08-22T15:17:29.097Z,38.987684,-0.53061,365
695,PalasietB,Corts Valencianes 1B,2023-08-22T15:17:29.097Z,38.985252,-0.537441,228
696,Alfons MagnanimB,Alfons MagnanimA,2023-08-22T15:17:29.097Z,38.987144,-0.535236,046
697,9 OctubreB,Ausias MarchB,2023-08-22T15:17:29.097Z,38.987684,-0.53061,966
698,Ausias MarchA,9 OctubreA,2023-08-22T15:17:29.097Z,38.987684,-0.53061,693
699,Ausias MarchB,Ximen ToviaB,2023-08-22T15:17:29.097Z,38.991913,-0.524291,366
700,Beata InesA,9 OctubreA,2023-08-22T15:17:29.097Z,38.987684,-0.53061,919
701,Reina,Albereda 1,2023-08-22T15:17:29.097Z,38.989955,-0.523503,254
702,Ximen ToviaB,N-340B,2023-08-22T15:17:29.097Z,38.992357,-0.519858,False
703,Baixada estacio 1,Abu Masaifa,2023-08-22T15:17:29.097Z,38.991213,-0.523787,938
704,Albereda 1,Albereda 2,2023-08-22T15:17:29.097Z,38.990122,-0.519633,269
705,Albereda 2,Cosmografo,2023-08-22T15:17:29.097Z,38.990742,-0.513,False
706,Cosmografo,Maulets,2023-08-22T15:17:29.097Z,38.991249,-0.518678,765
707,Maulets,Ximen ToviaA,2023-08-22T15:17:29.097Z,38.992357,-0.519858,697
708,Corts Valencianes 1B,Alfons MagnanimB,2023-08-22T15:17:39.097Z,38.986084,-0.534517,284
709,Corts Valencianes 2A,Corts Valencianes 1A,2023-08-22T15:17:39.097Z,38.986084,-0.534517,426
710,Corts Valencianes 2B,Ausias MarchB,2023-08-22T15:17:39.097Z,38.987684,-0.53061,False
711,Alfons MagnanimB,9 OctubreB,2023-08-22T15:17:39.097Z,38.987144,-0.535236,998
712,Argenteria,Aben FerriA,2023-08-22T15:17:39.097Z,38.985489,-0.534157,491
713,Ausias MarchB,Ausias MarchA,2023-08-22T15:17:39.097Z,38.991913,-0.524291,991
714,Beata InesA,9 OctubreA,2023-08-22T15:17:39.097Z,38.987684,-0.53061,aeX
715,Reina,Republica Argentina,2023-08-22T15:17:39.097Z,38.989955,-0.523503,231
716,Baixada estacio 1,Abu Masaifa,2023-08-22T15:17:39.097Z,38.991213,-0.523787,413
717,Baixada estacio 2,Albereda 1,2023-08-22T15:17:39.097Z,38.989955,-0.523503,732
718,Albereda 2,Cosmografo,2023-08-22T15:17:39.097Z,38.990742,-0.513,False
719,N-340B,Beata InesA,2023-08-22T15:17:39.097Z,0.0,0.0,967
720,CV-645B,Beata InesA,2023-08-22T15:17:49.097Z,0.0,0.0,669
721,Corts Valencianes 1B,Corts Valencianes 2B,2023-08-22T15:17:49.097Z,38.986084,-0.534517,424
722,PalasietB,PalasietA,2023-08-22T15:17:49.097Z,38.985252,-0.537441,609
723,Aben FerriA,Corts Valencianes 2B,2023-08-22T15:17:49.097Z,38.986084,-0.534517,292
724,Argenteria,PalasietB,2023-08-22T15:17:49.097Z,38.985489,-0.534157,384
725,Abu Masaifa,9 OctubreA,2023-08-22T15:17:49.097Z,38.987684,-0.53061,699
726,Ausias MarchA,Ausias MarchB,2023-08-22T15:17:49.097Z,38.987684,-0.53061,710
727,Reina,Albereda 1,2023-08-22T15:17:49.097Z,38.989955,-0.523503,819
728,Ximen ToviaB,Gregorio Molina,2023-08-22T15:17:49.097Z,38.992357,-0.519858,False
729,Albereda 1,Albereda 2,2023-08-22T15:17:49.097Z,38.990122,-0.519633,027
730,N-340A,Carme 1,2023-08-22T15:17:49.097Z,38.992357,-0.519858,343
731,N-340B,Beata InesA,2023-08-22T15:17:49.097Z,0.0,0.0,031
732,Alfons MagnanimA,Corts Valencianes 1A,2023-08-22T15:17:59.097Z,38.986084,-0.534517,046
733,Argenteria,PalasietB,2023-08-22T15:17:59.097Z,38.985489,-0.534157,963
734,9 OctubreB,Argenteria,2023-08-22T15:17:59.097Z,38.987684,-0.53061,994
735,Abu Masaifa,Argenteria,2023-08-22T15:17:59.097Z,38.987684,-0.53061,866
736,Ausias MarchB,Ausias MarchA,2023-08-22T15:17:59.097Z,38.991913,-0.524291,False
737,Beata InesA,Argenteria,2023-08-22T15:17:59.097Z,38.987684,-0.53061,False
738,Reina,Albereda 1,2023-08-22T15:17:59.097Z,38.989955,-0.523503,798
739,Gregorio Molina,Abu Masaifa,2023-08-22T15:17:59.097Z,38.991213,-0.523787,711
740,Albereda 1,Albereda 2,2023-08-22T15:17:59.097Z,38.990122,-0.519633,673
741,Carme 1,Academic Maravall,2023-08-22T15:17:59.097Z,38.99105,-0.519778,343
742,N-340A,Gregorio Molina,2023-08-22T15:17:59.097Z,38.992357,-0.519858,False
743,CV-645A,PalasietA,2023-08-22T15:18:09.097Z,38.985252,-0.537441,395
744,CV-645B,Beata InesA,2023-08-22T15:18:09.097Z,0.0,0.0,False
745,Corts Valencianes 1A,Corts Valencianes 1B,2023-08-22T15:18:09.097Z,38.985252,-0.537441,426
746,Corts Valencianes 2B,Ausias MarchB,2023-08-22T15:18:09.097Z,38.987684,-0.53061,424
747,PalasietB,PalasietA,2023-08-22T15:18:09.097Z,38.985252,-0.537441,False
748,9 OctubreA,9 OctubreB,2023-08-22T15:18:09.097Z,38.987144,-0.535236,609
749,Abu Masaifa,Corts Valencianes 2A,2023-08-22T15:18:09.097Z,38.987684,-0.53061,418
750,Ausias MarchB,Ximen ToviaB,2023-08-22T15:18:09.097Z,38.991913,-0.524291,696
751,Beata InesA,9 OctubreA,2023-08-22T15:18:09.097Z,38.987684,-0.53061,175
752,Academic Maravall,Maulets,2023-08-22T15:18:09.097Z,38.991249,-0.518678,303
753,N-340A,Ximen ToviaA,2023-08-22T15:18:09.097Z,38.992357,-0.519858,False
754,Republica Argentina,Carme 2,2023-08-22T15:18:09.097Z,38.99105,-0.519778,135
755,CV-645A,Corts Valencianes 1B,2023-08-22T15:18:19.097Z,38.985252,-0.537441,False
756,Corts Valencianes 1B,Corts Valencianes 2B,2023-08-22T15:18:19.097Z,38.986084,-0.534517,426
757,Corts Valencianes 2A,Corts Valencianes 2B,2023-08-22T15:18:19.097Z,38.986084,-0.534517,118
758,Corts Valencianes 2B,9 OctubreA,2023-08-22T15:18:19.097Z,38.987684,-0.53061,491
759,PalasietB,CV-645B,2023-08-22T15:18:19.097Z,38.985252,-0.537441,528
760,Argenteria,PalasietB,2023-08-22T15:18:19.097Z,38.985489,-0.534157,070
761,9 OctubreA,9 OctubreB,2023-08-22T15:18:19.097Z,38.987144,-0.535236,441
762,Abu Masaifa,9 OctubreA,2023-08-22T15:18:19.097Z,38.987684,-0.53061,879
763,Beata InesA,Corts Valencianes 2A,2023-08-22T15:18:19.097Z,38.987684,-0.53061,967
764,Cosmografo,Maulets,2023-08-22T15:18:19.097Z,38.991249,-0.518678,False
765,N-340A,Ximen ToviaA,2023-08-22T15:18:19.097Z,38.992357,-0.519858,874
766,Republica Argentina,Carme 2,2023-08-22T15:18:19.097Z,38.99105,-0.519778,230
767,CV-645A,Corts Valencianes 1B,2023-08-22T15:18:29.097Z,38.985252,-0.537441,496
768,CV-645B,CV-645A,2023-08-22T15:18:29.097Z,0.0,0.0,632
769,Corts Valencianes 1A,PalasietA,2023-08-22T15:18:29.097Z,38.985252,-0.537441,046
770,Corts Valencianes 1B,Alfons MagnanimB,2023-08-22T15:18:29.097Z,38.986084,-0.534517,040
771,Corts Valencianes 2B,9 OctubreA,2023-08-22T15:18:29.097Z,38.987684,-0.53061,426
772,PalasietA,Aben FerriA,2023-08-22T15:18:29.097Z,38.985489,-0.534157,803
773,PalasietB,CV-645B,2023-08-22T15:18:29.097Z,38.985252,-0.537441,164
774,Argenteria,PalasietB,2023-08-22T15:18:29.097Z,38.985489,-0.534157,False
775,9 OctubreA,9 OctubreB,2023-08-22T15:18:29.097Z,38.987144,-0.535236,893
776,Abu Masaifa,Ausias MarchB,2023-08-22T15:18:29.097Z,38.987684,-0.53061,958
777,Beata InesB,Beata InesA,2023-08-22T15:18:29.097Z,0.0,0.0,779
778,Gregorio Molina,Baixada estacio 2,2023-08-22T15:18:29.097Z,38.991213,-0.523787,False
779,Academic Maravall,Maulets,2023-08-22T15:18:29.097Z,38.991249,-0.518678,889
780,Cosmografo,Maulets,2023-08-22T15:18:29.097Z,38.991249,-0.518678,False
781,N-340A,Carme 1,2023-08-22T15:18:29.097Z,38.992357,-0.519858,820
782,CV-645B,Beata InesA,2023-08-22T15:18:39.097Z,0.0,0.0,869
783,Corts Valencianes 2A,Alfons MagnanimB,2023-08-22T15:18:39.097Z,38.986084,-0.534517,479
784,Corts Valencianes 2B,Beata InesB,2023-08-22T15:18:39.097Z,38.987684,-0.53061,418
785,PalasietB,Corts Valencianes 1B,2023-08-22T15:18:39.097Z,38.985252,-0.537441,384
786,Aben FerriA,Corts Valencianes 1A,2023-08-22T15:18:39.097Z,38.986084,-0.534517,803
787,9 OctubreA,9 OctubreB,2023-08-22T15:18:39.097Z,38.987144,-0.535236,919
788,Abu Masaifa,Corts Valencianes 2A,2023-08-22T15:18:39.097Z,38.987684,-0.53061,938
789,Beata InesA,Argenteria,2023-08-22T15:18:39.097Z,38.987684,-0.53061,False
790,Carme 1,Academic Maravall,2023-08-22T15:18:39.097Z,38.99105,-0.519778,820
791,Maulets,N-340B,2023-08-22T15:18:39.097Z,38.992357,-0.519858,dwl
792,N-340B,CV-645A,2023-08-22T15:18:39.097Z,0.0,0.0,091
793,CV-645A,Corts Valencianes 1B,2023-08-22T15:18:49.097Z,38.985252,-0.537441,632
794,CV-645B,CV-645A,2023-08-22T15:18:49.097Z,0.0,0.0,091
795,Corts Valencianes 1A,Corts Valencianes 1B,2023-08-22T15:18:49.097Z,38.985252,-0.537441,803
796,Corts Valencianes 1B,Corts Valencianes 2B,2023-08-22T15:18:49.097Z,38.986084,-0.534517,448
797,PalasietB,CV-645B,2023-08-22T15:18:49.097Z,38.985252,-0.537441,963
798,Alfons MagnanimA,Corts Valencianes 2B,2023-08-22T15:18:49.097Z,38.986084,-0.534517,698
799,Alfons MagnanimB,9 OctubreB,2023-08-22T15:18:49.097Z,38.987144,-0.535236,479
800,Aben FerriA,Corts Valencianes 2B,2023-08-22T15:18:49.097Z,38.986084,-0.534517,202
801,Argenteria,Aben FerriA,2023-08-22T15:18:49.097Z,38.985489,-0.534157,False
802,9 OctubreA,Alfons MagnanimA,2023-08-22T15:18:49.097Z,38.987144,-0.535236,False
803,9 OctubreB,Beata InesB,2023-08-22T15:18:49.097Z,38.987684,-0.53061,585
804,Ausias MarchB,Ausias MarchA,2023-08-22T15:18:49.097Z,38.991913,-0.524291,169
805,Beata InesA,Ausias MarchB,2023-08-22T15:18:49.097Z,38.987684,-0.53061,091
806,Academic Maravall,Maulets,2023-08-22T15:18:49.097Z,38.991249,-0.518678,026
807,Maulets,Ximen ToviaA,2023-08-22T15:18:49.097Z,38.992357,-0.519858,588
808,N-340B,CV-645A,2023-08-22T15:18:49.097Z,0.0,0.0,676
809,CV-645B,Beata InesA,2023-08-22T15:18:59.097Z,0.0,0.0,116
810,Corts Valencianes 1B,Corts Valencianes 2B,2023-08-22T15:18:59.097Z,38.986084,-0.534517,384
811,Corts Valencianes 2A,Corts Valencianes 1A,2023-08-22T15:18:59.097Z,38.986084,-0.534517,938
812,PalasietA,Aben FerriA,2023-08-22T15:18:59.097Z,38.985489,-0.534157,216
813,PalasietB,PalasietA,2023-08-22T15:18:59.097Z,38.985252,-0.537441,False
814,9 OctubreA,9 OctubreB,2023-08-22T15:18:59.097Z,38.987144,-0.535236,699
815,Beata InesA,Argenteria,2023-08-22T15:18:59.097Z,38.987684,-0.53061,False
816,Ximen ToviaA,Baixada estacio 1,2023-08-22T15:18:59.097Z,38.991913,-0.524291,474
817,Ximen ToviaB,N-340B,2023-08-22T15:18:59.097Z,38.992357,-0.519858,182
818,Albereda 2,N-340B,2023-08-22T15:18:59.097Z,38.990742,-0.513,969
819,CV-645B,Beata InesA,2023-08-22T15:19:09.097Z,0.0,0.0,047
820,Corts Valencianes 1A,CV-645B,2023-08-22T15:19:09.097Z,38.985252,-0.537441,938
821,Corts Valencianes 1B,Alfons MagnanimB,2023-08-22T15:19:09.097Z,38.986084,-0.534517,632
822,PalasietB,Corts Valencianes 1B,2023-08-22T15:19:09.097Z,38.985252,-0.537441,866
823,9 OctubreB,Beata InesB,2023-08-22T15:19:09.097Z,38.987684,-0.53061,633
824,Abu Masaifa,Reina,2023-08-22T15:19:09.097Z,38.987684,-0.53061,413
825,Ausias MarchB,Ximen ToviaB,2023-08-22T15:19:09.097Z,38.991913,-0.524291,090
826,Beata InesA,Reina,2023-08-22T15:19:09.097Z,38.987684,-0.53061,779
827,Reina,Albereda 1,2023-08-22T15:19:09.097Z,38.989955,-0.523503,056
828,Baixada estacio 2,Albereda 1,2023-08-22T15:19:09.097Z,38.989955,-0.523503,False
829,Albereda 1,Albereda 2,2023-08-22T15:19:09.097Z,38.990122,-0.519633,254
830,Albereda 2,Cosmografo,2023-08-22T15:19:09.097Z,38.990742,-0.513,163
831,Maulets,Gregorio Molina,2023-08-22T15:19:09.097Z,38.992357,-0.519858,851
832,CV-645A,PalasietA,2023-08-22T15:19:19.097Z,38.985252,-0.537441,499
833,CV-645B,CV-645A,2023-08-22T15:19:19.097Z,0.0,0.0,810
834,Corts Valencianes 1B,Corts Valencianes 2B,2023-08-22T15:19:19.097Z,38.986084,-0.534517,609
835,PalasietA,PalasietB,2023-08-22T15:19:19.097Z,38.985489,-0.534157,046
836,Alfons MagnanimB,9 OctubreB,2023-08-22T15:19:19.097Z,38.987144,-0.535236,632
837,9 OctubreA,Alfons MagnanimA,2023-08-22T15:19:19.097Z,38.987144,-0.535236,491
838,Abu Masaifa,Ausias MarchB,2023-08-22T15:19:19.097Z,38.987684,-0.53061,False
839,Beata InesA,Corts Valencianes 2A,2023-08-22T15:19:19.097Z,38.987684,-0.53061,199
840,Reina,Albereda 1,2023-08-22T15:19:19.097Z,38.989955,-0.523503,918
841,Baixada estacio 1,Abu Masaifa,2023-08-22T15:19:19.097Z,38.991213,-0.523787,False
842,Albereda 1,Albereda 2,2023-08-22T15:19:19.097Z,38.990122,-0.519633,732
843,N-340B,Beata InesA,2023-08-22T15:19:19.097Z,0.0,0.0,False
844,Corts Valencianes 1B,Alfons MagnanimB,2023-08-22T15:19:29.097Z,38.986084,-0.534517,False
845,Corts Valencianes 2B,Corts Valencianes 2A,2023-08-22T15:19:29.097Z,38.987684,-0.53061,False
846,PalasietA,Aben FerriA,2023-08-22T15:19:29.097Z,38.985489,-0.534157,064
847,Aben FerriA,Corts Valencianes 2B,2023-08-22T15:19:29.097Z,38.986084,-0.534517,216
848,Argenteria,PalasietB,2023-08-22T15:19:29.097Z,38.985489,-0.534157,False
849,9 OctubreA,9 OctubreB,2023-08-22T15:19:29.097Z,38.987144,-0.535236,871
850,Beata InesA,9 OctubreA,2023-08-22T15:19:29.097Z,38.987684,-0.53061,418
851,Reina,Albereda 1,2023-08-22T15:19:29.097Z,38.989955,-0.523503,124
852,Gregorio Molina,Abu Masaifa,2023-08-22T15:19:29.097Z,38.991213,-0.523787,851
853,N-340B,N-340A,2023-08-22T15:19:29.097Z,0.0,0.0,809
854,CV-645A,Corts Valencianes 1B,2023-08-22T15:19:39.097Z,38.985252,-0.537441,091
855,CV-645B,CV-645A,2023-08-22T15:19:39.097Z,0.0,0.0,048
856,Corts Valencianes 2B,Argenteria,2023-08-22T15:19:39.097Z,38.987684,-0.53061,698
857,PalasietA,PalasietB,2023-08-22T15:19:39.097Z,38.985489,-0.534157,197
858,Alfons MagnanimB,9 OctubreB,2023-08-22T15:19:39.097Z,38.987144,-0.535236,False
859,Aben FerriA,Corts Valencianes 2B,2023-08-22T15:19:39.097Z,38.986084,-0.534517,994
860,Argenteria,Aben FerriA,2023-08-22T15:19:39.097Z,38.985489,-0.534157,False
861,Ausias MarchB,Ausias MarchA,2023-08-22T15:19:39.097Z,38.991913,-0.524291,False
862,Beata InesA,Reina,2023-08-22T15:19:39.097Z,38.987684,-0.53061,800
863,Reina,Republica Argentina,2023-08-22T15:19:39.097Z,38.989955,-0.523503,196
864,N-340B,Beata InesA,2023-08-22T15:19:39.097Z,0.0,0.0,320
865,CV-645A,Corts Valencianes 1B,2023-08-22T15:19:49.097Z,38.985252,-0.537441,825
866,CV-645B,CV-645A,2023-08-22T15:19:49.097Z,0.0,0.0,eXX
867,Corts Valencianes 2A,Alfons MagnanimB,2023-08-22T15:19:49.097Z,38.986084,-0.534517,448
868,PalasietA,PalasietB,2023-08-22T15:19:49.097Z,38.985489,-0.534157,091
869,PalasietB,Corts Valencianes 1B,2023-08-22T15:19:49.097Z,38.985252,-0.537441,046
870,9 OctubreA,Alfons MagnanimA,2023-08-22T15:19:49.097Z,38.987144,-0.535236,420
871,Abu Masaifa,Corts Valencianes 2A,2023-08-22T15:19:49.097Z,38.987684,-0.53061,350
872,Ausias MarchB,Baixada estacio 1,2023-08-22T15:19:49.097Z,38.991913,-0.524291,730
873,Beata InesA,9 OctubreA,2023-08-22T15:19:49.097Z,38.987684,-0.53061,False
874,Reina,Albereda 1,2023-08-22T15:19:49.097Z,38.989955,-0.523503,610
875,Ximen ToviaA,Ausias MarchA,2023-08-22T15:19:49.097Z,38.991913,-0.524291,False
876,Cosmografo,Maulets,2023-08-22T15:19:49.097Z,38.991249,-0.518678,163
877,N-340B,CV-645A,2023-08-22T15:19:49.097Z,0.0,0.0,436
878,CV-645A,Corts Valencianes 1B,2023-08-22T15:19:59.097Z,38.985252,-0.537441,810
879,CV-645B,Beata InesA,2023-08-22T15:19:59.097Z,0.0,0.0,767
880,Corts Valencianes 2A,Corts Valencianes 2B,2023-08-22T15:19:59.097Z,38.986084,-0.534517,119
881,Corts Valencianes 2B,Reina,2023-08-22T15:19:59.097Z,38.987684,-0.53061,202
882,Alfons MagnanimA,Aben FerriB,2023-08-22T15:19:59.097Z,38.986084,-0.534517,426
883,Alfons MagnanimB,Alfons MagnanimA,2023-08-22T15:19:59.097Z,38.987144,-0.535236,False
884,Abu Masaifa,Beata InesB,2023-08-22T15:19:59.097Z,38.987684,-0.53061,949
885,Ausias MarchB,Ausias MarchA,2023-08-22T15:19:59.097Z,38.991913,-0.524291,424
886,Beata InesA,Ausias MarchB,2023-08-22T15:19:59.097Z,38.987684,-0.53061,220
887,Reina,Republica Argentina,2023-08-22T15:19:59.097Z,38.989955,-0.523503,906
888,N-340B,CV-645A,2023-08-22T15:19:59.097Z,0.0,0.0,035
889,Corts Valencianes 1A,CV-645B,2023-08-22T15:20:09.097Z,38.985252,-0.537441,069
890,Corts Valencianes 1B,Alfons MagnanimB,2023-08-22T15:20:09.097Z,38.986084,-0.534517,053
891,Corts Valencianes 2B,Reina,2023-08-22T15:20:09.097Z,38.987684,-0.53061,384
892,PalasietB,CV-645B,2023-08-22T15:20:09.097Z,38.985252,-0.537441,699
893,Argenteria,PalasietB,2023-08-22T15:20:09.097Z,38.985489,-0.534157,699
894,9 OctubreB,Argenteria,2023-08-22T15:20:09.097Z,38.987684,-0.53061,819
895,Abu Masaifa,Corts Valencianes 2A,2023-08-22T15:20:09.097Z,38.987684,-0.53061,312
896,Ausias MarchB,Ausias MarchA,2023-08-22T15:20:09.097Z,38.991913,-0.524291,560
897,Reina,Albereda 1,2023-08-22T15:20:09.097Z,38.989955,-0.523503,608
898,Ximen ToviaA,Ximen ToviaB,2023-08-22T15:20:09.097Z,38.991913,-0.524291,False
899,Baixada estacio 1,Abu Masaifa,2023-08-22T15:20:09.097Z,38.991213,-0.523787,730
900,N-340B,N-340A,2023-08-22T15:20:09.097Z,0.0,0.0,660
901,CV-645A,PalasietA,2023-08-22T15:20:19.097Z,38.985252,-0.537441,040
902,CV-645B,Beata InesA,2023-08-22T15:20:19.097Z,0.0,0.0,False
903,Corts Valencianes 1B,Alfons MagnanimB,2023-08-22T15:20:19.097Z,38.986084,-0.534517,825
904,Corts Valencianes 2B,Ausias MarchB,2023-08-22T15:20:19.097Z,38.987684,-0.53061,803
905,Alfons MagnanimB,9 OctubreB,2023-08-22T15:20:19.097Z,38.987144,-0.535236,091
906,Aben FerriB,PalasietB,2023-08-22T15:20:19.097Z,38.985489,-0.534157,426
907,9 OctubreB,Ausias MarchB,2023-08-22T15:20:19.097Z,38.987684,-0.53061,947
908,Abu Masaifa,9 OctubreA,2023-08-22T15:20:19.097Z,38.987684,-0.53061,False
909,Cosmografo,Maulets,2023-08-22T15:20:19.097Z,38.991249,-0.518678,710
910,N-340B,Beata InesA,2023-08-22T15:20:19.097Z,0.0,0.0,969
911,Republica Argentina,Academic Maravall,2023-08-22T15:20:19.097Z,38.99105,-0.519778,906
912,CV-645B,CV-645A,2023-08-22T15:20:29.097Z,0.0,0.0,False
913,Corts Valencianes 1B,Aben FerriB,2023-08-22T15:20:29.097Z,38.986084,-0.534517,046
914,Corts Valencianes 2A,Corts Valencianes 2B,2023-08-22T15:20:29.097Z,38.986084,-0.534517,912
915,Corts Valencianes 2B,Corts Valencianes 2A,2023-08-22T15:20:29.097Z,38.987684,-0.53061,216
916,PalasietA,Aben FerriA,2023-08-22T15:20:29.097Z,38.985489,-0.534157,048
917,9 OctubreB,Ausias MarchB,2023-08-22T15:20:29.097Z,38.987684,-0.53061,982
918,Abu Masaifa,Argenteria,2023-08-22T15:20:29.097Z,38.987684,-0.53061,851
919,Ausias MarchB,Baixada estacio 1,2023-08-22T15:20:29.097Z,38.991913,-0.524291,097
920,Beata InesA,Argenteria,2023-08-22T15:20:29.097Z,38.987684,-0.53061,False
921,Maulets,N-340B,2023-08-22T15:20:29.097Z,38.992357,-0.519858,765
922,Corts Valencianes 1B,Aben FerriB,2023-08-22T15:20:39.097Z,38.986084,-0.534517,999
923,Corts Valencianes 2B,Corts Valencianes 2A,2023-08-22T15:20:39.097Z,38.987684,-0.53061,998
924,PalasietB,Corts Valencianes 1B,2023-08-22T15:20:39.097Z,38.985252,-0.537441,898
925,Alfons MagnanimB,9 OctubreB,2023-08-22T15:20:39.097Z,38.987144,-0.535236,166
926,Aben FerriA,Corts Valencianes 1A,2023-08-22T15:20:39.097Z,38.986084,-0.534517,040
927,Ausias MarchA,Corts Valencianes 2A,2023-08-22T15:20:39.097Z,38.987684,-0.53061,991
928,Ausias MarchB,Ausias MarchA,2023-08-22T15:20:39.097Z,38.991913,-0.524291,717
929,Beata InesA,Argenteria,2023-08-22T15:20:39.097Z,38.987684,-0.53061,162
930,Baixada estacio 1,Baixada estacio 2,2023-08-22T15:20:39.097Z,38.991213,-0.523787,031
931,Academic Maravall,Maulets,2023-08-22T15:20:39.097Z,38.991249,-0.518678,906
932,Maulets,Ximen ToviaA,2023-08-22T15:20:39.097Z,38.992357,-0.519858,303
933,CV-645A,PalasietA,2023-08-22T15:20:49.097Z,38.985252,-0.537441,eXX
934,CV-645B,N-340A,2023-08-22T15:20:49.097Z,0.0,0.0,550
935,Corts Valencianes 2B,Reina,2023-08-22T15:20:49.097Z,38.987684,-0.53061,999
936,PalasietB,CV-645B,2023-08-22T15:20:49.097Z,38.985252,-0.537441,426
937,Aben FerriA,Corts Valencianes 2B,2023-08-22T15:20:49.097Z,38.986084,-0.534517,631
938,Aben FerriB,PalasietB,2023-08-22T15:20:49.097Z,38.985489,-0.534157,810
939,Argenteria,PalasietB,2023-08-22T15:20:49.097Z,38.985489,-0.534157,819
940,9 OctubreA,9 OctubreB,2023-08-22T15:20:49.097Z,38.987144,-0.535236,418
941,9 OctubreB,Ausias MarchB,2023-08-22T15:20:49.097Z,38.987684,-0.53061,871
942,Abu Masaifa,Reina,2023-08-22T15:20:49.097Z,38.987684,-0.53061,710
943,Ausias MarchA,Argenteria,2023-08-22T15:20:49.097Z,38.987684,-0.53061,347
944,Beata InesA,Corts Valencianes 2A,2023-08-22T15:20:49.097Z,38.987684,-0.53061,969
945,Reina,Albereda 1,2023-08-22T15:20:49.097Z,38.989955,-0.523503,185
946,Republica Argentina,Academic Maravall,2023-08-22T15:20:49.097Z,38.99105,-0.519778,994
947,CV-645A,PalasietA,2023-08-22T15:20:59.097Z,38.985252,-0.537441,436
948,Corts Valencianes 2A,Aben FerriB,2023-08-22T15:20:59.097Z,38.986084,-0.534517,070
949,Corts Valencianes 2B,Argenteria,2023-08-22T15:20:59.097Z,38.987684,-0.53061,False
950,9 OctubreB,Ausias MarchB,2023-08-22T15:20:59.097Z,38.987684,-0.53061,False
951,Abu Masaifa,Beata InesB,2023-08-22T15:20:59.097Z,38.987684,-0.53061,972
952,Ausias MarchA,Reina,2023-08-22T15:20:59.097Z,38.987684,-0.53061,662
953,Reina,Republica Argentina,2023-08-22T15:20:59.097Z,38.989955,-0.523503,413
954,Academic Maravall,Maulets,2023-08-22T15:20:59.097Z,38.991249,-0.518678,978
955,CV-645A,Corts Valencianes 1B,2023-08-22T15:21:09.097Z,38.985252,-0.537441,035
956,CV-645B,Beata InesA,2023-08-22T15:21:09.097Z,0.0,0.0,679
957,Corts Valencianes 1B,Corts Valencianes 1A,2023-08-22T15:21:09.097Z,38.986084,-0.534517,698
958,Corts Valencianes 2B,Ausias MarchB,2023-08-22T15:21:09.097Z,38.987684,-0.53061,False
959,PalasietA,PalasietB,2023-08-22T15:21:09.097Z,38.985489,-0.534157,eXX
960,Argenteria,Aben FerriA,2023-08-22T15:21:09.097Z,38.985489,-0.534157,False
961,9 OctubreB,Ausias MarchB,2023-08-22T15:21:09.097Z,38.987684,-0.53061,891
962,Ausias MarchA,Reina,2023-08-22T15:21:09.097Z,38.987684,-0.53061,False
963,Ausias MarchB,Ausias MarchA,2023-08-22T15:21:09.097Z,38.991913,-0.524291,049
964,Reina,Republica Argentina,2023-08-22T15:21:09.097Z,38.989955,-0.523503,False
965,Ximen ToviaA,Baixada estacio 1,2023-08-22T15:21:09.097Z,38.991913,-0.524291,303
966,Baixada estacio 2,Republica Argentina,2023-08-22T15:21:09.097Z,38.989955,-0.523503,697
967,Republica Argentina,Carme 2,2023-08-22T15:21:09.097Z,38.99105,-0.519778,413
968,CV-645B,CV-645A,2023-08-22T15:21:19.097Z,0.0,0.0,837
969,Corts Valencianes 1B,Corts Valencianes 2B,2023-08-22T15:21:19.097Z,38.986084,-0.534517,035
970,Corts Valencianes 2B,9 OctubreA,2023-08-22T15:21:19.097Z,38.987684,-0.53061,631
971,PalasietB,PalasietA,2023-08-22T15:21:19.097Z,38.985252,-0.537441,697
972,Alfons MagnanimA,Aben FerriB,2023-08-22T15:21:19.097Z,38.986084,-0.534517,XXX
973,Aben FerriA,Corts Valencianes 2B,2023-08-22T15:21:19.097Z,38.986084,-0.534517,False
974,Argenteria,Aben FerriA,2023-08-22T15:21:19.097Z,38.985489,-0.534157,162
975,9 OctubreA,Alfons MagnanimA,2023-08-22T15:21:19.097Z,38.987144,-0.535236,197
976,Ausias MarchA,Ausias MarchB,2023-08-22T15:21:19.097Z,38.987684,-0.53061,False
977,Ausias MarchB,Ximen ToviaB,2023-08-22T15:21:19.097Z,38.991913,-0.524291,320
978,Ximen ToviaB,N-340B,2023-08-22T15:21:19.097Z,38.992357,-0.519858,776
979,Albereda 2,N-340B,2023-08-22T15:21:19.097Z,38.990742,-0.513,328
980,Maulets,N-340B,2023-08-22T15:21:19.097Z,38.992357,-0.519858,049
981,Corts Valencianes 1A,CV-645B,2023-08-22T15:21:29.097Z,38.985252,-0.537441,699
982,Corts Valencianes 2A,Corts Valencianes 1A,2023-08-22T15:21:29.097Z,38.986084,-0.534517,False
983,Corts Valencianes 2B,Argenteria,2023-08-22T15:21:29.097Z,38.987684,-0.53061,035
984,PalasietB,PalasietA,2023-08-22T15:21:29.097Z,38.985252,-0.537441,819
985,Aben FerriB,PalasietB,2023-08-22T15:21:29.097Z,38.985489,-0.534157,False
986,9 OctubreA,Alfons MagnanimA,2023-08-22T15:21:29.097Z,38.987144,-0.535236,969
987,Ausias MarchA,Reina,2023-08-22T15:21:29.097Z,38.987684,-0.53061,424
988,Ausias MarchB,Ximen ToviaB,2023-08-22T15:21:29.097Z,38.991913,-0.524291,609
989,Beata InesA,Corts Valencianes 2A,2023-08-22T15:21:29.097Z,38.987684,-0.53061,619
990,Beata InesB,CV-645A,2023-08-22T15:21:29.097Z,0.0,0.0,355
991,Reina,Albereda 1,2023-08-22T15:21:29.097Z,38.989955,-0.523503,047
992,Ximen ToviaB,Gregorio Molina,2023-08-22T15:21:29.097Z,38.992357,-0.519858,003
993,Albereda 1,Albereda 2,2023-08-22T15:21:29.097Z,38.990122,-0.519633,819
994,Carme 2,Albereda 2,2023-08-22T15:21:29.097Z,38.990122,-0.519633,876
995,CV-645A,PalasietA,2023-08-22T15:21:39.097Z,38.985252,-0.537441,False
996,CV-645B,Beata InesA,2023-08-22T15:21:39.097Z,0.0,0.0,False
997,PalasietA,PalasietB,2023-08-22T15:21:39.097Z,38.985489,-0.534157,436
998,Alfons MagnanimA,Aben FerriB,2023-08-22T15:21:39.097Z,38.986084,-0.534517,False
999,Argenteria,PalasietB,2023-08-22T15:21:39.097Z,38.985489,-0.534157,347
