,enter,exit,date,latitude,longitude,matricula
0,Abu Masaifa,Ausias MarchB,2023-10-16T18:52:19.097Z,38.987684,-0.53061,946
1,Albereda 2,Cosmografo,2023-10-16T18:52:19.097Z,38.990742,-0.513,False
2,Corts Valencianes 1B,Corts Valencianes 1A,2023-10-16T18:52:29.097Z,38.986084,-0.534517,XXX
3,Corts Valencianes 2A,Corts Valencianes 1A,2023-10-16T18:52:29.097Z,38.986084,-0.534517,999
4,Corts Valencianes 2B,9 OctubreA,2023-10-16T18:52:29.097Z,38.987684,-0.53061,969
5,PalasietA,PalasietA,2023-10-16T18:52:29.097Z,38.985489,-0.534157,677
6,Argenteria,PalasietB,2023-10-16T18:52:29.097Z,38.985489,-0.534157,216
7,Abu Masaifa,Reina,2023-10-16T18:52:29.097Z,38.987684,-0.53061,718
8,Ausias MarchA,Reina,2023-10-16T18:52:29.097Z,38.987684,-0.53061,946
9,Beata InesA,Ausias MarchB,2023-10-16T18:52:29.097Z,38.987684,-0.53061,False
10,Beata InesB,Beata InesB,2023-10-16T18:52:29.097Z,0.0,0.0,False
11,Ximen ToviaA,Baixada estacio 1,2023-10-16T18:52:29.097Z,38.991913,-0.524291,898
12,Albereda 1,Albereda 2,2023-10-16T18:52:29.097Z,38.990122,-0.519633,119
13,Albereda 2,Cosmografo,2023-10-16T18:52:29.097Z,38.990742,-0.513,724
14,Carme 2,Albereda 2,2023-10-16T18:52:29.097Z,38.990122,-0.519633,190
15,Cosmografo,Maulets,2023-10-16T18:52:29.097Z,38.991249,-0.518678,832
16,Maulets,Ximen ToviaA,2023-10-16T18:52:29.097Z,38.992357,-0.519858,512
17,Republica Argentina,Carme 2,2023-10-16T18:52:29.097Z,38.99105,-0.519778,False
18,CV-645B,Beata InesA,2023-10-16T18:52:39.097Z,0.0,0.0,627
19,Corts Valencianes 1A,CV-645B,2023-10-16T18:52:39.097Z,38.985252,-0.537441,256
20,Corts Valencianes 1B,Corts Valencianes 1A,2023-10-16T18:52:39.097Z,38.986084,-0.534517,954
21,Corts Valencianes 2A,Corts Valencianes 2B,2023-10-16T18:52:39.097Z,38.986084,-0.534517,061
22,Corts Valencianes 2B,Reina,2023-10-16T18:52:39.097Z,38.987684,-0.53061,696
23,PalasietA,Aben FerriA,2023-10-16T18:52:39.097Z,38.985489,-0.534157,877
24,Argenteria,Aben FerriA,2023-10-16T18:52:39.097Z,38.985489,-0.534157,950
25,9 OctubreA,9 OctubreB,2023-10-16T18:52:39.097Z,38.987144,-0.535236,978
26,9 OctubreB,Reina,2023-10-16T18:52:39.097Z,38.987684,-0.53061,308
27,Abu Masaifa,Ausias MarchB,2023-10-16T18:52:39.097Z,38.987684,-0.53061,413
28,Ausias MarchA,Corts Valencianes 2A,2023-10-16T18:52:39.097Z,38.987684,-0.53061,474
29,Beata InesA,Argenteria,2023-10-16T18:52:39.097Z,38.987684,-0.53061,200
30,Reina,Albereda 1,2023-10-16T18:52:39.097Z,38.989955,-0.523503,969
31,Baixada estacio 1,Abu Masaifa,2023-10-16T18:52:39.097Z,38.991213,-0.523787,698
32,Baixada estacio 2,Republica Argentina,2023-10-16T18:52:39.097Z,38.989955,-0.523503,706
33,Albereda 2,N-340B,2023-10-16T18:52:39.097Z,38.990742,-0.513,011
34,Carme 2,Albereda 2,2023-10-16T18:52:39.097Z,38.990122,-0.519633,994
35,Cosmografo,Maulets,2023-10-16T18:52:39.097Z,38.991249,-0.518678,997
36,Maulets,N-340B,2023-10-16T18:52:39.097Z,38.992357,-0.519858,083
37,Republica Argentina,Academic Maravall,2023-10-16T18:52:39.097Z,38.99105,-0.519778,False
38,Corts Valencianes 1A,Corts Valencianes 1B,2023-10-16T18:52:49.097Z,38.985252,-0.537441,647
39,Corts Valencianes 2A,Aben FerriB,2023-10-16T18:52:49.097Z,38.986084,-0.534517,977
40,Corts Valencianes 2B,Argenteria,2023-10-16T18:52:49.097Z,38.987684,-0.53061,386
41,PalasietB,Corts Valencianes 1B,2023-10-16T18:52:49.097Z,38.985252,-0.537441,032
42,Ausias MarchA,Ausias MarchB,2023-10-16T18:52:49.097Z,38.987684,-0.53061,709
43,Reina,Republica Argentina,2023-10-16T18:52:49.097Z,38.989955,-0.523503,966
44,Carme 2,Albereda 2,2023-10-16T18:52:49.097Z,38.990122,-0.519633,919
45,Cosmografo,Maulets,2023-10-16T18:52:49.097Z,38.991249,-0.518678,False
46,Maulets,Ximen ToviaA,2023-10-16T18:52:49.097Z,38.992357,-0.519858,454
47,N-340B,N-340A,2023-10-16T18:52:49.097Z,0.0,0.0,771
48,Corts Valencianes 1A,CV-645B,2023-10-16T18:52:59.097Z,38.985252,-0.537441,XXX
49,Corts Valencianes 1B,Aben FerriB,2023-10-16T18:52:59.097Z,38.986084,-0.534517,647
50,Corts Valencianes 2A,Aben FerriB,2023-10-16T18:52:59.097Z,38.986084,-0.534517,063
51,PalasietB,Corts Valencianes 1B,2023-10-16T18:52:59.097Z,38.985252,-0.537441,597
52,Aben FerriA,Alfons MagnanimB,2023-10-16T18:52:59.097Z,38.986084,-0.534517,677
53,Aben FerriB,PalasietB,2023-10-16T18:52:59.097Z,38.985489,-0.534157,977
54,Argenteria,Aben FerriA,2023-10-16T18:52:59.097Z,38.985489,-0.534157,545
55,9 OctubreA,9 OctubreB,2023-10-16T18:52:59.097Z,38.987144,-0.535236,969
56,9 OctubreB,Corts Valencianes 2A,2023-10-16T18:52:59.097Z,38.987684,-0.53061,355
57,Ausias MarchA,9 OctubreA,2023-10-16T18:52:59.097Z,38.987684,-0.53061,086
58,Beata InesA,Ausias MarchB,2023-10-16T18:52:59.097Z,38.987684,-0.53061,271
59,Reina,Republica Argentina,2023-10-16T18:52:59.097Z,38.989955,-0.523503,441
60,Ximen ToviaA,Ausias MarchA,2023-10-16T18:52:59.097Z,38.991913,-0.524291,126
61,Ximen ToviaB,Carme 1,2023-10-16T18:52:59.097Z,38.992357,-0.519858,839
62,Albereda 2,Cosmografo,2023-10-16T18:52:59.097Z,38.990742,-0.513,271
63,Maulets,Ximen ToviaA,2023-10-16T18:52:59.097Z,38.992357,-0.519858,469
64,N-340A,Carme 1,2023-10-16T18:52:59.097Z,38.992357,-0.519858,720
65,Republica Argentina,Academic Maravall,2023-10-16T18:52:59.097Z,38.99105,-0.519778,629
66,CV-645B,Beata InesA,2023-10-16T18:53:09.097Z,0.0,0.0,332
67,Corts Valencianes 1A,CV-645B,2023-10-16T18:53:09.097Z,38.985252,-0.537441,999
68,Corts Valencianes 1B,Corts Valencianes 1A,2023-10-16T18:53:09.097Z,38.986084,-0.534517,032
69,Corts Valencianes 2A,Alfons MagnanimB,2023-10-16T18:53:09.097Z,38.986084,-0.534517,415
70,Corts Valencianes 2B,Reina,2023-10-16T18:53:09.097Z,38.987684,-0.53061,712
71,Aben FerriA,Alfons MagnanimB,2023-10-16T18:53:09.097Z,38.986084,-0.534517,096
72,Aben FerriB,Aben FerriA,2023-10-16T18:53:09.097Z,38.985489,-0.534157,647
73,9 OctubreB,Argenteria,2023-10-16T18:53:09.097Z,38.987684,-0.53061,432
74,Abu Masaifa,Reina,2023-10-16T18:53:09.097Z,38.987684,-0.53061,019
75,Ximen ToviaA,Ausias MarchA,2023-10-16T18:53:09.097Z,38.991913,-0.524291,945
76,Ximen ToviaB,Ximen ToviaA,2023-10-16T18:53:09.097Z,38.992357,-0.519858,249
77,Albereda 2,Cosmografo,2023-10-16T18:53:09.097Z,38.990742,-0.513,976
78,N-340A,Carme 1,2023-10-16T18:53:09.097Z,38.992357,-0.519858,997
79,CV-645B,CV-645A,2023-10-16T18:53:19.097Z,0.0,0.0,892
80,Corts Valencianes 1A,PalasietA,2023-10-16T18:53:19.097Z,38.985252,-0.537441,627
81,Corts Valencianes 2A,Aben FerriB,2023-10-16T18:53:19.097Z,38.986084,-0.534517,996
82,Corts Valencianes 2B,Reina,2023-10-16T18:53:19.097Z,38.987684,-0.53061,070
83,PalasietB,PalasietA,2023-10-16T18:53:19.097Z,38.985252,-0.537441,097
84,Alfons MagnanimB,Alfons MagnanimA,2023-10-16T18:53:19.097Z,38.987144,-0.535236,677
85,Aben FerriA,Corts Valencianes 1A,2023-10-16T18:53:19.097Z,38.986084,-0.534517,525
86,9 OctubreA,Alfons MagnanimA,2023-10-16T18:53:19.097Z,38.987144,-0.535236,086
87,Abu Masaifa,9 OctubreA,2023-10-16T18:53:19.097Z,38.987684,-0.53061,949
88,Ausias MarchA,Beata InesB,2023-10-16T18:53:19.097Z,38.987684,-0.53061,126
89,Beata InesB,Beata InesA,2023-10-16T18:53:19.097Z,0.0,0.0,399
90,Ximen ToviaB,N-340B,2023-10-16T18:53:19.097Z,38.992357,-0.519858,False
91,Albereda 1,Albereda 2,2023-10-16T18:53:19.097Z,38.990122,-0.519633,635
92,Albereda 2,N-340B,2023-10-16T18:53:19.097Z,38.990742,-0.513,529
93,Carme 1,Carme 2,2023-10-16T18:53:19.097Z,38.99105,-0.519778,839
94,Carme 2,Albereda 2,2023-10-16T18:53:19.097Z,38.990122,-0.519633,699
95,N-340A,Gregorio Molina,2023-10-16T18:53:19.097Z,38.992357,-0.519858,732
96,CV-645B,CV-645A,2023-10-16T18:53:29.097Z,0.0,0.0,False
97,Corts Valencianes 1A,CV-645B,2023-10-16T18:53:29.097Z,38.985252,-0.537441,032
98,Corts Valencianes 1B,Corts Valencianes 2B,2023-10-16T18:53:29.097Z,38.986084,-0.534517,997
99,Corts Valencianes 2B,Argenteria,2023-10-16T18:53:29.097Z,38.987684,-0.53061,False
100,PalasietB,PalasietA,2023-10-16T18:53:29.097Z,38.985252,-0.537441,197
101,Alfons MagnanimA,Corts Valencianes 2B,2023-10-16T18:53:29.097Z,38.986084,-0.534517,877
102,Alfons MagnanimB,9 OctubreB,2023-10-16T18:53:29.097Z,38.987144,-0.535236,479
103,Aben FerriA,Corts Valencianes 2B,2023-10-16T18:53:29.097Z,38.986084,-0.534517,647
104,Aben FerriB,PalasietB,2023-10-16T18:53:29.097Z,38.985489,-0.534157,933
105,Argenteria,Aben FerriA,2023-10-16T18:53:29.097Z,38.985489,-0.534157,356
106,9 OctubreB,Reina,2023-10-16T18:53:29.097Z,38.987684,-0.53061,970
107,Reina,Albereda 1,2023-10-16T18:53:29.097Z,38.989955,-0.523503,817
108,Ximen ToviaB,Ximen ToviaA,2023-10-16T18:53:29.097Z,38.992357,-0.519858,050
109,Albereda 1,Albereda 2,2023-10-16T18:53:29.097Z,38.990122,-0.519633,688
110,Carme 1,Carme 2,2023-10-16T18:53:29.097Z,38.99105,-0.519778,False
111,Carme 2,Albereda 2,2023-10-16T18:53:29.097Z,38.990122,-0.519633,266
112,Cosmografo,Maulets,2023-10-16T18:53:29.097Z,38.991249,-0.518678,724
113,N-340B,Beata InesA,2023-10-16T18:53:29.097Z,0.0,0.0,490
114,Republica Argentina,Carme 2,2023-10-16T18:53:29.097Z,38.99105,-0.519778,139
115,CV-645B,CV-645A,2023-10-16T18:53:39.097Z,0.0,0.0,066
116,Corts Valencianes 1A,CV-645B,2023-10-16T18:53:39.097Z,38.985252,-0.537441,545
117,PalasietB,Corts Valencianes 1B,2023-10-16T18:53:39.097Z,38.985252,-0.537441,660
118,Alfons MagnanimA,Aben FerriB,2023-10-16T18:53:39.097Z,38.986084,-0.534517,086
119,Alfons MagnanimB,Alfons MagnanimA,2023-10-16T18:53:39.097Z,38.987144,-0.535236,056
120,Aben FerriA,Aben FerriB,2023-10-16T18:53:39.097Z,38.986084,-0.534517,356
121,Aben FerriB,Aben FerriA,2023-10-16T18:53:39.097Z,38.985489,-0.534157,355
122,Argenteria,PalasietB,2023-10-16T18:53:39.097Z,38.985489,-0.534157,432
123,9 OctubreB,Beata InesB,2023-10-16T18:53:39.097Z,38.987684,-0.53061,631
124,Abu Masaifa,Beata InesB,2023-10-16T18:53:39.097Z,38.987684,-0.53061,747
125,Beata InesA,Corts Valencianes 2A,2023-10-16T18:53:39.097Z,38.987684,-0.53061,337
126,Ximen ToviaB,N-340B,2023-10-16T18:53:39.097Z,38.992357,-0.519858,844
127,Baixada estacio 2,Republica Argentina,2023-10-16T18:53:39.097Z,38.989955,-0.523503,670
128,Albereda 2,Cosmografo,2023-10-16T18:53:39.097Z,38.990742,-0.513,987
129,Carme 1,Academic Maravall,2023-10-16T18:53:39.097Z,38.99105,-0.519778,697
130,Republica Argentina,Academic Maravall,2023-10-16T18:53:39.097Z,38.99105,-0.519778,028
131,Corts Valencianes 1B,Corts Valencianes 2B,2023-10-16T18:53:49.097Z,38.986084,-0.534517,660
132,Corts Valencianes 2B,Ausias MarchB,2023-10-16T18:53:49.097Z,38.987684,-0.53061,061
133,PalasietA,Aben FerriA,2023-10-16T18:53:49.097Z,38.985489,-0.534157,954
134,Aben FerriA,Corts Valencianes 2B,2023-10-16T18:53:49.097Z,38.986084,-0.534517,355
135,9 OctubreB,Beata InesB,2023-10-16T18:53:49.097Z,38.987684,-0.53061,473
136,Abu Masaifa,Beata InesB,2023-10-16T18:53:49.097Z,38.987684,-0.53061,084
137,Ausias MarchA,Ausias MarchB,2023-10-16T18:53:49.097Z,38.987684,-0.53061,945
138,Beata InesA,Argenteria,2023-10-16T18:53:49.097Z,38.987684,-0.53061,777
139,Beata InesB,Beata InesA,2023-10-16T18:53:49.097Z,0.0,0.0,339
140,Ximen ToviaB,Gregorio Molina,2023-10-16T18:53:49.097Z,38.992357,-0.519858,609
141,Baixada estacio 1,Abu Masaifa,2023-10-16T18:53:49.097Z,38.991213,-0.523787,448
142,Cosmografo,Maulets,2023-10-16T18:53:49.097Z,38.991249,-0.518678,719
143,N-340B,CV-645A,2023-10-16T18:53:49.097Z,0.0,0.0,False
144,Corts Valencianes 2A,Alfons MagnanimB,2023-10-16T18:53:59.097Z,38.986084,-0.534517,337
145,PalasietB,Corts Valencianes 1B,2023-10-16T18:53:59.097Z,38.985252,-0.537441,364
146,Alfons MagnanimA,Aben FerriB,2023-10-16T18:53:59.097Z,38.986084,-0.534517,056
147,Aben FerriA,Corts Valencianes 2B,2023-10-16T18:53:59.097Z,38.986084,-0.534517,994
148,Argenteria,PalasietB,2023-10-16T18:53:59.097Z,38.985489,-0.534157,edi
149,Abu Masaifa,Beata InesB,2023-10-16T18:53:59.097Z,38.987684,-0.53061,910
150,Beata InesA,Ausias MarchB,2023-10-16T18:53:59.097Z,38.987684,-0.53061,450
151,Beata InesB,Beata InesA,2023-10-16T18:53:59.097Z,0.0,0.0,969
152,Ximen ToviaA,Ausias MarchA,2023-10-16T18:53:59.097Z,38.991913,-0.524291,860
153,Ximen ToviaB,N-340B,2023-10-16T18:53:59.097Z,38.992357,-0.519858,589
154,Maulets,N-340B,2023-10-16T18:53:59.097Z,38.992357,-0.519858,123
155,N-340B,CV-645A,2023-10-16T18:53:59.097Z,0.0,0.0,799
156,CV-645A,Corts Valencianes 1B,2023-10-16T18:54:09.097Z,38.985252,-0.537441,892
157,CV-645B,Beata InesA,2023-10-16T18:54:09.097Z,0.0,0.0,769
158,Alfons MagnanimB,9 OctubreB,2023-10-16T18:54:09.097Z,38.987144,-0.535236,332
159,Aben FerriB,Aben FerriA,2023-10-16T18:54:09.097Z,38.985489,-0.534157,086
160,Argenteria,PalasietB,2023-10-16T18:54:09.097Z,38.985489,-0.534157,False
161,9 OctubreA,Alfons MagnanimA,2023-10-16T18:54:09.097Z,38.987144,-0.535236,False
162,Abu Masaifa,Ausias MarchB,2023-10-16T18:54:09.097Z,38.987684,-0.53061,699
163,Beata InesA,Ausias MarchB,2023-10-16T18:54:09.097Z,38.987684,-0.53061,339
164,Ximen ToviaA,Baixada estacio 1,2023-10-16T18:54:09.097Z,38.991913,-0.524291,249
165,Cosmografo,Maulets,2023-10-16T18:54:09.097Z,38.991249,-0.518678,False
166,N-340B,N-340A,2023-10-16T18:54:09.097Z,0.0,0.0,971
167,Corts Valencianes 1B,Corts Valencianes 1A,2023-10-16T18:54:19.097Z,38.986084,-0.534517,336
168,PalasietB,CV-645B,2023-10-16T18:54:19.097Z,38.985252,-0.537441,196
169,Alfons MagnanimA,Corts Valencianes 1A,2023-10-16T18:54:19.097Z,38.986084,-0.534517,891
170,Aben FerriA,Alfons MagnanimB,2023-10-16T18:54:19.097Z,38.986084,-0.534517,086
171,Argenteria,PalasietB,2023-10-16T18:54:19.097Z,38.985489,-0.534157,False
172,Abu Masaifa,Ausias MarchB,2023-10-16T18:54:19.097Z,38.987684,-0.53061,448
173,Ausias MarchB,Ausias MarchA,2023-10-16T18:54:19.097Z,38.991913,-0.524291,195
174,Beata InesA,Ausias MarchB,2023-10-16T18:54:19.097Z,38.987684,-0.53061,False
175,Ximen ToviaA,Baixada estacio 1,2023-10-16T18:54:19.097Z,38.991913,-0.524291,090
176,Ximen ToviaB,Carme 1,2023-10-16T18:54:19.097Z,38.992357,-0.519858,716
177,Baixada estacio 1,Abu Masaifa,2023-10-16T18:54:19.097Z,38.991213,-0.523787,749
178,Corts Valencianes 1B,Corts Valencianes 2B,2023-10-16T18:54:29.097Z,38.986084,-0.534517,892
179,Corts Valencianes 2B,Corts Valencianes 2A,2023-10-16T18:54:29.097Z,38.987684,-0.53061,597
180,PalasietA,Aben FerriA,2023-10-16T18:54:29.097Z,38.985489,-0.534157,669
181,PalasietB,Corts Valencianes 1B,2023-10-16T18:54:29.097Z,38.985252,-0.537441,169
182,Alfons MagnanimB,9 OctubreB,2023-10-16T18:54:29.097Z,38.987144,-0.535236,086
183,Ausias MarchB,Ximen ToviaB,2023-10-16T18:54:29.097Z,38.991913,-0.524291,946
184,Beata InesA,Argenteria,2023-10-16T18:54:29.097Z,38.987684,-0.53061,769
185,Albereda 2,N-340B,2023-10-16T18:54:29.097Z,38.990742,-0.513,724
186,Carme 1,Academic Maravall,2023-10-16T18:54:29.097Z,38.99105,-0.519778,718
187,Maulets,N-340B,2023-10-16T18:54:29.097Z,38.992357,-0.519858,451
188,Aben FerriA,Corts Valencianes 2B,2023-10-16T18:54:39.097Z,38.986084,-0.534517,870
189,Aben FerriB,Aben FerriA,2023-10-16T18:54:39.097Z,38.985489,-0.534157,837
190,Argenteria,Aben FerriA,2023-10-16T18:54:39.097Z,38.985489,-0.534157,False
191,9 OctubreB,9 OctubreA,2023-10-16T18:54:39.097Z,38.987684,-0.53061,816
192,Ausias MarchB,Baixada estacio 1,2023-10-16T18:54:39.097Z,38.991913,-0.524291,971
193,Beata InesB,Beata InesB,2023-10-16T18:54:39.097Z,0.0,0.0,803
194,Ximen ToviaB,Carme 1,2023-10-16T18:54:39.097Z,38.992357,-0.519858,598
195,Baixada estacio 1,Abu Masaifa,2023-10-16T18:54:39.097Z,38.991213,-0.523787,090
196,CV-645A,Corts Valencianes 1B,2023-10-16T18:54:49.097Z,38.985252,-0.537441,686
197,Corts Valencianes 1B,Corts Valencianes 1A,2023-10-16T18:54:49.097Z,38.986084,-0.534517,169
198,Corts Valencianes 2B,9 OctubreA,2023-10-16T18:54:49.097Z,38.987684,-0.53061,677
199,PalasietA,PalasietB,2023-10-16T18:54:49.097Z,38.985489,-0.534157,963
200,Ausias MarchB,Ximen ToviaB,2023-10-16T18:54:49.097Z,38.991913,-0.524291,413
201,Beata InesB,N-340A,2023-10-16T18:54:49.097Z,0.0,0.0,945
202,Ximen ToviaB,Carme 1,2023-10-16T18:54:49.097Z,38.992357,-0.519858,False
203,Baixada estacio 1,Baixada estacio 2,2023-10-16T18:54:49.097Z,38.991213,-0.523787,dwl
204,Maulets,N-340B,2023-10-16T18:54:49.097Z,38.992357,-0.519858,False
205,N-340B,N-340A,2023-10-16T18:54:49.097Z,0.0,0.0,876
206,Corts Valencianes 1A,PalasietA,2023-10-16T18:54:59.097Z,38.985252,-0.537441,443
207,Corts Valencianes 2A,Corts Valencianes 1A,2023-10-16T18:54:59.097Z,38.986084,-0.534517,597
208,PalasietB,Corts Valencianes 1B,2023-10-16T18:54:59.097Z,38.985252,-0.537441,543
209,Aben FerriB,PalasietB,2023-10-16T18:54:59.097Z,38.985489,-0.534157,096
210,Ausias MarchB,Ximen ToviaB,2023-10-16T18:54:59.097Z,38.991913,-0.524291,679
211,Carme 1,Academic Maravall,2023-10-16T18:54:59.097Z,38.99105,-0.519778,637
212,Maulets,Carme 1,2023-10-16T18:54:59.097Z,38.992357,-0.519858,801
213,N-340B,N-340A,2023-10-16T18:54:59.097Z,0.0,0.0,316
214,CV-645A,Corts Valencianes 1B,2023-10-16T18:55:09.097Z,38.985252,-0.537441,946
215,CV-645B,Beata InesA,2023-10-16T18:55:09.097Z,0.0,0.0,836
216,Corts Valencianes 1B,Alfons MagnanimB,2023-10-16T18:55:09.097Z,38.986084,-0.534517,False
217,PalasietA,Aben FerriA,2023-10-16T18:55:09.097Z,38.985489,-0.534157,443
218,PalasietB,CV-645B,2023-10-16T18:55:09.097Z,38.985252,-0.537441,False
219,Aben FerriA,Alfons MagnanimB,2023-10-16T18:55:09.097Z,38.986084,-0.534517,837
220,Argenteria,Aben FerriA,2023-10-16T18:55:09.097Z,38.985489,-0.534157,735
221,Ausias MarchB,Ausias MarchA,2023-10-16T18:55:09.097Z,38.991913,-0.524291,False
222,Beata InesB,N-340A,2023-10-16T18:55:09.097Z,0.0,0.0,084
223,Ximen ToviaB,N-340B,2023-10-16T18:55:09.097Z,38.992357,-0.519858,808
224,Albereda 2,N-340B,2023-10-16T18:55:09.097Z,38.990742,-0.513,333
225,Carme 1,Academic Maravall,2023-10-16T18:55:09.097Z,38.99105,-0.519778,False
226,Maulets,N-340B,2023-10-16T18:55:09.097Z,38.992357,-0.519858,109
227,N-340B,N-340A,2023-10-16T18:55:09.097Z,0.0,0.0,994
228,CV-645A,Corts Valencianes 1B,2023-10-16T18:55:19.097Z,38.985252,-0.537441,False
229,Corts Valencianes 1A,CV-645B,2023-10-16T18:55:19.097Z,38.985252,-0.537441,597
230,Corts Valencianes 1B,Corts Valencianes 2B,2023-10-16T18:55:19.097Z,38.986084,-0.534517,887
231,Corts Valencianes 2B,Ausias MarchB,2023-10-16T18:55:19.097Z,38.987684,-0.53061,660
232,PalasietB,Corts Valencianes 1B,2023-10-16T18:55:19.097Z,38.985252,-0.537441,False
233,Alfons MagnanimB,Alfons MagnanimA,2023-10-16T18:55:19.097Z,38.987144,-0.535236,False
234,Aben FerriA,Corts Valencianes 1A,2023-10-16T18:55:19.097Z,38.986084,-0.534517,False
235,9 OctubreA,Alfons MagnanimA,2023-10-16T18:55:19.097Z,38.987144,-0.535236,332
236,Abu Masaifa,Corts Valencianes 2A,2023-10-16T18:55:19.097Z,38.987684,-0.53061,749
237,Ausias MarchA,9 OctubreA,2023-10-16T18:55:19.097Z,38.987684,-0.53061,866
238,Ausias MarchB,Baixada estacio 1,2023-10-16T18:55:19.097Z,38.991913,-0.524291,077
239,Beata InesB,CV-645A,2023-10-16T18:55:19.097Z,0.0,0.0,473
240,Reina,Republica Argentina,2023-10-16T18:55:19.097Z,38.989955,-0.523503,710
241,Ximen ToviaB,Ximen ToviaA,2023-10-16T18:55:19.097Z,38.992357,-0.519858,807
242,Carme 1,Academic Maravall,2023-10-16T18:55:19.097Z,38.99105,-0.519778,801
243,Carme 2,Albereda 2,2023-10-16T18:55:19.097Z,38.990122,-0.519633,454
244,Maulets,Maulets,2023-10-16T18:55:19.097Z,38.992357,-0.519858,964
245,N-340B,N-340B,2023-10-16T18:55:19.097Z,0.0,0.0,252
246,CV-645A,Corts Valencianes 1B,2023-10-16T18:55:29.097Z,38.985252,-0.537441,799
247,CV-645B,N-340A,2023-10-16T18:55:29.097Z,0.0,0.0,483
248,Corts Valencianes 1B,Corts Valencianes 1A,2023-10-16T18:55:29.097Z,38.986084,-0.534517,543
249,Corts Valencianes 2B,Ausias MarchB,2023-10-16T18:55:29.097Z,38.987684,-0.53061,996
250,PalasietB,PalasietA,2023-10-16T18:55:29.097Z,38.985252,-0.537441,878
251,Alfons MagnanimB,Alfons MagnanimA,2023-10-16T18:55:29.097Z,38.987144,-0.535236,837
252,9 OctubreA,9 OctubreB,2023-10-16T18:55:29.097Z,38.987144,-0.535236,677
253,Beata InesB,N-340A,2023-10-16T18:55:29.097Z,0.0,0.0,685
254,Reina,Albereda 1,2023-10-16T18:55:29.097Z,38.989955,-0.523503,900
255,Ximen ToviaB,Ximen ToviaA,2023-10-16T18:55:29.097Z,38.992357,-0.519858,413
256,Baixada estacio 1,Abu Masaifa,2023-10-16T18:55:29.097Z,38.991213,-0.523787,061
257,Baixada estacio 2,Republica Argentina,2023-10-16T18:55:29.097Z,38.989955,-0.523503,177
258,CV-645A,Corts Valencianes 1B,2023-10-16T18:55:39.097Z,38.985252,-0.537441,474
259,Corts Valencianes 1A,PalasietA,2023-10-16T18:55:39.097Z,38.985252,-0.537441,399
260,Corts Valencianes 2B,Beata InesB,2023-10-16T18:55:39.097Z,38.987684,-0.53061,994
261,PalasietB,PalasietA,2023-10-16T18:55:39.097Z,38.985252,-0.537441,528
262,Alfons MagnanimA,Corts Valencianes 2B,2023-10-16T18:55:39.097Z,38.986084,-0.534517,False
263,Aben FerriA,Corts Valencianes 2B,2023-10-16T18:55:39.097Z,38.986084,-0.534517,443
264,Ausias MarchB,Baixada estacio 1,2023-10-16T18:55:39.097Z,38.991913,-0.524291,False
265,Beata InesB,CV-645A,2023-10-16T18:55:39.097Z,0.0,0.0,269
266,Reina,Republica Argentina,2023-10-16T18:55:39.097Z,38.989955,-0.523503,970
267,Ximen ToviaA,Ausias MarchA,2023-10-16T18:55:39.097Z,38.991913,-0.524291,807
268,Academic Maravall,Maulets,2023-10-16T18:55:39.097Z,38.991249,-0.518678,677
269,Maulets,Ximen ToviaA,2023-10-16T18:55:39.097Z,38.992357,-0.519858,971
270,CV-645B,CV-645B,2023-10-16T18:55:49.097Z,0.0,0.0,929
271,Corts Valencianes 1B,Corts Valencianes 1A,2023-10-16T18:55:49.097Z,38.986084,-0.534517,946
272,Corts Valencianes 2A,Corts Valencianes 2B,2023-10-16T18:55:49.097Z,38.986084,-0.534517,749
273,Corts Valencianes 2B,Ausias MarchB,2023-10-16T18:55:49.097Z,38.987684,-0.53061,268
274,PalasietA,Aben FerriA,2023-10-16T18:55:49.097Z,38.985489,-0.534157,878
275,PalasietB,Corts Valencianes 1B,2023-10-16T18:55:49.097Z,38.985252,-0.537441,719
276,Alfons MagnanimA,Corts Valencianes 1A,2023-10-16T18:55:49.097Z,38.986084,-0.534517,487
277,Ausias MarchB,Ausias MarchA,2023-10-16T18:55:49.097Z,38.991913,-0.524291,698
278,Reina,Republica Argentina,2023-10-16T18:55:49.097Z,38.989955,-0.523503,752
279,Baixada estacio 1,Baixada estacio 2,2023-10-16T18:55:49.097Z,38.991213,-0.523787,False
280,Academic Maravall,Maulets,2023-10-16T18:55:49.097Z,38.991249,-0.518678,820
281,Maulets,Ximen ToviaA,2023-10-16T18:55:49.097Z,38.992357,-0.519858,193
282,Republica Argentina,Carme 2,2023-10-16T18:55:49.097Z,38.99105,-0.519778,False
283,CV-645A,Corts Valencianes 1B,2023-10-16T18:55:59.097Z,38.985252,-0.537441,269
284,CV-645B,N-340A,2023-10-16T18:55:59.097Z,0.0,0.0,043
285,Corts Valencianes 1B,Aben FerriB,2023-10-16T18:55:59.097Z,38.986084,-0.534517,False
286,Corts Valencianes 2B,9 OctubreA,2023-10-16T18:55:59.097Z,38.987684,-0.53061,870
287,PalasietA,PalasietB,2023-10-16T18:55:59.097Z,38.985489,-0.534157,661
288,PalasietB,PalasietA,2023-10-16T18:55:59.097Z,38.985252,-0.537441,923
289,Alfons MagnanimA,Corts Valencianes 1A,2023-10-16T18:55:59.097Z,38.986084,-0.534517,837
290,Aben FerriA,Corts Valencianes 2B,2023-10-16T18:55:59.097Z,38.986084,-0.534517,878
291,9 OctubreA,Alfons MagnanimA,2023-10-16T18:55:59.097Z,38.987144,-0.535236,866
292,Abu Masaifa,Argenteria,2023-10-16T18:55:59.097Z,38.987684,-0.53061,090
293,Reina,Republica Argentina,2023-10-16T18:55:59.097Z,38.989955,-0.523503,False
294,Ximen ToviaB,N-340B,2023-10-16T18:55:59.097Z,38.992357,-0.519858,709
295,Carme 2,Albereda 2,2023-10-16T18:55:59.097Z,38.990122,-0.519633,889
296,Maulets,N-340B,2023-10-16T18:55:59.097Z,38.992357,-0.519858,098
297,Republica Argentina,Academic Maravall,2023-10-16T18:55:59.097Z,38.99105,-0.519778,763
298,CV-645B,Beata InesA,2023-10-16T18:56:09.097Z,0.0,0.0,803
299,Corts Valencianes 1A,PalasietA,2023-10-16T18:56:09.097Z,38.985252,-0.537441,543
300,Corts Valencianes 1B,Alfons MagnanimB,2023-10-16T18:56:09.097Z,38.986084,-0.534517,False
301,Aben FerriA,Corts Valencianes 1A,2023-10-16T18:56:09.097Z,38.986084,-0.534517,719
302,Aben FerriB,Aben FerriA,2023-10-16T18:56:09.097Z,38.985489,-0.534157,False
303,9 OctubreA,9 OctubreB,2023-10-16T18:56:09.097Z,38.987144,-0.535236,870
304,Ausias MarchA,Reina,2023-10-16T18:56:09.097Z,38.987684,-0.53061,False
305,Academic Maravall,Maulets,2023-10-16T18:56:09.097Z,38.991249,-0.518678,122
306,Republica Argentina,Academic Maravall,2023-10-16T18:56:09.097Z,38.99105,-0.519778,940
307,CV-645B,Beata InesA,2023-10-16T18:56:19.097Z,0.0,0.0,638
308,Corts Valencianes 1A,PalasietA,2023-10-16T18:56:19.097Z,38.985252,-0.537441,946
309,Corts Valencianes 1B,Corts Valencianes 2B,2023-10-16T18:56:19.097Z,38.986084,-0.534517,799
310,Corts Valencianes 2B,Ausias MarchB,2023-10-16T18:56:19.097Z,38.987684,-0.53061,647
311,PalasietA,Aben FerriA,2023-10-16T18:56:19.097Z,38.985489,-0.534157,929
312,Alfons MagnanimB,Alfons MagnanimA,2023-10-16T18:56:19.097Z,38.987144,-0.535236,False
313,Aben FerriB,PalasietB,2023-10-16T18:56:19.097Z,38.985489,-0.534157,502
314,Abu Masaifa,Reina,2023-10-16T18:56:19.097Z,38.987684,-0.53061,061
315,Ausias MarchA,9 OctubreA,2023-10-16T18:56:19.097Z,38.987684,-0.53061,807
316,Ausias MarchB,Ximen ToviaB,2023-10-16T18:56:19.097Z,38.991913,-0.524291,448
317,Beata InesA,9 OctubreA,2023-10-16T18:56:19.097Z,38.987684,-0.53061,484
318,Ximen ToviaA,Ausias MarchA,2023-10-16T18:56:19.097Z,38.991913,-0.524291,717
319,Maulets,N-340B,2023-10-16T18:56:19.097Z,38.992357,-0.519858,412
320,Corts Valencianes 1B,Aben FerriB,2023-10-16T18:56:29.097Z,38.986084,-0.534517,474
321,PalasietB,Corts Valencianes 1B,2023-10-16T18:56:29.097Z,38.985252,-0.537441,False
322,Alfons MagnanimA,Corts Valencianes 1A,2023-10-16T18:56:29.097Z,38.986084,-0.534517,860
323,Aben FerriA,Corts Valencianes 1A,2023-10-16T18:56:29.097Z,38.986084,-0.534517,929
324,Ausias MarchA,9 OctubreA,2023-10-16T18:56:29.097Z,38.987684,-0.53061,691
325,Ximen ToviaA,Ausias MarchA,2023-10-16T18:56:29.097Z,38.991913,-0.524291,971
326,Carme 2,Albereda 2,2023-10-16T18:56:29.097Z,38.990122,-0.519633,982
327,Academic Maravall,Maulets,2023-10-16T18:56:29.097Z,38.991249,-0.518678,012
328,Republica Argentina,Carme 2,2023-10-16T18:56:29.097Z,38.99105,-0.519778,200
329,CV-645B,Beata InesA,2023-10-16T18:56:39.097Z,0.0,0.0,319
330,Corts Valencianes 1B,Corts Valencianes 2B,2023-10-16T18:56:39.097Z,38.986084,-0.534517,719
331,Corts Valencianes 2B,Argenteria,2023-10-16T18:56:39.097Z,38.987684,-0.53061,887
332,PalasietA,Aben FerriA,2023-10-16T18:56:39.097Z,38.985489,-0.534157,543
333,PalasietB,PalasietA,2023-10-16T18:56:39.097Z,38.985252,-0.537441,False
334,9 OctubreA,9 OctubreB,2023-10-16T18:56:39.097Z,38.987144,-0.535236,807
335,9 OctubreB,Reina,2023-10-16T18:56:39.097Z,38.987684,-0.53061,877
336,Beata InesA,Ausias MarchB,2023-10-16T18:56:39.097Z,38.987684,-0.53061,803
337,Ximen ToviaA,Ximen ToviaB,2023-10-16T18:56:39.097Z,38.991913,-0.524291,193
338,Albereda 2,N-340B,2023-10-16T18:56:39.097Z,38.990742,-0.513,969
339,Academic Maravall,Maulets,2023-10-16T18:56:39.097Z,38.991249,-0.518678,966
340,Maulets,N-340B,2023-10-16T18:56:39.097Z,38.992357,-0.519858,997
341,N-340B,N-340A,2023-10-16T18:56:39.097Z,0.0,0.0,912
342,Republica Argentina,Academic Maravall,2023-10-16T18:56:39.097Z,38.99105,-0.519778,False
343,CV-645B,Beata InesA,2023-10-16T18:56:49.097Z,0.0,0.0,497
344,Corts Valencianes 1A,PalasietA,2023-10-16T18:56:49.097Z,38.985252,-0.537441,816
345,Corts Valencianes 2B,9 OctubreA,2023-10-16T18:56:49.097Z,38.987684,-0.53061,False
346,PalasietB,CV-645B,2023-10-16T18:56:49.097Z,38.985252,-0.537441,364
347,Aben FerriB,Aben FerriA,2023-10-16T18:56:49.097Z,38.985489,-0.534157,479
348,9 OctubreB,Beata InesB,2023-10-16T18:56:49.097Z,38.987684,-0.53061,870
349,Ausias MarchB,Ausias MarchA,2023-10-16T18:56:49.097Z,38.991913,-0.524291,880
350,Beata InesA,Ausias MarchB,2023-10-16T18:56:49.097Z,38.987684,-0.53061,638
351,Beata InesB,Beata InesA,2023-10-16T18:56:49.097Z,0.0,0.0,954
352,Academic Maravall,Maulets,2023-10-16T18:56:49.097Z,38.991249,-0.518678,False
353,Republica Argentina,Academic Maravall,2023-10-16T18:56:49.097Z,38.99105,-0.519778,889
354,Corts Valencianes 1A,CV-645B,2023-10-16T18:56:59.097Z,38.985252,-0.537441,837
355,Corts Valencianes 1B,Alfons MagnanimB,2023-10-16T18:56:59.097Z,38.986084,-0.534517,126
356,Corts Valencianes 2B,Ausias MarchB,2023-10-16T18:56:59.097Z,38.987684,-0.53061,443
357,PalasietB,CV-645B,2023-10-16T18:56:59.097Z,38.985252,-0.537441,032
358,Alfons MagnanimA,Corts Valencianes 1A,2023-10-16T18:56:59.097Z,38.986084,-0.534517,False
359,Aben FerriA,Alfons MagnanimB,2023-10-16T18:56:59.097Z,38.986084,-0.534517,543
360,9 OctubreB,Reina,2023-10-16T18:56:59.097Z,38.987684,-0.53061,807
361,Ausias MarchA,Reina,2023-10-16T18:56:59.097Z,38.987684,-0.53061,413
362,Beata InesA,Corts Valencianes 2A,2023-10-16T18:56:59.097Z,38.987684,-0.53061,910
363,Academic Maravall,Maulets,2023-10-16T18:56:59.097Z,38.991249,-0.518678,False
364,Republica Argentina,Academic Maravall,2023-10-16T18:56:59.097Z,38.99105,-0.519778,False
365,CV-645B,CV-645B,2023-10-16T18:57:09.097Z,0.0,0.0,908
366,Corts Valencianes 1A,CV-645B,2023-10-16T18:57:09.097Z,38.985252,-0.537441,735
367,Corts Valencianes 1B,Alfons MagnanimB,2023-10-16T18:57:09.097Z,38.986084,-0.534517,666
368,PalasietA,Aben FerriA,2023-10-16T18:57:09.097Z,38.985489,-0.534157,948
369,PalasietB,CV-645B,2023-10-16T18:57:09.097Z,38.985252,-0.537441,769
370,Alfons MagnanimB,9 OctubreB,2023-10-16T18:57:09.097Z,38.987144,-0.535236,512
371,Aben FerriA,Corts Valencianes 2B,2023-10-16T18:57:09.097Z,38.986084,-0.534517,473
372,Argenteria,PalasietB,2023-10-16T18:57:09.097Z,38.985489,-0.534157,969
373,Ausias MarchB,Ximen ToviaB,2023-10-16T18:57:09.097Z,38.991913,-0.524291,892
374,Beata InesA,Argenteria,2023-10-16T18:57:09.097Z,38.987684,-0.53061,749
375,Ximen ToviaB,N-340B,2023-10-16T18:57:09.097Z,38.992357,-0.519858,969
376,Baixada estacio 2,Republica Argentina,2023-10-16T18:57:09.097Z,38.989955,-0.523503,False
377,Albereda 2,N-340B,2023-10-16T18:57:09.097Z,38.990742,-0.513,999
378,Academic Maravall,Maulets,2023-10-16T18:57:09.097Z,38.991249,-0.518678,099
379,Maulets,N-340B,2023-10-16T18:57:09.097Z,38.992357,-0.519858,False
380,N-340B,N-340B,2023-10-16T18:57:09.097Z,0.0,0.0,002
381,Republica Argentina,Carme 2,2023-10-16T18:57:09.097Z,38.99105,-0.519778,197
382,Corts Valencianes 1A,CV-645B,2023-10-16T18:57:19.097Z,38.985252,-0.537441,806
383,Corts Valencianes 2A,Corts Valencianes 1A,2023-10-16T18:57:19.097Z,38.986084,-0.534517,319
384,Corts Valencianes 2B,Beata InesB,2023-10-16T18:57:19.097Z,38.987684,-0.53061,969
385,PalasietB,CV-645B,2023-10-16T18:57:19.097Z,38.985252,-0.537441,False
386,Alfons MagnanimB,Alfons MagnanimA,2023-10-16T18:57:19.097Z,38.987144,-0.535236,543
387,Aben FerriA,Corts Valencianes 2B,2023-10-16T18:57:19.097Z,38.986084,-0.534517,False
388,Ausias MarchA,Ausias MarchB,2023-10-16T18:57:19.097Z,38.987684,-0.53061,971
389,Ausias MarchB,Ausias MarchA,2023-10-16T18:57:19.097Z,38.991913,-0.524291,945
390,Beata InesA,Corts Valencianes 2A,2023-10-16T18:57:19.097Z,38.987684,-0.53061,954
391,Beata InesB,CV-645A,2023-10-16T18:57:19.097Z,0.0,0.0,969
392,Academic Maravall,Maulets,2023-10-16T18:57:19.097Z,38.991249,-0.518678,False
393,Maulets,Ximen ToviaA,2023-10-16T18:57:19.097Z,38.992357,-0.519858,724
394,Republica Argentina,Academic Maravall,2023-10-16T18:57:19.097Z,38.99105,-0.519778,076
395,CV-645B,Beata InesA,2023-10-16T18:57:29.097Z,0.0,0.0,669
396,Corts Valencianes 2B,Beata InesB,2023-10-16T18:57:29.097Z,38.987684,-0.53061,883
397,PalasietB,PalasietA,2023-10-16T18:57:29.097Z,38.985252,-0.537441,911
398,Alfons MagnanimB,9 OctubreB,2023-10-16T18:57:29.097Z,38.987144,-0.535236,087
399,Argenteria,PalasietB,2023-10-16T18:57:29.097Z,38.985489,-0.534157,769
400,Academic Maravall,Maulets,2023-10-16T18:57:29.097Z,38.991249,-0.518678,819
401,Maulets,Gregorio Molina,2023-10-16T18:57:29.097Z,38.992357,-0.519858,273
402,N-340B,N-340A,2023-10-16T18:57:29.097Z,0.0,0.0,127
403,CV-645B,CV-645A,2023-10-16T18:57:39.097Z,0.0,0.0,679
404,Corts Valencianes 1A,Corts Valencianes 1B,2023-10-16T18:57:39.097Z,38.985252,-0.537441,923
405,PalasietA,Aben FerriA,2023-10-16T18:57:39.097Z,38.985489,-0.534157,157
406,PalasietB,Corts Valencianes 1B,2023-10-16T18:57:39.097Z,38.985252,-0.537441,402
407,Ausias MarchB,Ausias MarchA,2023-10-16T18:57:39.097Z,38.991913,-0.524291,647
408,Beata InesB,N-340A,2023-10-16T18:57:39.097Z,0.0,0.0,870
409,Ximen ToviaA,Ximen ToviaB,2023-10-16T18:57:39.097Z,38.991913,-0.524291,674
410,Academic Maravall,Maulets,2023-10-16T18:57:39.097Z,38.991249,-0.518678,337
411,Maulets,Gregorio Molina,2023-10-16T18:57:39.097Z,38.992357,-0.519858,False
412,N-340B,CV-645A,2023-10-16T18:57:39.097Z,0.0,0.0,170
413,Republica Argentina,Academic Maravall,2023-10-16T18:57:39.097Z,38.99105,-0.519778,711
414,CV-645A,Corts Valencianes 1B,2023-10-16T18:57:49.097Z,38.985252,-0.537441,631
415,Corts Valencianes 1A,CV-645B,2023-10-16T18:57:49.097Z,38.985252,-0.537441,545
416,Corts Valencianes 1B,Alfons MagnanimB,2023-10-16T18:57:49.097Z,38.986084,-0.534517,621
417,PalasietA,PalasietB,2023-10-16T18:57:49.097Z,38.985489,-0.534157,928
418,Ausias MarchA,Beata InesB,2023-10-16T18:57:49.097Z,38.987684,-0.53061,660
419,Ausias MarchB,Baixada estacio 1,2023-10-16T18:57:49.097Z,38.991913,-0.524291,803
420,Beata InesA,Corts Valencianes 2A,2023-10-16T18:57:49.097Z,38.987684,-0.53061,669
421,Academic Maravall,Maulets,2023-10-16T18:57:49.097Z,38.991249,-0.518678,605
422,N-340B,Beata InesA,2023-10-16T18:57:49.097Z,0.0,0.0,128
423,Corts Valencianes 1A,CV-645B,2023-10-16T18:57:59.097Z,38.985252,-0.537441,906
424,Corts Valencianes 2A,Aben FerriB,2023-10-16T18:57:59.097Z,38.986084,-0.534517,954
425,Corts Valencianes 2B,Argenteria,2023-10-16T18:57:59.097Z,38.987684,-0.53061,154
426,PalasietA,Aben FerriA,2023-10-16T18:57:59.097Z,38.985489,-0.534157,False
427,PalasietB,PalasietA,2023-10-16T18:57:59.097Z,38.985252,-0.537441,699
428,Alfons MagnanimB,Alfons MagnanimA,2023-10-16T18:57:59.097Z,38.987144,-0.535236,929
429,Aben FerriA,Corts Valencianes 2B,2023-10-16T18:57:59.097Z,38.986084,-0.534517,197
430,Cosmografo,Maulets,2023-10-16T18:57:59.097Z,38.991249,-0.518678,750
431,CV-645B,CV-645A,2023-10-16T18:58:09.097Z,0.0,0.0,460
432,Corts Valencianes 1A,PalasietA,2023-10-16T18:58:09.097Z,38.985252,-0.537441,019
433,Corts Valencianes 1B,Corts Valencianes 2B,2023-10-16T18:58:09.097Z,38.986084,-0.534517,631
434,Corts Valencianes 2B,Ausias MarchB,2023-10-16T18:58:09.097Z,38.987684,-0.53061,474
435,PalasietA,Aben FerriA,2023-10-16T18:58:09.097Z,38.985489,-0.534157,337
436,Aben FerriA,Corts Valencianes 2B,2023-10-16T18:58:09.097Z,38.986084,-0.534517,666
437,Ausias MarchA,9 OctubreA,2023-10-16T18:58:09.097Z,38.987684,-0.53061,945
438,Ausias MarchB,Ximen ToviaB,2023-10-16T18:58:09.097Z,38.991913,-0.524291,699
439,Beata InesA,Reina,2023-10-16T18:58:09.097Z,38.987684,-0.53061,128
440,Baixada estacio 1,Abu Masaifa,2023-10-16T18:58:09.097Z,38.991213,-0.523787,803
441,Academic Maravall,Maulets,2023-10-16T18:58:09.097Z,38.991249,-0.518678,849
442,CV-645B,Beata InesA,2023-10-16T18:58:19.097Z,0.0,0.0,390
443,Corts Valencianes 2A,Corts Valencianes 2B,2023-10-16T18:58:19.097Z,38.986084,-0.534517,669
444,PalasietB,Corts Valencianes 1B,2023-10-16T18:58:19.097Z,38.985252,-0.537441,444
445,Aben FerriA,Corts Valencianes 2B,2023-10-16T18:58:19.097Z,38.986084,-0.534517,487
446,9 OctubreA,Alfons MagnanimA,2023-10-16T18:58:19.097Z,38.987144,-0.535236,968
447,Ausias MarchA,Ausias MarchB,2023-10-16T18:58:19.097Z,38.987684,-0.53061,169
448,Ausias MarchB,Ximen ToviaB,2023-10-16T18:58:19.097Z,38.991913,-0.524291,638
449,N-340B,N-340A,2023-10-16T18:58:19.097Z,0.0,0.0,766
450,Republica Argentina,Academic Maravall,2023-10-16T18:58:19.097Z,38.99105,-0.519778,596
451,PalasietB,PalasietA,2023-10-16T18:58:29.097Z,38.985252,-0.537441,257
452,Argenteria,Aben FerriA,2023-10-16T18:58:29.097Z,38.985489,-0.534157,719
453,9 OctubreA,Alfons MagnanimA,2023-10-16T18:58:29.097Z,38.987144,-0.535236,698
454,Ausias MarchA,Argenteria,2023-10-16T18:58:29.097Z,38.987684,-0.53061,647
455,Academic Maravall,Maulets,2023-10-16T18:58:29.097Z,38.991249,-0.518678,820
456,CV-645B,CV-645A,2023-10-16T18:58:39.097Z,0.0,0.0,109
457,Corts Valencianes 1B,Corts Valencianes 2B,2023-10-16T18:58:39.097Z,38.986084,-0.534517,444
458,PalasietA,Aben FerriA,2023-10-16T18:58:39.097Z,38.985489,-0.534157,969
459,PalasietB,Corts Valencianes 1B,2023-10-16T18:58:39.097Z,38.985252,-0.537441,486
460,Alfons MagnanimA,Aben FerriB,2023-10-16T18:58:39.097Z,38.986084,-0.534517,896
461,Aben FerriA,Corts Valencianes 1A,2023-10-16T18:58:39.097Z,38.986084,-0.534517,719
462,Aben FerriB,Aben FerriA,2023-10-16T18:58:39.097Z,38.985489,-0.534157,063
463,Argenteria,PalasietB,2023-10-16T18:58:39.097Z,38.985489,-0.534157,647
464,Abu Masaifa,Argenteria,2023-10-16T18:58:39.097Z,38.987684,-0.53061,803
465,Ausias MarchB,Baixada estacio 1,2023-10-16T18:58:39.097Z,38.991913,-0.524291,916
466,Beata InesA,Argenteria,2023-10-16T18:58:39.097Z,38.987684,-0.53061,390
467,Academic Maravall,Maulets,2023-10-16T18:58:39.097Z,38.991249,-0.518678,118
468,Republica Argentina,Academic Maravall,2023-10-16T18:58:39.097Z,38.99105,-0.519778,907
469,Corts Valencianes 1B,Alfons MagnanimB,2023-10-16T18:58:49.097Z,38.986084,-0.534517,486
470,PalasietB,CV-645B,2023-10-16T18:58:49.097Z,38.985252,-0.537441,228
471,Aben FerriA,Alfons MagnanimB,2023-10-16T18:58:49.097Z,38.986084,-0.534517,716
472,Aben FerriB,Aben FerriA,2023-10-16T18:58:49.097Z,38.985489,-0.534157,484
473,9 OctubreA,9 OctubreB,2023-10-16T18:58:49.097Z,38.987144,-0.535236,945
474,Ausias MarchB,Ausias MarchA,2023-10-16T18:58:49.097Z,38.991913,-0.524291,415
475,Academic Maravall,Maulets,2023-10-16T18:58:49.097Z,38.991249,-0.518678,998
476,Republica Argentina,Academic Maravall,2023-10-16T18:58:49.097Z,38.99105,-0.519778,695
477,PalasietA,Aben FerriA,2023-10-16T18:58:59.097Z,38.985489,-0.534157,699
478,PalasietB,PalasietA,2023-10-16T18:58:59.097Z,38.985252,-0.537441,998
479,Aben FerriA,Corts Valencianes 1A,2023-10-16T18:58:59.097Z,38.986084,-0.534517,063
480,Ausias MarchB,Ximen ToviaB,2023-10-16T18:58:59.097Z,38.991913,-0.524291,195
481,Academic Maravall,Maulets,2023-10-16T18:58:59.097Z,38.991249,-0.518678,False
482,N-340B,N-340A,2023-10-16T18:58:59.097Z,0.0,0.0,724
483,Republica Argentina,Academic Maravall,2023-10-16T18:58:59.097Z,38.99105,-0.519778,080
484,CV-645A,PalasietA,2023-10-16T18:59:09.097Z,38.985252,-0.537441,334
485,CV-645B,N-340A,2023-10-16T18:59:09.097Z,0.0,0.0,899
486,Alfons MagnanimB,9 OctubreB,2023-10-16T18:59:09.097Z,38.987144,-0.535236,969
487,Aben FerriA,Corts Valencianes 1A,2023-10-16T18:59:09.097Z,38.986084,-0.534517,484
488,Argenteria,Aben FerriA,2023-10-16T18:59:09.097Z,38.985489,-0.534157,330
489,N-340B,Beata InesA,2023-10-16T18:59:09.097Z,0.0,0.0,619
490,Republica Argentina,Academic Maravall,2023-10-16T18:59:09.097Z,38.99105,-0.519778,433
491,CV-645A,PalasietA,2023-10-16T18:59:19.097Z,38.985252,-0.537441,474
492,Corts Valencianes 1A,CV-645B,2023-10-16T18:59:19.097Z,38.985252,-0.537441,063
493,PalasietA,Aben FerriA,2023-10-16T18:59:19.097Z,38.985489,-0.534157,847
494,PalasietB,Corts Valencianes 1B,2023-10-16T18:59:19.097Z,38.985252,-0.537441,040
495,Alfons MagnanimA,Corts Valencianes 2B,2023-10-16T18:59:19.097Z,38.986084,-0.534517,941
496,Aben FerriA,Alfons MagnanimB,2023-10-16T18:59:19.097Z,38.986084,-0.534517,699
497,Argenteria,PalasietB,2023-10-16T18:59:19.097Z,38.985489,-0.534157,803
498,Ausias MarchA,Reina,2023-10-16T18:59:19.097Z,38.987684,-0.53061,474
499,Ximen ToviaB,N-340B,2023-10-16T18:59:19.097Z,38.992357,-0.519858,159
500,Albereda 2,N-340B,2023-10-16T18:59:19.097Z,38.990742,-0.513,302
501,Academic Maravall,Maulets,2023-10-16T18:59:19.097Z,38.991249,-0.518678,763
502,Maulets,N-340B,2023-10-16T18:59:19.097Z,38.992357,-0.519858,447
503,CV-645A,Corts Valencianes 1B,2023-10-16T18:59:29.097Z,38.985252,-0.537441,460
504,Corts Valencianes 1B,Corts Valencianes 1A,2023-10-16T18:59:29.097Z,38.986084,-0.534517,048
505,PalasietA,Aben FerriA,2023-10-16T18:59:29.097Z,38.985489,-0.534157,064
506,PalasietB,CV-645B,2023-10-16T18:59:29.097Z,38.985252,-0.537441,216
507,Alfons MagnanimA,Corts Valencianes 2B,2023-10-16T18:59:29.097Z,38.986084,-0.534517,760
508,Alfons MagnanimB,9 OctubreB,2023-10-16T18:59:29.097Z,38.987144,-0.535236,699
509,Ximen ToviaB,Carme 1,2023-10-16T18:59:29.097Z,38.992357,-0.519858,892
510,Albereda 1,Albereda 2,2023-10-16T18:59:29.097Z,38.990122,-0.519633,812
511,Academic Maravall,Maulets,2023-10-16T18:59:29.097Z,38.991249,-0.518678,140
512,Republica Argentina,Republica Argentina,2023-10-16T18:59:29.097Z,38.99105,-0.519778,False
513,CV-645A,PalasietA,2023-10-16T18:59:39.097Z,38.985252,-0.537441,996
514,PalasietA,PalasietB,2023-10-16T18:59:39.097Z,38.985489,-0.534157,334
515,PalasietB,PalasietA,2023-10-16T18:59:39.097Z,38.985252,-0.537441,977
516,9 OctubreB,Reina,2023-10-16T18:59:39.097Z,38.987684,-0.53061,269
517,Beata InesA,Argenteria,2023-10-16T18:59:39.097Z,38.987684,-0.53061,919
518,Reina,Albereda 1,2023-10-16T18:59:39.097Z,38.989955,-0.523503,691
519,Baixada estacio 1,Abu Masaifa,2023-10-16T18:59:39.097Z,38.991213,-0.523787,289
520,Albereda 2,Cosmografo,2023-10-16T18:59:39.097Z,38.990742,-0.513,False
521,Academic Maravall,Maulets,2023-10-16T18:59:39.097Z,38.991249,-0.518678,False
522,Republica Argentina,Academic Maravall,2023-10-16T18:59:39.097Z,38.99105,-0.519778,510
523,CV-645B,N-340A,2023-10-16T18:59:49.097Z,0.0,0.0,False
524,Corts Valencianes 1B,Aben FerriB,2023-10-16T18:59:49.097Z,38.986084,-0.534517,460
525,PalasietB,CV-645B,2023-10-16T18:59:49.097Z,38.985252,-0.537441,298
526,Aben FerriA,Alfons MagnanimB,2023-10-16T18:59:49.097Z,38.986084,-0.534517,257
527,Argenteria,PalasietB,2023-10-16T18:59:49.097Z,38.985489,-0.534157,613
528,Reina,Republica Argentina,2023-10-16T18:59:49.097Z,38.989955,-0.523503,864
529,Albereda 1,Albereda 2,2023-10-16T18:59:49.097Z,38.990122,-0.519633,384
530,Carme 2,Albereda 2,2023-10-16T18:59:49.097Z,38.990122,-0.519633,165
531,Academic Maravall,Maulets,2023-10-16T18:59:49.097Z,38.991249,-0.518678,889
532,N-340B,N-340B,2023-10-16T18:59:49.097Z,0.0,0.0,185
533,Republica Argentina,Academic Maravall,2023-10-16T18:59:49.097Z,38.99105,-0.519778,816
534,CV-645B,Beata InesA,2023-10-16T18:59:59.097Z,0.0,0.0,018
535,Corts Valencianes 1A,CV-645B,2023-10-16T18:59:59.097Z,38.985252,-0.537441,199
536,PalasietA,Aben FerriA,2023-10-16T18:59:59.097Z,38.985489,-0.534157,714
537,PalasietB,PalasietA,2023-10-16T18:59:59.097Z,38.985252,-0.537441,933
538,Alfons MagnanimB,Alfons MagnanimA,2023-10-16T18:59:59.097Z,38.987144,-0.535236,257
539,Aben FerriA,Corts Valencianes 2B,2023-10-16T18:59:59.097Z,38.986084,-0.534517,070
540,9 OctubreB,Argenteria,2023-10-16T18:59:59.097Z,38.987684,-0.53061,086
541,Reina,Albereda 1,2023-10-16T18:59:59.097Z,38.989955,-0.523503,251
542,Albereda 1,Albereda 2,2023-10-16T18:59:59.097Z,38.990122,-0.519633,893
543,Academic Maravall,Maulets,2023-10-16T18:59:59.097Z,38.991249,-0.518678,049
544,Cosmografo,Maulets,2023-10-16T18:59:59.097Z,38.991249,-0.518678,False
545,Republica Argentina,Academic Maravall,2023-10-16T18:59:59.097Z,38.99105,-0.519778,999
546,Corts Valencianes 1A,PalasietA,2023-10-16T19:00:09.097Z,38.985252,-0.537441,968
547,PalasietB,CV-645B,2023-10-16T19:00:09.097Z,38.985252,-0.537441,432
548,Alfons MagnanimA,Corts Valencianes 1A,2023-10-16T19:00:09.097Z,38.986084,-0.534517,847
549,9 OctubreB,Beata InesB,2023-10-16T19:00:09.097Z,38.987684,-0.53061,945
550,Abu Masaifa,Beata InesB,2023-10-16T19:00:09.097Z,38.987684,-0.53061,817
551,Beata InesA,9 OctubreA,2023-10-16T19:00:09.097Z,38.987684,-0.53061,018
552,Reina,Republica Argentina,2023-10-16T19:00:09.097Z,38.989955,-0.523503,030
553,Carme 1,Carme 2,2023-10-16T19:00:09.097Z,38.99105,-0.519778,892
554,N-340A,Ximen ToviaA,2023-10-16T19:00:09.097Z,38.992357,-0.519858,263
555,CV-645B,Beata InesA,2023-10-16T19:00:19.097Z,0.0,0.0,863
556,PalasietA,PalasietB,2023-10-16T19:00:19.097Z,38.985489,-0.534157,059
557,PalasietB,CV-645B,2023-10-16T19:00:19.097Z,38.985252,-0.537441,edi
558,Alfons MagnanimA,Alfons MagnanimB,2023-10-16T19:00:19.097Z,38.986084,-0.534517,898
559,Aben FerriA,Corts Valencianes 2B,2023-10-16T19:00:19.097Z,38.986084,-0.534517,474
560,9 OctubreA,9 OctubreB,2023-10-16T19:00:19.097Z,38.987144,-0.535236,018
561,9 OctubreB,Corts Valencianes 2A,2023-10-16T19:00:19.097Z,38.987684,-0.53061,716
562,N-340B,N-340B,2023-10-16T19:00:19.097Z,0.0,0.0,962
563,CV-645B,Beata InesA,2023-10-16T19:00:29.097Z,0.0,0.0,False
564,PalasietA,Aben FerriA,2023-10-16T19:00:29.097Z,38.985489,-0.534157,977
565,PalasietB,PalasietA,2023-10-16T19:00:29.097Z,38.985252,-0.537441,False
566,Alfons MagnanimB,9 OctubreB,2023-10-16T19:00:29.097Z,38.987144,-0.535236,691
567,N-340A,Ximen ToviaA,2023-10-16T19:00:29.097Z,38.992357,-0.519858,421
568,Republica Argentina,Academic Maravall,2023-10-16T19:00:29.097Z,38.99105,-0.519778,706
569,Corts Valencianes 1A,CV-645B,2023-10-16T19:00:39.097Z,38.985252,-0.537441,257
570,Corts Valencianes 1B,Corts Valencianes 2B,2023-10-16T19:00:39.097Z,38.986084,-0.534517,402
571,Corts Valencianes 2B,Beata InesB,2023-10-16T19:00:39.097Z,38.987684,-0.53061,969
572,PalasietA,Aben FerriA,2023-10-16T19:00:39.097Z,38.985489,-0.534157,933
573,PalasietB,PalasietA,2023-10-16T19:00:39.097Z,38.985252,-0.537441,079
574,Argenteria,PalasietB,2023-10-16T19:00:39.097Z,38.985489,-0.534157,086
575,Ximen ToviaA,Ausias MarchA,2023-10-16T19:00:39.097Z,38.991913,-0.524291,263
576,N-340A,Ximen ToviaA,2023-10-16T19:00:39.097Z,38.992357,-0.519858,718
577,Corts Valencianes 2B,Corts Valencianes 2A,2023-10-16T19:00:49.097Z,38.987684,-0.53061,631
578,PalasietB,Corts Valencianes 1B,2023-10-16T19:00:49.097Z,38.985252,-0.537441,False
579,Aben FerriA,Corts Valencianes 2B,2023-10-16T19:00:49.097Z,38.986084,-0.534517,933
580,9 OctubreB,Corts Valencianes 2A,2023-10-16T19:00:49.097Z,38.987684,-0.53061,580
581,Beata InesA,9 OctubreA,2023-10-16T19:00:49.097Z,38.987684,-0.53061,889
582,Ximen ToviaA,Ximen ToviaB,2023-10-16T19:00:49.097Z,38.991913,-0.524291,423
583,Gregorio Molina,Baixada estacio 2,2023-10-16T19:00:49.097Z,38.991213,-0.523787,False
584,N-340A,Carme 1,2023-10-16T19:00:49.097Z,38.992357,-0.519858,914
585,Republica Argentina,Academic Maravall,2023-10-16T19:00:49.097Z,38.99105,-0.519778,969
586,CV-645B,CV-645B,2023-10-16T19:00:59.097Z,0.0,0.0,500
587,Corts Valencianes 2A,Corts Valencianes 2B,2023-10-16T19:00:59.097Z,38.986084,-0.534517,718
588,PalasietA,PalasietB,2023-10-16T19:00:59.097Z,38.985489,-0.534157,896
589,PalasietB,CV-645B,2023-10-16T19:00:59.097Z,38.985252,-0.537441,963
590,Aben FerriB,Aben FerriA,2023-10-16T19:00:59.097Z,38.985489,-0.534157,460
591,Ximen ToviaB,N-340B,2023-10-16T19:00:59.097Z,38.992357,-0.519858,224
592,Gregorio Molina,Abu Masaifa,2023-10-16T19:00:59.097Z,38.991213,-0.523787,479
593,Albereda 2,N-340B,2023-10-16T19:00:59.097Z,38.990742,-0.513,045
594,N-340A,Gregorio Molina,2023-10-16T19:00:59.097Z,38.992357,-0.519858,739
595,Corts Valencianes 1B,Aben FerriB,2023-10-16T19:01:09.097Z,38.986084,-0.534517,False
596,Corts Valencianes 2A,Aben FerriB,2023-10-16T19:01:09.097Z,38.986084,-0.534517,631
597,Corts Valencianes 2B,Argenteria,2023-10-16T19:01:09.097Z,38.987684,-0.53061,669
598,PalasietB,PalasietA,2023-10-16T19:01:09.097Z,38.985252,-0.537441,950
599,Aben FerriB,PalasietB,2023-10-16T19:01:09.097Z,38.985489,-0.534157,954
600,9 OctubreA,Alfons MagnanimA,2023-10-16T19:01:09.097Z,38.987144,-0.535236,863
601,9 OctubreB,Corts Valencianes 2A,2023-10-16T19:01:09.097Z,38.987684,-0.53061,016
602,Ausias MarchA,9 OctubreA,2023-10-16T19:01:09.097Z,38.987684,-0.53061,263
603,Beata InesA,Argenteria,2023-10-16T19:01:09.097Z,38.987684,-0.53061,False
604,Baixada estacio 1,Abu Masaifa,2023-10-16T19:01:09.097Z,38.991213,-0.523787,710
605,Gregorio Molina,Abu Masaifa,2023-10-16T19:01:09.097Z,38.991213,-0.523787,982
606,N-340B,N-340A,2023-10-16T19:01:09.097Z,0.0,0.0,994
607,Corts Valencianes 1A,Corts Valencianes 1B,2023-10-16T19:01:19.097Z,38.985252,-0.537441,048
608,Corts Valencianes 2A,Corts Valencianes 2B,2023-10-16T19:01:19.097Z,38.986084,-0.534517,980
609,PalasietA,Aben FerriA,2023-10-16T19:01:19.097Z,38.985489,-0.534157,False
610,PalasietB,Corts Valencianes 1B,2023-10-16T19:01:19.097Z,38.985252,-0.537441,399
611,Aben FerriA,Alfons MagnanimB,2023-10-16T19:01:19.097Z,38.986084,-0.534517,919
612,Aben FerriB,Aben FerriA,2023-10-16T19:01:19.097Z,38.985489,-0.534157,False
613,9 OctubreB,Ausias MarchB,2023-10-16T19:01:19.097Z,38.987684,-0.53061,699
614,Ximen ToviaA,Ausias MarchA,2023-10-16T19:01:19.097Z,38.991913,-0.524291,997
615,Ximen ToviaB,N-340B,2023-10-16T19:01:19.097Z,38.992357,-0.519858,969
616,Gregorio Molina,Baixada estacio 2,2023-10-16T19:01:19.097Z,38.991213,-0.523787,376
617,N-340A,Ximen ToviaA,2023-10-16T19:01:19.097Z,38.992357,-0.519858,876
618,Corts Valencianes 2A,Corts Valencianes 1A,2023-10-16T19:01:29.097Z,38.986084,-0.534517,019
619,Corts Valencianes 2B,Ausias MarchB,2023-10-16T19:01:29.097Z,38.987684,-0.53061,999
620,PalasietA,Aben FerriA,2023-10-16T19:01:29.097Z,38.985489,-0.534157,071
621,PalasietB,PalasietA,2023-10-16T19:01:29.097Z,38.985252,-0.537441,502
622,Alfons MagnanimA,Alfons MagnanimB,2023-10-16T19:01:29.097Z,38.986084,-0.534517,889
623,Alfons MagnanimB,9 OctubreB,2023-10-16T19:01:29.097Z,38.987144,-0.535236,False
624,Aben FerriA,Corts Valencianes 2B,2023-10-16T19:01:29.097Z,38.986084,-0.534517,False
625,Aben FerriB,Aben FerriA,2023-10-16T19:01:29.097Z,38.985489,-0.534157,631
626,Beata InesB,N-340A,2023-10-16T19:01:29.097Z,0.0,0.0,249
627,Ximen ToviaB,Gregorio Molina,2023-10-16T19:01:29.097Z,38.992357,-0.519858,638
628,Gregorio Molina,Abu Masaifa,2023-10-16T19:01:29.097Z,38.991213,-0.523787,167
629,N-340A,Carme 1,2023-10-16T19:01:29.097Z,38.992357,-0.519858,216
630,Corts Valencianes 1B,Corts Valencianes 2B,2023-10-16T19:01:39.097Z,38.986084,-0.534517,040
631,Corts Valencianes 2B,Argenteria,2023-10-16T19:01:39.097Z,38.987684,-0.53061,543
632,PalasietB,CV-645B,2023-10-16T19:01:39.097Z,38.985252,-0.537441,969
633,Beata InesB,Beata InesA,2023-10-16T19:01:39.097Z,0.0,0.0,945
634,Ximen ToviaA,Baixada estacio 1,2023-10-16T19:01:39.097Z,38.991913,-0.524291,876
635,Ximen ToviaB,Carme 1,2023-10-16T19:01:39.097Z,38.992357,-0.519858,195
636,Baixada estacio 2,Republica Argentina,2023-10-16T19:01:39.097Z,38.989955,-0.523503,376
637,Maulets,N-340B,2023-10-16T19:01:39.097Z,38.992357,-0.519858,False
638,N-340B,N-340A,2023-10-16T19:01:39.097Z,0.0,0.0,736
639,CV-645B,Beata InesA,2023-10-16T19:01:49.097Z,0.0,0.0,False
640,Corts Valencianes 1B,Corts Valencianes 2B,2023-10-16T19:01:49.097Z,38.986084,-0.534517,399
641,Corts Valencianes 2B,9 OctubreA,2023-10-16T19:01:49.097Z,38.987684,-0.53061,929
642,PalasietA,Aben FerriA,2023-10-16T19:01:49.097Z,38.985489,-0.534157,502
643,PalasietB,PalasietA,2023-10-16T19:01:49.097Z,38.985252,-0.537441,975
644,Alfons MagnanimB,9 OctubreB,2023-10-16T19:01:49.097Z,38.987144,-0.535236,889
645,Aben FerriA,Corts Valencianes 2B,2023-10-16T19:01:49.097Z,38.986084,-0.534517,False
646,Argenteria,Aben FerriA,2023-10-16T19:01:49.097Z,38.985489,-0.534157,669
647,9 OctubreA,Alfons MagnanimA,2023-10-16T19:01:49.097Z,38.987144,-0.535236,263
648,Ausias MarchB,Ximen ToviaB,2023-10-16T19:01:49.097Z,38.991913,-0.524291,691
649,Ximen ToviaB,Carme 1,2023-10-16T19:01:49.097Z,38.992357,-0.519858,423
650,Gregorio Molina,Baixada estacio 2,2023-10-16T19:01:49.097Z,38.991213,-0.523787,609
651,Maulets,Gregorio Molina,2023-10-16T19:01:49.097Z,38.992357,-0.519858,820
652,N-340A,Ximen ToviaA,2023-10-16T19:01:49.097Z,38.992357,-0.519858,803
653,Corts Valencianes 2B,Corts Valencianes 2A,2023-10-16T19:01:59.097Z,38.987684,-0.53061,False
654,PalasietA,Aben FerriA,2023-10-16T19:01:59.097Z,38.985489,-0.534157,749
655,Alfons MagnanimA,Aben FerriB,2023-10-16T19:01:59.097Z,38.986084,-0.534517,263
656,Aben FerriA,Corts Valencianes 1A,2023-10-16T19:01:59.097Z,38.986084,-0.534517,071
657,Argenteria,Aben FerriA,2023-10-16T19:01:59.097Z,38.985489,-0.534157,093
658,Abu Masaifa,9 OctubreA,2023-10-16T19:01:59.097Z,38.987684,-0.53061,False
659,Beata InesA,Ausias MarchB,2023-10-16T19:01:59.097Z,38.987684,-0.53061,945
660,Baixada estacio 1,Abu Masaifa,2023-10-16T19:01:59.097Z,38.991213,-0.523787,878
661,Gregorio Molina,Abu Masaifa,2023-10-16T19:01:59.097Z,38.991213,-0.523787,719
662,Albereda 2,Cosmografo,2023-10-16T19:01:59.097Z,38.990742,-0.513,187
663,Carme 1,Academic Maravall,2023-10-16T19:01:59.097Z,38.99105,-0.519778,914
664,Academic Maravall,Maulets,2023-10-16T19:01:59.097Z,38.991249,-0.518678,976
665,Maulets,Gregorio Molina,2023-10-16T19:01:59.097Z,38.992357,-0.519858,727
666,N-340A,Ximen ToviaA,2023-10-16T19:01:59.097Z,38.992357,-0.519858,934
667,N-340B,N-340B,2023-10-16T19:01:59.097Z,0.0,0.0,False
668,CV-645B,Beata InesA,2023-10-16T19:02:09.097Z,0.0,0.0,830
669,PalasietB,CV-645B,2023-10-16T19:02:09.097Z,38.985252,-0.537441,528
670,Aben FerriB,PalasietB,2023-10-16T19:02:09.097Z,38.985489,-0.534157,636
671,Argenteria,Aben FerriA,2023-10-16T19:02:09.097Z,38.985489,-0.534157,941
672,9 OctubreB,9 OctubreA,2023-10-16T19:02:09.097Z,38.987684,-0.53061,460
673,Abu Masaifa,Corts Valencianes 2A,2023-10-16T19:02:09.097Z,38.987684,-0.53061,710
674,Ausias MarchB,Ximen ToviaB,2023-10-16T19:02:09.097Z,38.991913,-0.524291,444
675,Gregorio Molina,Abu Masaifa,2023-10-16T19:02:09.097Z,38.991213,-0.523787,987
676,Academic Maravall,Maulets,2023-10-16T19:02:09.097Z,38.991249,-0.518678,716
677,Corts Valencianes 1A,CV-645B,2023-10-16T19:02:19.097Z,38.985252,-0.537441,919
678,Corts Valencianes 2A,Corts Valencianes 1A,2023-10-16T19:02:19.097Z,38.986084,-0.534517,998
679,PalasietB,CV-645B,2023-10-16T19:02:19.097Z,38.985252,-0.537441,647
680,Argenteria,Aben FerriA,2023-10-16T19:02:19.097Z,38.985489,-0.534157,090
681,9 OctubreB,Corts Valencianes 2A,2023-10-16T19:02:19.097Z,38.987684,-0.53061,863
682,Abu Masaifa,Reina,2023-10-16T19:02:19.097Z,38.987684,-0.53061,846
683,Beata InesA,9 OctubreA,2023-10-16T19:02:19.097Z,38.987684,-0.53061,747
684,Ximen ToviaA,Baixada estacio 1,2023-10-16T19:02:19.097Z,38.991913,-0.524291,803
685,Gregorio Molina,Abu Masaifa,2023-10-16T19:02:19.097Z,38.991213,-0.523787,299
686,N-340A,Ximen ToviaA,2023-10-16T19:02:19.097Z,38.992357,-0.519858,483
687,Corts Valencianes 1A,CV-645B,2023-10-16T19:02:29.097Z,38.985252,-0.537441,994
688,Corts Valencianes 2A,Corts Valencianes 1A,2023-10-16T19:02:29.097Z,38.986084,-0.534517,470
689,PalasietB,CV-645B,2023-10-16T19:02:29.097Z,38.985252,-0.537441,803
690,Aben FerriA,Corts Valencianes 2B,2023-10-16T19:02:29.097Z,38.986084,-0.534517,507
691,Ausias MarchB,Ximen ToviaB,2023-10-16T19:02:29.097Z,38.991913,-0.524291,443
692,Beata InesA,Argenteria,2023-10-16T19:02:29.097Z,38.987684,-0.53061,830
693,Gregorio Molina,Baixada estacio 2,2023-10-16T19:02:29.097Z,38.991213,-0.523787,638
694,Cosmografo,Maulets,2023-10-16T19:02:29.097Z,38.991249,-0.518678,181
695,N-340A,Carme 1,2023-10-16T19:02:29.097Z,38.992357,-0.519858,False
696,N-340B,N-340A,2023-10-16T19:02:29.097Z,0.0,0.0,780
697,CV-645B,Beata InesA,2023-10-16T19:02:39.097Z,0.0,0.0,347
698,Corts Valencianes 2B,Beata InesB,2023-10-16T19:02:39.097Z,38.987684,-0.53061,949
699,PalasietB,PalasietB,2023-10-16T19:02:39.097Z,38.985252,-0.537441,914
700,Abu Masaifa,Ausias MarchB,2023-10-16T19:02:39.097Z,38.987684,-0.53061,361
701,Baixada estacio 1,Abu Masaifa,2023-10-16T19:02:39.097Z,38.991213,-0.523787,034
702,CV-645B,N-340A,2023-10-16T19:02:49.097Z,0.0,0.0,False
703,Corts Valencianes 2A,Aben FerriB,2023-10-16T19:02:49.097Z,38.986084,-0.534517,863
704,Corts Valencianes 2B,Ausias MarchB,2023-10-16T19:02:49.097Z,38.987684,-0.53061,170
705,PalasietB,Corts Valencianes 1B,2023-10-16T19:02:49.097Z,38.985252,-0.537441,613
706,Aben FerriA,Aben FerriB,2023-10-16T19:02:49.097Z,38.986084,-0.534517,497
707,9 OctubreB,Beata InesB,2023-10-16T19:02:49.097Z,38.987684,-0.53061,087
708,Abu Masaifa,Reina,2023-10-16T19:02:49.097Z,38.987684,-0.53061,876
709,Baixada estacio 2,Republica Argentina,2023-10-16T19:02:49.097Z,38.989955,-0.523503,638
710,Gregorio Molina,Baixada estacio 2,2023-10-16T19:02:49.097Z,38.991213,-0.523787,820
711,N-340A,Ximen ToviaA,2023-10-16T19:02:49.097Z,38.992357,-0.519858,043
712,Corts Valencianes 1A,CV-645B,2023-10-16T19:02:59.097Z,38.985252,-0.537441,470
713,Corts Valencianes 1B,Corts Valencianes 2B,2023-10-16T19:02:59.097Z,38.986084,-0.534517,619
714,Corts Valencianes 2B,9 OctubreA,2023-10-16T19:02:59.097Z,38.987684,-0.53061,402
715,PalasietB,Corts Valencianes 1B,2023-10-16T19:02:59.097Z,38.985252,-0.537441,556
716,Aben FerriB,PalasietB,2023-10-16T19:02:59.097Z,38.985489,-0.534157,863
717,Ausias MarchB,Ausias MarchA,2023-10-16T19:02:59.097Z,38.991913,-0.524291,499
718,Ximen ToviaB,N-340B,2023-10-16T19:02:59.097Z,38.992357,-0.519858,698
719,Baixada estacio 2,Albereda 1,2023-10-16T19:02:59.097Z,38.989955,-0.523503,False
720,Albereda 2,N-340B,2023-10-16T19:02:59.097Z,38.990742,-0.513,769
721,Maulets,N-340B,2023-10-16T19:02:59.097Z,38.992357,-0.519858,691
722,N-340A,Gregorio Molina,2023-10-16T19:02:59.097Z,38.992357,-0.519858,126
723,CV-645B,N-340A,2023-10-16T19:03:09.097Z,0.0,0.0,974
724,Corts Valencianes 1B,Aben FerriB,2023-10-16T19:03:09.097Z,38.986084,-0.534517,059
725,Corts Valencianes 2B,Ausias MarchB,2023-10-16T19:03:09.097Z,38.987684,-0.53061,933
726,Aben FerriA,Corts Valencianes 1A,2023-10-16T19:03:09.097Z,38.986084,-0.534517,543
727,Abu Masaifa,Ausias MarchB,2023-10-16T19:03:09.097Z,38.987684,-0.53061,False
728,Beata InesA,Ausias MarchB,2023-10-16T19:03:09.097Z,38.987684,-0.53061,False
729,Reina,Albereda 1,2023-10-16T19:03:09.097Z,38.989955,-0.523503,357
730,Ximen ToviaA,Ausias MarchA,2023-10-16T19:03:09.097Z,38.991913,-0.524291,483
731,Baixada estacio 2,Albereda 1,2023-10-16T19:03:09.097Z,38.989955,-0.523503,820
732,Gregorio Molina,Abu Masaifa,2023-10-16T19:03:09.097Z,38.991213,-0.523787,696
733,Albereda 1,Albereda 2,2023-10-16T19:03:09.097Z,38.990122,-0.519633,447
734,Maulets,Ximen ToviaA,2023-10-16T19:03:09.097Z,38.992357,-0.519858,268
735,Corts Valencianes 1A,CV-645B,2023-10-16T19:03:19.097Z,38.985252,-0.537441,543
736,Aben FerriA,Corts Valencianes 1A,2023-10-16T19:03:19.097Z,38.986084,-0.534517,090
737,Reina,Albereda 1,2023-10-16T19:03:19.097Z,38.989955,-0.523503,678
738,Ximen ToviaA,Baixada estacio 1,2023-10-16T19:03:19.097Z,38.991913,-0.524291,043
739,Gregorio Molina,Abu Masaifa,2023-10-16T19:03:19.097Z,38.991213,-0.523787,612
740,Albereda 1,Albereda 2,2023-10-16T19:03:19.097Z,38.990122,-0.519633,997
741,Academic Maravall,Maulets,2023-10-16T19:03:19.097Z,38.991249,-0.518678,346
742,Maulets,Ximen ToviaA,2023-10-16T19:03:19.097Z,38.992357,-0.519858,276
743,CV-645B,CV-645A,2023-10-16T19:03:29.097Z,0.0,0.0,926
744,Corts Valencianes 2B,Beata InesB,2023-10-16T19:03:29.097Z,38.987684,-0.53061,580
745,PalasietB,PalasietA,2023-10-16T19:03:29.097Z,38.985252,-0.537441,086
746,9 OctubreA,9 OctubreB,2023-10-16T19:03:29.097Z,38.987144,-0.535236,929
747,Ausias MarchA,Argenteria,2023-10-16T19:03:29.097Z,38.987684,-0.53061,361
748,Beata InesB,Beata InesA,2023-10-16T19:03:29.097Z,0.0,0.0,817
749,Albereda 1,Albereda 2,2023-10-16T19:03:29.097Z,38.990122,-0.519633,669
750,Academic Maravall,Maulets,2023-10-16T19:03:29.097Z,38.991249,-0.518678,False
751,Maulets,Gregorio Molina,2023-10-16T19:03:29.097Z,38.992357,-0.519858,False
752,CV-645B,N-340A,2023-10-16T19:03:39.097Z,0.0,0.0,False
753,Corts Valencianes 2B,Beata InesB,2023-10-16T19:03:39.097Z,38.987684,-0.53061,False
754,Argenteria,PalasietB,2023-10-16T19:03:39.097Z,38.985489,-0.534157,240
755,Reina,Republica Argentina,2023-10-16T19:03:39.097Z,38.989955,-0.523503,XXX
756,Ximen ToviaA,Ausias MarchA,2023-10-16T19:03:39.097Z,38.991913,-0.524291,268
757,Carme 2,Albereda 2,2023-10-16T19:03:39.097Z,38.990122,-0.519633,066
758,Academic Maravall,Maulets,2023-10-16T19:03:39.097Z,38.991249,-0.518678,False
759,Maulets,Gregorio Molina,2023-10-16T19:03:39.097Z,38.992357,-0.519858,099
760,PalasietA,Aben FerriA,2023-10-16T19:03:49.097Z,38.985489,-0.534157,086
761,PalasietB,CV-645B,2023-10-16T19:03:49.097Z,38.985252,-0.537441,False
762,Argenteria,PalasietB,2023-10-16T19:03:49.097Z,38.985489,-0.534157,361
763,9 OctubreA,9 OctubreB,2023-10-16T19:03:49.097Z,38.987144,-0.535236,479
764,Ximen ToviaB,N-340B,2023-10-16T19:03:49.097Z,38.992357,-0.519858,444
765,Gregorio Molina,Abu Masaifa,2023-10-16T19:03:49.097Z,38.991213,-0.523787,False
766,Albereda 2,N-340B,2023-10-16T19:03:49.097Z,38.990742,-0.513,459
767,Academic Maravall,Maulets,2023-10-16T19:03:49.097Z,38.991249,-0.518678,907
768,CV-645B,N-340A,2023-10-16T19:03:59.097Z,0.0,0.0,False
769,Corts Valencianes 1A,Corts Valencianes 1B,2023-10-16T19:03:59.097Z,38.985252,-0.537441,090
770,Corts Valencianes 2B,9 OctubreA,2023-10-16T19:03:59.097Z,38.987684,-0.53061,040
771,PalasietB,CV-645B,2023-10-16T19:03:59.097Z,38.985252,-0.537441,968
772,Aben FerriA,Corts Valencianes 2B,2023-10-16T19:03:59.097Z,38.986084,-0.534517,086
773,9 OctubreA,Alfons MagnanimA,2023-10-16T19:03:59.097Z,38.987144,-0.535236,460
774,Beata InesA,Reina,2023-10-16T19:03:59.097Z,38.987684,-0.53061,783
775,Ximen ToviaB,Ximen ToviaA,2023-10-16T19:03:59.097Z,38.992357,-0.519858,443
776,N-340B,Beata InesA,2023-10-16T19:03:59.097Z,0.0,0.0,False
777,CV-645B,CV-645A,2023-10-16T19:04:09.097Z,0.0,0.0,965
778,Corts Valencianes 2B,Ausias MarchB,2023-10-16T19:04:09.097Z,38.987684,-0.53061,799
779,9 OctubreA,Alfons MagnanimA,2023-10-16T19:04:09.097Z,38.987144,-0.535236,False
780,Beata InesA,Ausias MarchB,2023-10-16T19:04:09.097Z,38.987684,-0.53061,560
781,Ximen ToviaA,Baixada estacio 1,2023-10-16T19:04:09.097Z,38.991913,-0.524291,False
782,Carme 1,Carme 2,2023-10-16T19:04:09.097Z,38.99105,-0.519778,195
783,Academic Maravall,Maulets,2023-10-16T19:04:09.097Z,38.991249,-0.518678,080
784,Maulets,Ximen ToviaA,2023-10-16T19:04:09.097Z,38.992357,-0.519858,258
785,Corts Valencianes 2B,9 OctubreA,2023-10-16T19:04:19.097Z,38.987684,-0.53061,False
786,PalasietB,PalasietA,2023-10-16T19:04:19.097Z,38.985252,-0.537441,954
787,Alfons MagnanimA,Corts Valencianes 2B,2023-10-16T19:04:19.097Z,38.986084,-0.534517,460
788,9 OctubreA,9 OctubreB,2023-10-16T19:04:19.097Z,38.987144,-0.535236,False
789,Ximen ToviaA,Ausias MarchA,2023-10-16T19:04:19.097Z,38.991913,-0.524291,449
790,Baixada estacio 1,Abu Masaifa,2023-10-16T19:04:19.097Z,38.991213,-0.523787,False
791,N-340B,Beata InesA,2023-10-16T19:04:19.097Z,0.0,0.0,363
792,Corts Valencianes 1B,Corts Valencianes 2B,2023-10-16T19:04:29.097Z,38.986084,-0.534517,090
793,Corts Valencianes 2B,Reina,2023-10-16T19:04:29.097Z,38.987684,-0.53061,False
794,PalasietA,Aben FerriA,2023-10-16T19:04:29.097Z,38.985489,-0.534157,954
795,PalasietB,CV-645B,2023-10-16T19:04:29.097Z,38.985252,-0.537441,920
796,Alfons MagnanimA,Aben FerriB,2023-10-16T19:04:29.097Z,38.986084,-0.534517,False
797,9 OctubreA,9 OctubreB,2023-10-16T19:04:29.097Z,38.987144,-0.535236,402
798,Ausias MarchA,9 OctubreA,2023-10-16T19:04:29.097Z,38.987684,-0.53061,483
799,Ausias MarchB,Ximen ToviaB,2023-10-16T19:04:29.097Z,38.991913,-0.524291,474
800,Ximen ToviaA,Ausias MarchA,2023-10-16T19:04:29.097Z,38.991913,-0.524291,258
801,Academic Maravall,Maulets,2023-10-16T19:04:29.097Z,38.991249,-0.518678,433
802,Maulets,Ximen ToviaA,2023-10-16T19:04:29.097Z,38.992357,-0.519858,337
803,CV-645B,CV-645A,2023-10-16T19:04:39.097Z,0.0,0.0,081
804,Corts Valencianes 2B,9 OctubreA,2023-10-16T19:04:39.097Z,38.987684,-0.53061,502
805,PalasietA,PalasietB,2023-10-16T19:04:39.097Z,38.985489,-0.534157,319
806,9 OctubreA,9 OctubreB,2023-10-16T19:04:39.097Z,38.987144,-0.535236,iXX
807,9 OctubreB,Beata InesB,2023-10-16T19:04:39.097Z,38.987684,-0.53061,929
808,Ausias MarchA,Beata InesB,2023-10-16T19:04:39.097Z,38.987684,-0.53061,966
809,Ausias MarchB,Ausias MarchA,2023-10-16T19:04:39.097Z,38.991913,-0.524291,933
810,Beata InesA,9 OctubreA,2023-10-16T19:04:39.097Z,38.987684,-0.53061,363
811,Beata InesB,N-340A,2023-10-16T19:04:39.097Z,0.0,0.0,660
812,Carme 1,Academic Maravall,2023-10-16T19:04:39.097Z,38.99105,-0.519778,423
813,Academic Maravall,Maulets,2023-10-16T19:04:39.097Z,38.991249,-0.518678,767
814,Maulets,Ximen ToviaA,2023-10-16T19:04:39.097Z,38.992357,-0.519858,605
815,N-340B,N-340A,2023-10-16T19:04:39.097Z,0.0,0.0,267
816,Corts Valencianes 2B,9 OctubreA,2023-10-16T19:04:49.097Z,38.987684,-0.53061,619
817,PalasietB,Corts Valencianes 1B,2023-10-16T19:04:49.097Z,38.985252,-0.537441,679
818,Aben FerriA,Corts Valencianes 2B,2023-10-16T19:04:49.097Z,38.986084,-0.534517,954
819,9 OctubreA,9 OctubreB,2023-10-16T19:04:49.097Z,38.987144,-0.535236,777
820,9 OctubreB,Ausias MarchB,2023-10-16T19:04:49.097Z,38.987684,-0.53061,470
821,Ausias MarchB,Ausias MarchA,2023-10-16T19:04:49.097Z,38.991913,-0.524291,False
822,Beata InesB,CV-645A,2023-10-16T19:04:49.097Z,0.0,0.0,157
823,Academic Maravall,Maulets,2023-10-16T19:04:49.097Z,38.991249,-0.518678,False
824,Maulets,Gregorio Molina,2023-10-16T19:04:49.097Z,38.992357,-0.519858,010
825,N-340B,N-340A,2023-10-16T19:04:49.097Z,0.0,0.0,771
826,9 OctubreA,Alfons MagnanimA,2023-10-16T19:04:59.097Z,38.987144,-0.535236,483
827,Ausias MarchA,Reina,2023-10-16T19:04:59.097Z,38.987684,-0.53061,169
828,Ausias MarchB,Baixada estacio 1,2023-10-16T19:04:59.097Z,38.991913,-0.524291,347
829,Beata InesB,N-340A,2023-10-16T19:04:59.097Z,0.0,0.0,699
830,Ximen ToviaA,Ausias MarchA,2023-10-16T19:04:59.097Z,38.991913,-0.524291,337
831,Ximen ToviaB,Carme 1,2023-10-16T19:04:59.097Z,38.992357,-0.519858,170
832,Carme 1,Carme 2,2023-10-16T19:04:59.097Z,38.99105,-0.519778,216
833,Academic Maravall,Maulets,2023-10-16T19:04:59.097Z,38.991249,-0.518678,CH6
834,CV-645B,N-340A,2023-10-16T19:05:09.097Z,0.0,0.0,662
835,Corts Valencianes 1A,CV-645B,2023-10-16T19:05:09.097Z,38.985252,-0.537441,019
836,Corts Valencianes 1B,Corts Valencianes 1A,2023-10-16T19:05:09.097Z,38.986084,-0.534517,False
837,Corts Valencianes 2B,Reina,2023-10-16T19:05:09.097Z,38.987684,-0.53061,086
838,PalasietB,PalasietA,2023-10-16T19:05:09.097Z,38.985252,-0.537441,863
839,Alfons MagnanimA,Aben FerriB,2023-10-16T19:05:09.097Z,38.986084,-0.534517,483
840,Aben FerriA,Corts Valencianes 1A,2023-10-16T19:05:09.097Z,38.986084,-0.534517,330
841,9 OctubreA,Alfons MagnanimA,2023-10-16T19:05:09.097Z,38.987144,-0.535236,502
842,Ausias MarchA,Reina,2023-10-16T19:05:09.097Z,38.987684,-0.53061,718
843,Ausias MarchB,Ausias MarchA,2023-10-16T19:05:09.097Z,38.991913,-0.524291,779
844,Ximen ToviaA,Ximen ToviaB,2023-10-16T19:05:09.097Z,38.991913,-0.524291,091
845,CV-645B,Beata InesA,2023-10-16T19:05:19.097Z,0.0,0.0,False
846,Corts Valencianes 2B,Ausias MarchB,2023-10-16T19:05:19.097Z,38.987684,-0.53061,460
847,PalasietA,Aben FerriA,2023-10-16T19:05:19.097Z,38.985489,-0.534157,889
848,PalasietB,CV-645B,2023-10-16T19:05:19.097Z,38.985252,-0.537441,240
849,Alfons MagnanimA,Alfons MagnanimB,2023-10-16T19:05:19.097Z,38.986084,-0.534517,502
850,Aben FerriA,Aben FerriB,2023-10-16T19:05:19.097Z,38.986084,-0.534517,False
851,Aben FerriB,PalasietB,2023-10-16T19:05:19.097Z,38.985489,-0.534157,463
852,Ausias MarchA,Beata InesB,2023-10-16T19:05:19.097Z,38.987684,-0.53061,258
853,Ausias MarchB,Ximen ToviaB,2023-10-16T19:05:19.097Z,38.991913,-0.524291,960
854,CV-645B,Beata InesA,2023-10-16T19:05:29.097Z,0.0,0.0,False
855,Corts Valencianes 1A,PalasietA,2023-10-16T19:05:29.097Z,38.985252,-0.537441,334
856,Corts Valencianes 2B,9 OctubreA,2023-10-16T19:05:29.097Z,38.987684,-0.53061,050
857,PalasietB,Corts Valencianes 1B,2023-10-16T19:05:29.097Z,38.985252,-0.537441,499
858,Alfons MagnanimB,9 OctubreB,2023-10-16T19:05:29.097Z,38.987144,-0.535236,502
859,Aben FerriA,Aben FerriB,2023-10-16T19:05:29.097Z,38.986084,-0.534517,669
860,Aben FerriB,PalasietB,2023-10-16T19:05:29.097Z,38.985489,-0.534157,False
861,Abu Masaifa,9 OctubreA,2023-10-16T19:05:29.097Z,38.987684,-0.53061,919
862,Ausias MarchA,Reina,2023-10-16T19:05:29.097Z,38.987684,-0.53061,933
863,N-340B,N-340A,2023-10-16T19:05:29.097Z,0.0,0.0,674
864,Corts Valencianes 1A,CV-645B,2023-10-16T19:05:39.097Z,38.985252,-0.537441,390
865,Corts Valencianes 1B,Corts Valencianes 1A,2023-10-16T19:05:39.097Z,38.986084,-0.534517,False
866,Corts Valencianes 2B,9 OctubreA,2023-10-16T19:05:39.097Z,38.987684,-0.53061,666
867,PalasietB,Corts Valencianes 1B,2023-10-16T19:05:39.097Z,38.985252,-0.537441,019
868,Ausias MarchA,Corts Valencianes 2A,2023-10-16T19:05:39.097Z,38.987684,-0.53061,987
869,Ausias MarchB,Ausias MarchA,2023-10-16T19:05:39.097Z,38.991913,-0.524291,561
870,Albereda 2,N-340B,2023-10-16T19:05:39.097Z,38.990742,-0.513,926
871,Maulets,N-340B,2023-10-16T19:05:39.097Z,38.992357,-0.519858,False
872,CV-645A,Corts Valencianes 1B,2023-10-16T19:05:49.097Z,38.985252,-0.537441,649
873,Corts Valencianes 1A,CV-645B,2023-10-16T19:05:49.097Z,38.985252,-0.537441,361
874,Corts Valencianes 1B,Alfons MagnanimB,2023-10-16T19:05:49.097Z,38.986084,-0.534517,319
875,Corts Valencianes 2B,Beata InesB,2023-10-16T19:05:49.097Z,38.987684,-0.53061,954
876,9 OctubreA,9 OctubreB,2023-10-16T19:05:49.097Z,38.987144,-0.535236,619
877,9 OctubreB,Ausias MarchB,2023-10-16T19:05:49.097Z,38.987684,-0.53061,686
878,Abu Masaifa,Argenteria,2023-10-16T19:05:49.097Z,38.987684,-0.53061,727
879,Ausias MarchA,Corts Valencianes 2A,2023-10-16T19:05:49.097Z,38.987684,-0.53061,917
880,Ausias MarchB,Ausias MarchA,2023-10-16T19:05:49.097Z,38.991913,-0.524291,460
881,Beata InesA,Ausias MarchB,2023-10-16T19:05:49.097Z,38.987684,-0.53061,False
882,Academic Maravall,Maulets,2023-10-16T19:05:49.097Z,38.991249,-0.518678,999
883,CV-645A,PalasietA,2023-10-16T19:05:59.097Z,38.985252,-0.537441,969
884,CV-645B,Beata InesA,2023-10-16T19:05:59.097Z,0.0,0.0,255
885,PalasietA,Aben FerriA,2023-10-16T19:05:59.097Z,38.985489,-0.534157,False
886,PalasietB,Corts Valencianes 1B,2023-10-16T19:05:59.097Z,38.985252,-0.537441,483
887,Alfons MagnanimB,Alfons MagnanimA,2023-10-16T19:05:59.097Z,38.987144,-0.535236,910
888,Aben FerriB,PalasietB,2023-10-16T19:05:59.097Z,38.985489,-0.534157,669
889,9 OctubreA,Alfons MagnanimA,2023-10-16T19:05:59.097Z,38.987144,-0.535236,090
890,9 OctubreB,Ausias MarchB,2023-10-16T19:05:59.097Z,38.987684,-0.53061,402
891,Ausias MarchA,Beata InesB,2023-10-16T19:05:59.097Z,38.987684,-0.53061,799
892,Beata InesA,Ausias MarchB,2023-10-16T19:05:59.097Z,38.987684,-0.53061,False
893,Ximen ToviaB,Gregorio Molina,2023-10-16T19:05:59.097Z,38.992357,-0.519858,091
894,Albereda 2,N-340B,2023-10-16T19:05:59.097Z,38.990742,-0.513,217
895,Maulets,N-340B,2023-10-16T19:05:59.097Z,38.992357,-0.519858,026
896,CV-645A,Corts Valencianes 1B,2023-10-16T19:06:09.097Z,38.985252,-0.537441,081
897,CV-645B,N-340A,2023-10-16T19:06:09.097Z,0.0,0.0,810
898,Corts Valencianes 1B,Aben FerriB,2023-10-16T19:06:09.097Z,38.986084,-0.534517,926
899,Alfons MagnanimA,Corts Valencianes 1A,2023-10-16T19:06:09.097Z,38.986084,-0.534517,910
900,Aben FerriA,Corts Valencianes 2B,2023-10-16T19:06:09.097Z,38.986084,-0.534517,334
901,Aben FerriB,PalasietB,2023-10-16T19:06:09.097Z,38.985489,-0.534157,996
902,Abu Masaifa,Corts Valencianes 2A,2023-10-16T19:06:09.097Z,38.987684,-0.53061,False
903,Albereda 2,Cosmografo,2023-10-16T19:06:09.097Z,38.990742,-0.513,False
904,Maulets,Gregorio Molina,2023-10-16T19:06:09.097Z,38.992357,-0.519858,716
905,CV-645A,Corts Valencianes 1B,2023-10-16T19:06:19.097Z,38.985252,-0.537441,969
906,CV-645B,Beata InesA,2023-10-16T19:06:19.097Z,0.0,0.0,766
907,Corts Valencianes 1A,CV-645B,2023-10-16T19:06:19.097Z,38.985252,-0.537441,319
908,Corts Valencianes 2A,Alfons MagnanimB,2023-10-16T19:06:19.097Z,38.986084,-0.534517,False
909,Alfons MagnanimA,Alfons MagnanimB,2023-10-16T19:06:19.097Z,38.986084,-0.534517,090
910,9 OctubreA,Alfons MagnanimA,2023-10-16T19:06:19.097Z,38.987144,-0.535236,666
911,9 OctubreB,Beata InesB,2023-10-16T19:06:19.097Z,38.987684,-0.53061,iXX
912,Abu Masaifa,Corts Valencianes 2A,2023-10-16T19:06:19.097Z,38.987684,-0.53061,697
913,Beata InesB,CV-645A,2023-10-16T19:06:19.097Z,0.0,0.0,066
914,Albereda 1,Albereda 2,2023-10-16T19:06:19.097Z,38.990122,-0.519633,281
915,Carme 2,Albereda 2,2023-10-16T19:06:19.097Z,38.990122,-0.519633,218
916,Maulets,Gregorio Molina,2023-10-16T19:06:19.097Z,38.992357,-0.519858,596
917,Corts Valencianes 1B,Alfons MagnanimB,2023-10-16T19:06:29.097Z,38.986084,-0.534517,483
918,Corts Valencianes 2A,Alfons MagnanimB,2023-10-16T19:06:29.097Z,38.986084,-0.534517,997
919,Aben FerriA,Corts Valencianes 1A,2023-10-16T19:06:29.097Z,38.986084,-0.534517,631
920,Aben FerriB,Aben FerriA,2023-10-16T19:06:29.097Z,38.985489,-0.534157,926
921,Argenteria,PalasietB,2023-10-16T19:06:29.097Z,38.985489,-0.534157,122
922,9 OctubreB,Ausias MarchB,2023-10-16T19:06:29.097Z,38.987684,-0.53061,777
923,Ausias MarchA,Corts Valencianes 2A,2023-10-16T19:06:29.097Z,38.987684,-0.53061,981
924,Reina,Albereda 1,2023-10-16T19:06:29.097Z,38.989955,-0.523503,896
925,Baixada estacio 1,Baixada estacio 2,2023-10-16T19:06:29.097Z,38.991213,-0.523787,False
926,Gregorio Molina,Baixada estacio 2,2023-10-16T19:06:29.097Z,38.991213,-0.523787,099
927,Academic Maravall,Maulets,2023-10-16T19:06:29.097Z,38.991249,-0.518678,706
928,Maulets,Gregorio Molina,2023-10-16T19:06:29.097Z,38.992357,-0.519858,XXX
929,CV-645B,Beata InesA,2023-10-16T19:06:39.097Z,0.0,0.0,819
930,Corts Valencianes 1B,Aben FerriB,2023-10-16T19:06:39.097Z,38.986084,-0.534517,081
931,Corts Valencianes 2B,Ausias MarchB,2023-10-16T19:06:39.097Z,38.987684,-0.53061,334
932,PalasietB,CV-645B,2023-10-16T19:06:39.097Z,38.985252,-0.537441,False
933,Alfons MagnanimA,Aben FerriB,2023-10-16T19:06:39.097Z,38.986084,-0.534517,False
934,Alfons MagnanimB,9 OctubreB,2023-10-16T19:06:39.097Z,38.987144,-0.535236,False
935,Aben FerriB,PalasietB,2023-10-16T19:06:39.097Z,38.985489,-0.534157,356
936,9 OctubreB,Beata InesB,2023-10-16T19:06:39.097Z,38.987684,-0.53061,502
937,Ausias MarchA,Beata InesB,2023-10-16T19:06:39.097Z,38.987684,-0.53061,460
938,Beata InesA,Argenteria,2023-10-16T19:06:39.097Z,38.987684,-0.53061,255
939,Baixada estacio 1,Abu Masaifa,2023-10-16T19:06:39.097Z,38.991213,-0.523787,043
940,Gregorio Molina,Abu Masaifa,2023-10-16T19:06:39.097Z,38.991213,-0.523787,732
941,Albereda 2,N-340B,2023-10-16T19:06:39.097Z,38.990742,-0.513,460
942,Academic Maravall,Maulets,2023-10-16T19:06:39.097Z,38.991249,-0.518678,161
943,Cosmografo,Maulets,2023-10-16T19:06:39.097Z,38.991249,-0.518678,008
944,CV-645B,Beata InesA,2023-10-16T19:06:49.097Z,0.0,0.0,767
945,Corts Valencianes 1A,CV-645B,2023-10-16T19:06:49.097Z,38.985252,-0.537441,631
946,Corts Valencianes 2A,Alfons MagnanimB,2023-10-16T19:06:49.097Z,38.986084,-0.534517,False
947,PalasietB,CV-645B,2023-10-16T19:06:49.097Z,38.985252,-0.537441,669
948,Alfons MagnanimB,9 OctubreB,2023-10-16T19:06:49.097Z,38.987144,-0.535236,090
949,Aben FerriA,Alfons MagnanimB,2023-10-16T19:06:49.097Z,38.986084,-0.534517,325
950,Aben FerriB,Aben FerriA,2023-10-16T19:06:49.097Z,38.985489,-0.534157,081
951,Beata InesA,Corts Valencianes 2A,2023-10-16T19:06:49.097Z,38.987684,-0.53061,586
952,Beata InesB,CV-645A,2023-10-16T19:06:49.097Z,0.0,0.0,954
953,Gregorio Molina,Abu Masaifa,2023-10-16T19:06:49.097Z,38.991213,-0.523787,010
954,Albereda 2,Cosmografo,2023-10-16T19:06:49.097Z,38.990742,-0.513,908
955,Corts Valencianes 1B,Aben FerriB,2023-10-16T19:06:59.097Z,38.986084,-0.534517,699
956,PalasietA,PalasietB,2023-10-16T19:06:59.097Z,38.985489,-0.534157,969
957,PalasietB,CV-645B,2023-10-16T19:06:59.097Z,38.985252,-0.537441,109
958,Alfons MagnanimB,9 OctubreB,2023-10-16T19:06:59.097Z,38.987144,-0.535236,489
959,Aben FerriA,Aben FerriB,2023-10-16T19:06:59.097Z,38.986084,-0.534517,977
960,Aben FerriB,PalasietB,2023-10-16T19:06:59.097Z,38.985489,-0.534157,358
961,Argenteria,Aben FerriA,2023-10-16T19:06:59.097Z,38.985489,-0.534157,235
962,9 OctubreB,Corts Valencianes 2A,2023-10-16T19:06:59.097Z,38.987684,-0.53061,612
963,Beata InesB,N-340A,2023-10-16T19:06:59.097Z,0.0,0.0,747
964,Reina,Republica Argentina,2023-10-16T19:06:59.097Z,38.989955,-0.523503,583
965,Academic Maravall,Maulets,2023-10-16T19:06:59.097Z,38.991249,-0.518678,914
966,CV-645A,Corts Valencianes 1B,2023-10-16T19:07:09.097Z,38.985252,-0.537441,946
967,CV-645B,N-340A,2023-10-16T19:07:09.097Z,0.0,0.0,298
968,PalasietB,PalasietA,2023-10-16T19:07:09.097Z,38.985252,-0.537441,771
969,Alfons MagnanimB,9 OctubreB,2023-10-16T19:07:09.097Z,38.987144,-0.535236,337
970,Aben FerriA,Alfons MagnanimB,2023-10-16T19:07:09.097Z,38.986084,-0.534517,081
971,Albereda 1,Albereda 2,2023-10-16T19:07:09.097Z,38.990122,-0.519633,026
972,Carme 2,Albereda 2,2023-10-16T19:07:09.097Z,38.990122,-0.519633,False
973,Academic Maravall,Maulets,2023-10-16T19:07:09.097Z,38.991249,-0.518678,933
974,N-340B,N-340A,2023-10-16T19:07:09.097Z,0.0,0.0,438
975,Corts Valencianes 2A,Corts Valencianes 1A,2023-10-16T19:07:19.097Z,38.986084,-0.534517,991
976,PalasietB,CV-645B,2023-10-16T19:07:19.097Z,38.985252,-0.537441,356
977,Alfons MagnanimB,Alfons MagnanimA,2023-10-16T19:07:19.097Z,38.987144,-0.535236,riw
978,Aben FerriA,Alfons MagnanimB,2023-10-16T19:07:19.097Z,38.986084,-0.534517,235
979,Aben FerriB,PalasietB,2023-10-16T19:07:19.097Z,38.985489,-0.534157,197
980,Ausias MarchB,Ausias MarchA,2023-10-16T19:07:19.097Z,38.991913,-0.524291,False
981,Reina,Albereda 1,2023-10-16T19:07:19.097Z,38.989955,-0.523503,714
982,Baixada estacio 2,Albereda 1,2023-10-16T19:07:19.097Z,38.989955,-0.523503,497
983,Gregorio Molina,Baixada estacio 2,2023-10-16T19:07:19.097Z,38.991213,-0.523787,False
984,Carme 2,Albereda 2,2023-10-16T19:07:19.097Z,38.990122,-0.519633,197
985,Academic Maravall,Maulets,2023-10-16T19:07:19.097Z,38.991249,-0.518678,423
986,Cosmografo,Maulets,2023-10-16T19:07:19.097Z,38.991249,-0.518678,904
987,CV-645A,PalasietA,2023-10-16T19:07:29.097Z,38.985252,-0.537441,994
988,CV-645B,Beata InesA,2023-10-16T19:07:29.097Z,0.0,0.0,660
989,Corts Valencianes 1B,Corts Valencianes 1A,2023-10-16T19:07:29.097Z,38.986084,-0.534517,False
990,Corts Valencianes 2A,Alfons MagnanimB,2023-10-16T19:07:29.097Z,38.986084,-0.534517,766
991,PalasietB,Corts Valencianes 1B,2023-10-16T19:07:29.097Z,38.985252,-0.537441,996
992,Alfons MagnanimA,Corts Valencianes 1A,2023-10-16T19:07:29.097Z,38.986084,-0.534517,276
993,Alfons MagnanimB,Alfons MagnanimA,2023-10-16T19:07:29.097Z,38.987144,-0.535236,926
994,9 OctubreB,Argenteria,2023-10-16T19:07:29.097Z,38.987684,-0.53061,False
995,Ausias MarchB,Ausias MarchA,2023-10-16T19:07:29.097Z,38.991913,-0.524291,False
996,Gregorio Molina,Abu Masaifa,2023-10-16T19:07:29.097Z,38.991213,-0.523787,118
997,Albereda 2,N-340B,2023-10-16T19:07:29.097Z,38.990742,-0.513,901
998,Carme 2,Albereda 2,2023-10-16T19:07:29.097Z,38.990122,-0.519633,849
999,N-340B,CV-645A,2023-10-16T19:07:29.097Z,0.0,0.0,916
