,enter,exit,date,latitude,longitude,matricula
0,Ximen ToviaA,Ausias MarchA,2023-09-11T18:12:59.097Z,38.991913,-0.524291,162
1,Ximen ToviaB,N-340B,2023-09-11T18:12:59.097Z,38.992357,-0.519858,609
2,Gregorio Molina,Abu Masaifa,2023-09-11T18:12:59.097Z,38.991213,-0.523787,False
3,Albereda 1,Albereda 2,2023-09-11T18:12:59.097Z,38.990122,-0.519633,False
4,Albereda 2,N-340B,2023-09-11T18:12:59.097Z,38.990742,-0.513,889
5,Carme 2,Albereda 2,2023-09-11T18:12:59.097Z,38.990122,-0.519633,097
6,Maulets,N-340B,2023-09-11T18:12:59.097Z,38.992357,-0.519858,281
7,N-340A,Carme 1,2023-09-11T18:12:59.097Z,38.992357,-0.519858,316
8,CV-645A,PalasietA,2023-09-11T18:13:09.097Z,38.985252,-0.537441,523
9,CV-645B,CV-645B,2023-09-11T18:13:09.097Z,0.0,0.0,265
10,Corts Valencianes 1A,CV-645B,2023-09-11T18:13:09.097Z,38.985252,-0.537441,482
11,PalasietA,PalasietB,2023-09-11T18:13:09.097Z,38.985489,-0.534157,919
12,Aben FerriA,Alfons MagnanimB,2023-09-11T18:13:09.097Z,38.986084,-0.534517,020
13,9 OctubreA,Alfons MagnanimA,2023-09-11T18:13:09.097Z,38.987144,-0.535236,800
14,9 OctubreB,Corts Valencianes 2A,2023-09-11T18:13:09.097Z,38.987684,-0.53061,353
15,Ausias MarchA,Reina,2023-09-11T18:13:09.097Z,38.987684,-0.53061,776
16,Reina,Albereda 1,2023-09-11T18:13:09.097Z,38.989955,-0.523503,691
17,Carme 2,Albereda 2,2023-09-11T18:13:09.097Z,38.990122,-0.519633,890
18,Maulets,Gregorio Molina,2023-09-11T18:13:09.097Z,38.992357,-0.519858,171
19,N-340A,Gregorio Molina,2023-09-11T18:13:09.097Z,38.992357,-0.519858,433
20,CV-645B,N-340A,2023-09-11T18:13:19.097Z,0.0,0.0,978
21,Corts Valencianes 1A,Corts Valencianes 1B,2023-09-11T18:13:19.097Z,38.985252,-0.537441,669
22,Corts Valencianes 2A,Corts Valencianes 2B,2023-09-11T18:13:19.097Z,38.986084,-0.534517,409
23,Corts Valencianes 2B,Corts Valencianes 2A,2023-09-11T18:13:19.097Z,38.987684,-0.53061,123
24,PalasietA,Aben FerriA,2023-09-11T18:13:19.097Z,38.985489,-0.534157,474
25,Aben FerriA,Corts Valencianes 2B,2023-09-11T18:13:19.097Z,38.986084,-0.534517,False
26,Argenteria,Aben FerriA,2023-09-11T18:13:19.097Z,38.985489,-0.534157,543
27,9 OctubreA,Alfons MagnanimA,2023-09-11T18:13:19.097Z,38.987144,-0.535236,False
28,Abu Masaifa,Ausias MarchB,2023-09-11T18:13:19.097Z,38.987684,-0.53061,999
29,Beata InesA,Corts Valencianes 2A,2023-09-11T18:13:19.097Z,38.987684,-0.53061,913
30,Reina,Albereda 1,2023-09-11T18:13:19.097Z,38.989955,-0.523503,False
31,Cosmografo,Maulets,2023-09-11T18:13:19.097Z,38.991249,-0.518678,174
32,Maulets,Ximen ToviaA,2023-09-11T18:13:19.097Z,38.992357,-0.519858,False
33,N-340A,Carme 1,2023-09-11T18:13:19.097Z,38.992357,-0.519858,777
34,CV-645A,PalasietA,2023-09-11T18:13:29.097Z,38.985252,-0.537441,796
35,CV-645B,N-340A,2023-09-11T18:13:29.097Z,0.0,0.0,464
36,Corts Valencianes 1A,CV-645B,2023-09-11T18:13:29.097Z,38.985252,-0.537441,False
37,Corts Valencianes 1B,Corts Valencianes 2B,2023-09-11T18:13:29.097Z,38.986084,-0.534517,205
38,Corts Valencianes 2A,Corts Valencianes 1A,2023-09-11T18:13:29.097Z,38.986084,-0.534517,056
39,PalasietA,Aben FerriA,2023-09-11T18:13:29.097Z,38.985489,-0.534157,False
40,PalasietB,PalasietA,2023-09-11T18:13:29.097Z,38.985252,-0.537441,889
41,Alfons MagnanimA,Corts Valencianes 1A,2023-09-11T18:13:29.097Z,38.986084,-0.534517,910
42,9 OctubreA,Alfons MagnanimA,2023-09-11T18:13:29.097Z,38.987144,-0.535236,699
43,9 OctubreB,9 OctubreA,2023-09-11T18:13:29.097Z,38.987684,-0.53061,False
44,Ausias MarchB,Ausias MarchA,2023-09-11T18:13:29.097Z,38.991913,-0.524291,696
45,Beata InesA,Ausias MarchB,2023-09-11T18:13:29.097Z,38.987684,-0.53061,334
46,Beata InesB,Beata InesA,2023-09-11T18:13:29.097Z,0.0,0.0,760
47,Reina,Albereda 1,2023-09-11T18:13:29.097Z,38.989955,-0.523503,009
48,Ximen ToviaB,N-340B,2023-09-11T18:13:29.097Z,38.992357,-0.519858,940
49,Gregorio Molina,Baixada estacio 2,2023-09-11T18:13:29.097Z,38.991213,-0.523787,False
50,Albereda 2,N-340B,2023-09-11T18:13:29.097Z,38.990742,-0.513,063
51,Maulets,Carme 1,2023-09-11T18:13:29.097Z,38.992357,-0.519858,365
52,N-340A,Ximen ToviaA,2023-09-11T18:13:29.097Z,38.992357,-0.519858,303
53,CV-645A,Corts Valencianes 1B,2023-09-11T18:13:39.097Z,38.985252,-0.537441,959
54,Corts Valencianes 2A,Corts Valencianes 2B,2023-09-11T18:13:39.097Z,38.986084,-0.534517,353
55,PalasietA,Aben FerriA,2023-09-11T18:13:39.097Z,38.985489,-0.534157,254
56,Alfons MagnanimA,Corts Valencianes 1A,2023-09-11T18:13:39.097Z,38.986084,-0.534517,False
57,Alfons MagnanimB,Alfons MagnanimA,2023-09-11T18:13:39.097Z,38.987144,-0.535236,020
58,Aben FerriA,Corts Valencianes 1A,2023-09-11T18:13:39.097Z,38.986084,-0.534517,319
59,9 OctubreB,Corts Valencianes 2A,2023-09-11T18:13:39.097Z,38.987684,-0.53061,162
60,Abu Masaifa,Beata InesB,2023-09-11T18:13:39.097Z,38.987684,-0.53061,994
61,Ausias MarchA,9 OctubreA,2023-09-11T18:13:39.097Z,38.987684,-0.53061,979
62,Beata InesA,Corts Valencianes 2A,2023-09-11T18:13:39.097Z,38.987684,-0.53061,496
63,Reina,Albereda 1,2023-09-11T18:13:39.097Z,38.989955,-0.523503,891
64,Ximen ToviaB,Ximen ToviaA,2023-09-11T18:13:39.097Z,38.992357,-0.519858,785
65,Albereda 2,Cosmografo,2023-09-11T18:13:39.097Z,38.990742,-0.513,False
66,N-340A,Gregorio Molina,2023-09-11T18:13:39.097Z,38.992357,-0.519858,193
67,CV-645B,Beata InesA,2023-09-11T18:13:49.097Z,0.0,0.0,550
68,Corts Valencianes 1A,Corts Valencianes 1B,2023-09-11T18:13:49.097Z,38.985252,-0.537441,096
69,Corts Valencianes 2A,Corts Valencianes 1A,2023-09-11T18:13:49.097Z,38.986084,-0.534517,123
70,Corts Valencianes 2B,Beata InesB,2023-09-11T18:13:49.097Z,38.987684,-0.53061,False
71,PalasietB,CV-645B,2023-09-11T18:13:49.097Z,38.985252,-0.537441,954
72,Alfons MagnanimA,Alfons MagnanimB,2023-09-11T18:13:49.097Z,38.986084,-0.534517,False
73,Aben FerriA,Corts Valencianes 2B,2023-09-11T18:13:49.097Z,38.986084,-0.534517,130
74,Aben FerriB,PalasietB,2023-09-11T18:13:49.097Z,38.985489,-0.534157,059
75,9 OctubreA,Alfons MagnanimA,2023-09-11T18:13:49.097Z,38.987144,-0.535236,False
76,9 OctubreB,Beata InesB,2023-09-11T18:13:49.097Z,38.987684,-0.53061,862
77,Abu Masaifa,Argenteria,2023-09-11T18:13:49.097Z,38.987684,-0.53061,451
78,Ausias MarchB,Ausias MarchA,2023-09-11T18:13:49.097Z,38.991913,-0.524291,254
79,Beata InesA,Argenteria,2023-09-11T18:13:49.097Z,38.987684,-0.53061,928
80,Ximen ToviaB,Gregorio Molina,2023-09-11T18:13:49.097Z,38.992357,-0.519858,322
81,Gregorio Molina,Baixada estacio 2,2023-09-11T18:13:49.097Z,38.991213,-0.523787,193
82,Albereda 2,Cosmografo,2023-09-11T18:13:49.097Z,38.990742,-0.513,187
83,N-340A,Carme 1,2023-09-11T18:13:49.097Z,38.992357,-0.519858,False
84,Corts Valencianes 1A,Corts Valencianes 1B,2023-09-11T18:13:59.097Z,38.985252,-0.537441,910
85,Corts Valencianes 1B,Corts Valencianes 2B,2023-09-11T18:13:59.097Z,38.986084,-0.534517,329
86,Corts Valencianes 2A,Alfons MagnanimB,2023-09-11T18:13:59.097Z,38.986084,-0.534517,813
87,Corts Valencianes 2B,Argenteria,2023-09-11T18:13:59.097Z,38.987684,-0.53061,528
88,PalasietA,PalasietB,2023-09-11T18:13:59.097Z,38.985489,-0.534157,796
89,Alfons MagnanimA,Corts Valencianes 2B,2023-09-11T18:13:59.097Z,38.986084,-0.534517,432
90,Alfons MagnanimB,9 OctubreB,2023-09-11T18:13:59.097Z,38.987144,-0.535236,False
91,Aben FerriA,Aben FerriB,2023-09-11T18:13:59.097Z,38.986084,-0.534517,488
92,Argenteria,PalasietB,2023-09-11T18:13:59.097Z,38.985489,-0.534157,False
93,9 OctubreB,Argenteria,2023-09-11T18:13:59.097Z,38.987684,-0.53061,454
94,Abu Masaifa,Corts Valencianes 2A,2023-09-11T18:13:59.097Z,38.987684,-0.53061,971
95,Ausias MarchB,Baixada estacio 1,2023-09-11T18:13:59.097Z,38.991913,-0.524291,974
96,Beata InesA,9 OctubreA,2023-09-11T18:13:59.097Z,38.987684,-0.53061,760
97,Reina,Republica Argentina,2023-09-11T18:13:59.097Z,38.989955,-0.523503,076
98,Ximen ToviaA,Baixada estacio 1,2023-09-11T18:13:59.097Z,38.991913,-0.524291,False
99,Baixada estacio 1,Abu Masaifa,2023-09-11T18:13:59.097Z,38.991213,-0.523787,448
100,Gregorio Molina,Baixada estacio 2,2023-09-11T18:13:59.097Z,38.991213,-0.523787,322
101,Carme 2,Albereda 2,2023-09-11T18:13:59.097Z,38.990122,-0.519633,859
102,N-340A,Ximen ToviaA,2023-09-11T18:13:59.097Z,38.992357,-0.519858,725
103,Corts Valencianes 1A,CV-645B,2023-09-11T18:14:09.097Z,38.985252,-0.537441,047
104,Corts Valencianes 1B,Corts Valencianes 2B,2023-09-11T18:14:09.097Z,38.986084,-0.534517,616
105,PalasietA,Aben FerriA,2023-09-11T18:14:09.097Z,38.985489,-0.534157,863
106,Aben FerriB,PalasietB,2023-09-11T18:14:09.097Z,38.985489,-0.534157,488
107,Argenteria,PalasietB,2023-09-11T18:14:09.097Z,38.985489,-0.534157,647
108,Ausias MarchB,Ximen ToviaB,2023-09-11T18:14:09.097Z,38.991913,-0.524291,925
109,Reina,Albereda 1,2023-09-11T18:14:09.097Z,38.989955,-0.523503,284
110,Ximen ToviaA,Baixada estacio 1,2023-09-11T18:14:09.097Z,38.991913,-0.524291,303
111,Baixada estacio 1,Abu Masaifa,2023-09-11T18:14:09.097Z,38.991213,-0.523787,974
112,Baixada estacio 2,Republica Argentina,2023-09-11T18:14:09.097Z,38.989955,-0.523503,082
113,Albereda 2,Cosmografo,2023-09-11T18:14:09.097Z,38.990742,-0.513,447
114,Carme 1,Carme 2,2023-09-11T18:14:09.097Z,38.99105,-0.519778,418
115,N-340A,Gregorio Molina,2023-09-11T18:14:09.097Z,38.992357,-0.519858,047
116,Republica Argentina,Carme 2,2023-09-11T18:14:09.097Z,38.99105,-0.519778,043
117,Corts Valencianes 1A,PalasietA,2023-09-11T18:14:19.097Z,38.985252,-0.537441,319
118,Corts Valencianes 1B,Alfons MagnanimB,2023-09-11T18:14:19.097Z,38.986084,-0.534517,649
119,Corts Valencianes 2A,Alfons MagnanimB,2023-09-11T18:14:19.097Z,38.986084,-0.534517,False
120,PalasietB,CV-645B,2023-09-11T18:14:19.097Z,38.985252,-0.537441,837
121,Alfons MagnanimB,Alfons MagnanimA,2023-09-11T18:14:19.097Z,38.987144,-0.535236,813
122,Aben FerriA,Alfons MagnanimB,2023-09-11T18:14:19.097Z,38.986084,-0.534517,019
123,9 OctubreA,Alfons MagnanimA,2023-09-11T18:14:19.097Z,38.987144,-0.535236,979
124,9 OctubreB,Argenteria,2023-09-11T18:14:19.097Z,38.987684,-0.53061,False
125,Ximen ToviaA,Baixada estacio 1,2023-09-11T18:14:19.097Z,38.991913,-0.524291,678
126,Baixada estacio 1,Abu Masaifa,2023-09-11T18:14:19.097Z,38.991213,-0.523787,496
127,Albereda 1,Albereda 2,2023-09-11T18:14:19.097Z,38.990122,-0.519633,710
128,Carme 1,Academic Maravall,2023-09-11T18:14:19.097Z,38.99105,-0.519778,747
129,Carme 2,Albereda 2,2023-09-11T18:14:19.097Z,38.990122,-0.519633,071
130,Maulets,N-340B,2023-09-11T18:14:19.097Z,38.992357,-0.519858,999
131,N-340A,Ximen ToviaA,2023-09-11T18:14:19.097Z,38.992357,-0.519858,522
132,N-340B,CV-645A,2023-09-11T18:14:19.097Z,0.0,0.0,892
133,Republica Argentina,Academic Maravall,2023-09-11T18:14:19.097Z,38.99105,-0.519778,999
134,Corts Valencianes 1A,Corts Valencianes 1B,2023-09-11T18:14:29.097Z,38.985252,-0.537441,123
135,Corts Valencianes 1B,Aben FerriB,2023-09-11T18:14:29.097Z,38.986084,-0.534517,959
136,Corts Valencianes 2B,9 OctubreA,2023-09-11T18:14:29.097Z,38.987684,-0.53061,717
137,Alfons MagnanimB,Alfons MagnanimA,2023-09-11T18:14:29.097Z,38.987144,-0.535236,669
138,Aben FerriA,Alfons MagnanimB,2023-09-11T18:14:29.097Z,38.986084,-0.534517,257
139,Argenteria,PalasietB,2023-09-11T18:14:29.097Z,38.985489,-0.534157,928
140,9 OctubreA,9 OctubreB,2023-09-11T18:14:29.097Z,38.987144,-0.535236,760
141,Abu Masaifa,Ausias MarchB,2023-09-11T18:14:29.097Z,38.987684,-0.53061,948
142,Ausias MarchB,Ausias MarchA,2023-09-11T18:14:29.097Z,38.991913,-0.524291,914
143,Beata InesB,Beata InesA,2023-09-11T18:14:29.097Z,0.0,0.0,502
144,Reina,Republica Argentina,2023-09-11T18:14:29.097Z,38.989955,-0.523503,037
145,Baixada estacio 1,Baixada estacio 2,2023-09-11T18:14:29.097Z,38.991213,-0.523787,303
146,Baixada estacio 2,Albereda 1,2023-09-11T18:14:29.097Z,38.989955,-0.523503,193
147,Albereda 2,Cosmografo,2023-09-11T18:14:29.097Z,38.990742,-0.513,086
148,N-340B,N-340A,2023-09-11T18:14:29.097Z,0.0,0.0,231
149,Republica Argentina,Carme 2,2023-09-11T18:14:29.097Z,38.99105,-0.519778,False
150,CV-645A,PalasietA,2023-09-11T18:14:39.097Z,38.985252,-0.537441,582
151,CV-645B,N-340A,2023-09-11T18:14:39.097Z,0.0,0.0,090
152,Corts Valencianes 1B,Corts Valencianes 2B,2023-09-11T18:14:39.097Z,38.986084,-0.534517,950
153,Corts Valencianes 2A,Alfons MagnanimB,2023-09-11T18:14:39.097Z,38.986084,-0.534517,False
154,Corts Valencianes 2B,Reina,2023-09-11T18:14:39.097Z,38.987684,-0.53061,150
155,PalasietB,Corts Valencianes 1B,2023-09-11T18:14:39.097Z,38.985252,-0.537441,879
156,Alfons MagnanimA,Corts Valencianes 2B,2023-09-11T18:14:39.097Z,38.986084,-0.534517,020
157,Aben FerriA,Corts Valencianes 1A,2023-09-11T18:14:39.097Z,38.986084,-0.534517,146
158,Aben FerriB,Aben FerriA,2023-09-11T18:14:39.097Z,38.985489,-0.534157,959
159,Beata InesB,Beata InesA,2023-09-11T18:14:39.097Z,0.0,0.0,666
160,Reina,Albereda 1,2023-09-11T18:14:39.097Z,38.989955,-0.523503,False
161,Ximen ToviaB,N-340B,2023-09-11T18:14:39.097Z,38.992357,-0.519858,485
162,Baixada estacio 1,Baixada estacio 2,2023-09-11T18:14:39.097Z,38.991213,-0.523787,785
163,Baixada estacio 2,Albereda 1,2023-09-11T18:14:39.097Z,38.989955,-0.523503,322
164,Albereda 2,N-340B,2023-09-11T18:14:39.097Z,38.990742,-0.513,036
165,Academic Maravall,Maulets,2023-09-11T18:14:39.097Z,38.991249,-0.518678,747
166,Cosmografo,Maulets,2023-09-11T18:14:39.097Z,38.991249,-0.518678,False
167,N-340A,Ximen ToviaA,2023-09-11T18:14:39.097Z,38.992357,-0.519858,False
168,N-340B,Beata InesA,2023-09-11T18:14:39.097Z,0.0,0.0,849
169,CV-645B,N-340A,2023-09-11T18:14:49.097Z,0.0,0.0,699
170,Corts Valencianes 1A,Corts Valencianes 1B,2023-09-11T18:14:49.097Z,38.985252,-0.537441,746
171,Corts Valencianes 1B,Alfons MagnanimB,2023-09-11T18:14:49.097Z,38.986084,-0.534517,910
172,Corts Valencianes 2B,Argenteria,2023-09-11T18:14:49.097Z,38.987684,-0.53061,409
173,PalasietB,Corts Valencianes 1B,2023-09-11T18:14:49.097Z,38.985252,-0.537441,556
174,Alfons MagnanimA,Corts Valencianes 1A,2023-09-11T18:14:49.097Z,38.986084,-0.534517,False
175,Alfons MagnanimB,Alfons MagnanimA,2023-09-11T18:14:49.097Z,38.987144,-0.535236,152
176,Aben FerriA,Corts Valencianes 1A,2023-09-11T18:14:49.097Z,38.986084,-0.534517,480
177,Argenteria,PalasietB,2023-09-11T18:14:49.097Z,38.985489,-0.534157,945
178,9 OctubreB,Corts Valencianes 2A,2023-09-11T18:14:49.097Z,38.987684,-0.53061,700
179,Ausias MarchB,Ximen ToviaB,2023-09-11T18:14:49.097Z,38.991913,-0.524291,948
180,Beata InesB,Beata InesA,2023-09-11T18:14:49.097Z,0.0,0.0,894
181,Reina,Republica Argentina,2023-09-11T18:14:49.097Z,38.989955,-0.523503,383
182,Ximen ToviaA,Ausias MarchA,2023-09-11T18:14:49.097Z,38.991913,-0.524291,522
183,Ximen ToviaB,Ximen ToviaA,2023-09-11T18:14:49.097Z,38.992357,-0.519858,775
184,Albereda 1,Albereda 2,2023-09-11T18:14:49.097Z,38.990122,-0.519633,False
185,Albereda 2,N-340B,2023-09-11T18:14:49.097Z,38.990742,-0.513,408
186,Carme 1,Carme 2,2023-09-11T18:14:49.097Z,38.99105,-0.519778,False
187,Carme 2,Albereda 2,2023-09-11T18:14:49.097Z,38.990122,-0.519633,979
188,Maulets,Gregorio Molina,2023-09-11T18:14:49.097Z,38.992357,-0.519858,747
189,Corts Valencianes 1A,CV-645B,2023-09-11T18:14:59.097Z,38.985252,-0.537441,999
190,Corts Valencianes 1B,Corts Valencianes 1A,2023-09-11T18:14:59.097Z,38.986084,-0.534517,844
191,Corts Valencianes 2A,Corts Valencianes 2B,2023-09-11T18:14:59.097Z,38.986084,-0.534517,328
192,Corts Valencianes 2B,9 OctubreA,2023-09-11T18:14:59.097Z,38.987684,-0.53061,False
193,PalasietA,Aben FerriA,2023-09-11T18:14:59.097Z,38.985489,-0.534157,892
194,Alfons MagnanimA,Corts Valencianes 2B,2023-09-11T18:14:59.097Z,38.986084,-0.534517,813
195,Alfons MagnanimB,Alfons MagnanimA,2023-09-11T18:14:59.097Z,38.987144,-0.535236,910
196,Aben FerriA,Corts Valencianes 2B,2023-09-11T18:14:59.097Z,38.986084,-0.534517,497
197,Argenteria,PalasietB,2023-09-11T18:14:59.097Z,38.985489,-0.534157,846
198,9 OctubreA,Alfons MagnanimA,2023-09-11T18:14:59.097Z,38.987144,-0.535236,717
199,Beata InesA,Corts Valencianes 2A,2023-09-11T18:14:59.097Z,38.987684,-0.53061,550
200,Beata InesB,N-340A,2023-09-11T18:14:59.097Z,0.0,0.0,399
201,Ximen ToviaA,Ximen ToviaB,2023-09-11T18:14:59.097Z,38.991913,-0.524291,False
202,Carme 1,Carme 2,2023-09-11T18:14:59.097Z,38.99105,-0.519778,742
203,Carme 2,Albereda 2,2023-09-11T18:14:59.097Z,38.990122,-0.519633,110
204,Cosmografo,Maulets,2023-09-11T18:14:59.097Z,38.991249,-0.518678,187
205,N-340A,Carme 1,2023-09-11T18:14:59.097Z,38.992357,-0.519858,910
206,CV-645B,CV-645A,2023-09-11T18:15:09.097Z,0.0,0.0,589
207,Corts Valencianes 1B,Alfons MagnanimB,2023-09-11T18:15:09.097Z,38.986084,-0.534517,False
208,Corts Valencianes 2A,Alfons MagnanimB,2023-09-11T18:15:09.097Z,38.986084,-0.534517,700
209,Corts Valencianes 2B,Ausias MarchB,2023-09-11T18:15:09.097Z,38.987684,-0.53061,999
210,PalasietA,PalasietB,2023-09-11T18:15:09.097Z,38.985489,-0.534157,499
211,PalasietB,Corts Valencianes 1B,2023-09-11T18:15:09.097Z,38.985252,-0.537441,False
212,Alfons MagnanimA,Corts Valencianes 2B,2023-09-11T18:15:09.097Z,38.986084,-0.534517,162
213,Alfons MagnanimB,Alfons MagnanimA,2023-09-11T18:15:09.097Z,38.987144,-0.535236,257
214,Aben FerriA,Corts Valencianes 1A,2023-09-11T18:15:09.097Z,38.986084,-0.534517,543
215,Beata InesA,Corts Valencianes 2A,2023-09-11T18:15:09.097Z,38.987684,-0.53061,502
216,Beata InesB,Beata InesA,2023-09-11T18:15:09.097Z,0.0,0.0,272
217,Gregorio Molina,Abu Masaifa,2023-09-11T18:15:09.097Z,38.991213,-0.523787,186
218,Albereda 2,Cosmografo,2023-09-11T18:15:09.097Z,38.990742,-0.513,473
219,Academic Maravall,Maulets,2023-09-11T18:15:09.097Z,38.991249,-0.518678,946
220,Cosmografo,Maulets,2023-09-11T18:15:09.097Z,38.991249,-0.518678,964
221,N-340A,Gregorio Molina,2023-09-11T18:15:09.097Z,38.992357,-0.519858,666
222,CV-645B,CV-645A,2023-09-11T18:15:19.097Z,0.0,0.0,949
223,Corts Valencianes 1B,Corts Valencianes 2B,2023-09-11T18:15:19.097Z,38.986084,-0.534517,819
224,Corts Valencianes 2B,Reina,2023-09-11T18:15:19.097Z,38.987684,-0.53061,151
225,PalasietB,PalasietA,2023-09-11T18:15:19.097Z,38.985252,-0.537441,False
226,Alfons MagnanimA,Corts Valencianes 2B,2023-09-11T18:15:19.097Z,38.986084,-0.534517,026
227,Alfons MagnanimB,9 OctubreB,2023-09-11T18:15:19.097Z,38.987144,-0.535236,False
228,Aben FerriA,Aben FerriB,2023-09-11T18:15:19.097Z,38.986084,-0.534517,False
229,Argenteria,PalasietB,2023-09-11T18:15:19.097Z,38.985489,-0.534157,402
230,Abu Masaifa,Reina,2023-09-11T18:15:19.097Z,38.987684,-0.53061,496
231,Ausias MarchA,Corts Valencianes 2A,2023-09-11T18:15:19.097Z,38.987684,-0.53061,294
232,Beata InesA,Argenteria,2023-09-11T18:15:19.097Z,38.987684,-0.53061,False
233,Reina,Albereda 1,2023-09-11T18:15:19.097Z,38.989955,-0.523503,609
234,Ximen ToviaA,Ausias MarchA,2023-09-11T18:15:19.097Z,38.991913,-0.524291,775
235,Gregorio Molina,Abu Masaifa,2023-09-11T18:15:19.097Z,38.991213,-0.523787,747
236,Albereda 1,Albereda 2,2023-09-11T18:15:19.097Z,38.990122,-0.519633,302
237,Carme 1,Carme 2,2023-09-11T18:15:19.097Z,38.99105,-0.519778,100
238,Carme 2,Albereda 2,2023-09-11T18:15:19.097Z,38.990122,-0.519633,933
239,N-340A,Ximen ToviaA,2023-09-11T18:15:19.097Z,38.992357,-0.519858,464
240,N-340B,N-340A,2023-09-11T18:15:19.097Z,0.0,0.0,045
241,CV-645B,N-340A,2023-09-11T18:15:29.097Z,0.0,0.0,825
242,Corts Valencianes 1A,CV-645B,2023-09-11T18:15:29.097Z,38.985252,-0.537441,697
243,Corts Valencianes 1B,Aben FerriB,2023-09-11T18:15:29.097Z,38.986084,-0.534517,146
244,Corts Valencianes 2B,Reina,2023-09-11T18:15:29.097Z,38.987684,-0.53061,969
245,PalasietB,Corts Valencianes 1B,2023-09-11T18:15:29.097Z,38.985252,-0.537441,488
246,Alfons MagnanimA,Corts Valencianes 1A,2023-09-11T18:15:29.097Z,38.986084,-0.534517,False
247,Alfons MagnanimB,9 OctubreB,2023-09-11T18:15:29.097Z,38.987144,-0.535236,910
248,Aben FerriA,Corts Valencianes 2B,2023-09-11T18:15:29.097Z,38.986084,-0.534517,254
249,Aben FerriB,PalasietB,2023-09-11T18:15:29.097Z,38.985489,-0.534157,149
250,9 OctubreA,Alfons MagnanimA,2023-09-11T18:15:29.097Z,38.987144,-0.535236,False
251,Ausias MarchA,Ausias MarchB,2023-09-11T18:15:29.097Z,38.987684,-0.53061,616
252,Reina,Republica Argentina,2023-09-11T18:15:29.097Z,38.989955,-0.523503,120
253,Gregorio Molina,Abu Masaifa,2023-09-11T18:15:29.097Z,38.991213,-0.523787,433
254,Cosmografo,Maulets,2023-09-11T18:15:29.097Z,38.991249,-0.518678,086
255,N-340B,N-340B,2023-09-11T18:15:29.097Z,0.0,0.0,716
256,CV-645A,Corts Valencianes 1B,2023-09-11T18:15:39.097Z,38.985252,-0.537441,False
257,Corts Valencianes 1A,CV-645B,2023-09-11T18:15:39.097Z,38.985252,-0.537441,644
258,Corts Valencianes 2A,Corts Valencianes 1A,2023-09-11T18:15:39.097Z,38.986084,-0.534517,550
259,Corts Valencianes 2B,9 OctubreA,2023-09-11T18:15:39.097Z,38.987684,-0.53061,869
260,PalasietA,Aben FerriA,2023-09-11T18:15:39.097Z,38.985489,-0.534157,False
261,PalasietB,Corts Valencianes 1B,2023-09-11T18:15:39.097Z,38.985252,-0.537441,647
262,Alfons MagnanimA,Aben FerriB,2023-09-11T18:15:39.097Z,38.986084,-0.534517,910
263,Alfons MagnanimB,9 OctubreB,2023-09-11T18:15:39.097Z,38.987144,-0.535236,123
264,Aben FerriA,Aben FerriA,2023-09-11T18:15:39.097Z,38.986084,-0.534517,638
265,Aben FerriB,PalasietB,2023-09-11T18:15:39.097Z,38.985489,-0.534157,990
266,Argenteria,PalasietB,2023-09-11T18:15:39.097Z,38.985489,-0.534157,925
267,Ausias MarchA,Ausias MarchB,2023-09-11T18:15:39.097Z,38.987684,-0.53061,499
268,Beata InesA,9 OctubreA,2023-09-11T18:15:39.097Z,38.987684,-0.53061,845
269,Gregorio Molina,Baixada estacio 2,2023-09-11T18:15:39.097Z,38.991213,-0.523787,666
270,Albereda 2,Cosmografo,2023-09-11T18:15:39.097Z,38.990742,-0.513,716
271,Cosmografo,Maulets,2023-09-11T18:15:39.097Z,38.991249,-0.518678,479
272,CV-645A,PalasietA,2023-09-11T18:15:49.097Z,38.985252,-0.537441,949
273,CV-645B,Beata InesA,2023-09-11T18:15:49.097Z,0.0,0.0,896
274,Corts Valencianes 1A,CV-645B,2023-09-11T18:15:49.097Z,38.985252,-0.537441,543
275,Corts Valencianes 1B,Corts Valencianes 2B,2023-09-11T18:15:49.097Z,38.986084,-0.534517,556
276,Corts Valencianes 2A,Alfons MagnanimB,2023-09-11T18:15:49.097Z,38.986084,-0.534517,502
277,Corts Valencianes 2B,Corts Valencianes 2A,2023-09-11T18:15:49.097Z,38.987684,-0.53061,432
278,PalasietB,CV-645B,2023-09-11T18:15:49.097Z,38.985252,-0.537441,982
279,Alfons MagnanimA,Corts Valencianes 1A,2023-09-11T18:15:49.097Z,38.986084,-0.534517,717
280,Alfons MagnanimB,Alfons MagnanimA,2023-09-11T18:15:49.097Z,38.987144,-0.535236,760
281,Aben FerriA,Corts Valencianes 2B,2023-09-11T18:15:49.097Z,38.986084,-0.534517,959
282,Aben FerriB,PalasietB,2023-09-11T18:15:49.097Z,38.985489,-0.534157,146
283,Argenteria,PalasietB,2023-09-11T18:15:49.097Z,38.985489,-0.534157,False
284,9 OctubreB,Argenteria,2023-09-11T18:15:49.097Z,38.987684,-0.53061,False
285,Beata InesA,Corts Valencianes 2A,2023-09-11T18:15:49.097Z,38.987684,-0.53061,894
286,Beata InesB,CV-645A,2023-09-11T18:15:49.097Z,0.0,0.0,669
287,Reina,Albereda 1,2023-09-11T18:15:49.097Z,38.989955,-0.523503,False
288,Albereda 2,Cosmografo,2023-09-11T18:15:49.097Z,38.990742,-0.513,600
289,Cosmografo,Maulets,2023-09-11T18:15:49.097Z,38.991249,-0.518678,666
290,N-340B,CV-645A,2023-09-11T18:15:49.097Z,0.0,0.0,765
291,CV-645B,CV-645A,2023-09-11T18:15:59.097Z,0.0,0.0,631
292,Corts Valencianes 1B,Aben FerriB,2023-09-11T18:15:59.097Z,38.986084,-0.534517,077
293,Corts Valencianes 2B,Corts Valencianes 2A,2023-09-11T18:15:59.097Z,38.987684,-0.53061,816
294,PalasietB,CV-645B,2023-09-11T18:15:59.097Z,38.985252,-0.537441,966
295,Alfons MagnanimB,9 OctubreB,2023-09-11T18:15:59.097Z,38.987144,-0.535236,502
296,Aben FerriA,Corts Valencianes 2B,2023-09-11T18:15:59.097Z,38.986084,-0.534517,582
297,Aben FerriB,PalasietB,2023-09-11T18:15:59.097Z,38.985489,-0.534157,035
298,9 OctubreA,9 OctubreB,2023-09-11T18:15:59.097Z,38.987144,-0.535236,329
299,9 OctubreB,Ausias MarchB,2023-09-11T18:15:59.097Z,38.987684,-0.53061,910
300,Abu Masaifa,Ausias MarchB,2023-09-11T18:15:59.097Z,38.987684,-0.53061,176
301,Ausias MarchA,Argenteria,2023-09-11T18:15:59.097Z,38.987684,-0.53061,679
302,Ausias MarchB,Ximen ToviaB,2023-09-11T18:15:59.097Z,38.991913,-0.524291,245
303,Beata InesA,Corts Valencianes 2A,2023-09-11T18:15:59.097Z,38.987684,-0.53061,272
304,Reina,Republica Argentina,2023-09-11T18:15:59.097Z,38.989955,-0.523503,128
305,Ximen ToviaA,Ximen ToviaB,2023-09-11T18:15:59.097Z,38.991913,-0.524291,484
306,Albereda 1,Albereda 2,2023-09-11T18:15:59.097Z,38.990122,-0.519633,239
307,Carme 2,Albereda 2,2023-09-11T18:15:59.097Z,38.990122,-0.519633,722
308,CV-645B,Beata InesA,2023-09-11T18:16:09.097Z,0.0,0.0,217
309,Corts Valencianes 1A,CV-645B,2023-09-11T18:16:09.097Z,38.985252,-0.537441,False
310,Corts Valencianes 1B,Corts Valencianes 1A,2023-09-11T18:16:09.097Z,38.986084,-0.534517,488
311,Corts Valencianes 2A,Corts Valencianes 2B,2023-09-11T18:16:09.097Z,38.986084,-0.534517,294
312,Corts Valencianes 2B,Ausias MarchB,2023-09-11T18:16:09.097Z,38.987684,-0.53061,056
313,PalasietA,PalasietB,2023-09-11T18:16:09.097Z,38.985489,-0.534157,479
314,PalasietB,CV-645B,2023-09-11T18:16:09.097Z,38.985252,-0.537441,False
315,Alfons MagnanimA,Corts Valencianes 1A,2023-09-11T18:16:09.097Z,38.986084,-0.534517,257
316,Aben FerriB,Aben FerriA,2023-09-11T18:16:09.097Z,38.985489,-0.534157,077
317,9 OctubreA,Alfons MagnanimA,2023-09-11T18:16:09.097Z,38.987144,-0.535236,390
318,9 OctubreB,Reina,2023-09-11T18:16:09.097Z,38.987684,-0.53061,123
319,Abu Masaifa,Beata InesB,2023-09-11T18:16:09.097Z,38.987684,-0.53061,747
320,Ausias MarchA,Argenteria,2023-09-11T18:16:09.097Z,38.987684,-0.53061,522
321,Ausias MarchB,Ximen ToviaB,2023-09-11T18:16:09.097Z,38.991913,-0.524291,819
322,Reina,Albereda 1,2023-09-11T18:16:09.097Z,38.989955,-0.523503,888
323,Baixada estacio 2,Republica Argentina,2023-09-11T18:16:09.097Z,38.989955,-0.523503,303
324,Albereda 2,Cosmografo,2023-09-11T18:16:09.097Z,38.990742,-0.513,898
325,N-340A,Gregorio Molina,2023-09-11T18:16:09.097Z,38.992357,-0.519858,231
326,Republica Argentina,Carme 2,2023-09-11T18:16:09.097Z,38.99105,-0.519778,629
327,CV-645A,Corts Valencianes 1B,2023-09-11T18:16:19.097Z,38.985252,-0.537441,669
328,Corts Valencianes 1B,Aben FerriB,2023-09-11T18:16:19.097Z,38.986084,-0.534517,989
329,Corts Valencianes 2A,Corts Valencianes 1A,2023-09-11T18:16:19.097Z,38.986084,-0.534517,699
330,Corts Valencianes 2B,Ausias MarchB,2023-09-11T18:16:19.097Z,38.987684,-0.53061,994
331,PalasietA,PalasietB,2023-09-11T18:16:19.097Z,38.985489,-0.534157,697
332,PalasietB,CV-645B,2023-09-11T18:16:19.097Z,38.985252,-0.537441,False
333,Alfons MagnanimA,Alfons MagnanimB,2023-09-11T18:16:19.097Z,38.986084,-0.534517,998
334,9 OctubreB,Argenteria,2023-09-11T18:16:19.097Z,38.987684,-0.53061,502
335,Ausias MarchA,Ausias MarchB,2023-09-11T18:16:19.097Z,38.987684,-0.53061,714
336,Reina,Republica Argentina,2023-09-11T18:16:19.097Z,38.989955,-0.523503,958
337,Baixada estacio 2,Albereda 1,2023-09-11T18:16:19.097Z,38.989955,-0.523503,785
338,Albereda 2,Cosmografo,2023-09-11T18:16:19.097Z,38.990742,-0.513,969
339,Carme 1,Academic Maravall,2023-09-11T18:16:19.097Z,38.99105,-0.519778,262
340,N-340A,Ximen ToviaA,2023-09-11T18:16:19.097Z,38.992357,-0.519858,090
341,CV-645A,Corts Valencianes 1B,2023-09-11T18:16:29.097Z,38.985252,-0.537441,769
342,Corts Valencianes 1A,PalasietA,2023-09-11T18:16:29.097Z,38.985252,-0.537441,550
343,Corts Valencianes 1B,Corts Valencianes 2B,2023-09-11T18:16:29.097Z,38.986084,-0.534517,897
344,Corts Valencianes 2B,Reina,2023-09-11T18:16:29.097Z,38.987684,-0.53061,False
345,PalasietA,PalasietB,2023-09-11T18:16:29.097Z,38.985489,-0.534157,910
346,PalasietB,CV-645B,2023-09-11T18:16:29.097Z,38.985252,-0.537441,409
347,Aben FerriA,Corts Valencianes 1A,2023-09-11T18:16:29.097Z,38.986084,-0.534517,False
348,Aben FerriB,Aben FerriA,2023-09-11T18:16:29.097Z,38.985489,-0.534157,589
349,9 OctubreB,Reina,2023-09-11T18:16:29.097Z,38.987684,-0.53061,329
350,Abu Masaifa,Ausias MarchB,2023-09-11T18:16:29.097Z,38.987684,-0.53061,433
351,Beata InesA,Corts Valencianes 2A,2023-09-11T18:16:29.097Z,38.987684,-0.53061,968
352,Baixada estacio 2,Republica Argentina,2023-09-11T18:16:29.097Z,38.989955,-0.523503,171
353,Albereda 1,Albereda 2,2023-09-11T18:16:29.097Z,38.990122,-0.519633,886
354,Albereda 2,Cosmografo,2023-09-11T18:16:29.097Z,38.990742,-0.513,False
355,Carme 1,Academic Maravall,2023-09-11T18:16:29.097Z,38.99105,-0.519778,910
356,Carme 2,Albereda 2,2023-09-11T18:16:29.097Z,38.990122,-0.519633,441
357,Cosmografo,Maulets,2023-09-11T18:16:29.097Z,38.991249,-0.518678,856
358,N-340B,CV-645A,2023-09-11T18:16:29.097Z,0.0,0.0,519
359,CV-645A,PalasietA,2023-09-11T18:16:39.097Z,38.985252,-0.537441,631
360,Corts Valencianes 2A,Corts Valencianes 1A,2023-09-11T18:16:39.097Z,38.986084,-0.534517,616
361,Corts Valencianes 2B,Ausias MarchB,2023-09-11T18:16:39.097Z,38.987684,-0.53061,913
362,PalasietB,Corts Valencianes 1B,2023-09-11T18:16:39.097Z,38.985252,-0.537441,976
363,Alfons MagnanimA,Corts Valencianes 1A,2023-09-11T18:16:39.097Z,38.986084,-0.534517,945
364,Argenteria,Aben FerriA,2023-09-11T18:16:39.097Z,38.985489,-0.534157,914
365,Ausias MarchA,Beata InesB,2023-09-11T18:16:39.097Z,38.987684,-0.53061,False
366,Ausias MarchB,Ximen ToviaB,2023-09-11T18:16:39.097Z,38.991913,-0.524291,195
367,Beata InesA,Ausias MarchB,2023-09-11T18:16:39.097Z,38.987684,-0.53061,217
368,Beata InesB,Beata InesA,2023-09-11T18:16:39.097Z,0.0,0.0,False
369,Reina,Republica Argentina,2023-09-11T18:16:39.097Z,38.989955,-0.523503,305
370,Baixada estacio 2,Republica Argentina,2023-09-11T18:16:39.097Z,38.989955,-0.523503,994
371,Gregorio Molina,Abu Masaifa,2023-09-11T18:16:39.097Z,38.991213,-0.523787,230
372,Albereda 2,Cosmografo,2023-09-11T18:16:39.097Z,38.990742,-0.513,508
373,Carme 1,Carme 2,2023-09-11T18:16:39.097Z,38.99105,-0.519778,316
374,Academic Maravall,Maulets,2023-09-11T18:16:39.097Z,38.991249,-0.518678,232
375,Cosmografo,Maulets,2023-09-11T18:16:39.097Z,38.991249,-0.518678,696
376,N-340B,N-340A,2023-09-11T18:16:39.097Z,0.0,0.0,999
377,CV-645A,Corts Valencianes 1B,2023-09-11T18:16:49.097Z,38.985252,-0.537441,519
378,CV-645B,N-340A,2023-09-11T18:16:49.097Z,0.0,0.0,308
379,Corts Valencianes 1A,CV-645B,2023-09-11T18:16:49.097Z,38.985252,-0.537441,488
380,Corts Valencianes 2B,Ausias MarchB,2023-09-11T18:16:49.097Z,38.987684,-0.53061,474
381,PalasietB,CV-645B,2023-09-11T18:16:49.097Z,38.985252,-0.537441,497
382,Aben FerriA,Corts Valencianes 1A,2023-09-11T18:16:49.097Z,38.986084,-0.534517,889
383,Ausias MarchA,Argenteria,2023-09-11T18:16:49.097Z,38.987684,-0.53061,696
384,Reina,Republica Argentina,2023-09-11T18:16:49.097Z,38.989955,-0.523503,False
385,Ximen ToviaA,Baixada estacio 1,2023-09-11T18:16:49.097Z,38.991913,-0.524291,090
386,Gregorio Molina,Abu Masaifa,2023-09-11T18:16:49.097Z,38.991213,-0.523787,858
387,Carme 2,Albereda 2,2023-09-11T18:16:49.097Z,38.990122,-0.519633,719
388,Academic Maravall,Maulets,2023-09-11T18:16:49.097Z,38.991249,-0.518678,910
389,Cosmografo,Maulets,2023-09-11T18:16:49.097Z,38.991249,-0.518678,600
390,N-340A,Ximen ToviaA,2023-09-11T18:16:49.097Z,38.992357,-0.519858,894
391,N-340B,Beata InesA,2023-09-11T18:16:49.097Z,0.0,0.0,False
392,Corts Valencianes 1A,CV-645B,2023-09-11T18:16:59.097Z,38.985252,-0.537441,257
393,Corts Valencianes 1B,Alfons MagnanimB,2023-09-11T18:16:59.097Z,38.986084,-0.534517,669
394,Corts Valencianes 2B,Ausias MarchB,2023-09-11T18:16:59.097Z,38.987684,-0.53061,979
395,Aben FerriA,Corts Valencianes 2B,2023-09-11T18:16:59.097Z,38.986084,-0.534517,oeX
396,Argenteria,PalasietB,2023-09-11T18:16:59.097Z,38.985489,-0.534157,502
397,Beata InesA,Corts Valencianes 2A,2023-09-11T18:16:59.097Z,38.987684,-0.53061,487
398,Ximen ToviaB,N-340B,2023-09-11T18:16:59.097Z,38.992357,-0.519858,False
399,N-340A,Ximen ToviaA,2023-09-11T18:16:59.097Z,38.992357,-0.519858,777
400,N-340B,N-340B,2023-09-11T18:16:59.097Z,0.0,0.0,757
401,Corts Valencianes 1A,PalasietA,2023-09-11T18:17:09.097Z,38.985252,-0.537441,432
402,Corts Valencianes 1B,Corts Valencianes 2B,2023-09-11T18:17:09.097Z,38.986084,-0.534517,765
403,Corts Valencianes 2B,Beata InesB,2023-09-11T18:17:09.097Z,38.987684,-0.53061,879
404,PalasietB,CV-645B,2023-09-11T18:17:09.097Z,38.985252,-0.537441,926
405,Aben FerriA,Corts Valencianes 2B,2023-09-11T18:17:09.097Z,38.986084,-0.534517,989
406,Argenteria,PalasietB,2023-09-11T18:17:09.097Z,38.985489,-0.534157,False
407,Abu Masaifa,9 OctubreA,2023-09-11T18:17:09.097Z,38.987684,-0.53061,231
408,Cosmografo,Maulets,2023-09-11T18:17:09.097Z,38.991249,-0.518678,676
409,Corts Valencianes 1A,CV-645B,2023-09-11T18:17:19.097Z,38.985252,-0.537441,460
410,Corts Valencianes 1B,Alfons MagnanimB,2023-09-11T18:17:19.097Z,38.986084,-0.534517,False
411,Corts Valencianes 2A,Corts Valencianes 1A,2023-09-11T18:17:19.097Z,38.986084,-0.534517,836
412,Alfons MagnanimB,9 OctubreB,2023-09-11T18:17:19.097Z,38.987144,-0.535236,364
413,Aben FerriA,Corts Valencianes 1A,2023-09-11T18:17:19.097Z,38.986084,-0.534517,False
414,Argenteria,PalasietB,2023-09-11T18:17:19.097Z,38.985489,-0.534157,False
415,Abu Masaifa,Reina,2023-09-11T18:17:19.097Z,38.987684,-0.53061,047
416,Beata InesA,Argenteria,2023-09-11T18:17:19.097Z,38.987684,-0.53061,471
417,Reina,Republica Argentina,2023-09-11T18:17:19.097Z,38.989955,-0.523503,669
418,Baixada estacio 1,Abu Masaifa,2023-09-11T18:17:19.097Z,38.991213,-0.523787,090
419,Cosmografo,Maulets,2023-09-11T18:17:19.097Z,38.991249,-0.518678,508
420,CV-645B,Beata InesA,2023-09-11T18:17:29.097Z,0.0,0.0,364
421,Corts Valencianes 1A,PalasietA,2023-09-11T18:17:29.097Z,38.985252,-0.537441,816
422,Corts Valencianes 1B,Corts Valencianes 2B,2023-09-11T18:17:29.097Z,38.986084,-0.534517,919
423,Corts Valencianes 2B,9 OctubreA,2023-09-11T18:17:29.097Z,38.987684,-0.53061,026
424,PalasietA,Aben FerriA,2023-09-11T18:17:29.097Z,38.985489,-0.534157,550
425,Alfons MagnanimB,9 OctubreB,2023-09-11T18:17:29.097Z,38.987144,-0.535236,710
426,9 OctubreA,Alfons MagnanimA,2023-09-11T18:17:29.097Z,38.987144,-0.535236,231
427,N-340B,N-340A,2023-09-11T18:17:29.097Z,0.0,0.0,303
428,CV-645B,CV-645A,2023-09-11T18:17:39.097Z,0.0,0.0,048
429,Corts Valencianes 1A,Corts Valencianes 1B,2023-09-11T18:17:39.097Z,38.985252,-0.537441,849
430,Corts Valencianes 2A,Alfons MagnanimB,2023-09-11T18:17:39.097Z,38.986084,-0.534517,976
431,PalasietA,Aben FerriA,2023-09-11T18:17:39.097Z,38.985489,-0.534157,631
432,Alfons MagnanimA,Corts Valencianes 2B,2023-09-11T18:17:39.097Z,38.986084,-0.534517,230
433,Aben FerriA,Aben FerriB,2023-09-11T18:17:39.097Z,38.986084,-0.534517,550
434,9 OctubreB,Ausias MarchB,2023-09-11T18:17:39.097Z,38.987684,-0.53061,964
435,Reina,Albereda 1,2023-09-11T18:17:39.097Z,38.989955,-0.523503,997
436,Ximen ToviaA,Ximen ToviaB,2023-09-11T18:17:39.097Z,38.991913,-0.524291,694
437,N-340B,Beata InesA,2023-09-11T18:17:39.097Z,0.0,0.0,997
438,CV-645B,N-340A,2023-09-11T18:17:49.097Z,0.0,0.0,423
439,Corts Valencianes 1B,Aben FerriB,2023-09-11T18:17:49.097Z,38.986084,-0.534517,849
440,Corts Valencianes 2B,9 OctubreA,2023-09-11T18:17:49.097Z,38.987684,-0.53061,059
441,PalasietA,PalasietB,2023-09-11T18:17:49.097Z,38.985489,-0.534157,432
442,Alfons MagnanimB,9 OctubreB,2023-09-11T18:17:49.097Z,38.987144,-0.535236,487
443,Reina,Albereda 1,2023-09-11T18:17:49.097Z,38.989955,-0.523503,216
444,Ximen ToviaA,Baixada estacio 1,2023-09-11T18:17:49.097Z,38.991913,-0.524291,399
445,N-340B,Beata InesA,2023-09-11T18:17:49.097Z,0.0,0.0,332
446,Corts Valencianes 1A,CV-645B,2023-09-11T18:17:59.097Z,38.985252,-0.537441,863
447,Corts Valencianes 2B,Corts Valencianes 2A,2023-09-11T18:17:59.097Z,38.987684,-0.53061,959
448,PalasietB,CV-645B,2023-09-11T18:17:59.097Z,38.985252,-0.537441,False
449,Aben FerriB,PalasietB,2023-09-11T18:17:59.097Z,38.985489,-0.534157,845
450,Argenteria,PalasietB,2023-09-11T18:17:59.097Z,38.985489,-0.534157,479
451,Reina,Albereda 1,2023-09-11T18:17:59.097Z,38.989955,-0.523503,585
452,Baixada estacio 1,Baixada estacio 2,2023-09-11T18:17:59.097Z,38.991213,-0.523787,661
453,N-340B,N-340A,2023-09-11T18:17:59.097Z,0.0,0.0,916
454,CV-645A,PalasietA,2023-09-11T18:18:09.097Z,38.985252,-0.537441,iXX
455,CV-645B,Beata InesA,2023-09-11T18:18:09.097Z,0.0,0.0,657
456,Corts Valencianes 2A,Alfons MagnanimB,2023-09-11T18:18:09.097Z,38.986084,-0.534517,959
457,Corts Valencianes 2B,Ausias MarchB,2023-09-11T18:18:09.097Z,38.987684,-0.53061,582
458,PalasietB,CV-645B,2023-09-11T18:18:09.097Z,38.985252,-0.537441,910
459,Argenteria,PalasietB,2023-09-11T18:18:09.097Z,38.985489,-0.534157,False
460,9 OctubreA,9 OctubreB,2023-09-11T18:18:09.097Z,38.987144,-0.535236,026
461,9 OctubreB,Argenteria,2023-09-11T18:18:09.097Z,38.987684,-0.53061,149
462,Beata InesA,Corts Valencianes 2A,2023-09-11T18:18:09.097Z,38.987684,-0.53061,364
463,Reina,Albereda 1,2023-09-11T18:18:09.097Z,38.989955,-0.523503,362
464,N-340A,Gregorio Molina,2023-09-11T18:18:09.097Z,38.992357,-0.519858,919
465,N-340B,N-340B,2023-09-11T18:18:09.097Z,0.0,0.0,826
466,CV-645B,CV-645A,2023-09-11T18:18:19.097Z,0.0,0.0,676
467,Corts Valencianes 1A,Corts Valencianes 1B,2023-09-11T18:18:19.097Z,38.985252,-0.537441,679
468,Corts Valencianes 1B,Corts Valencianes 2B,2023-09-11T18:18:19.097Z,38.986084,-0.534517,246
469,Corts Valencianes 2B,Reina,2023-09-11T18:18:19.097Z,38.987684,-0.53061,294
470,PalasietB,Corts Valencianes 1B,2023-09-11T18:18:19.097Z,38.985252,-0.537441,507
471,Aben FerriB,PalasietB,2023-09-11T18:18:19.097Z,38.985489,-0.534157,386
472,9 OctubreA,9 OctubreB,2023-09-11T18:18:19.097Z,38.987144,-0.535236,109
473,Beata InesA,Argenteria,2023-09-11T18:18:19.097Z,38.987684,-0.53061,False
474,Beata InesB,N-340A,2023-09-11T18:18:19.097Z,0.0,0.0,994
475,Reina,Republica Argentina,2023-09-11T18:18:19.097Z,38.989955,-0.523503,919
476,N-340A,Carme 1,2023-09-11T18:18:19.097Z,38.992357,-0.519858,676
477,CV-645B,N-340A,2023-09-11T18:18:29.097Z,0.0,0.0,883
478,Corts Valencianes 1B,Aben FerriB,2023-09-11T18:18:29.097Z,38.986084,-0.534517,914
479,Corts Valencianes 2A,Corts Valencianes 1A,2023-09-11T18:18:29.097Z,38.986084,-0.534517,364
480,Corts Valencianes 2B,Reina,2023-09-11T18:18:29.097Z,38.987684,-0.53061,697
481,PalasietA,Aben FerriA,2023-09-11T18:18:29.097Z,38.985489,-0.534157,048
482,PalasietB,PalasietA,2023-09-11T18:18:29.097Z,38.985252,-0.537441,False
483,9 OctubreA,9 OctubreB,2023-09-11T18:18:29.097Z,38.987144,-0.535236,662
484,9 OctubreB,9 OctubreA,2023-09-11T18:18:29.097Z,38.987684,-0.53061,487
485,Beata InesA,Corts Valencianes 2A,2023-09-11T18:18:29.097Z,38.987684,-0.53061,487
486,Albereda 2,N-340B,2023-09-11T18:18:29.097Z,38.990742,-0.513,713
487,Maulets,N-340B,2023-09-11T18:18:29.097Z,38.992357,-0.519858,196
488,N-340A,Gregorio Molina,2023-09-11T18:18:29.097Z,38.992357,-0.519858,889
489,CV-645A,PalasietA,2023-09-11T18:18:39.097Z,38.985252,-0.537441,676
490,CV-645B,CV-645A,2023-09-11T18:18:39.097Z,0.0,0.0,696
491,Corts Valencianes 1B,Aben FerriB,2023-09-11T18:18:39.097Z,38.986084,-0.534517,507
492,Corts Valencianes 2A,Alfons MagnanimB,2023-09-11T18:18:39.097Z,38.986084,-0.534517,332
493,Corts Valencianes 2B,Reina,2023-09-11T18:18:39.097Z,38.987684,-0.53061,796
494,PalasietA,Aben FerriA,2023-09-11T18:18:39.097Z,38.985489,-0.534157,False
495,PalasietB,CV-645B,2023-09-11T18:18:39.097Z,38.985252,-0.537441,False
496,Aben FerriA,Corts Valencianes 2B,2023-09-11T18:18:39.097Z,38.986084,-0.534517,075
497,Argenteria,PalasietB,2023-09-11T18:18:39.097Z,38.985489,-0.534157,771
498,Abu Masaifa,Argenteria,2023-09-11T18:18:39.097Z,38.987684,-0.53061,090
499,Albereda 2,Cosmografo,2023-09-11T18:18:39.097Z,38.990742,-0.513,908
500,Maulets,Ximen ToviaA,2023-09-11T18:18:39.097Z,38.992357,-0.519858,116
501,N-340A,Gregorio Molina,2023-09-11T18:18:39.097Z,38.992357,-0.519858,308
502,PalasietB,CV-645B,2023-09-11T18:18:49.097Z,38.985252,-0.537441,597
503,Alfons MagnanimB,9 OctubreB,2023-09-11T18:18:49.097Z,38.987144,-0.535236,332
504,Aben FerriA,Corts Valencianes 1A,2023-09-11T18:18:49.097Z,38.986084,-0.534517,048
505,Aben FerriB,PalasietB,2023-09-11T18:18:49.097Z,38.985489,-0.534157,334
506,Argenteria,Aben FerriA,2023-09-11T18:18:49.097Z,38.985489,-0.534157,False
507,9 OctubreA,Alfons MagnanimA,2023-09-11T18:18:49.097Z,38.987144,-0.535236,False
508,9 OctubreB,Argenteria,2023-09-11T18:18:49.097Z,38.987684,-0.53061,109
509,Ausias MarchB,Baixada estacio 1,2023-09-11T18:18:49.097Z,38.991913,-0.524291,910
510,Baixada estacio 2,Albereda 1,2023-09-11T18:18:49.097Z,38.989955,-0.523503,399
511,Albereda 1,Albereda 2,2023-09-11T18:18:49.097Z,38.990122,-0.519633,808
512,Carme 2,Albereda 2,2023-09-11T18:18:49.097Z,38.990122,-0.519633,983
513,Maulets,Gregorio Molina,2023-09-11T18:18:49.097Z,38.992357,-0.519858,946
514,N-340A,Ximen ToviaA,2023-09-11T18:18:49.097Z,38.992357,-0.519858,303
515,Corts Valencianes 2B,Argenteria,2023-09-11T18:18:59.097Z,38.987684,-0.53061,989
516,PalasietA,Aben FerriA,2023-09-11T18:18:59.097Z,38.985489,-0.534157,676
517,PalasietB,CV-645B,2023-09-11T18:18:59.097Z,38.985252,-0.537441,432
518,Alfons MagnanimA,Aben FerriB,2023-09-11T18:18:59.097Z,38.986084,-0.534517,700
519,Aben FerriA,Corts Valencianes 2B,2023-09-11T18:18:59.097Z,38.986084,-0.534517,False
520,Ausias MarchB,Ausias MarchA,2023-09-11T18:18:59.097Z,38.991913,-0.524291,186
521,Beata InesB,N-340A,2023-09-11T18:18:59.097Z,0.0,0.0,747
522,Ximen ToviaB,N-340B,2023-09-11T18:18:59.097Z,38.992357,-0.519858,898
523,Carme 1,Carme 2,2023-09-11T18:18:59.097Z,38.99105,-0.519778,918
524,Cosmografo,Maulets,2023-09-11T18:18:59.097Z,38.991249,-0.518678,999
525,N-340A,Ximen ToviaA,2023-09-11T18:18:59.097Z,38.992357,-0.519858,423
526,N-340B,N-340A,2023-09-11T18:18:59.097Z,0.0,0.0,957
527,Republica Argentina,Carme 2,2023-09-11T18:18:59.097Z,38.99105,-0.519778,977
528,CV-645B,Beata InesA,2023-09-11T18:19:09.097Z,0.0,0.0,271
529,Corts Valencianes 1A,Corts Valencianes 1B,2023-09-11T18:19:09.097Z,38.985252,-0.537441,False
530,Corts Valencianes 2B,Beata InesB,2023-09-11T18:19:09.097Z,38.987684,-0.53061,090
531,Alfons MagnanimA,Aben FerriB,2023-09-11T18:19:09.097Z,38.986084,-0.534517,976
532,Argenteria,Aben FerriA,2023-09-11T18:19:09.097Z,38.985489,-0.534157,109
533,Ausias MarchB,Ausias MarchA,2023-09-11T18:19:09.097Z,38.991913,-0.524291,950
534,Beata InesA,Corts Valencianes 2A,2023-09-11T18:19:09.097Z,38.987684,-0.53061,657
535,Ximen ToviaA,Baixada estacio 1,2023-09-11T18:19:09.097Z,38.991913,-0.524291,181
536,Baixada estacio 1,Abu Masaifa,2023-09-11T18:19:09.097Z,38.991213,-0.523787,910
537,Gregorio Molina,Baixada estacio 2,2023-09-11T18:19:09.097Z,38.991213,-0.523787,989
538,Albereda 2,N-340B,2023-09-11T18:19:09.097Z,38.990742,-0.513,175
539,Carme 1,Academic Maravall,2023-09-11T18:19:09.097Z,38.99105,-0.519778,825
540,Maulets,N-340B,2023-09-11T18:19:09.097Z,38.992357,-0.519858,086
541,Republica Argentina,Academic Maravall,2023-09-11T18:19:09.097Z,38.99105,-0.519778,318
542,Corts Valencianes 1B,Corts Valencianes 2B,2023-09-11T18:19:19.097Z,38.986084,-0.534517,364
543,PalasietB,Corts Valencianes 1B,2023-09-11T18:19:19.097Z,38.985252,-0.537441,470
544,Aben FerriA,Corts Valencianes 2B,2023-09-11T18:19:19.097Z,38.986084,-0.534517,971
545,Aben FerriB,PalasietB,2023-09-11T18:19:19.097Z,38.985489,-0.534157,False
546,9 OctubreB,Argenteria,2023-09-11T18:19:19.097Z,38.987684,-0.53061,562
547,Ausias MarchA,Reina,2023-09-11T18:19:19.097Z,38.987684,-0.53061,716
548,Ausias MarchB,Ausias MarchA,2023-09-11T18:19:19.097Z,38.991913,-0.524291,020
549,Ximen ToviaA,Baixada estacio 1,2023-09-11T18:19:19.097Z,38.991913,-0.524291,343
550,Gregorio Molina,Abu Masaifa,2023-09-11T18:19:19.097Z,38.991213,-0.523787,308
551,Maulets,Ximen ToviaA,2023-09-11T18:19:19.097Z,38.992357,-0.519858,473
552,N-340A,Ximen ToviaA,2023-09-11T18:19:19.097Z,38.992357,-0.519858,916
553,Republica Argentina,Academic Maravall,2023-09-11T18:19:19.097Z,38.99105,-0.519778,926
554,CV-645B,CV-645A,2023-09-11T18:19:29.097Z,0.0,0.0,159
555,Corts Valencianes 2B,Reina,2023-09-11T18:19:29.097Z,38.987684,-0.53061,315
556,PalasietB,CV-645B,2023-09-11T18:19:29.097Z,38.985252,-0.537441,971
557,Aben FerriA,Corts Valencianes 1A,2023-09-11T18:19:29.097Z,38.986084,-0.534517,676
558,Aben FerriB,PalasietB,2023-09-11T18:19:29.097Z,38.985489,-0.534157,760
559,Ausias MarchA,Argenteria,2023-09-11T18:19:29.097Z,38.987684,-0.53061,950
560,Ausias MarchB,Baixada estacio 1,2023-09-11T18:19:29.097Z,38.991913,-0.524291,714
561,Beata InesA,Ausias MarchB,2023-09-11T18:19:29.097Z,38.987684,-0.53061,867
562,Ximen ToviaA,Ximen ToviaB,2023-09-11T18:19:29.097Z,38.991913,-0.524291,421
563,Baixada estacio 1,Abu Masaifa,2023-09-11T18:19:29.097Z,38.991213,-0.523787,187
564,Baixada estacio 2,Republica Argentina,2023-09-11T18:19:29.097Z,38.989955,-0.523503,989
565,Albereda 2,N-340B,2023-09-11T18:19:29.097Z,38.990742,-0.513,017
566,Academic Maravall,Maulets,2023-09-11T18:19:29.097Z,38.991249,-0.518678,825
567,N-340A,Ximen ToviaA,2023-09-11T18:19:29.097Z,38.992357,-0.519858,994
568,Corts Valencianes 1A,CV-645B,2023-09-11T18:19:39.097Z,38.985252,-0.537441,836
569,Corts Valencianes 2B,Argenteria,2023-09-11T18:19:39.097Z,38.987684,-0.53061,231
570,Aben FerriA,Corts Valencianes 1A,2023-09-11T18:19:39.097Z,38.986084,-0.534517,059
571,9 OctubreB,9 OctubreA,2023-09-11T18:19:39.097Z,38.987684,-0.53061,332
572,Baixada estacio 1,Baixada estacio 1,2023-09-11T18:19:39.097Z,38.991213,-0.523787,343
573,Gregorio Molina,Abu Masaifa,2023-09-11T18:19:39.097Z,38.991213,-0.523787,False
574,Carme 2,Albereda 2,2023-09-11T18:19:39.097Z,38.990122,-0.519633,819
575,Maulets,Ximen ToviaA,2023-09-11T18:19:39.097Z,38.992357,-0.519858,199
576,N-340A,Carme 1,2023-09-11T18:19:39.097Z,38.992357,-0.519858,883
577,N-340B,N-340A,2023-09-11T18:19:39.097Z,0.0,0.0,False
578,Republica Argentina,Carme 2,2023-09-11T18:19:39.097Z,38.99105,-0.519778,False
579,CV-645A,PalasietA,2023-09-11T18:19:49.097Z,38.985252,-0.537441,712
580,CV-645B,CV-645A,2023-09-11T18:19:49.097Z,0.0,0.0,718
581,Corts Valencianes 1B,Alfons MagnanimB,2023-09-11T18:19:49.097Z,38.986084,-0.534517,471
582,Corts Valencianes 2A,Aben FerriB,2023-09-11T18:19:49.097Z,38.986084,-0.534517,697
583,Corts Valencianes 2B,Reina,2023-09-11T18:19:49.097Z,38.987684,-0.53061,206
584,PalasietB,Corts Valencianes 1B,2023-09-11T18:19:49.097Z,38.985252,-0.537441,356
585,Aben FerriA,Corts Valencianes 1A,2023-09-11T18:19:49.097Z,38.986084,-0.534517,False
586,Aben FerriB,Aben FerriA,2023-09-11T18:19:49.097Z,38.985489,-0.534157,487
587,Argenteria,Aben FerriA,2023-09-11T18:19:49.097Z,38.985489,-0.534157,662
588,Ausias MarchB,Ausias MarchA,2023-09-11T18:19:49.097Z,38.991913,-0.524291,433
589,Ximen ToviaA,Ximen ToviaB,2023-09-11T18:19:49.097Z,38.991913,-0.524291,725
590,Gregorio Molina,Abu Masaifa,2023-09-11T18:19:49.097Z,38.991213,-0.523787,747
591,Carme 2,Albereda 2,2023-09-11T18:19:49.097Z,38.990122,-0.519633,981
592,Maulets,Carme 1,2023-09-11T18:19:49.097Z,38.992357,-0.519858,589
593,N-340A,Carme 1,2023-09-11T18:19:49.097Z,38.992357,-0.519858,767
594,N-340B,N-340A,2023-09-11T18:19:49.097Z,0.0,0.0,637
595,CV-645A,Corts Valencianes 1B,2023-09-11T18:19:59.097Z,38.985252,-0.537441,159
596,Corts Valencianes 1A,CV-645B,2023-09-11T18:19:59.097Z,38.985252,-0.537441,556
597,Corts Valencianes 1B,Corts Valencianes 2B,2023-09-11T18:19:59.097Z,38.986084,-0.534517,356
598,Corts Valencianes 2B,Ausias MarchB,2023-09-11T18:19:59.097Z,38.987684,-0.53061,XXX
599,PalasietB,Corts Valencianes 1B,2023-09-11T18:19:59.097Z,38.985252,-0.537441,718
600,Alfons MagnanimB,9 OctubreB,2023-09-11T18:19:59.097Z,38.987144,-0.535236,False
601,Argenteria,Aben FerriA,2023-09-11T18:19:59.097Z,38.985489,-0.534157,990
602,9 OctubreA,Alfons MagnanimA,2023-09-11T18:19:59.097Z,38.987144,-0.535236,816
603,Abu Masaifa,Abu Masaifa,2023-09-11T18:19:59.097Z,38.987684,-0.53061,910
604,Ximen ToviaA,Ausias MarchA,2023-09-11T18:19:59.097Z,38.991913,-0.524291,261
605,Baixada estacio 1,Abu Masaifa,2023-09-11T18:19:59.097Z,38.991213,-0.523787,714
606,Academic Maravall,Maulets,2023-09-11T18:19:59.097Z,38.991249,-0.518678,318
607,N-340A,Carme 1,2023-09-11T18:19:59.097Z,38.992357,-0.519858,951
608,N-340B,Beata InesA,2023-09-11T18:19:59.097Z,0.0,0.0,274
609,CV-645B,Beata InesA,2023-09-11T18:20:09.097Z,0.0,0.0,485
610,Corts Valencianes 2B,Beata InesB,2023-09-11T18:20:09.097Z,38.987684,-0.53061,False
611,PalasietA,PalasietA,2023-09-11T18:20:09.097Z,38.985489,-0.534157,122
612,Alfons MagnanimA,Corts Valencianes 1A,2023-09-11T18:20:09.097Z,38.986084,-0.534517,337
613,Aben FerriA,Corts Valencianes 1A,2023-09-11T18:20:09.097Z,38.986084,-0.534517,False
614,Aben FerriB,PalasietB,2023-09-11T18:20:09.097Z,38.985489,-0.534157,697
615,Argenteria,PalasietB,2023-09-11T18:20:09.097Z,38.985489,-0.534157,660
616,Abu Masaifa,Reina,2023-09-11T18:20:09.097Z,38.987684,-0.53061,303
617,Ausias MarchB,Ausias MarchA,2023-09-11T18:20:09.097Z,38.991913,-0.524291,813
618,Academic Maravall,Maulets,2023-09-11T18:20:09.097Z,38.991249,-0.518678,126
619,CV-645A,PalasietA,2023-09-11T18:20:19.097Z,38.985252,-0.537441,718
620,Corts Valencianes 2A,Corts Valencianes 2B,2023-09-11T18:20:19.097Z,38.986084,-0.534517,614
621,PalasietB,PalasietA,2023-09-11T18:20:19.097Z,38.985252,-0.537441,False
622,Aben FerriA,Alfons MagnanimB,2023-09-11T18:20:19.097Z,38.986084,-0.534517,662
623,Aben FerriB,PalasietB,2023-09-11T18:20:19.097Z,38.985489,-0.534157,550
624,Argenteria,PalasietB,2023-09-11T18:20:19.097Z,38.985489,-0.534157,231
625,Ausias MarchB,Ausias MarchA,2023-09-11T18:20:19.097Z,38.991913,-0.524291,217
626,Ximen ToviaA,Ausias MarchA,2023-09-11T18:20:19.097Z,38.991913,-0.524291,916
627,Ximen ToviaB,N-340B,2023-09-11T18:20:19.097Z,38.992357,-0.519858,410
628,Baixada estacio 1,Abu Masaifa,2023-09-11T18:20:19.097Z,38.991213,-0.523787,343
629,Albereda 2,N-340B,2023-09-11T18:20:19.097Z,38.990742,-0.513,924
630,Maulets,N-340B,2023-09-11T18:20:19.097Z,38.992357,-0.519858,262
631,Corts Valencianes 1A,CV-645B,2023-09-11T18:20:29.097Z,38.985252,-0.537441,False
632,Corts Valencianes 2A,Corts Valencianes 2B,2023-09-11T18:20:29.097Z,38.986084,-0.534517,272
633,PalasietA,PalasietB,2023-09-11T18:20:29.097Z,38.985489,-0.534157,727
634,PalasietB,PalasietA,2023-09-11T18:20:29.097Z,38.985252,-0.537441,760
635,Aben FerriA,Alfons MagnanimB,2023-09-11T18:20:29.097Z,38.986084,-0.534517,950
636,Aben FerriB,PalasietB,2023-09-11T18:20:29.097Z,38.985489,-0.534157,070
637,Ausias MarchB,Ausias MarchA,2023-09-11T18:20:29.097Z,38.991913,-0.524291,197
638,Beata InesA,Ausias MarchB,2023-09-11T18:20:29.097Z,38.987684,-0.53061,171
639,Corts Valencianes 1A,Corts Valencianes 1B,2023-09-11T18:20:39.097Z,38.985252,-0.537441,048
640,Corts Valencianes 1B,Corts Valencianes 2B,2023-09-11T18:20:39.097Z,38.986084,-0.534517,997
641,Corts Valencianes 2A,Corts Valencianes 2B,2023-09-11T18:20:39.097Z,38.986084,-0.534517,496
642,PalasietA,Aben FerriA,2023-09-11T18:20:39.097Z,38.985489,-0.534157,779
643,Alfons MagnanimB,Alfons MagnanimA,2023-09-11T18:20:39.097Z,38.987144,-0.535236,169
644,Ausias MarchB,Baixada estacio 1,2023-09-11T18:20:39.097Z,38.991913,-0.524291,796
645,Beata InesB,N-340A,2023-09-11T18:20:39.097Z,0.0,0.0,826
646,Ximen ToviaA,Ximen ToviaB,2023-09-11T18:20:39.097Z,38.991913,-0.524291,716
647,CV-645B,CV-645A,2023-09-11T18:20:49.097Z,0.0,0.0,666
648,Corts Valencianes 1A,PalasietA,2023-09-11T18:20:49.097Z,38.985252,-0.537441,816
649,Corts Valencianes 1B,Corts Valencianes 2B,2023-09-11T18:20:49.097Z,38.986084,-0.534517,048
650,Corts Valencianes 2B,Argenteria,2023-09-11T18:20:49.097Z,38.987684,-0.53061,475
651,PalasietA,Aben FerriA,2023-09-11T18:20:49.097Z,38.985489,-0.534157,672
652,PalasietB,CV-645B,2023-09-11T18:20:49.097Z,38.985252,-0.537441,880
653,Aben FerriA,Alfons MagnanimB,2023-09-11T18:20:49.097Z,38.986084,-0.534517,778
654,Argenteria,PalasietB,2023-09-11T18:20:49.097Z,38.985489,-0.534157,522
655,9 OctubreB,Ausias MarchB,2023-09-11T18:20:49.097Z,38.987684,-0.53061,False
656,Ausias MarchB,Ximen ToviaB,2023-09-11T18:20:49.097Z,38.991913,-0.524291,False
657,Ximen ToviaB,Gregorio Molina,2023-09-11T18:20:49.097Z,38.992357,-0.519858,986
658,Baixada estacio 1,Baixada estacio 2,2023-09-11T18:20:49.097Z,38.991213,-0.523787,979
659,Gregorio Molina,Abu Masaifa,2023-09-11T18:20:49.097Z,38.991213,-0.523787,045
660,Maulets,N-340B,2023-09-11T18:20:49.097Z,38.992357,-0.519858,696
661,N-340B,N-340A,2023-09-11T18:20:49.097Z,0.0,0.0,701
662,CV-645B,CV-645B,2023-09-11T18:20:59.097Z,0.0,0.0,827
663,Corts Valencianes 1A,Corts Valencianes 1B,2023-09-11T18:20:59.097Z,38.985252,-0.537441,False
664,Corts Valencianes 2B,Argenteria,2023-09-11T18:20:59.097Z,38.987684,-0.53061,364
665,PalasietA,Aben FerriA,2023-09-11T18:20:59.097Z,38.985489,-0.534157,760
666,Alfons MagnanimB,Alfons MagnanimA,2023-09-11T18:20:59.097Z,38.987144,-0.535236,990
667,9 OctubreB,9 OctubreA,2023-09-11T18:20:59.097Z,38.987684,-0.53061,026
668,Ausias MarchA,Corts Valencianes 2A,2023-09-11T18:20:59.097Z,38.987684,-0.53061,False
669,Ausias MarchB,Ausias MarchA,2023-09-11T18:20:59.097Z,38.991913,-0.524291,561
670,Beata InesA,Ausias MarchB,2023-09-11T18:20:59.097Z,38.987684,-0.53061,485
671,N-340B,N-340B,2023-09-11T18:20:59.097Z,0.0,0.0,724
672,CV-645B,CV-645B,2023-09-11T18:21:09.097Z,0.0,0.0,748
673,Corts Valencianes 1A,CV-645B,2023-09-11T18:21:09.097Z,38.985252,-0.537441,374
674,Corts Valencianes 2A,Corts Valencianes 2B,2023-09-11T18:21:09.097Z,38.986084,-0.534517,False
675,Corts Valencianes 2B,9 OctubreA,2023-09-11T18:21:09.097Z,38.987684,-0.53061,971
676,PalasietA,Aben FerriA,2023-09-11T18:21:09.097Z,38.985489,-0.534157,332
677,Alfons MagnanimA,Corts Valencianes 1A,2023-09-11T18:21:09.097Z,38.986084,-0.534517,662
678,Alfons MagnanimB,9 OctubreB,2023-09-11T18:21:09.097Z,38.987144,-0.535236,958
679,Aben FerriA,Corts Valencianes 1A,2023-09-11T18:21:09.097Z,38.986084,-0.534517,672
680,Argenteria,PalasietB,2023-09-11T18:21:09.097Z,38.985489,-0.534157,479
681,9 OctubreA,Alfons MagnanimA,2023-09-11T18:21:09.097Z,38.987144,-0.535236,669
682,Ausias MarchA,Reina,2023-09-11T18:21:09.097Z,38.987684,-0.53061,261
683,Ausias MarchB,Baixada estacio 1,2023-09-11T18:21:09.097Z,38.991913,-0.524291,964
684,Baixada estacio 2,Republica Argentina,2023-09-11T18:21:09.097Z,38.989955,-0.523503,796
685,N-340B,N-340A,2023-09-11T18:21:09.097Z,0.0,0.0,164
686,CV-645B,N-340A,2023-09-11T18:21:19.097Z,0.0,0.0,921
687,Corts Valencianes 1B,Alfons MagnanimB,2023-09-11T18:21:19.097Z,38.986084,-0.534517,799
688,Corts Valencianes 2B,Argenteria,2023-09-11T18:21:19.097Z,38.987684,-0.53061,769
689,PalasietB,CV-645B,2023-09-11T18:21:19.097Z,38.985252,-0.537441,550
690,Alfons MagnanimA,Aben FerriB,2023-09-11T18:21:19.097Z,38.986084,-0.534517,096
691,Aben FerriA,Corts Valencianes 1A,2023-09-11T18:21:19.097Z,38.986084,-0.534517,760
692,Ausias MarchA,Argenteria,2023-09-11T18:21:19.097Z,38.987684,-0.53061,819
693,Ausias MarchB,Baixada estacio 1,2023-09-11T18:21:19.097Z,38.991913,-0.524291,582
694,Ximen ToviaB,N-340B,2023-09-11T18:21:19.097Z,38.992357,-0.519858,444
695,Albereda 2,N-340B,2023-09-11T18:21:19.097Z,38.990742,-0.513,False
696,Maulets,N-340B,2023-09-11T18:21:19.097Z,38.992357,-0.519858,600
697,Corts Valencianes 1A,CV-645B,2023-09-11T18:21:29.097Z,38.985252,-0.537441,662
698,Corts Valencianes 1B,Corts Valencianes 2B,2023-09-11T18:21:29.097Z,38.986084,-0.534517,False
699,Corts Valencianes 2B,Argenteria,2023-09-11T18:21:29.097Z,38.987684,-0.53061,356
700,PalasietA,PalasietB,2023-09-11T18:21:29.097Z,38.985489,-0.534157,616
701,PalasietB,PalasietA,2023-09-11T18:21:29.097Z,38.985252,-0.537441,231
702,Alfons MagnanimA,Corts Valencianes 1A,2023-09-11T18:21:29.097Z,38.986084,-0.534517,026
703,Aben FerriA,Corts Valencianes 2B,2023-09-11T18:21:29.097Z,38.986084,-0.534517,816
704,Aben FerriB,PalasietB,2023-09-11T18:21:29.097Z,38.985489,-0.534157,950
705,9 OctubreB,Beata InesB,2023-09-11T18:21:29.097Z,38.987684,-0.53061,959
706,Ausias MarchA,9 OctubreA,2023-09-11T18:21:29.097Z,38.987684,-0.53061,217
707,Ausias MarchB,Ausias MarchA,2023-09-11T18:21:29.097Z,38.991913,-0.524291,627
708,Ximen ToviaB,Carme 1,2023-09-11T18:21:29.097Z,38.992357,-0.519858,849
709,Baixada estacio 1,Baixada estacio 2,2023-09-11T18:21:29.097Z,38.991213,-0.523787,582
710,Gregorio Molina,Baixada estacio 2,2023-09-11T18:21:29.097Z,38.991213,-0.523787,986
711,Albereda 2,Cosmografo,2023-09-11T18:21:29.097Z,38.990742,-0.513,949
712,Carme 2,Albereda 2,2023-09-11T18:21:29.097Z,38.990122,-0.519633,632
713,Corts Valencianes 1A,CV-645B,2023-09-11T18:21:39.097Z,38.985252,-0.537441,False
714,PalasietB,CV-645B,2023-09-11T18:21:39.097Z,38.985252,-0.537441,696
715,Alfons MagnanimB,9 OctubreB,2023-09-11T18:21:39.097Z,38.987144,-0.535236,779
716,Aben FerriA,Corts Valencianes 2B,2023-09-11T18:21:39.097Z,38.986084,-0.534517,631
717,Ausias MarchB,Ausias MarchA,2023-09-11T18:21:39.097Z,38.991913,-0.524291,XXX
718,Reina,Republica Argentina,2023-09-11T18:21:39.097Z,38.989955,-0.523503,129
719,Baixada estacio 2,Republica Argentina,2023-09-11T18:21:39.097Z,38.989955,-0.523503,582
720,Albereda 1,Albereda 2,2023-09-11T18:21:39.097Z,38.990122,-0.519633,073
721,Carme 1,Carme 2,2023-09-11T18:21:39.097Z,38.99105,-0.519778,False
722,Carme 2,Albereda 2,2023-09-11T18:21:39.097Z,38.990122,-0.519633,529
723,Republica Argentina,Carme 2,2023-09-11T18:21:39.097Z,38.99105,-0.519778,998
724,CV-645B,N-340A,2023-09-11T18:21:49.097Z,0.0,0.0,628
725,PalasietA,Aben FerriA,2023-09-11T18:21:49.097Z,38.985489,-0.534157,231
726,PalasietB,Corts Valencianes 1B,2023-09-11T18:21:49.097Z,38.985252,-0.537441,216
727,Alfons MagnanimB,9 OctubreB,2023-09-11T18:21:49.097Z,38.987144,-0.535236,159
728,Argenteria,PalasietB,2023-09-11T18:21:49.097Z,38.985489,-0.534157,765
729,9 OctubreA,9 OctubreB,2023-09-11T18:21:49.097Z,38.987144,-0.535236,229
730,Ausias MarchA,9 OctubreA,2023-09-11T18:21:49.097Z,38.987684,-0.53061,False
731,Baixada estacio 2,Albereda 1,2023-09-11T18:21:49.097Z,38.989955,-0.523503,566
732,N-340B,CV-645A,2023-09-11T18:21:49.097Z,0.0,0.0,787
733,Corts Valencianes 1A,CV-645B,2023-09-11T18:21:59.097Z,38.985252,-0.537441,760
734,Corts Valencianes 1B,Alfons MagnanimB,2023-09-11T18:21:59.097Z,38.986084,-0.534517,False
735,Corts Valencianes 2B,Ausias MarchB,2023-09-11T18:21:59.097Z,38.987684,-0.53061,894
736,Aben FerriA,Alfons MagnanimB,2023-09-11T18:21:59.097Z,38.986084,-0.534517,231
737,Argenteria,Aben FerriA,2023-09-11T18:21:59.097Z,38.985489,-0.534157,819
738,9 OctubreA,9 OctubreB,2023-09-11T18:21:59.097Z,38.987144,-0.535236,217
739,9 OctubreB,Argenteria,2023-09-11T18:21:59.097Z,38.987684,-0.53061,778
740,Ausias MarchA,Corts Valencianes 2A,2023-09-11T18:21:59.097Z,38.987684,-0.53061,561
741,Reina,Republica Argentina,2023-09-11T18:21:59.097Z,38.989955,-0.523503,062
742,Maulets,N-340B,2023-09-11T18:21:59.097Z,38.992357,-0.519858,False
743,Republica Argentina,Academic Maravall,2023-09-11T18:21:59.097Z,38.99105,-0.519778,625
744,CV-645A,Corts Valencianes 1B,2023-09-11T18:22:09.097Z,38.985252,-0.537441,False
745,CV-645B,CV-645A,2023-09-11T18:22:09.097Z,0.0,0.0,460
746,Corts Valencianes 2B,Ausias MarchB,2023-09-11T18:22:09.097Z,38.987684,-0.53061,122
747,PalasietB,CV-645B,2023-09-11T18:22:09.097Z,38.985252,-0.537441,945
748,Alfons MagnanimB,9 OctubreB,2023-09-11T18:22:09.097Z,38.987144,-0.535236,False
749,Argenteria,Aben FerriA,2023-09-11T18:22:09.097Z,38.985489,-0.534157,499
750,9 OctubreB,Argenteria,2023-09-11T18:22:09.097Z,38.987684,-0.53061,799
751,Ausias MarchA,Ausias MarchB,2023-09-11T18:22:09.097Z,38.987684,-0.53061,994
752,Reina,Albereda 1,2023-09-11T18:22:09.097Z,38.989955,-0.523503,700
753,Ximen ToviaB,N-340B,2023-09-11T18:22:09.097Z,38.992357,-0.519858,495
754,N-340B,Beata InesA,2023-09-11T18:22:09.097Z,0.0,0.0,973
755,Corts Valencianes 1A,Corts Valencianes 1B,2023-09-11T18:22:19.097Z,38.985252,-0.537441,026
756,Alfons MagnanimB,9 OctubreB,2023-09-11T18:22:19.097Z,38.987144,-0.535236,231
757,Aben FerriA,Alfons MagnanimB,2023-09-11T18:22:19.097Z,38.986084,-0.534517,499
758,9 OctubreB,Ausias MarchB,2023-09-11T18:22:19.097Z,38.987684,-0.53061,971
759,Ausias MarchA,Reina,2023-09-11T18:22:19.097Z,38.987684,-0.53061,627
760,Ausias MarchB,Ausias MarchA,2023-09-11T18:22:19.097Z,38.991913,-0.524291,489
761,Ximen ToviaB,Ximen ToviaA,2023-09-11T18:22:19.097Z,38.992357,-0.519858,800
762,Albereda 2,N-340B,2023-09-11T18:22:19.097Z,38.990742,-0.513,703
763,Cosmografo,Maulets,2023-09-11T18:22:19.097Z,38.991249,-0.518678,525
764,Maulets,Gregorio Molina,2023-09-11T18:22:19.097Z,38.992357,-0.519858,680
765,N-340B,N-340A,2023-09-11T18:22:19.097Z,0.0,0.0,816
766,Republica Argentina,Academic Maravall,2023-09-11T18:22:19.097Z,38.99105,-0.519778,841
767,CV-645B,Beata InesA,2023-09-11T18:22:29.097Z,0.0,0.0,202
768,Corts Valencianes 1B,Aben FerriB,2023-09-11T18:22:29.097Z,38.986084,-0.534517,False
769,Corts Valencianes 2B,Ausias MarchB,2023-09-11T18:22:29.097Z,38.987684,-0.53061,718
770,PalasietB,PalasietA,2023-09-11T18:22:29.097Z,38.985252,-0.537441,False
771,Alfons MagnanimB,9 OctubreB,2023-09-11T18:22:29.097Z,38.987144,-0.535236,386
772,Argenteria,PalasietB,2023-09-11T18:22:29.097Z,38.985489,-0.534157,159
773,9 OctubreB,Reina,2023-09-11T18:22:29.097Z,38.987684,-0.53061,217
774,Abu Masaifa,Ausias MarchB,2023-09-11T18:22:29.097Z,38.987684,-0.53061,946
775,Ausias MarchA,Corts Valencianes 2A,2023-09-11T18:22:29.097Z,38.987684,-0.53061,XXX
776,Ausias MarchB,Ximen ToviaB,2023-09-11T18:22:29.097Z,38.991913,-0.524291,694
777,Beata InesA,Ausias MarchB,2023-09-11T18:22:29.097Z,38.987684,-0.53061,973
778,Reina,Albereda 1,2023-09-11T18:22:29.097Z,38.989955,-0.523503,180
779,Ximen ToviaB,Gregorio Molina,2023-09-11T18:22:29.097Z,38.992357,-0.519858,027
780,Albereda 1,Albereda 2,2023-09-11T18:22:29.097Z,38.990122,-0.519633,919
781,Carme 2,Albereda 2,2023-09-11T18:22:29.097Z,38.990122,-0.519633,812
782,Maulets,N-340B,2023-09-11T18:22:29.097Z,38.992357,-0.519858,108
783,Corts Valencianes 1B,Corts Valencianes 2B,2023-09-11T18:22:39.097Z,38.986084,-0.534517,649
784,Corts Valencianes 2B,Ausias MarchB,2023-09-11T18:22:39.097Z,38.987684,-0.53061,496
785,PalasietB,CV-645B,2023-09-11T18:22:39.097Z,38.985252,-0.537441,334
786,Aben FerriB,PalasietB,2023-09-11T18:22:39.097Z,38.985489,-0.534157,666
787,9 OctubreB,Reina,2023-09-11T18:22:39.097Z,38.987684,-0.53061,False
788,Ausias MarchA,Argenteria,2023-09-11T18:22:39.097Z,38.987684,-0.53061,489
789,Ausias MarchB,Ausias MarchA,2023-09-11T18:22:39.097Z,38.991913,-0.524291,122
790,Ximen ToviaA,Ausias MarchA,2023-09-11T18:22:39.097Z,38.991913,-0.524291,070
791,Gregorio Molina,Abu Masaifa,2023-09-11T18:22:39.097Z,38.991213,-0.523787,083
792,Carme 1,Carme 2,2023-09-11T18:22:39.097Z,38.99105,-0.519778,False
793,Maulets,Ximen ToviaA,2023-09-11T18:22:39.097Z,38.992357,-0.519858,825
794,N-340A,Carme 1,2023-09-11T18:22:39.097Z,38.992357,-0.519858,720
795,N-340B,Beata InesA,2023-09-11T18:22:39.097Z,0.0,0.0,699
796,Republica Argentina,Carme 2,2023-09-11T18:22:39.097Z,38.99105,-0.519778,381
797,CV-645A,Corts Valencianes 1B,2023-09-11T18:22:49.097Z,38.985252,-0.537441,787
798,CV-645B,Beata InesA,2023-09-11T18:22:49.097Z,0.0,0.0,808
799,Corts Valencianes 2A,Corts Valencianes 2B,2023-09-11T18:22:49.097Z,38.986084,-0.534517,981
800,PalasietA,Aben FerriA,2023-09-11T18:22:49.097Z,38.985489,-0.534157,522
801,Aben FerriA,Corts Valencianes 1A,2023-09-11T18:22:49.097Z,38.986084,-0.534517,819
802,Argenteria,Aben FerriA,2023-09-11T18:22:49.097Z,38.985489,-0.534157,485
803,9 OctubreA,9 OctubreB,2023-09-11T18:22:49.097Z,38.987144,-0.535236,497
804,9 OctubreB,Reina,2023-09-11T18:22:49.097Z,38.987684,-0.53061,231
805,Abu Masaifa,Beata InesB,2023-09-11T18:22:49.097Z,38.987684,-0.53061,141
806,Reina,Albereda 1,2023-09-11T18:22:49.097Z,38.989955,-0.523503,False
807,Carme 1,Academic Maravall,2023-09-11T18:22:49.097Z,38.99105,-0.519778,883
808,Maulets,Ximen ToviaA,2023-09-11T18:22:49.097Z,38.992357,-0.519858,318
809,N-340A,Ximen ToviaA,2023-09-11T18:22:49.097Z,38.992357,-0.519858,617
810,N-340B,N-340A,2023-09-11T18:22:49.097Z,0.0,0.0,976
811,Republica Argentina,Academic Maravall,2023-09-11T18:22:49.097Z,38.99105,-0.519778,False
812,CV-645A,Corts Valencianes 1B,2023-09-11T18:22:59.097Z,38.985252,-0.537441,False
813,CV-645B,Beata InesA,2023-09-11T18:22:59.097Z,0.0,0.0,916
814,Corts Valencianes 1A,Corts Valencianes 1B,2023-09-11T18:22:59.097Z,38.985252,-0.537441,717
815,Corts Valencianes 2B,9 OctubreA,2023-09-11T18:22:59.097Z,38.987684,-0.53061,048
816,PalasietB,PalasietA,2023-09-11T18:22:59.097Z,38.985252,-0.537441,475
817,Aben FerriA,Corts Valencianes 2B,2023-09-11T18:22:59.097Z,38.986084,-0.534517,False
818,9 OctubreB,9 OctubreA,2023-09-11T18:22:59.097Z,38.987684,-0.53061,499
819,Abu Masaifa,Beata InesB,2023-09-11T18:22:59.097Z,38.987684,-0.53061,False
820,Ausias MarchA,Reina,2023-09-11T18:22:59.097Z,38.987684,-0.53061,122
821,Ximen ToviaA,Ausias MarchA,2023-09-11T18:22:59.097Z,38.991913,-0.524291,676
822,Gregorio Molina,Abu Masaifa,2023-09-11T18:22:59.097Z,38.991213,-0.523787,912
823,Carme 1,Academic Maravall,2023-09-11T18:22:59.097Z,38.99105,-0.519778,589
824,Academic Maravall,Maulets,2023-09-11T18:22:59.097Z,38.991249,-0.518678,843
825,Maulets,Gregorio Molina,2023-09-11T18:22:59.097Z,38.992357,-0.519858,926
826,N-340A,Carme 1,2023-09-11T18:22:59.097Z,38.992357,-0.519858,826
827,Corts Valencianes 1A,PalasietA,2023-09-11T18:23:09.097Z,38.985252,-0.537441,913
828,Corts Valencianes 2A,Corts Valencianes 1A,2023-09-11T18:23:09.097Z,38.986084,-0.534517,False
829,Corts Valencianes 2B,Argenteria,2023-09-11T18:23:09.097Z,38.987684,-0.53061,523
830,PalasietA,Aben FerriA,2023-09-11T18:23:09.097Z,38.985489,-0.534157,479
831,PalasietB,CV-645B,2023-09-11T18:23:09.097Z,38.985252,-0.537441,910
832,Abu Masaifa,Beata InesB,2023-09-11T18:23:09.097Z,38.987684,-0.53061,910
833,Ximen ToviaA,Ausias MarchA,2023-09-11T18:23:09.097Z,38.991913,-0.524291,318
834,Academic Maravall,Maulets,2023-09-11T18:23:09.097Z,38.991249,-0.518678,883
835,N-340B,N-340B,2023-09-11T18:23:09.097Z,0.0,0.0,False
836,Republica Argentina,Academic Maravall,2023-09-11T18:23:09.097Z,38.99105,-0.519778,005
837,Corts Valencianes 1B,Aben FerriB,2023-09-11T18:23:19.097Z,38.986084,-0.534517,100
838,Corts Valencianes 2B,Argenteria,2023-09-11T18:23:19.097Z,38.987684,-0.53061,433
839,PalasietB,Corts Valencianes 1B,2023-09-11T18:23:19.097Z,38.985252,-0.537441,818
840,Aben FerriA,Corts Valencianes 1A,2023-09-11T18:23:19.097Z,38.986084,-0.534517,991
841,Abu Masaifa,Corts Valencianes 2A,2023-09-11T18:23:19.097Z,38.987684,-0.53061,343
842,Ausias MarchA,Reina,2023-09-11T18:23:19.097Z,38.987684,-0.53061,800
843,Beata InesA,9 OctubreA,2023-09-11T18:23:19.097Z,38.987684,-0.53061,086
844,Beata InesB,Beata InesB,2023-09-11T18:23:19.097Z,0.0,0.0,747
845,Reina,Republica Argentina,2023-09-11T18:23:19.097Z,38.989955,-0.523503,027
846,Gregorio Molina,Abu Masaifa,2023-09-11T18:23:19.097Z,38.991213,-0.523787,926
847,Academic Maravall,Maulets,2023-09-11T18:23:19.097Z,38.991249,-0.518678,False
848,Maulets,Gregorio Molina,2023-09-11T18:23:19.097Z,38.992357,-0.519858,969
849,CV-645B,N-340A,2023-09-11T18:23:29.097Z,0.0,0.0,494
850,Corts Valencianes 1A,CV-645B,2023-09-11T18:23:29.097Z,38.985252,-0.537441,False
851,Corts Valencianes 1B,Aben FerriB,2023-09-11T18:23:29.097Z,38.986084,-0.534517,460
852,PalasietA,PalasietB,2023-09-11T18:23:29.097Z,38.985489,-0.534157,811
853,PalasietB,PalasietA,2023-09-11T18:23:29.097Z,38.985252,-0.537441,056
854,Aben FerriB,Aben FerriA,2023-09-11T18:23:29.097Z,38.985489,-0.534157,797
855,9 OctubreA,9 OctubreB,2023-09-11T18:23:29.097Z,38.987144,-0.535236,iXX
856,Ausias MarchA,9 OctubreA,2023-09-11T18:23:29.097Z,38.987684,-0.53061,676
857,Beata InesA,Reina,2023-09-11T18:23:29.097Z,38.987684,-0.53061,699
858,Reina,Albereda 1,2023-09-11T18:23:29.097Z,38.989955,-0.523503,084
859,Ximen ToviaB,N-340B,2023-09-11T18:23:29.097Z,38.992357,-0.519858,196
860,Albereda 2,N-340B,2023-09-11T18:23:29.097Z,38.990742,-0.513,491
861,Carme 1,Academic Maravall,2023-09-11T18:23:29.097Z,38.99105,-0.519778,199
862,Maulets,N-340B,2023-09-11T18:23:29.097Z,38.992357,-0.519858,769
863,N-340A,Carme 1,2023-09-11T18:23:29.097Z,38.992357,-0.519858,771
864,N-340B,Beata InesA,2023-09-11T18:23:29.097Z,0.0,0.0,520
865,Corts Valencianes 1A,CV-645B,2023-09-11T18:23:39.097Z,38.985252,-0.537441,969
866,Corts Valencianes 1B,Aben FerriB,2023-09-11T18:23:39.097Z,38.986084,-0.534517,717
867,PalasietB,CV-645B,2023-09-11T18:23:39.097Z,38.985252,-0.537441,746
868,Aben FerriA,Corts Valencianes 2B,2023-09-11T18:23:39.097Z,38.986084,-0.534517,787
869,9 OctubreA,Alfons MagnanimA,2023-09-11T18:23:39.097Z,38.987144,-0.535236,356
870,9 OctubreB,Reina,2023-09-11T18:23:39.097Z,38.987684,-0.53061,697
871,Abu Masaifa,Reina,2023-09-11T18:23:39.097Z,38.987684,-0.53061,045
872,Ausias MarchA,Ausias MarchA,2023-09-11T18:23:39.097Z,38.987684,-0.53061,318
873,Beata InesA,Argenteria,2023-09-11T18:23:39.097Z,38.987684,-0.53061,806
874,Beata InesB,Beata InesA,2023-09-11T18:23:39.097Z,0.0,0.0,959
875,Reina,Albereda 1,2023-09-11T18:23:39.097Z,38.989955,-0.523503,324
876,Carme 1,Carme 2,2023-09-11T18:23:39.097Z,38.99105,-0.519778,False
877,Academic Maravall,Maulets,2023-09-11T18:23:39.097Z,38.991249,-0.518678,999
878,Maulets,Ximen ToviaA,2023-09-11T18:23:39.097Z,38.992357,-0.519858,883
879,N-340A,Ximen ToviaA,2023-09-11T18:23:39.097Z,38.992357,-0.519858,350
880,Republica Argentina,Academic Maravall,2023-09-11T18:23:39.097Z,38.99105,-0.519778,330
881,CV-645B,CV-645A,2023-09-11T18:23:49.097Z,0.0,0.0,963
882,Corts Valencianes 1B,Corts Valencianes 2B,2023-09-11T18:23:49.097Z,38.986084,-0.534517,816
883,Corts Valencianes 2A,Corts Valencianes 1A,2023-09-11T18:23:49.097Z,38.986084,-0.534517,343
884,PalasietB,Corts Valencianes 1B,2023-09-11T18:23:49.097Z,38.985252,-0.537441,765
885,Alfons MagnanimA,Corts Valencianes 1A,2023-09-11T18:23:49.097Z,38.986084,-0.534517,386
886,Aben FerriB,Aben FerriA,2023-09-11T18:23:49.097Z,38.985489,-0.534157,717
887,9 OctubreA,Alfons MagnanimA,2023-09-11T18:23:49.097Z,38.987144,-0.535236,202
888,9 OctubreB,Beata InesB,2023-09-11T18:23:49.097Z,38.987684,-0.53061,048
889,Beata InesA,Corts Valencianes 2A,2023-09-11T18:23:49.097Z,38.987684,-0.53061,334
890,Reina,Republica Argentina,2023-09-11T18:23:49.097Z,38.989955,-0.523503,629
891,N-340B,Beata InesA,2023-09-11T18:23:49.097Z,0.0,0.0,806
892,Republica Argentina,Academic Maravall,2023-09-11T18:23:49.097Z,38.99105,-0.519778,646
893,Corts Valencianes 1A,CV-645B,2023-09-11T18:23:59.097Z,38.985252,-0.537441,343
894,Corts Valencianes 1B,Alfons MagnanimB,2023-09-11T18:23:59.097Z,38.986084,-0.534517,765
895,Corts Valencianes 2B,9 OctubreA,2023-09-11T18:23:59.097Z,38.987684,-0.53061,631
896,PalasietB,CV-645B,2023-09-11T18:23:59.097Z,38.985252,-0.537441,159
897,Aben FerriA,Alfons MagnanimB,2023-09-11T18:23:59.097Z,38.986084,-0.534517,717
898,Argenteria,PalasietB,2023-09-11T18:23:59.097Z,38.985489,-0.534157,523
899,9 OctubreA,Alfons MagnanimA,2023-09-11T18:23:59.097Z,38.987144,-0.535236,676
900,Abu Masaifa,Ausias MarchB,2023-09-11T18:23:59.097Z,38.987684,-0.53061,974
901,Ausias MarchA,Reina,2023-09-11T18:23:59.097Z,38.987684,-0.53061,916
902,Beata InesA,9 OctubreA,2023-09-11T18:23:59.097Z,38.987684,-0.53061,520
903,Reina,Republica Argentina,2023-09-11T18:23:59.097Z,38.989955,-0.523503,474
904,Ximen ToviaA,Baixada estacio 1,2023-09-11T18:23:59.097Z,38.991913,-0.524291,637
905,Carme 1,Academic Maravall,2023-09-11T18:23:59.097Z,38.99105,-0.519778,320
906,Academic Maravall,Maulets,2023-09-11T18:23:59.097Z,38.991249,-0.518678,066
907,N-340A,Carme 1,2023-09-11T18:23:59.097Z,38.992357,-0.519858,521
908,Republica Argentina,Academic Maravall,2023-09-11T18:23:59.097Z,38.99105,-0.519778,801
909,CV-645B,Beata InesA,2023-09-11T18:24:09.097Z,0.0,0.0,929
910,Corts Valencianes 1A,CV-645B,2023-09-11T18:24:09.097Z,38.985252,-0.537441,499
911,Corts Valencianes 2A,Alfons MagnanimB,2023-09-11T18:24:09.097Z,38.986084,-0.534517,357
912,Corts Valencianes 2B,Beata InesB,2023-09-11T18:24:09.097Z,38.987684,-0.53061,669
913,PalasietA,PalasietB,2023-09-11T18:24:09.097Z,38.985489,-0.534157,950
914,PalasietB,PalasietA,2023-09-11T18:24:09.097Z,38.985252,-0.537441,358
915,Alfons MagnanimA,Corts Valencianes 1A,2023-09-11T18:24:09.097Z,38.986084,-0.534517,202
916,Alfons MagnanimB,9 OctubreB,2023-09-11T18:24:09.097Z,38.987144,-0.535236,765
917,Abu Masaifa,9 OctubreA,2023-09-11T18:24:09.097Z,38.987684,-0.53061,680
918,Ausias MarchA,9 OctubreA,2023-09-11T18:24:09.097Z,38.987684,-0.53061,318
919,Beata InesA,Argenteria,2023-09-11T18:24:09.097Z,38.987684,-0.53061,959
920,Ximen ToviaA,Baixada estacio 1,2023-09-11T18:24:09.097Z,38.991913,-0.524291,883
921,Baixada estacio 1,Abu Masaifa,2023-09-11T18:24:09.097Z,38.991213,-0.523787,637
922,Gregorio Molina,Abu Masaifa,2023-09-11T18:24:09.097Z,38.991213,-0.523787,949
923,Carme 1,Academic Maravall,2023-09-11T18:24:09.097Z,38.99105,-0.519778,False
924,Academic Maravall,Maulets,2023-09-11T18:24:09.097Z,38.991249,-0.518678,808
925,Republica Argentina,Academic Maravall,2023-09-11T18:24:09.097Z,38.99105,-0.519778,966
926,CV-645A,PalasietA,2023-09-11T18:24:19.097Z,38.985252,-0.537441,963
927,CV-645B,CV-645A,2023-09-11T18:24:19.097Z,0.0,0.0,False
928,Corts Valencianes 1A,PalasietA,2023-09-11T18:24:19.097Z,38.985252,-0.537441,202
929,Corts Valencianes 2B,Beata InesB,2023-09-11T18:24:19.097Z,38.987684,-0.53061,961
930,PalasietB,CV-645B,2023-09-11T18:24:19.097Z,38.985252,-0.537441,819
931,Alfons MagnanimA,Aben FerriB,2023-09-11T18:24:19.097Z,38.986084,-0.534517,825
932,Alfons MagnanimB,Alfons MagnanimA,2023-09-11T18:24:19.097Z,38.987144,-0.535236,717
933,Argenteria,PalasietB,2023-09-11T18:24:19.097Z,38.985489,-0.534157,False
934,9 OctubreA,Alfons MagnanimA,2023-09-11T18:24:19.097Z,38.987144,-0.535236,631
935,9 OctubreB,Reina,2023-09-11T18:24:19.097Z,38.987684,-0.53061,769
936,Abu Masaifa,Reina,2023-09-11T18:24:19.097Z,38.987684,-0.53061,912
937,Ausias MarchB,Ximen ToviaB,2023-09-11T18:24:19.097Z,38.991913,-0.524291,020
938,Beata InesA,Reina,2023-09-11T18:24:19.097Z,38.987684,-0.53061,806
939,Ximen ToviaB,N-340B,2023-09-11T18:24:19.097Z,38.992357,-0.519858,False
940,Albereda 2,N-340B,2023-09-11T18:24:19.097Z,38.990742,-0.513,207
941,Carme 1,Academic Maravall,2023-09-11T18:24:19.097Z,38.99105,-0.519778,921
942,Academic Maravall,Maulets,2023-09-11T18:24:19.097Z,38.991249,-0.518678,825
943,N-340A,Ximen ToviaA,2023-09-11T18:24:19.097Z,38.992357,-0.519858,628
944,CV-645B,CV-645B,2023-09-11T18:24:29.097Z,0.0,0.0,False
945,PalasietA,Aben FerriA,2023-09-11T18:24:29.097Z,38.985489,-0.534157,False
946,PalasietB,PalasietA,2023-09-11T18:24:29.097Z,38.985252,-0.537441,523
947,Aben FerriB,PalasietB,2023-09-11T18:24:29.097Z,38.985489,-0.534157,676
948,Argenteria,PalasietB,2023-09-11T18:24:29.097Z,38.985489,-0.534157,806
949,Abu Masaifa,Ausias MarchB,2023-09-11T18:24:29.097Z,38.987684,-0.53061,926
950,Ximen ToviaA,Baixada estacio 1,2023-09-11T18:24:29.097Z,38.991913,-0.524291,350
951,Baixada estacio 1,Abu Masaifa,2023-09-11T18:24:29.097Z,38.991213,-0.523787,364
952,N-340A,Ximen ToviaA,2023-09-11T18:24:29.097Z,38.992357,-0.519858,631
953,N-340B,N-340A,2023-09-11T18:24:29.097Z,0.0,0.0,853
954,CV-645A,PalasietA,2023-09-11T18:24:39.097Z,38.985252,-0.537441,False
955,CV-645B,N-340A,2023-09-11T18:24:39.097Z,0.0,0.0,727
956,Corts Valencianes 2B,Ausias MarchB,2023-09-11T18:24:39.097Z,38.987684,-0.53061,522
957,PalasietB,CV-645B,2023-09-11T18:24:39.097Z,38.985252,-0.537441,056
958,Alfons MagnanimA,Corts Valencianes 2B,2023-09-11T18:24:39.097Z,38.986084,-0.534517,717
959,Alfons MagnanimB,9 OctubreB,2023-09-11T18:24:39.097Z,38.987144,-0.535236,354
960,Aben FerriA,Corts Valencianes 2B,2023-09-11T18:24:39.097Z,38.986084,-0.534517,False
961,Argenteria,Aben FerriA,2023-09-11T18:24:39.097Z,38.985489,-0.534157,959
962,Ausias MarchB,Ausias MarchA,2023-09-11T18:24:39.097Z,38.991913,-0.524291,471
963,Beata InesA,9 OctubreA,2023-09-11T18:24:39.097Z,38.987684,-0.53061,False
964,Beata InesB,Beata InesA,2023-09-11T18:24:39.097Z,0.0,0.0,799
965,Ximen ToviaB,N-340B,2023-09-11T18:24:39.097Z,38.992357,-0.519858,999
966,Baixada estacio 1,Abu Masaifa,2023-09-11T18:24:39.097Z,38.991213,-0.523787,119
967,Academic Maravall,Maulets,2023-09-11T18:24:39.097Z,38.991249,-0.518678,709
968,N-340A,Ximen ToviaA,2023-09-11T18:24:39.097Z,38.992357,-0.519858,076
969,Corts Valencianes 2B,Corts Valencianes 2A,2023-09-11T18:24:49.097Z,38.987684,-0.53061,787
970,PalasietA,Aben FerriA,2023-09-11T18:24:49.097Z,38.985489,-0.534157,202
971,PalasietB,PalasietA,2023-09-11T18:24:49.097Z,38.985252,-0.537441,433
972,Alfons MagnanimA,Alfons MagnanimB,2023-09-11T18:24:49.097Z,38.986084,-0.534517,631
973,Aben FerriA,Alfons MagnanimB,2023-09-11T18:24:49.097Z,38.986084,-0.534517,159
974,Argenteria,PalasietB,2023-09-11T18:24:49.097Z,38.985489,-0.534157,364
975,Ausias MarchB,Ximen ToviaB,2023-09-11T18:24:49.097Z,38.991913,-0.524291,544
976,Beata InesB,N-340A,2023-09-11T18:24:49.097Z,0.0,0.0,747
977,Ximen ToviaB,N-340B,2023-09-11T18:24:49.097Z,38.992357,-0.519858,969
978,Albereda 2,N-340B,2023-09-11T18:24:49.097Z,38.990742,-0.513,740
979,N-340A,Carme 1,2023-09-11T18:24:49.097Z,38.992357,-0.519858,494
980,CV-645B,Beata InesA,2023-09-11T18:24:59.097Z,0.0,0.0,674
981,Corts Valencianes 2A,Alfons MagnanimB,2023-09-11T18:24:59.097Z,38.986084,-0.534517,787
982,Corts Valencianes 2B,Ausias MarchB,2023-09-11T18:24:59.097Z,38.987684,-0.53061,816
983,PalasietA,Aben FerriA,2023-09-11T18:24:59.097Z,38.985489,-0.534157,254
984,PalasietB,Corts Valencianes 1B,2023-09-11T18:24:59.097Z,38.985252,-0.537441,825
985,Alfons MagnanimB,9 OctubreB,2023-09-11T18:24:59.097Z,38.987144,-0.535236,631
986,9 OctubreB,Ausias MarchB,2023-09-11T18:24:59.097Z,38.987684,-0.53061,334
987,Ausias MarchB,Ausias MarchA,2023-09-11T18:24:59.097Z,38.991913,-0.524291,False
988,Beata InesA,Reina,2023-09-11T18:24:59.097Z,38.987684,-0.53061,696
989,Ximen ToviaA,Baixada estacio 1,2023-09-11T18:24:59.097Z,38.991913,-0.524291,628
990,Baixada estacio 1,Abu Masaifa,2023-09-11T18:24:59.097Z,38.991213,-0.523787,883
991,Albereda 2,Cosmografo,2023-09-11T18:24:59.097Z,38.990742,-0.513,857
992,Carme 2,Albereda 2,2023-09-11T18:24:59.097Z,38.990122,-0.519633,809
993,Academic Maravall,Maulets,2023-09-11T18:24:59.097Z,38.991249,-0.518678,849
994,N-340B,N-340A,2023-09-11T18:24:59.097Z,0.0,0.0,498
995,CV-645B,Beata InesA,2023-09-11T18:25:09.097Z,0.0,0.0,128
996,Corts Valencianes 2B,Ausias MarchB,2023-09-11T18:25:09.097Z,38.987684,-0.53061,717
997,PalasietA,Aben FerriA,2023-09-11T18:25:09.097Z,38.985489,-0.534157,619
998,PalasietB,Corts Valencianes 1B,2023-09-11T18:25:09.097Z,38.985252,-0.537441,808
999,Aben FerriA,Alfons MagnanimB,2023-09-11T18:25:09.097Z,38.986084,-0.534517,254
