,enter,exit,date,latitude,longitude,matricula
0,Cosmografo,Maulets,2023-11-14T18:48:19.097Z,38.991249,-0.518678,667
1,Maulets,N-340B,2023-11-14T18:48:19.097Z,38.992357,-0.519858,994
2,N-340B,CV-645A,2023-11-14T18:48:19.097Z,0.0,0.0,395
3,Corts Valencianes 1B,Alfons MagnanimB,2023-11-14T18:48:29.097Z,38.986084,-0.534517,027
4,Corts Valencianes 2B,Corts Valencianes 2A,2023-11-14T18:48:29.097Z,38.987684,-0.53061,325
5,PalasietB,PalasietA,2023-11-14T18:48:29.097Z,38.985252,-0.537441,965
6,Argenteria,PalasietB,2023-11-14T18:48:29.097Z,38.985489,-0.534157,124
7,9 OctubreA,9 OctubreB,2023-11-14T18:48:29.097Z,38.987144,-0.535236,604
8,9 OctubreB,9 OctubreA,2023-11-14T18:48:29.097Z,38.987684,-0.53061,False
9,Abu Masaifa,Corts Valencianes 2A,2023-11-14T18:48:29.097Z,38.987684,-0.53061,067
10,Ausias MarchA,Corts Valencianes 2A,2023-11-14T18:48:29.097Z,38.987684,-0.53061,496
11,Ausias MarchB,Ausias MarchA,2023-11-14T18:48:29.097Z,38.991913,-0.524291,182
12,Beata InesA,Argenteria,2023-11-14T18:48:29.097Z,38.987684,-0.53061,False
13,Beata InesB,Beata InesB,2023-11-14T18:48:29.097Z,0.0,0.0,False
14,Ximen ToviaA,Ximen ToviaB,2023-11-14T18:48:29.097Z,38.991913,-0.524291,699
15,Albereda 2,N-340B,2023-11-14T18:48:29.097Z,38.990742,-0.513,False
16,Carme 2,Albereda 2,2023-11-14T18:48:29.097Z,38.990122,-0.519633,False
17,Maulets,Ximen ToviaA,2023-11-14T18:48:29.097Z,38.992357,-0.519858,216
18,N-340A,Ximen ToviaA,2023-11-14T18:48:29.097Z,38.992357,-0.519858,990
19,N-340B,CV-645A,2023-11-14T18:48:29.097Z,0.0,0.0,892
20,CV-645B,CV-645B,2023-11-14T18:48:39.097Z,0.0,0.0,False
21,Corts Valencianes 2B,Ausias MarchB,2023-11-14T18:48:39.097Z,38.987684,-0.53061,999
22,9 OctubreA,Alfons MagnanimA,2023-11-14T18:48:39.097Z,38.987144,-0.535236,696
23,Abu Masaifa,Corts Valencianes 2A,2023-11-14T18:48:39.097Z,38.987684,-0.53061,297
24,Beata InesA,Argenteria,2023-11-14T18:48:39.097Z,38.987684,-0.53061,False
25,Beata InesB,Beata InesA,2023-11-14T18:48:39.097Z,0.0,0.0,355
26,Reina,Republica Argentina,2023-11-14T18:48:39.097Z,38.989955,-0.523503,902
27,Albereda 2,Cosmografo,2023-11-14T18:48:39.097Z,38.990742,-0.513,949
28,Carme 1,Academic Maravall,2023-11-14T18:48:39.097Z,38.99105,-0.519778,294
29,Maulets,Gregorio Molina,2023-11-14T18:48:39.097Z,38.992357,-0.519858,785
30,N-340B,N-340A,2023-11-14T18:48:39.097Z,0.0,0.0,970
31,CV-645A,PalasietA,2023-11-14T18:48:49.097Z,38.985252,-0.537441,False
32,CV-645B,CV-645A,2023-11-14T18:48:49.097Z,0.0,0.0,053
33,Corts Valencianes 2B,Argenteria,2023-11-14T18:48:49.097Z,38.987684,-0.53061,589
34,PalasietB,Corts Valencianes 1B,2023-11-14T18:48:49.097Z,38.985252,-0.537441,362
35,Alfons MagnanimA,Alfons MagnanimB,2023-11-14T18:48:49.097Z,38.986084,-0.534517,False
36,Alfons MagnanimB,9 OctubreB,2023-11-14T18:48:49.097Z,38.987144,-0.535236,027
37,9 OctubreA,Alfons MagnanimA,2023-11-14T18:48:49.097Z,38.987144,-0.535236,024
38,Abu Masaifa,Argenteria,2023-11-14T18:48:49.097Z,38.987684,-0.53061,118
39,Ausias MarchA,9 OctubreA,2023-11-14T18:48:49.097Z,38.987684,-0.53061,182
40,Ausias MarchB,Ausias MarchA,2023-11-14T18:48:49.097Z,38.991913,-0.524291,False
41,Beata InesA,Reina,2023-11-14T18:48:49.097Z,38.987684,-0.53061,601
42,Reina,Albereda 1,2023-11-14T18:48:49.097Z,38.989955,-0.523503,447
43,Ximen ToviaA,Ausias MarchA,2023-11-14T18:48:49.097Z,38.991913,-0.524291,491
44,Baixada estacio 1,Abu Masaifa,2023-11-14T18:48:49.097Z,38.991213,-0.523787,495
45,Albereda 1,Albereda 2,2023-11-14T18:48:49.097Z,38.990122,-0.519633,116
46,Albereda 2,Cosmografo,2023-11-14T18:48:49.097Z,38.990742,-0.513,696
47,Carme 1,Academic Maravall,2023-11-14T18:48:49.097Z,38.99105,-0.519778,False
48,Carme 2,Albereda 2,2023-11-14T18:48:49.097Z,38.990122,-0.519633,254
49,Academic Maravall,Maulets,2023-11-14T18:48:49.097Z,38.991249,-0.518678,895
50,Cosmografo,Maulets,2023-11-14T18:48:49.097Z,38.991249,-0.518678,971
51,N-340A,Gregorio Molina,2023-11-14T18:48:49.097Z,38.992357,-0.519858,906
52,N-340B,N-340A,2023-11-14T18:48:49.097Z,0.0,0.0,775
53,Republica Argentina,Carme 2,2023-11-14T18:48:49.097Z,38.99105,-0.519778,False
54,CV-645B,CV-645A,2023-11-14T18:48:59.097Z,0.0,0.0,928
55,Corts Valencianes 2B,Corts Valencianes 2A,2023-11-14T18:48:59.097Z,38.987684,-0.53061,996
56,PalasietB,PalasietA,2023-11-14T18:48:59.097Z,38.985252,-0.537441,False
57,Alfons MagnanimB,9 OctubreB,2023-11-14T18:48:59.097Z,38.987144,-0.535236,696
58,Argenteria,Argenteria,2023-11-14T18:48:59.097Z,38.985489,-0.534157,090
59,Abu Masaifa,Argenteria,2023-11-14T18:48:59.097Z,38.987684,-0.53061,870
60,Ausias MarchB,Ausias MarchA,2023-11-14T18:48:59.097Z,38.991913,-0.524291,675
61,Beata InesA,9 OctubreA,2023-11-14T18:48:59.097Z,38.987684,-0.53061,264
62,Reina,Republica Argentina,2023-11-14T18:48:59.097Z,38.989955,-0.523503,iXX
63,Ximen ToviaA,Baixada estacio 1,2023-11-14T18:48:59.097Z,38.991913,-0.524291,472
64,Ximen ToviaB,Gregorio Molina,2023-11-14T18:48:59.097Z,38.992357,-0.519858,271
65,Gregorio Molina,Abu Masaifa,2023-11-14T18:48:59.097Z,38.991213,-0.523787,785
66,Albereda 2,Cosmografo,2023-11-14T18:48:59.097Z,38.990742,-0.513,937
67,Academic Maravall,Maulets,2023-11-14T18:48:59.097Z,38.991249,-0.518678,042
68,Maulets,Gregorio Molina,2023-11-14T18:48:59.097Z,38.992357,-0.519858,934
69,N-340A,Ximen ToviaA,2023-11-14T18:48:59.097Z,38.992357,-0.519858,638
70,Republica Argentina,Academic Maravall,2023-11-14T18:48:59.097Z,38.99105,-0.519778,668
71,CV-645B,CV-645A,2023-11-14T18:49:09.097Z,0.0,0.0,790
72,Corts Valencianes 1B,Corts Valencianes 1A,2023-11-14T18:49:09.097Z,38.986084,-0.534517,962
73,Corts Valencianes 2A,Corts Valencianes 1A,2023-11-14T18:49:09.097Z,38.986084,-0.534517,325
74,PalasietB,PalasietB,2023-11-14T18:49:09.097Z,38.985252,-0.537441,919
75,Alfons MagnanimB,9 OctubreB,2023-11-14T18:49:09.097Z,38.987144,-0.535236,228
76,9 OctubreA,9 OctubreB,2023-11-14T18:49:09.097Z,38.987144,-0.535236,797
77,Abu Masaifa,Abu Masaifa,2023-11-14T18:49:09.097Z,38.987684,-0.53061,488
78,Ausias MarchB,Ximen ToviaB,2023-11-14T18:49:09.097Z,38.991913,-0.524291,914
79,Beata InesA,Ausias MarchB,2023-11-14T18:49:09.097Z,38.987684,-0.53061,355
80,Reina,Republica Argentina,2023-11-14T18:49:09.097Z,38.989955,-0.523503,979
81,Ximen ToviaB,N-340B,2023-11-14T18:49:09.097Z,38.992357,-0.519858,819
82,Gregorio Molina,Baixada estacio 2,2023-11-14T18:49:09.097Z,38.991213,-0.523787,850
83,Albereda 1,Albereda 2,2023-11-14T18:49:09.097Z,38.990122,-0.519633,649
84,Carme 2,Albereda 2,2023-11-14T18:49:09.097Z,38.990122,-0.519633,474
85,Academic Maravall,Maulets,2023-11-14T18:49:09.097Z,38.991249,-0.518678,747
86,Maulets,Ximen ToviaA,2023-11-14T18:49:09.097Z,38.992357,-0.519858,False
87,N-340A,Gregorio Molina,2023-11-14T18:49:09.097Z,38.992357,-0.519858,False
88,N-340B,N-340B,2023-11-14T18:49:09.097Z,0.0,0.0,482
89,CV-645A,Corts Valencianes 1B,2023-11-14T18:49:19.097Z,38.985252,-0.537441,False
90,Corts Valencianes 2A,Corts Valencianes 2A,2023-11-14T18:49:19.097Z,38.986084,-0.534517,False
91,Corts Valencianes 2B,Ausias MarchB,2023-11-14T18:49:19.097Z,38.987684,-0.53061,721
92,PalasietB,Corts Valencianes 1B,2023-11-14T18:49:19.097Z,38.985252,-0.537441,False
93,Alfons MagnanimA,Corts Valencianes 1A,2023-11-14T18:49:19.097Z,38.986084,-0.534517,024
94,Argenteria,PalasietB,2023-11-14T18:49:19.097Z,38.985489,-0.534157,False
95,9 OctubreB,Argenteria,2023-11-14T18:49:19.097Z,38.987684,-0.53061,679
96,Ausias MarchB,Ausias MarchA,2023-11-14T18:49:19.097Z,38.991913,-0.524291,127
97,Reina,Republica Argentina,2023-11-14T18:49:19.097Z,38.989955,-0.523503,718
98,Ximen ToviaA,Ausias MarchA,2023-11-14T18:49:19.097Z,38.991913,-0.524291,216
99,Ximen ToviaB,N-340B,2023-11-14T18:49:19.097Z,38.992357,-0.519858,False
100,Baixada estacio 2,Baixada estacio 2,2023-11-14T18:49:19.097Z,38.989955,-0.523503,983
101,Gregorio Molina,Abu Masaifa,2023-11-14T18:49:19.097Z,38.991213,-0.523787,273
102,Academic Maravall,Maulets,2023-11-14T18:49:19.097Z,38.991249,-0.518678,294
103,Cosmografo,Maulets,2023-11-14T18:49:19.097Z,38.991249,-0.518678,545
104,Maulets,N-340B,2023-11-14T18:49:19.097Z,38.992357,-0.519858,906
105,N-340A,Ximen ToviaA,2023-11-14T18:49:19.097Z,38.992357,-0.519858,921
106,N-340B,N-340A,2023-11-14T18:49:19.097Z,0.0,0.0,False
107,CV-645B,CV-645B,2023-11-14T18:49:29.097Z,0.0,0.0,948
108,Corts Valencianes 2B,9 OctubreA,2023-11-14T18:49:29.097Z,38.987684,-0.53061,830
109,PalasietA,Aben FerriA,2023-11-14T18:49:29.097Z,38.985489,-0.534157,False
110,PalasietB,PalasietA,2023-11-14T18:49:29.097Z,38.985252,-0.537441,592
111,Argenteria,Argenteria,2023-11-14T18:49:29.097Z,38.985489,-0.534157,589
112,9 OctubreA,Alfons MagnanimA,2023-11-14T18:49:29.097Z,38.987144,-0.535236,671
113,Ximen ToviaA,Baixada estacio 1,2023-11-14T18:49:29.097Z,38.991913,-0.524291,950
114,Ximen ToviaB,N-340B,2023-11-14T18:49:29.097Z,38.992357,-0.519858,False
115,Baixada estacio 1,Abu Masaifa,2023-11-14T18:49:29.097Z,38.991213,-0.523787,472
116,Baixada estacio 2,Albereda 1,2023-11-14T18:49:29.097Z,38.989955,-0.523503,896
117,Gregorio Molina,Abu Masaifa,2023-11-14T18:49:29.097Z,38.991213,-0.523787,934
118,Carme 2,Albereda 2,2023-11-14T18:49:29.097Z,38.990122,-0.519633,734
119,Maulets,N-340B,2023-11-14T18:49:29.097Z,38.992357,-0.519858,209
120,N-340B,N-340A,2023-11-14T18:49:29.097Z,0.0,0.0,499
121,CV-645A,PalasietA,2023-11-14T18:49:39.097Z,38.985252,-0.537441,395
122,CV-645B,Beata InesA,2023-11-14T18:49:39.097Z,0.0,0.0,806
123,Corts Valencianes 1A,CV-645B,2023-11-14T18:49:39.097Z,38.985252,-0.537441,962
124,PalasietA,PalasietB,2023-11-14T18:49:39.097Z,38.985489,-0.534157,996
125,PalasietB,PalasietA,2023-11-14T18:49:39.097Z,38.985252,-0.537441,543
126,Alfons MagnanimA,Aben FerriB,2023-11-14T18:49:39.097Z,38.986084,-0.534517,671
127,Argenteria,PalasietB,2023-11-14T18:49:39.097Z,38.985489,-0.534157,718
128,Ausias MarchA,Corts Valencianes 2A,2023-11-14T18:49:39.097Z,38.987684,-0.53061,XXX
129,Ximen ToviaA,Ausias MarchA,2023-11-14T18:49:39.097Z,38.991913,-0.524291,838
130,Cosmografo,Maulets,2023-11-14T18:49:39.097Z,38.991249,-0.518678,266
131,Maulets,N-340B,2023-11-14T18:49:39.097Z,38.992357,-0.519858,784
132,N-340A,Carme 1,2023-11-14T18:49:39.097Z,38.992357,-0.519858,708
133,N-340B,Beata InesA,2023-11-14T18:49:39.097Z,0.0,0.0,False
134,CV-645A,Corts Valencianes 1B,2023-11-14T18:49:49.097Z,38.985252,-0.537441,582
135,CV-645B,CV-645A,2023-11-14T18:49:49.097Z,0.0,0.0,460
136,Corts Valencianes 1A,CV-645B,2023-11-14T18:49:49.097Z,38.985252,-0.537441,926
137,Corts Valencianes 2A,Alfons MagnanimB,2023-11-14T18:49:49.097Z,38.986084,-0.534517,297
138,PalasietA,Aben FerriA,2023-11-14T18:49:49.097Z,38.985489,-0.534157,False
139,Aben FerriA,Alfons MagnanimB,2023-11-14T18:49:49.097Z,38.986084,-0.534517,982
140,Aben FerriB,Aben FerriA,2023-11-14T18:49:49.097Z,38.985489,-0.534157,699
141,Argenteria,PalasietB,2023-11-14T18:49:49.097Z,38.985489,-0.534157,097
142,Ausias MarchA,Corts Valencianes 2A,2023-11-14T18:49:49.097Z,38.987684,-0.53061,292
143,Ximen ToviaA,Ausias MarchA,2023-11-14T18:49:49.097Z,38.991913,-0.524291,800
144,Ximen ToviaB,Ximen ToviaA,2023-11-14T18:49:49.097Z,38.992357,-0.519858,998
145,Maulets,Gregorio Molina,2023-11-14T18:49:49.097Z,38.992357,-0.519858,937
146,N-340A,Gregorio Molina,2023-11-14T18:49:49.097Z,38.992357,-0.519858,255
147,N-340B,Beata InesA,2023-11-14T18:49:49.097Z,0.0,0.0,444
148,CV-645A,Corts Valencianes 1B,2023-11-14T18:49:59.097Z,38.985252,-0.537441,091
149,CV-645B,N-340A,2023-11-14T18:49:59.097Z,0.0,0.0,451
150,Corts Valencianes 1A,Corts Valencianes 1B,2023-11-14T18:49:59.097Z,38.985252,-0.537441,024
151,Corts Valencianes 1B,Corts Valencianes 1A,2023-11-14T18:49:59.097Z,38.986084,-0.534517,179
152,Corts Valencianes 2A,Aben FerriB,2023-11-14T18:49:59.097Z,38.986084,-0.534517,False
153,Corts Valencianes 2B,9 OctubreA,2023-11-14T18:49:59.097Z,38.987684,-0.53061,False
154,PalasietA,Aben FerriA,2023-11-14T18:49:59.097Z,38.985489,-0.534157,592
155,PalasietB,CV-645B,2023-11-14T18:49:59.097Z,38.985252,-0.537441,983
156,Alfons MagnanimB,9 OctubreB,2023-11-14T18:49:59.097Z,38.987144,-0.535236,297
157,Argenteria,Aben FerriA,2023-11-14T18:49:59.097Z,38.985489,-0.534157,090
158,9 OctubreA,Alfons MagnanimA,2023-11-14T18:49:59.097Z,38.987144,-0.535236,False
159,9 OctubreB,Beata InesB,2023-11-14T18:49:59.097Z,38.987684,-0.53061,465
160,Ausias MarchA,Argenteria,2023-11-14T18:49:59.097Z,38.987684,-0.53061,619
161,Ximen ToviaA,Ximen ToviaB,2023-11-14T18:49:59.097Z,38.991913,-0.524291,971
162,Albereda 2,Cosmografo,2023-11-14T18:49:59.097Z,38.990742,-0.513,919
163,Maulets,Gregorio Molina,2023-11-14T18:49:59.097Z,38.992357,-0.519858,215
164,N-340A,Carme 1,2023-11-14T18:49:59.097Z,38.992357,-0.519858,474
165,N-340B,Beata InesA,2023-11-14T18:49:59.097Z,0.0,0.0,692
166,Republica Argentina,Academic Maravall,2023-11-14T18:49:59.097Z,38.99105,-0.519778,717
167,CV-645A,PalasietA,2023-11-14T18:50:09.097Z,38.985252,-0.537441,528
168,CV-645B,Beata InesA,2023-11-14T18:50:09.097Z,0.0,0.0,098
169,Corts Valencianes 2A,Corts Valencianes 2B,2023-11-14T18:50:09.097Z,38.986084,-0.534517,False
170,Corts Valencianes 2B,Argenteria,2023-11-14T18:50:09.097Z,38.987684,-0.53061,159
171,PalasietB,PalasietB,2023-11-14T18:50:09.097Z,38.985252,-0.537441,999
172,Alfons MagnanimA,Corts Valencianes 1A,2023-11-14T18:50:09.097Z,38.986084,-0.534517,False
173,Alfons MagnanimB,9 OctubreB,2023-11-14T18:50:09.097Z,38.987144,-0.535236,False
174,Aben FerriA,Corts Valencianes 1A,2023-11-14T18:50:09.097Z,38.986084,-0.534517,146
175,9 OctubreA,Alfons MagnanimA,2023-11-14T18:50:09.097Z,38.987144,-0.535236,070
176,9 OctubreB,Beata InesB,2023-11-14T18:50:09.097Z,38.987684,-0.53061,604
177,Ausias MarchA,Ausias MarchA,2023-11-14T18:50:09.097Z,38.987684,-0.53061,127
178,Ausias MarchB,Ximen ToviaB,2023-11-14T18:50:09.097Z,38.991913,-0.524291,674
179,Ximen ToviaB,N-340B,2023-11-14T18:50:09.097Z,38.992357,-0.519858,661
180,Baixada estacio 1,Abu Masaifa,2023-11-14T18:50:09.097Z,38.991213,-0.523787,950
181,Albereda 2,Cosmografo,2023-11-14T18:50:09.097Z,38.990742,-0.513,699
182,Academic Maravall,Maulets,2023-11-14T18:50:09.097Z,38.991249,-0.518678,000
183,Cosmografo,Maulets,2023-11-14T18:50:09.097Z,38.991249,-0.518678,169
184,Maulets,N-340B,2023-11-14T18:50:09.097Z,38.992357,-0.519858,691
185,N-340A,Ximen ToviaA,2023-11-14T18:50:09.097Z,38.992357,-0.519858,435
186,N-340B,N-340A,2023-11-14T18:50:09.097Z,0.0,0.0,877
187,CV-645B,CV-645B,2023-11-14T18:50:19.097Z,0.0,0.0,mel
188,Corts Valencianes 1A,PalasietA,2023-11-14T18:50:19.097Z,38.985252,-0.537441,False
189,Corts Valencianes 1B,Alfons MagnanimB,2023-11-14T18:50:19.097Z,38.986084,-0.534517,False
190,Corts Valencianes 2B,9 OctubreA,2023-11-14T18:50:19.097Z,38.987684,-0.53061,207
191,PalasietB,CV-645B,2023-11-14T18:50:19.097Z,38.985252,-0.537441,910
192,Aben FerriA,Alfons MagnanimB,2023-11-14T18:50:19.097Z,38.986084,-0.534517,671
193,Aben FerriB,PalasietB,2023-11-14T18:50:19.097Z,38.985489,-0.534157,996
194,Argenteria,Aben FerriA,2023-11-14T18:50:19.097Z,38.985489,-0.534157,334
195,9 OctubreA,9 OctubreB,2023-11-14T18:50:19.097Z,38.987144,-0.535236,182
196,Ausias MarchA,9 OctubreA,2023-11-14T18:50:19.097Z,38.987684,-0.53061,216
197,Ausias MarchB,Baixada estacio 1,2023-11-14T18:50:19.097Z,38.991913,-0.524291,996
198,Ximen ToviaB,Ximen ToviaA,2023-11-14T18:50:19.097Z,38.992357,-0.519858,712
199,N-340B,N-340A,2023-11-14T18:50:19.097Z,0.0,0.0,318
200,Republica Argentina,Carme 2,2023-11-14T18:50:19.097Z,38.99105,-0.519778,699
201,CV-645A,Corts Valencianes 1B,2023-11-14T18:50:29.097Z,38.985252,-0.537441,190
202,Corts Valencianes 1A,Corts Valencianes 1B,2023-11-14T18:50:29.097Z,38.985252,-0.537441,False
203,Corts Valencianes 1B,Corts Valencianes 2B,2023-11-14T18:50:29.097Z,38.986084,-0.534517,582
204,Corts Valencianes 2A,Corts Valencianes 1A,2023-11-14T18:50:29.097Z,38.986084,-0.534517,False
205,PalasietA,Aben FerriA,2023-11-14T18:50:29.097Z,38.985489,-0.534157,543
206,PalasietB,PalasietA,2023-11-14T18:50:29.097Z,38.985252,-0.537441,False
207,Alfons MagnanimB,9 OctubreB,2023-11-14T18:50:29.097Z,38.987144,-0.535236,747
208,Aben FerriA,Corts Valencianes 2B,2023-11-14T18:50:29.097Z,38.986084,-0.534517,999
209,Argenteria,Aben FerriA,2023-11-14T18:50:29.097Z,38.985489,-0.534157,989
210,9 OctubreA,Alfons MagnanimA,2023-11-14T18:50:29.097Z,38.987144,-0.535236,264
211,Ausias MarchA,9 OctubreA,2023-11-14T18:50:29.097Z,38.987684,-0.53061,838
212,Ausias MarchB,Baixada estacio 1,2023-11-14T18:50:29.097Z,38.991913,-0.524291,308
213,Ximen ToviaA,Ausias MarchA,2023-11-14T18:50:29.097Z,38.991913,-0.524291,False
214,Ximen ToviaB,Gregorio Molina,2023-11-14T18:50:29.097Z,38.992357,-0.519858,976
215,Baixada estacio 1,Abu Masaifa,2023-11-14T18:50:29.097Z,38.991213,-0.523787,996
216,Gregorio Molina,Baixada estacio 2,2023-11-14T18:50:29.097Z,38.991213,-0.523787,678
217,Academic Maravall,Maulets,2023-11-14T18:50:29.097Z,38.991249,-0.518678,668
218,Maulets,Gregorio Molina,2023-11-14T18:50:29.097Z,38.992357,-0.519858,636
219,N-340A,Ximen ToviaA,2023-11-14T18:50:29.097Z,38.992357,-0.519858,216
220,CV-645B,Beata InesA,2023-11-14T18:50:39.097Z,0.0,0.0,910
221,Corts Valencianes 1A,CV-645B,2023-11-14T18:50:39.097Z,38.985252,-0.537441,746
222,Corts Valencianes 1B,Alfons MagnanimB,2023-11-14T18:50:39.097Z,38.986084,-0.534517,091
223,Corts Valencianes 2A,Alfons MagnanimB,2023-11-14T18:50:39.097Z,38.986084,-0.534517,587
224,Corts Valencianes 2B,Reina,2023-11-14T18:50:39.097Z,38.987684,-0.53061,False
225,PalasietA,PalasietA,2023-11-14T18:50:39.097Z,38.985489,-0.534157,528
226,PalasietB,Corts Valencianes 1B,2023-11-14T18:50:39.097Z,38.985252,-0.537441,965
227,Alfons MagnanimB,9 OctubreB,2023-11-14T18:50:39.097Z,38.987144,-0.535236,671
228,Aben FerriA,Aben FerriB,2023-11-14T18:50:39.097Z,38.986084,-0.534517,050
229,9 OctubreB,Ausias MarchB,2023-11-14T18:50:39.097Z,38.987684,-0.53061,228
230,Ausias MarchA,Argenteria,2023-11-14T18:50:39.097Z,38.987684,-0.53061,800
231,Beata InesA,Reina,2023-11-14T18:50:39.097Z,38.987684,-0.53061,866
232,Ximen ToviaB,N-340B,2023-11-14T18:50:39.097Z,38.992357,-0.519858,False
233,Baixada estacio 1,Abu Masaifa,2023-11-14T18:50:39.097Z,38.991213,-0.523787,908
234,Baixada estacio 2,Albereda 1,2023-11-14T18:50:39.097Z,38.989955,-0.523503,678
235,Albereda 2,N-340B,2023-11-14T18:50:39.097Z,38.990742,-0.513,False
236,Academic Maravall,Maulets,2023-11-14T18:50:39.097Z,38.991249,-0.518678,717
237,Cosmografo,Maulets,2023-11-14T18:50:39.097Z,38.991249,-0.518678,913
238,Maulets,Ximen ToviaA,2023-11-14T18:50:39.097Z,38.992357,-0.519858,485
239,N-340A,Gregorio Molina,2023-11-14T18:50:39.097Z,38.992357,-0.519858,451
240,Republica Argentina,Academic Maravall,2023-11-14T18:50:39.097Z,38.99105,-0.519778,629
241,CV-645A,Corts Valencianes 1B,2023-11-14T18:50:49.097Z,38.985252,-0.537441,460
242,Corts Valencianes 1A,PalasietA,2023-11-14T18:50:49.097Z,38.985252,-0.537441,False
243,Corts Valencianes 1B,Alfons MagnanimB,2023-11-14T18:50:49.097Z,38.986084,-0.534517,024
244,Corts Valencianes 2A,Corts Valencianes 1A,2023-11-14T18:50:49.097Z,38.986084,-0.534517,496
245,Corts Valencianes 2B,Beata InesB,2023-11-14T18:50:49.097Z,38.987684,-0.53061,718
246,PalasietA,PalasietA,2023-11-14T18:50:49.097Z,38.985489,-0.534157,False
247,PalasietB,PalasietA,2023-11-14T18:50:49.097Z,38.985252,-0.537441,118
248,Alfons MagnanimA,Corts Valencianes 1A,2023-11-14T18:50:49.097Z,38.986084,-0.534517,998
249,Aben FerriA,Aben FerriB,2023-11-14T18:50:49.097Z,38.986084,-0.534517,334
250,Aben FerriB,PalasietB,2023-11-14T18:50:49.097Z,38.985489,-0.534157,050
251,Argenteria,Aben FerriA,2023-11-14T18:50:49.097Z,38.985489,-0.534157,679
252,9 OctubreB,Ausias MarchB,2023-11-14T18:50:49.097Z,38.987684,-0.53061,797
253,Beata InesA,Argenteria,2023-11-14T18:50:49.097Z,38.987684,-0.53061,655
254,Beata InesB,N-340A,2023-11-14T18:50:49.097Z,0.0,0.0,604
255,Reina,Albereda 1,2023-11-14T18:50:49.097Z,38.989955,-0.523503,536
256,Ximen ToviaB,N-340B,2023-11-14T18:50:49.097Z,38.992357,-0.519858,283
257,Gregorio Molina,Abu Masaifa,2023-11-14T18:50:49.097Z,38.991213,-0.523787,235
258,Albereda 1,Albereda 2,2023-11-14T18:50:49.097Z,38.990122,-0.519633,128
259,Carme 1,Carme 2,2023-11-14T18:50:49.097Z,38.99105,-0.519778,703
260,Carme 2,Albereda 2,2023-11-14T18:50:49.097Z,38.990122,-0.519633,898
261,N-340A,Gregorio Molina,2023-11-14T18:50:49.097Z,38.992357,-0.519858,773
262,N-340B,CV-645A,2023-11-14T18:50:49.097Z,0.0,0.0,366
263,Corts Valencianes 1A,CV-645B,2023-11-14T18:50:59.097Z,38.985252,-0.537441,496
264,Corts Valencianes 2B,9 OctubreA,2023-11-14T18:50:59.097Z,38.987684,-0.53061,067
265,PalasietA,Aben FerriA,2023-11-14T18:50:59.097Z,38.985489,-0.534157,395
266,PalasietB,PalasietA,2023-11-14T18:50:59.097Z,38.985252,-0.537441,870
267,Alfons MagnanimA,Corts Valencianes 2B,2023-11-14T18:50:59.097Z,38.986084,-0.534517,264
268,Alfons MagnanimB,9 OctubreB,2023-11-14T18:50:59.097Z,38.987144,-0.535236,996
269,Aben FerriB,PalasietB,2023-11-14T18:50:59.097Z,38.985489,-0.534157,334
270,Argenteria,PalasietB,2023-11-14T18:50:59.097Z,38.985489,-0.534157,False
271,9 OctubreA,9 OctubreB,2023-11-14T18:50:59.097Z,38.987144,-0.535236,830
272,9 OctubreB,9 OctubreB,2023-11-14T18:50:59.097Z,38.987684,-0.53061,297
273,Abu Masaifa,9 OctubreA,2023-11-14T18:50:59.097Z,38.987684,-0.53061,495
274,Ausias MarchA,Ausias MarchB,2023-11-14T18:50:59.097Z,38.987684,-0.53061,127
275,Beata InesA,Reina,2023-11-14T18:50:59.097Z,38.987684,-0.53061,144
276,Reina,Republica Argentina,2023-11-14T18:50:59.097Z,38.989955,-0.523503,308
277,Gregorio Molina,Abu Masaifa,2023-11-14T18:50:59.097Z,38.991213,-0.523787,215
278,Carme 1,Carme 2,2023-11-14T18:50:59.097Z,38.99105,-0.519778,337
279,Carme 2,Albereda 2,2023-11-14T18:50:59.097Z,38.990122,-0.519633,254
280,Maulets,Gregorio Molina,2023-11-14T18:50:59.097Z,38.992357,-0.519858,False
281,N-340A,Gregorio Molina,2023-11-14T18:50:59.097Z,38.992357,-0.519858,193
282,N-340B,CV-645A,2023-11-14T18:50:59.097Z,0.0,0.0,False
283,CV-645B,CV-645A,2023-11-14T18:51:09.097Z,0.0,0.0,597
284,Corts Valencianes 1A,CV-645B,2023-11-14T18:51:09.097Z,38.985252,-0.537441,False
285,Corts Valencianes 2B,Reina,2023-11-14T18:51:09.097Z,38.987684,-0.53061,582
286,PalasietB,Corts Valencianes 1B,2023-11-14T18:51:09.097Z,38.985252,-0.537441,724
287,Alfons MagnanimB,Alfons MagnanimA,2023-11-14T18:51:09.097Z,38.987144,-0.535236,491
288,Aben FerriA,Corts Valencianes 1A,2023-11-14T18:51:09.097Z,38.986084,-0.534517,543
289,Argenteria,PalasietB,2023-11-14T18:51:09.097Z,38.985489,-0.534157,False
290,9 OctubreB,Ausias MarchB,2023-11-14T18:51:09.097Z,38.987684,-0.53061,False
291,Ausias MarchA,9 OctubreA,2023-11-14T18:51:09.097Z,38.987684,-0.53061,998
292,Beata InesA,Reina,2023-11-14T18:51:09.097Z,38.987684,-0.53061,691
293,Reina,Albereda 1,2023-11-14T18:51:09.097Z,38.989955,-0.523503,994
294,Ximen ToviaB,Carme 1,2023-11-14T18:51:09.097Z,38.992357,-0.519858,699
295,Gregorio Molina,Abu Masaifa,2023-11-14T18:51:09.097Z,38.991213,-0.523787,False
296,Albereda 2,Cosmografo,2023-11-14T18:51:09.097Z,38.990742,-0.513,186
297,Academic Maravall,Maulets,2023-11-14T18:51:09.097Z,38.991249,-0.518678,629
298,N-340A,Ximen ToviaA,2023-11-14T18:51:09.097Z,38.992357,-0.519858,499
299,Republica Argentina,Academic Maravall,2023-11-14T18:51:09.097Z,38.99105,-0.519778,797
300,CV-645B,Beata InesA,2023-11-14T18:51:19.097Z,0.0,0.0,018
301,Corts Valencianes 2B,9 OctubreA,2023-11-14T18:51:19.097Z,38.987684,-0.53061,992
302,Alfons MagnanimA,Alfons MagnanimA,2023-11-14T18:51:19.097Z,38.986084,-0.534517,587
303,Alfons MagnanimB,9 OctubreB,2023-11-14T18:51:19.097Z,38.987144,-0.535236,024
304,Aben FerriA,Corts Valencianes 1A,2023-11-14T18:51:19.097Z,38.986084,-0.534517,989
305,Argenteria,PalasietB,2023-11-14T18:51:19.097Z,38.985489,-0.534157,800
306,9 OctubreA,9 OctubreB,2023-11-14T18:51:19.097Z,38.987144,-0.535236,937
307,Abu Masaifa,Ausias MarchB,2023-11-14T18:51:19.097Z,38.987684,-0.53061,785
308,Beata InesB,N-340A,2023-11-14T18:51:19.097Z,0.0,0.0,465
309,Academic Maravall,Maulets,2023-11-14T18:51:19.097Z,38.991249,-0.518678,797
310,Maulets,N-340B,2023-11-14T18:51:19.097Z,38.992357,-0.519858,666
311,Republica Argentina,Carme 2,2023-11-14T18:51:19.097Z,38.99105,-0.519778,996
312,Corts Valencianes 2B,Argenteria,2023-11-14T18:51:29.097Z,38.987684,-0.53061,264
313,PalasietA,PalasietB,2023-11-14T18:51:29.097Z,38.985489,-0.534157,528
314,PalasietB,CV-645B,2023-11-14T18:51:29.097Z,38.985252,-0.537441,699
315,Alfons MagnanimA,Corts Valencianes 1A,2023-11-14T18:51:29.097Z,38.986084,-0.534517,292
316,Aben FerriA,Corts Valencianes 1A,2023-11-14T18:51:29.097Z,38.986084,-0.534517,875
317,Argenteria,Aben FerriA,2023-11-14T18:51:29.097Z,38.985489,-0.534157,696
318,9 OctubreA,9 OctubreB,2023-11-14T18:51:29.097Z,38.987144,-0.535236,544
319,Abu Masaifa,Ausias MarchB,2023-11-14T18:51:29.097Z,38.987684,-0.53061,488
320,Ausias MarchB,Ausias MarchA,2023-11-14T18:51:29.097Z,38.991913,-0.524291,228
321,Beata InesA,Argenteria,2023-11-14T18:51:29.097Z,38.987684,-0.53061,098
322,Beata InesB,N-340A,2023-11-14T18:51:29.097Z,0.0,0.0,969
323,Ximen ToviaA,Ausias MarchA,2023-11-14T18:51:29.097Z,38.991913,-0.524291,635
324,Gregorio Molina,Abu Masaifa,2023-11-14T18:51:29.097Z,38.991213,-0.523787,False
325,Albereda 2,N-340B,2023-11-14T18:51:29.097Z,38.990742,-0.513,tle
326,Maulets,Ximen ToviaA,2023-11-14T18:51:29.097Z,38.992357,-0.519858,718
327,N-340A,Carme 1,2023-11-14T18:51:29.097Z,38.992357,-0.519858,970
328,Republica Argentina,Carme 2,2023-11-14T18:51:29.097Z,38.99105,-0.519778,379
329,Corts Valencianes 1A,CV-645B,2023-11-14T18:51:39.097Z,38.985252,-0.537441,543
330,Corts Valencianes 1B,Corts Valencianes 2B,2023-11-14T18:51:39.097Z,38.986084,-0.534517,993
331,PalasietA,Aben FerriA,2023-11-14T18:51:39.097Z,38.985489,-0.534157,XXX
332,PalasietB,CV-645B,2023-11-14T18:51:39.097Z,38.985252,-0.537441,090
333,Aben FerriA,Alfons MagnanimB,2023-11-14T18:51:39.097Z,38.986084,-0.534517,395
334,9 OctubreA,9 OctubreB,2023-11-14T18:51:39.097Z,38.987144,-0.535236,287
335,9 OctubreB,Reina,2023-11-14T18:51:39.097Z,38.987684,-0.53061,182
336,Ausias MarchB,Ximen ToviaB,2023-11-14T18:51:39.097Z,38.991913,-0.524291,797
337,Beata InesA,Argenteria,2023-11-14T18:51:39.097Z,38.987684,-0.53061,035
338,Ximen ToviaB,Ximen ToviaA,2023-11-14T18:51:39.097Z,38.992357,-0.519858,020
339,Gregorio Molina,Baixada estacio 2,2023-11-14T18:51:39.097Z,38.991213,-0.523787,451
340,Albereda 2,N-340B,2023-11-14T18:51:39.097Z,38.990742,-0.513,710
341,Maulets,Carme 1,2023-11-14T18:51:39.097Z,38.992357,-0.519858,690
342,N-340A,Ximen ToviaA,2023-11-14T18:51:39.097Z,38.992357,-0.519858,False
343,N-340B,CV-645A,2023-11-14T18:51:39.097Z,0.0,0.0,418
344,Republica Argentina,Carme 2,2023-11-14T18:51:39.097Z,38.99105,-0.519778,False
345,CV-645A,PalasietA,2023-11-14T18:51:49.097Z,38.985252,-0.537441,False
346,CV-645B,Beata InesA,2023-11-14T18:51:49.097Z,0.0,0.0,484
347,Corts Valencianes 1A,CV-645B,2023-11-14T18:51:49.097Z,38.985252,-0.537441,589
348,PalasietA,Aben FerriA,2023-11-14T18:51:49.097Z,38.985489,-0.534157,118
349,Aben FerriA,Corts Valencianes 2B,2023-11-14T18:51:49.097Z,38.986084,-0.534517,False
350,9 OctubreA,9 OctubreB,2023-11-14T18:51:49.097Z,38.987144,-0.535236,216
351,Ausias MarchB,Ximen ToviaB,2023-11-14T18:51:49.097Z,38.991913,-0.524291,127
352,Beata InesA,Ausias MarchB,2023-11-14T18:51:49.097Z,38.987684,-0.53061,016
353,Reina,Albereda 1,2023-11-14T18:51:49.097Z,38.989955,-0.523503,637
354,Ximen ToviaA,Ausias MarchA,2023-11-14T18:51:49.097Z,38.991913,-0.524291,712
355,Ximen ToviaB,Carme 1,2023-11-14T18:51:49.097Z,38.992357,-0.519858,268
356,Gregorio Molina,Abu Masaifa,2023-11-14T18:51:49.097Z,38.991213,-0.523787,773
357,Albereda 1,Albereda 2,2023-11-14T18:51:49.097Z,38.990122,-0.519633,246
358,Albereda 2,N-340B,2023-11-14T18:51:49.097Z,38.990742,-0.513,673
359,Carme 2,Albereda 2,2023-11-14T18:51:49.097Z,38.990122,-0.519633,971
360,N-340A,Gregorio Molina,2023-11-14T18:51:49.097Z,38.992357,-0.519858,121
361,CV-645A,Corts Valencianes 1B,2023-11-14T18:51:59.097Z,38.985252,-0.537441,False
362,Corts Valencianes 1A,CV-645B,2023-11-14T18:51:59.097Z,38.985252,-0.537441,292
363,Corts Valencianes 1B,Corts Valencianes 2B,2023-11-14T18:51:59.097Z,38.986084,-0.534517,969
364,PalasietA,PalasietB,2023-11-14T18:51:59.097Z,38.985489,-0.534157,False
365,Alfons MagnanimB,9 OctubreB,2023-11-14T18:51:59.097Z,38.987144,-0.535236,395
366,Aben FerriA,Corts Valencianes 2B,2023-11-14T18:51:59.097Z,38.986084,-0.534517,817
367,9 OctubreA,9 OctubreB,2023-11-14T18:51:59.097Z,38.987144,-0.535236,638
368,9 OctubreB,Beata InesB,2023-11-14T18:51:59.097Z,38.987684,-0.53061,False
369,Abu Masaifa,Reina,2023-11-14T18:51:59.097Z,38.987684,-0.53061,472
370,Reina,Republica Argentina,2023-11-14T18:51:59.097Z,38.989955,-0.523503,994
371,Ximen ToviaA,Ximen ToviaB,2023-11-14T18:51:59.097Z,38.991913,-0.524291,749
372,Ximen ToviaB,Gregorio Molina,2023-11-14T18:51:59.097Z,38.992357,-0.519858,False
373,Cosmografo,Maulets,2023-11-14T18:51:59.097Z,38.991249,-0.518678,687
374,Maulets,Ximen ToviaA,2023-11-14T18:51:59.097Z,38.992357,-0.519858,980
375,N-340A,Ximen ToviaA,2023-11-14T18:51:59.097Z,38.992357,-0.519858,195
376,N-340B,N-340A,2023-11-14T18:51:59.097Z,0.0,0.0,756
377,CV-645A,PalasietA,2023-11-14T18:52:09.097Z,38.985252,-0.537441,997
378,Corts Valencianes 1B,Aben FerriB,2023-11-14T18:52:09.097Z,38.986084,-0.534517,False
379,Corts Valencianes 2B,Argenteria,2023-11-14T18:52:09.097Z,38.987684,-0.53061,993
380,PalasietA,Aben FerriA,2023-11-14T18:52:09.097Z,38.985489,-0.534157,097
381,PalasietB,PalasietA,2023-11-14T18:52:09.097Z,38.985252,-0.537441,799
382,Aben FerriA,Corts Valencianes 2B,2023-11-14T18:52:09.097Z,38.986084,-0.534517,418
383,9 OctubreA,9 OctubreB,2023-11-14T18:52:09.097Z,38.987144,-0.535236,900
384,9 OctubreB,Ausias MarchB,2023-11-14T18:52:09.097Z,38.987684,-0.53061,671
385,Abu Masaifa,Ausias MarchB,2023-11-14T18:52:09.097Z,38.987684,-0.53061,934
386,Ausias MarchA,9 OctubreA,2023-11-14T18:52:09.097Z,38.987684,-0.53061,228
387,Reina,Republica Argentina,2023-11-14T18:52:09.097Z,38.989955,-0.523503,261
388,Ximen ToviaA,Ausias MarchA,2023-11-14T18:52:09.097Z,38.991913,-0.524291,666
389,Ximen ToviaB,N-340B,2023-11-14T18:52:09.097Z,38.992357,-0.519858,529
390,Albereda 2,N-340B,2023-11-14T18:52:09.097Z,38.990742,-0.513,732
391,Cosmografo,Maulets,2023-11-14T18:52:09.097Z,38.991249,-0.518678,186
392,Maulets,N-340B,2023-11-14T18:52:09.097Z,38.992357,-0.519858,897
393,N-340A,Ximen ToviaA,2023-11-14T18:52:09.097Z,38.992357,-0.519858,897
394,N-340B,Beata InesA,2023-11-14T18:52:09.097Z,0.0,0.0,820
395,Republica Argentina,Carme 2,2023-11-14T18:52:09.097Z,38.99105,-0.519778,False
396,CV-645B,CV-645A,2023-11-14T18:52:19.097Z,0.0,0.0,487
397,Corts Valencianes 1B,Alfons MagnanimB,2023-11-14T18:52:19.097Z,38.986084,-0.534517,999
398,Corts Valencianes 2B,Reina,2023-11-14T18:52:19.097Z,38.987684,-0.53061,False
399,PalasietA,Aben FerriA,2023-11-14T18:52:19.097Z,38.985489,-0.534157,366
400,PalasietB,PalasietA,2023-11-14T18:52:19.097Z,38.985252,-0.537441,False
401,Aben FerriA,Corts Valencianes 2B,2023-11-14T18:52:19.097Z,38.986084,-0.534517,870
402,Aben FerriB,Aben FerriB,2023-11-14T18:52:19.097Z,38.985489,-0.534157,False
403,9 OctubreA,Alfons MagnanimA,2023-11-14T18:52:19.097Z,38.987144,-0.535236,495
404,9 OctubreB,Argenteria,2023-11-14T18:52:19.097Z,38.987684,-0.53061,091
405,Ausias MarchB,Ximen ToviaB,2023-11-14T18:52:19.097Z,38.991913,-0.524291,678
406,Reina,Republica Argentina,2023-11-14T18:52:19.097Z,38.989955,-0.523503,False
407,Ximen ToviaA,Ximen ToviaB,2023-11-14T18:52:19.097Z,38.991913,-0.524291,597
408,Ximen ToviaB,Ximen ToviaA,2023-11-14T18:52:19.097Z,38.992357,-0.519858,978
409,Baixada estacio 2,Albereda 1,2023-11-14T18:52:19.097Z,38.989955,-0.523503,453
410,Gregorio Molina,Abu Masaifa,2023-11-14T18:52:19.097Z,38.991213,-0.523787,970
411,Albereda 1,Albereda 2,2023-11-14T18:52:19.097Z,38.990122,-0.519633,False
412,Carme 2,Albereda 2,2023-11-14T18:52:19.097Z,38.990122,-0.519633,916
413,N-340B,Beata InesA,2023-11-14T18:52:19.097Z,0.0,0.0,966
414,Republica Argentina,Academic Maravall,2023-11-14T18:52:19.097Z,38.99105,-0.519778,801
415,Corts Valencianes 2B,Ausias MarchB,2023-11-14T18:52:29.097Z,38.987684,-0.53061,969
416,PalasietA,Aben FerriA,2023-11-14T18:52:29.097Z,38.985489,-0.534157,597
417,Alfons MagnanimB,9 OctubreB,2023-11-14T18:52:29.097Z,38.987144,-0.535236,999
418,Aben FerriB,PalasietB,2023-11-14T18:52:29.097Z,38.985489,-0.534157,919
419,9 OctubreA,Alfons MagnanimA,2023-11-14T18:52:29.097Z,38.987144,-0.535236,False
420,Ausias MarchB,Ausias MarchA,2023-11-14T18:52:29.097Z,38.991913,-0.524291,480
421,Ximen ToviaA,Baixada estacio 1,2023-11-14T18:52:29.097Z,38.991913,-0.524291,969
422,Ximen ToviaB,N-340B,2023-11-14T18:52:29.097Z,38.992357,-0.519858,False
423,Gregorio Molina,Baixada estacio 2,2023-11-14T18:52:29.097Z,38.991213,-0.523787,193
424,Albereda 1,Albereda 2,2023-11-14T18:52:29.097Z,38.990122,-0.519633,825
425,Carme 2,Albereda 2,2023-11-14T18:52:29.097Z,38.990122,-0.519633,False
426,Maulets,N-340B,2023-11-14T18:52:29.097Z,38.992357,-0.519858,False
427,N-340A,Gregorio Molina,2023-11-14T18:52:29.097Z,38.992357,-0.519858,669
428,N-340B,N-340A,2023-11-14T18:52:29.097Z,0.0,0.0,136
429,Republica Argentina,Carme 2,2023-11-14T18:52:29.097Z,38.99105,-0.519778,632
430,CV-645B,Beata InesA,2023-11-14T18:52:39.097Z,0.0,0.0,070
431,Corts Valencianes 1A,Corts Valencianes 1B,2023-11-14T18:52:39.097Z,38.985252,-0.537441,699
432,Corts Valencianes 1B,Alfons MagnanimB,2023-11-14T18:52:39.097Z,38.986084,-0.534517,008
433,Corts Valencianes 2B,Reina,2023-11-14T18:52:39.097Z,38.987684,-0.53061,False
434,PalasietA,Aben FerriA,2023-11-14T18:52:39.097Z,38.985489,-0.534157,799
435,PalasietB,CV-645B,2023-11-14T18:52:39.097Z,38.985252,-0.537441,800
436,Alfons MagnanimA,Corts Valencianes 2B,2023-11-14T18:52:39.097Z,38.986084,-0.534517,495
437,Aben FerriA,Corts Valencianes 2B,2023-11-14T18:52:39.097Z,38.986084,-0.534517,366
438,Argenteria,PalasietB,2023-11-14T18:52:39.097Z,38.985489,-0.534157,058
439,9 OctubreA,Alfons MagnanimA,2023-11-14T18:52:39.097Z,38.987144,-0.535236,999
440,9 OctubreB,Reina,2023-11-14T18:52:39.097Z,38.987684,-0.53061,967
441,Ausias MarchB,Ximen ToviaB,2023-11-14T18:52:39.097Z,38.991913,-0.524291,018
442,Reina,Albereda 1,2023-11-14T18:52:39.097Z,38.989955,-0.523503,False
443,Baixada estacio 1,Baixada estacio 1,2023-11-14T18:52:39.097Z,38.991213,-0.523787,False
444,Baixada estacio 2,Albereda 1,2023-11-14T18:52:39.097Z,38.989955,-0.523503,193
445,Gregorio Molina,Abu Masaifa,2023-11-14T18:52:39.097Z,38.991213,-0.523787,976
446,Albereda 1,Albereda 2,2023-11-14T18:52:39.097Z,38.990122,-0.519633,250
447,Carme 2,Albereda 2,2023-11-14T18:52:39.097Z,38.990122,-0.519633,181
448,N-340A,Ximen ToviaA,2023-11-14T18:52:39.097Z,38.992357,-0.519858,318
449,N-340B,CV-645A,2023-11-14T18:52:39.097Z,0.0,0.0,261
450,CV-645A,Corts Valencianes 1B,2023-11-14T18:52:49.097Z,38.985252,-0.537441,478
451,Corts Valencianes 2B,Beata InesB,2023-11-14T18:52:49.097Z,38.987684,-0.53061,418
452,PalasietA,Aben FerriA,2023-11-14T18:52:49.097Z,38.985489,-0.534157,False
453,Alfons MagnanimA,Corts Valencianes 1A,2023-11-14T18:52:49.097Z,38.986084,-0.534517,False
454,Aben FerriA,Aben FerriB,2023-11-14T18:52:49.097Z,38.986084,-0.534517,679
455,Argenteria,PalasietB,2023-11-14T18:52:49.097Z,38.985489,-0.534157,035
456,9 OctubreB,Ausias MarchB,2023-11-14T18:52:49.097Z,38.987684,-0.53061,974
457,Reina,Republica Argentina,2023-11-14T18:52:49.097Z,38.989955,-0.523503,940
458,Ximen ToviaB,Carme 1,2023-11-14T18:52:49.097Z,38.992357,-0.519858,464
459,Baixada estacio 1,Abu Masaifa,2023-11-14T18:52:49.097Z,38.991213,-0.523787,716
460,Carme 2,Albereda 2,2023-11-14T18:52:49.097Z,38.990122,-0.519633,False
461,N-340A,Ximen ToviaA,2023-11-14T18:52:49.097Z,38.992357,-0.519858,604
462,N-340B,N-340B,2023-11-14T18:52:49.097Z,0.0,0.0,909
463,Republica Argentina,Carme 2,2023-11-14T18:52:49.097Z,38.99105,-0.519778,False
464,CV-645A,Corts Valencianes 1B,2023-11-14T18:52:59.097Z,38.985252,-0.537441,False
465,Corts Valencianes 1A,Corts Valencianes 1B,2023-11-14T18:52:59.097Z,38.985252,-0.537441,998
466,Corts Valencianes 1B,Corts Valencianes 2B,2023-11-14T18:52:59.097Z,38.986084,-0.534517,False
467,Corts Valencianes 2B,9 OctubreA,2023-11-14T18:52:59.097Z,38.987684,-0.53061,870
468,PalasietA,Aben FerriA,2023-11-14T18:52:59.097Z,38.985489,-0.534157,660
469,PalasietB,Corts Valencianes 1B,2023-11-14T18:52:59.097Z,38.985252,-0.537441,528
470,Alfons MagnanimA,Corts Valencianes 1A,2023-11-14T18:52:59.097Z,38.986084,-0.534517,999
471,Alfons MagnanimB,Alfons MagnanimA,2023-11-14T18:52:59.097Z,38.987144,-0.535236,008
472,Aben FerriA,Alfons MagnanimB,2023-11-14T18:52:59.097Z,38.986084,-0.534517,False
473,Ausias MarchB,Ximen ToviaB,2023-11-14T18:52:59.097Z,38.991913,-0.524291,671
474,Ximen ToviaB,Ximen ToviaA,2023-11-14T18:52:59.097Z,38.992357,-0.519858,638
475,Gregorio Molina,Abu Masaifa,2023-11-14T18:52:59.097Z,38.991213,-0.523787,121
476,N-340A,Ximen ToviaA,2023-11-14T18:52:59.097Z,38.992357,-0.519858,465
477,N-340B,N-340B,2023-11-14T18:52:59.097Z,0.0,0.0,003
478,Republica Argentina,Carme 2,2023-11-14T18:52:59.097Z,38.99105,-0.519778,441
479,CV-645B,CV-645B,2023-11-14T18:53:09.097Z,0.0,0.0,False
480,Corts Valencianes 1A,CV-645B,2023-11-14T18:53:09.097Z,38.985252,-0.537441,999
481,Corts Valencianes 1B,Corts Valencianes 2B,2023-11-14T18:53:09.097Z,38.986084,-0.534517,619
482,Corts Valencianes 2B,Argenteria,2023-11-14T18:53:09.097Z,38.987684,-0.53061,255
483,PalasietB,CV-645B,2023-11-14T18:53:09.097Z,38.985252,-0.537441,False
484,Alfons MagnanimA,Corts Valencianes 2B,2023-11-14T18:53:09.097Z,38.986084,-0.534517,008
485,Aben FerriA,Corts Valencianes 1A,2023-11-14T18:53:09.097Z,38.986084,-0.534517,False
486,Aben FerriB,PalasietB,2023-11-14T18:53:09.097Z,38.985489,-0.534157,679
487,9 OctubreA,Alfons MagnanimA,2023-11-14T18:53:09.097Z,38.987144,-0.535236,228
488,9 OctubreB,Ausias MarchB,2023-11-14T18:53:09.097Z,38.987684,-0.53061,False
489,Abu Masaifa,Reina,2023-11-14T18:53:09.097Z,38.987684,-0.53061,990
490,Ausias MarchA,9 OctubreA,2023-11-14T18:53:09.097Z,38.987684,-0.53061,435
491,Reina,Albereda 1,2023-11-14T18:53:09.097Z,38.989955,-0.523503,939
492,Gregorio Molina,Abu Masaifa,2023-11-14T18:53:09.097Z,38.991213,-0.523787,False
493,Carme 2,Albereda 2,2023-11-14T18:53:09.097Z,38.990122,-0.519633,956
494,N-340A,Ximen ToviaA,2023-11-14T18:53:09.097Z,38.992357,-0.519858,716
495,Republica Argentina,Carme 2,2023-11-14T18:53:09.097Z,38.99105,-0.519778,False
496,Corts Valencianes 1A,CV-645B,2023-11-14T18:53:19.097Z,38.985252,-0.537441,493
497,Corts Valencianes 1B,Alfons MagnanimB,2023-11-14T18:53:19.097Z,38.986084,-0.534517,478
498,Corts Valencianes 2B,Corts Valencianes 2A,2023-11-14T18:53:19.097Z,38.987684,-0.53061,366
499,PalasietB,CV-645B,2023-11-14T18:53:19.097Z,38.985252,-0.537441,False
500,Alfons MagnanimA,Corts Valencianes 1A,2023-11-14T18:53:19.097Z,38.986084,-0.534517,769
501,Alfons MagnanimB,Alfons MagnanimA,2023-11-14T18:53:19.097Z,38.987144,-0.535236,799
502,Aben FerriA,Corts Valencianes 2B,2023-11-14T18:53:19.097Z,38.986084,-0.534517,447
503,Argenteria,PalasietB,2023-11-14T18:53:19.097Z,38.985489,-0.534157,264
504,Abu Masaifa,9 OctubreA,2023-11-14T18:53:19.097Z,38.987684,-0.53061,False
505,Ausias MarchA,Beata InesB,2023-11-14T18:53:19.097Z,38.987684,-0.53061,712
506,Ausias MarchB,Ximen ToviaB,2023-11-14T18:53:19.097Z,38.991913,-0.524291,934
507,Reina,Republica Argentina,2023-11-14T18:53:19.097Z,38.989955,-0.523503,777
508,Gregorio Molina,Baixada estacio 2,2023-11-14T18:53:19.097Z,38.991213,-0.523787,669
509,Academic Maravall,Maulets,2023-11-14T18:53:19.097Z,38.991249,-0.518678,801
510,N-340A,Carme 1,2023-11-14T18:53:19.097Z,38.992357,-0.519858,756
511,CV-645A,PalasietA,2023-11-14T18:53:29.097Z,38.985252,-0.537441,919
512,CV-645B,N-340A,2023-11-14T18:53:29.097Z,0.0,0.0,697
513,Corts Valencianes 1B,Alfons MagnanimB,2023-11-14T18:53:29.097Z,38.986084,-0.534517,False
514,Corts Valencianes 2B,Reina,2023-11-14T18:53:29.097Z,38.987684,-0.53061,False
515,PalasietB,CV-645B,2023-11-14T18:53:29.097Z,38.985252,-0.537441,460
516,Alfons MagnanimA,Corts Valencianes 1A,2023-11-14T18:53:29.097Z,38.986084,-0.534517,799
517,Alfons MagnanimB,Alfons MagnanimA,2023-11-14T18:53:29.097Z,38.987144,-0.535236,478
518,Argenteria,Aben FerriA,2023-11-14T18:53:29.097Z,38.985489,-0.534157,495
519,9 OctubreA,9 OctubreB,2023-11-14T18:53:29.097Z,38.987144,-0.535236,870
520,9 OctubreB,Reina,2023-11-14T18:53:29.097Z,38.987684,-0.53061,024
521,Abu Masaifa,Beata InesB,2023-11-14T18:53:29.097Z,38.987684,-0.53061,999
522,Ausias MarchB,Ausias MarchA,2023-11-14T18:53:29.097Z,38.991913,-0.524291,965
523,Beata InesA,Corts Valencianes 2A,2023-11-14T18:53:29.097Z,38.987684,-0.53061,896
524,Reina,Republica Argentina,2023-11-14T18:53:29.097Z,38.989955,-0.523503,928
525,Baixada estacio 2,Republica Argentina,2023-11-14T18:53:29.097Z,38.989955,-0.523503,False
526,N-340A,Ximen ToviaA,2023-11-14T18:53:29.097Z,38.992357,-0.519858,136
527,Republica Argentina,Academic Maravall,2023-11-14T18:53:29.097Z,38.99105,-0.519778,990
528,CV-645B,Beata InesA,2023-11-14T18:53:39.097Z,0.0,0.0,954
529,Corts Valencianes 1B,Aben FerriB,2023-11-14T18:53:39.097Z,38.986084,-0.534517,False
530,Corts Valencianes 2B,Corts Valencianes 2A,2023-11-14T18:53:39.097Z,38.987684,-0.53061,675
531,PalasietB,PalasietA,2023-11-14T18:53:39.097Z,38.985252,-0.537441,098
532,Aben FerriA,Corts Valencianes 1A,2023-11-14T18:53:39.097Z,38.986084,-0.534517,255
533,9 OctubreA,Alfons MagnanimA,2023-11-14T18:53:39.097Z,38.987144,-0.535236,635
534,9 OctubreB,Ausias MarchB,2023-11-14T18:53:39.097Z,38.987684,-0.53061,937
535,Abu Masaifa,Reina,2023-11-14T18:53:39.097Z,38.987684,-0.53061,255
536,Ausias MarchA,Corts Valencianes 2A,2023-11-14T18:53:39.097Z,38.987684,-0.53061,489
537,Ausias MarchB,Ximen ToviaB,2023-11-14T18:53:39.097Z,38.991913,-0.524291,237
538,Beata InesB,Beata InesB,2023-11-14T18:53:39.097Z,0.0,0.0,712
539,Ximen ToviaA,Ausias MarchA,2023-11-14T18:53:39.097Z,38.991913,-0.524291,994
540,Academic Maravall,Maulets,2023-11-14T18:53:39.097Z,38.991249,-0.518678,990
541,Republica Argentina,Academic Maravall,2023-11-14T18:53:39.097Z,38.99105,-0.519778,997
542,CV-645B,CV-645A,2023-11-14T18:53:49.097Z,0.0,0.0,False
543,PalasietA,Aben FerriA,2023-11-14T18:53:49.097Z,38.985489,-0.534157,375
544,PalasietB,PalasietB,2023-11-14T18:53:49.097Z,38.985252,-0.537441,019
545,Aben FerriB,Aben FerriA,2023-11-14T18:53:49.097Z,38.985489,-0.534157,False
546,Argenteria,Aben FerriA,2023-11-14T18:53:49.097Z,38.985489,-0.534157,053
547,9 OctubreB,Reina,2023-11-14T18:53:49.097Z,38.987684,-0.53061,False
548,Ausias MarchA,Corts Valencianes 2A,2023-11-14T18:53:49.097Z,38.987684,-0.53061,488
549,Ausias MarchB,Ximen ToviaB,2023-11-14T18:53:49.097Z,38.991913,-0.524291,982
550,Beata InesA,Ausias MarchB,2023-11-14T18:53:49.097Z,38.987684,-0.53061,820
551,Beata InesB,Beata InesA,2023-11-14T18:53:49.097Z,0.0,0.0,747
552,Ximen ToviaA,Ximen ToviaB,2023-11-14T18:53:49.097Z,38.991913,-0.524291,467
553,N-340B,N-340B,2023-11-14T18:53:49.097Z,0.0,0.0,769
554,CV-645B,CV-645B,2023-11-14T18:53:59.097Z,0.0,0.0,644
555,Corts Valencianes 1A,CV-645B,2023-11-14T18:53:59.097Z,38.985252,-0.537441,284
556,Corts Valencianes 1B,Corts Valencianes 1A,2023-11-14T18:53:59.097Z,38.986084,-0.534517,928
557,Corts Valencianes 2A,Corts Valencianes 1A,2023-11-14T18:53:59.097Z,38.986084,-0.534517,896
558,Corts Valencianes 2B,Reina,2023-11-14T18:53:59.097Z,38.987684,-0.53061,447
559,PalasietA,Aben FerriA,2023-11-14T18:53:59.097Z,38.985489,-0.534157,098
560,Alfons MagnanimB,9 OctubreB,2023-11-14T18:53:59.097Z,38.987144,-0.535236,False
561,Aben FerriA,Aben FerriB,2023-11-14T18:53:59.097Z,38.986084,-0.534517,916
562,Argenteria,PalasietB,2023-11-14T18:53:59.097Z,38.985489,-0.534157,150
563,9 OctubreB,Ausias MarchB,2023-11-14T18:53:59.097Z,38.987684,-0.53061,544
564,Ausias MarchA,Argenteria,2023-11-14T18:53:59.097Z,38.987684,-0.53061,969
565,Beata InesA,Argenteria,2023-11-14T18:53:59.097Z,38.987684,-0.53061,966
566,Beata InesB,Beata InesB,2023-11-14T18:53:59.097Z,0.0,0.0,908
567,N-340B,Beata InesA,2023-11-14T18:53:59.097Z,0.0,0.0,911
568,Corts Valencianes 1A,CV-645B,2023-11-14T18:54:09.097Z,38.985252,-0.537441,False
569,Corts Valencianes 2A,Alfons MagnanimB,2023-11-14T18:54:09.097Z,38.986084,-0.534517,675
570,Aben FerriA,Corts Valencianes 2B,2023-11-14T18:54:09.097Z,38.986084,-0.534517,False
571,Aben FerriB,PalasietB,2023-11-14T18:54:09.097Z,38.985489,-0.534157,261
572,9 OctubreA,Alfons MagnanimA,2023-11-14T18:54:09.097Z,38.987144,-0.535236,355
573,Abu Masaifa,Beata InesB,2023-11-14T18:54:09.097Z,38.987684,-0.53061,215
574,Beata InesB,N-340A,2023-11-14T18:54:09.097Z,0.0,0.0,716
575,Ximen ToviaA,Ausias MarchA,2023-11-14T18:54:09.097Z,38.991913,-0.524291,980
576,Ximen ToviaB,N-340B,2023-11-14T18:54:09.097Z,38.992357,-0.519858,352
577,Albereda 2,N-340B,2023-11-14T18:54:09.097Z,38.990742,-0.513,910
578,Maulets,N-340B,2023-11-14T18:54:09.097Z,38.992357,-0.519858,096
579,N-340A,Gregorio Molina,2023-11-14T18:54:09.097Z,38.992357,-0.519858,697
580,CV-645B,CV-645B,2023-11-14T18:54:19.097Z,0.0,0.0,749
581,Corts Valencianes 1A,CV-645B,2023-11-14T18:54:19.097Z,38.985252,-0.537441,495
582,Corts Valencianes 2A,Corts Valencianes 1A,2023-11-14T18:54:19.097Z,38.986084,-0.534517,485
583,PalasietB,CV-645B,2023-11-14T18:54:19.097Z,38.985252,-0.537441,264
584,Alfons MagnanimA,Corts Valencianes 2B,2023-11-14T18:54:19.097Z,38.986084,-0.534517,435
585,Alfons MagnanimB,9 OctubreB,2023-11-14T18:54:19.097Z,38.987144,-0.535236,619
586,Argenteria,Aben FerriA,2023-11-14T18:54:19.097Z,38.985489,-0.534157,996
587,9 OctubreB,Corts Valencianes 2A,2023-11-14T18:54:19.097Z,38.987684,-0.53061,182
588,Abu Masaifa,Argenteria,2023-11-14T18:54:19.097Z,38.987684,-0.53061,False
589,Beata InesA,Argenteria,2023-11-14T18:54:19.097Z,38.987684,-0.53061,False
590,Beata InesB,N-340A,2023-11-14T18:54:19.097Z,0.0,0.0,712
591,Ximen ToviaA,Ausias MarchA,2023-11-14T18:54:19.097Z,38.991913,-0.524291,499
592,Albereda 2,Cosmografo,2023-11-14T18:54:19.097Z,38.990742,-0.513,945
593,Academic Maravall,Maulets,2023-11-14T18:54:19.097Z,38.991249,-0.518678,967
594,N-340B,N-340B,2023-11-14T18:54:19.097Z,0.0,0.0,919
595,Corts Valencianes 1A,CV-645B,2023-11-14T18:54:29.097Z,38.985252,-0.537441,528
596,Corts Valencianes 2A,Corts Valencianes 2B,2023-11-14T18:54:29.097Z,38.986084,-0.534517,488
597,Corts Valencianes 2B,Corts Valencianes 2A,2023-11-14T18:54:29.097Z,38.987684,-0.53061,False
598,PalasietB,CV-645B,2023-11-14T18:54:29.097Z,38.985252,-0.537441,035
599,Alfons MagnanimA,Corts Valencianes 2B,2023-11-14T18:54:29.097Z,38.986084,-0.534517,355
600,Aben FerriA,Corts Valencianes 2B,2023-11-14T18:54:29.097Z,38.986084,-0.534517,False
601,9 OctubreB,Corts Valencianes 2A,2023-11-14T18:54:29.097Z,38.987684,-0.53061,216
602,Abu Masaifa,Corts Valencianes 2A,2023-11-14T18:54:29.097Z,38.987684,-0.53061,919
603,Beata InesA,Corts Valencianes 2A,2023-11-14T18:54:29.097Z,38.987684,-0.53061,954
604,Beata InesB,CV-645A,2023-11-14T18:54:29.097Z,0.0,0.0,308
605,Ximen ToviaA,Baixada estacio 1,2023-11-14T18:54:29.097Z,38.991913,-0.524291,697
606,Ximen ToviaB,Gregorio Molina,2023-11-14T18:54:29.097Z,38.992357,-0.519858,844
607,Gregorio Molina,Baixada estacio 2,2023-11-14T18:54:29.097Z,38.991213,-0.523787,497
608,Albereda 2,Cosmografo,2023-11-14T18:54:29.097Z,38.990742,-0.513,158
609,Maulets,Ximen ToviaA,2023-11-14T18:54:29.097Z,38.992357,-0.519858,591
610,CV-645A,PalasietA,2023-11-14T18:54:39.097Z,38.985252,-0.537441,False
611,CV-645B,CV-645A,2023-11-14T18:54:39.097Z,0.0,0.0,976
612,Corts Valencianes 1A,Corts Valencianes 1A,2023-11-14T18:54:39.097Z,38.985252,-0.537441,896
613,Corts Valencianes 2A,Alfons MagnanimB,2023-11-14T18:54:39.097Z,38.986084,-0.534517,False
614,Corts Valencianes 2B,Argenteria,2023-11-14T18:54:39.097Z,38.987684,-0.53061,008
615,PalasietB,CV-645B,2023-11-14T18:54:39.097Z,38.985252,-0.537441,993
616,Alfons MagnanimA,Corts Valencianes 1A,2023-11-14T18:54:39.097Z,38.986084,-0.534517,478
617,Aben FerriA,Corts Valencianes 2B,2023-11-14T18:54:39.097Z,38.986084,-0.534517,058
618,9 OctubreB,9 OctubreA,2023-11-14T18:54:39.097Z,38.987684,-0.53061,395
619,Abu Masaifa,Reina,2023-11-14T18:54:39.097Z,38.987684,-0.53061,773
620,Ausias MarchA,Ausias MarchA,2023-11-14T18:54:39.097Z,38.987684,-0.53061,020
621,Ausias MarchB,Ausias MarchA,2023-11-14T18:54:39.097Z,38.991913,-0.524291,027
622,Beata InesA,9 OctubreA,2023-11-14T18:54:39.097Z,38.987684,-0.53061,749
623,Baixada estacio 1,Baixada estacio 1,2023-11-14T18:54:39.097Z,38.991213,-0.523787,697
624,Baixada estacio 2,Republica Argentina,2023-11-14T18:54:39.097Z,38.989955,-0.523503,497
625,N-340A,Gregorio Molina,2023-11-14T18:54:39.097Z,38.992357,-0.519858,118
626,N-340B,N-340A,2023-11-14T18:54:39.097Z,0.0,0.0,316
627,CV-645B,CV-645A,2023-11-14T18:54:49.097Z,0.0,0.0,096
628,Corts Valencianes 1A,PalasietA,2023-11-14T18:54:49.097Z,38.985252,-0.537441,485
629,PalasietB,Corts Valencianes 1B,2023-11-14T18:54:49.097Z,38.985252,-0.537441,919
630,Alfons MagnanimB,9 OctubreB,2023-11-14T18:54:49.097Z,38.987144,-0.535236,366
631,Aben FerriA,Corts Valencianes 1A,2023-11-14T18:54:49.097Z,38.986084,-0.534517,969
632,Argenteria,Aben FerriA,2023-11-14T18:54:49.097Z,38.985489,-0.534157,940
633,Abu Masaifa,Ausias MarchB,2023-11-14T18:54:49.097Z,38.987684,-0.53061,719
634,Ausias MarchB,Ausias MarchA,2023-11-14T18:54:49.097Z,38.991913,-0.524291,794
635,Beata InesA,Reina,2023-11-14T18:54:49.097Z,38.987684,-0.53061,False
636,Ximen ToviaA,Ausias MarchA,2023-11-14T18:54:49.097Z,38.991913,-0.524291,978
637,Baixada estacio 1,Abu Masaifa,2023-11-14T18:54:49.097Z,38.991213,-0.523787,647
638,Gregorio Molina,Gregorio Molina,2023-11-14T18:54:49.097Z,38.991213,-0.523787,699
639,N-340A,Ximen ToviaA,2023-11-14T18:54:49.097Z,38.992357,-0.519858,712
640,N-340B,N-340B,2023-11-14T18:54:49.097Z,0.0,0.0,037
641,CV-645B,CV-645B,2023-11-14T18:54:59.097Z,0.0,0.0,False
642,Corts Valencianes 1B,Corts Valencianes 2B,2023-11-14T18:54:59.097Z,38.986084,-0.534517,375
643,Corts Valencianes 2A,Corts Valencianes 1A,2023-11-14T18:54:59.097Z,38.986084,-0.534517,182
644,PalasietB,Corts Valencianes 1B,2023-11-14T18:54:59.097Z,38.985252,-0.537441,997
645,Argenteria,PalasietB,2023-11-14T18:54:59.097Z,38.985489,-0.534157,False
646,Abu Masaifa,Corts Valencianes 2A,2023-11-14T18:54:59.097Z,38.987684,-0.53061,978
647,Ximen ToviaA,Ausias MarchA,2023-11-14T18:54:59.097Z,38.991913,-0.524291,318
648,Ximen ToviaB,Carme 1,2023-11-14T18:54:59.097Z,38.992357,-0.519858,921
649,Gregorio Molina,Abu Masaifa,2023-11-14T18:54:59.097Z,38.991213,-0.523787,118
650,N-340B,N-340A,2023-11-14T18:54:59.097Z,0.0,0.0,189
651,Corts Valencianes 1A,PalasietA,2023-11-14T18:55:09.097Z,38.985252,-0.537441,418
652,Corts Valencianes 2A,Alfons MagnanimB,2023-11-14T18:55:09.097Z,38.986084,-0.534517,False
653,Corts Valencianes 2B,Ausias MarchB,2023-11-14T18:55:09.097Z,38.987684,-0.53061,435
654,PalasietB,Corts Valencianes 1B,2023-11-14T18:55:09.097Z,38.985252,-0.537441,False
655,Aben FerriA,Corts Valencianes 2B,2023-11-14T18:55:09.097Z,38.986084,-0.534517,966
656,Abu Masaifa,Reina,2023-11-14T18:55:09.097Z,38.987684,-0.53061,975
657,Gregorio Molina,Abu Masaifa,2023-11-14T18:55:09.097Z,38.991213,-0.523787,844
658,N-340A,Carme 1,2023-11-14T18:55:09.097Z,38.992357,-0.519858,False
659,CV-645B,CV-645B,2023-11-14T18:55:19.097Z,0.0,0.0,917
660,Corts Valencianes 1A,CV-645B,2023-11-14T18:55:19.097Z,38.985252,-0.537441,968
661,Corts Valencianes 2A,Corts Valencianes 1A,2023-11-14T18:55:19.097Z,38.986084,-0.534517,216
662,Corts Valencianes 2B,Reina,2023-11-14T18:55:19.097Z,38.987684,-0.53061,488
663,Alfons MagnanimB,9 OctubreB,2023-11-14T18:55:19.097Z,38.987144,-0.535236,False
664,Argenteria,PalasietB,2023-11-14T18:55:19.097Z,38.985489,-0.534157,216
665,9 OctubreA,Alfons MagnanimA,2023-11-14T18:55:19.097Z,38.987144,-0.535236,395
666,9 OctubreB,Ausias MarchB,2023-11-14T18:55:19.097Z,38.987684,-0.53061,838
667,Abu Masaifa,Reina,2023-11-14T18:55:19.097Z,38.987684,-0.53061,False
668,Beata InesB,N-340A,2023-11-14T18:55:19.097Z,0.0,0.0,513
669,Cosmografo,Maulets,2023-11-14T18:55:19.097Z,38.991249,-0.518678,945
670,CV-645B,Beata InesA,2023-11-14T18:55:29.097Z,0.0,0.0,556
671,Corts Valencianes 1A,CV-645B,2023-11-14T18:55:29.097Z,38.985252,-0.537441,996
672,Corts Valencianes 2A,Aben FerriB,2023-11-14T18:55:29.097Z,38.986084,-0.534517,919
673,Corts Valencianes 2B,Corts Valencianes 2A,2023-11-14T18:55:29.097Z,38.987684,-0.53061,False
674,PalasietB,PalasietA,2023-11-14T18:55:29.097Z,38.985252,-0.537441,False
675,Argenteria,PalasietB,2023-11-14T18:55:29.097Z,38.985489,-0.534157,008
676,9 OctubreA,Alfons MagnanimA,2023-11-14T18:55:29.097Z,38.987144,-0.535236,False
677,Abu Masaifa,9 OctubreA,2023-11-14T18:55:29.097Z,38.987684,-0.53061,False
678,Ximen ToviaA,Ausias MarchA,2023-11-14T18:55:29.097Z,38.991913,-0.524291,604
679,Cosmografo,Maulets,2023-11-14T18:55:29.097Z,38.991249,-0.518678,158
680,N-340B,N-340A,2023-11-14T18:55:29.097Z,0.0,0.0,095
681,CV-645B,Beata InesA,2023-11-14T18:55:39.097Z,0.0,0.0,550
682,Corts Valencianes 1A,PalasietA,2023-11-14T18:55:39.097Z,38.985252,-0.537441,182
683,Corts Valencianes 2A,Aben FerriB,2023-11-14T18:55:39.097Z,38.986084,-0.534517,994
684,Alfons MagnanimA,Corts Valencianes 2B,2023-11-14T18:55:39.097Z,38.986084,-0.534517,395
685,Aben FerriB,Aben FerriA,2023-11-14T18:55:39.097Z,38.985489,-0.534157,636
686,9 OctubreB,Beata InesB,2023-11-14T18:55:39.097Z,38.987684,-0.53061,967
687,Abu Masaifa,Ausias MarchB,2023-11-14T18:55:39.097Z,38.987684,-0.53061,False
688,Ausias MarchB,Baixada estacio 1,2023-11-14T18:55:39.097Z,38.991913,-0.524291,820
689,Ximen ToviaA,Baixada estacio 1,2023-11-14T18:55:39.097Z,38.991913,-0.524291,863
690,CV-645A,PalasietA,2023-11-14T18:55:49.097Z,38.985252,-0.537441,308
691,CV-645B,CV-645B,2023-11-14T18:55:49.097Z,0.0,0.0,779
692,Corts Valencianes 1A,Corts Valencianes 1B,2023-11-14T18:55:49.097Z,38.985252,-0.537441,216
693,Corts Valencianes 1B,Corts Valencianes 1A,2023-11-14T18:55:49.097Z,38.986084,-0.534517,997
694,Corts Valencianes 2A,Corts Valencianes 1A,2023-11-14T18:55:49.097Z,38.986084,-0.534517,976
695,Corts Valencianes 2B,Reina,2023-11-14T18:55:49.097Z,38.987684,-0.53061,091
696,PalasietA,Aben FerriA,2023-11-14T18:55:49.097Z,38.985489,-0.534157,False
697,Alfons MagnanimA,Aben FerriB,2023-11-14T18:55:49.097Z,38.986084,-0.534517,False
698,Aben FerriB,Aben FerriB,2023-11-14T18:55:49.097Z,38.985489,-0.534157,954
699,9 OctubreA,9 OctubreB,2023-11-14T18:55:49.097Z,38.987144,-0.535236,674
700,Abu Masaifa,Ausias MarchB,2023-11-14T18:55:49.097Z,38.987684,-0.53061,897
701,Ausias MarchA,Ausias MarchB,2023-11-14T18:55:49.097Z,38.987684,-0.53061,980
702,Ausias MarchB,Ximen ToviaB,2023-11-14T18:55:49.097Z,38.991913,-0.524291,544
703,Ximen ToviaA,Ausias MarchA,2023-11-14T18:55:49.097Z,38.991913,-0.524291,466
704,Baixada estacio 1,Abu Masaifa,2023-11-14T18:55:49.097Z,38.991213,-0.523787,820
705,Albereda 2,N-340B,2023-11-14T18:55:49.097Z,38.990742,-0.513,869
706,Maulets,N-340B,2023-11-14T18:55:49.097Z,38.992357,-0.519858,996
707,N-340B,N-340A,2023-11-14T18:55:49.097Z,0.0,0.0,184
708,CV-645A,PalasietA,2023-11-14T18:55:59.097Z,38.985252,-0.537441,710
709,Corts Valencianes 1B,Corts Valencianes 2B,2023-11-14T18:55:59.097Z,38.986084,-0.534517,False
710,Corts Valencianes 2A,Corts Valencianes 1A,2023-11-14T18:55:59.097Z,38.986084,-0.534517,355
711,Corts Valencianes 2B,9 OctubreA,2023-11-14T18:55:59.097Z,38.987684,-0.53061,056
712,PalasietA,Aben FerriA,2023-11-14T18:55:59.097Z,38.985489,-0.534157,489
713,PalasietB,CV-645B,2023-11-14T18:55:59.097Z,38.985252,-0.537441,False
714,Aben FerriA,Corts Valencianes 2B,2023-11-14T18:55:59.097Z,38.986084,-0.534517,625
715,Aben FerriB,Aben FerriB,2023-11-14T18:55:59.097Z,38.985489,-0.534157,False
716,9 OctubreB,Beata InesB,2023-11-14T18:55:59.097Z,38.987684,-0.53061,999
717,Ausias MarchB,Ximen ToviaB,2023-11-14T18:55:59.097Z,38.991913,-0.524291,273
718,Beata InesA,9 OctubreA,2023-11-14T18:55:59.097Z,38.987684,-0.53061,996
719,Beata InesB,Beata InesB,2023-11-14T18:55:59.097Z,0.0,0.0,False
720,Ximen ToviaA,Ausias MarchA,2023-11-14T18:55:59.097Z,38.991913,-0.524291,718
721,N-340B,N-340A,2023-11-14T18:55:59.097Z,0.0,0.0,853
722,CV-645A,Corts Valencianes 1B,2023-11-14T18:56:09.097Z,38.985252,-0.537441,056
723,CV-645B,CV-645B,2023-11-14T18:56:09.097Z,0.0,0.0,303
724,Corts Valencianes 1B,Corts Valencianes 2B,2023-11-14T18:56:09.097Z,38.986084,-0.534517,216
725,PalasietA,PalasietB,2023-11-14T18:56:09.097Z,38.985489,-0.534157,478
726,Aben FerriA,Aben FerriB,2023-11-14T18:56:09.097Z,38.986084,-0.534517,False
727,Aben FerriB,PalasietB,2023-11-14T18:56:09.097Z,38.985489,-0.534157,954
728,9 OctubreB,Beata InesB,2023-11-14T18:56:09.097Z,38.987684,-0.53061,969
729,Ausias MarchB,Ximen ToviaB,2023-11-14T18:56:09.097Z,38.991913,-0.524291,435
730,Beata InesA,Corts Valencianes 2A,2023-11-14T18:56:09.097Z,38.987684,-0.53061,550
731,Ximen ToviaA,Ximen ToviaB,2023-11-14T18:56:09.097Z,38.991913,-0.524291,136
732,Baixada estacio 1,Abu Masaifa,2023-11-14T18:56:09.097Z,38.991213,-0.523787,889
733,Albereda 2,N-340B,2023-11-14T18:56:09.097Z,38.990742,-0.513,838
734,Maulets,N-340B,2023-11-14T18:56:09.097Z,38.992357,-0.519858,895
735,N-340A,Carme 1,2023-11-14T18:56:09.097Z,38.992357,-0.519858,189
736,N-340B,N-340B,2023-11-14T18:56:09.097Z,0.0,0.0,891
737,Corts Valencianes 1A,PalasietA,2023-11-14T18:56:19.097Z,38.985252,-0.537441,679
738,Corts Valencianes 2B,Reina,2023-11-14T18:56:19.097Z,38.987684,-0.53061,375
739,PalasietA,Aben FerriA,2023-11-14T18:56:19.097Z,38.985489,-0.534157,216
740,PalasietB,Corts Valencianes 1B,2023-11-14T18:56:19.097Z,38.985252,-0.537441,170
741,Aben FerriB,PalasietB,2023-11-14T18:56:19.097Z,38.985489,-0.534157,749
742,9 OctubreB,Argenteria,2023-11-14T18:56:19.097Z,38.987684,-0.53061,False
743,Ausias MarchA,Beata InesB,2023-11-14T18:56:19.097Z,38.987684,-0.53061,False
744,Ausias MarchB,Ximen ToviaB,2023-11-14T18:56:19.097Z,38.991913,-0.524291,838
745,Ximen ToviaA,Ximen ToviaB,2023-11-14T18:56:19.097Z,38.991913,-0.524291,666
746,N-340B,N-340B,2023-11-14T18:56:19.097Z,0.0,0.0,333
747,CV-645B,CV-645A,2023-11-14T18:56:29.097Z,0.0,0.0,910
748,Corts Valencianes 2B,Reina,2023-11-14T18:56:29.097Z,38.987684,-0.53061,540
749,PalasietA,PalasietB,2023-11-14T18:56:29.097Z,38.985489,-0.534157,207
750,Aben FerriB,PalasietB,2023-11-14T18:56:29.097Z,38.985489,-0.534157,False
751,9 OctubreB,9 OctubreA,2023-11-14T18:56:29.097Z,38.987684,-0.53061,699
752,Ausias MarchB,Ausias MarchA,2023-11-14T18:56:29.097Z,38.991913,-0.524291,False
753,Ximen ToviaA,Baixada estacio 1,2023-11-14T18:56:29.097Z,38.991913,-0.524291,712
754,Maulets,Ximen ToviaA,2023-11-14T18:56:29.097Z,38.992357,-0.519858,XXX
755,N-340A,Ximen ToviaA,2023-11-14T18:56:29.097Z,38.992357,-0.519858,215
756,N-340B,N-340A,2023-11-14T18:56:29.097Z,0.0,0.0,503
757,CV-645B,CV-645B,2023-11-14T18:56:39.097Z,0.0,0.0,957
758,Corts Valencianes 1B,Corts Valencianes 1A,2023-11-14T18:56:39.097Z,38.986084,-0.534517,056
759,Corts Valencianes 2A,Corts Valencianes 1A,2023-11-14T18:56:39.097Z,38.986084,-0.534517,550
760,Corts Valencianes 2B,Ausias MarchB,2023-11-14T18:56:39.097Z,38.987684,-0.53061,395
761,9 OctubreA,Alfons MagnanimA,2023-11-14T18:56:39.097Z,38.987144,-0.535236,964
762,9 OctubreB,Reina,2023-11-14T18:56:39.097Z,38.987684,-0.53061,False
763,Ausias MarchA,Ausias MarchB,2023-11-14T18:56:39.097Z,38.987684,-0.53061,020
764,Ausias MarchB,Ausias MarchA,2023-11-14T18:56:39.097Z,38.991913,-0.524291,647
765,Beata InesB,Beata InesB,2023-11-14T18:56:39.097Z,0.0,0.0,999
766,Baixada estacio 1,Baixada estacio 2,2023-11-14T18:56:39.097Z,38.991213,-0.523787,712
767,Maulets,Gregorio Molina,2023-11-14T18:56:39.097Z,38.992357,-0.519858,141
768,N-340B,Beata InesA,2023-11-14T18:56:39.097Z,0.0,0.0,120
769,CV-645B,CV-645A,2023-11-14T18:56:49.097Z,0.0,0.0,797
770,Corts Valencianes 1A,CV-645B,2023-11-14T18:56:49.097Z,38.985252,-0.537441,970
771,Corts Valencianes 1B,Corts Valencianes 2B,2023-11-14T18:56:49.097Z,38.986084,-0.534517,478
772,Corts Valencianes 2B,9 OctubreA,2023-11-14T18:56:49.097Z,38.987684,-0.53061,False
773,PalasietA,PalasietB,2023-11-14T18:56:49.097Z,38.985489,-0.534157,108
774,PalasietB,PalasietA,2023-11-14T18:56:49.097Z,38.985252,-0.537441,954
775,9 OctubreA,9 OctubreB,2023-11-14T18:56:49.097Z,38.987144,-0.535236,556
776,9 OctubreB,Argenteria,2023-11-14T18:56:49.097Z,38.987684,-0.53061,669
777,Ausias MarchA,Argenteria,2023-11-14T18:56:49.097Z,38.987684,-0.53061,937
778,Ausias MarchB,Ximen ToviaB,2023-11-14T18:56:49.097Z,38.991913,-0.524291,096
779,Beata InesB,N-340A,2023-11-14T18:56:49.097Z,0.0,0.0,067
780,Ximen ToviaB,N-340B,2023-11-14T18:56:49.097Z,38.992357,-0.519858,674
781,Albereda 2,N-340B,2023-11-14T18:56:49.097Z,38.990742,-0.513,794
782,Maulets,Ximen ToviaA,2023-11-14T18:56:49.097Z,38.992357,-0.519858,294
783,N-340A,Gregorio Molina,2023-11-14T18:56:49.097Z,38.992357,-0.519858,095
784,N-340B,Beata InesA,2023-11-14T18:56:49.097Z,0.0,0.0,662
785,CV-645B,Beata InesA,2023-11-14T18:56:59.097Z,0.0,0.0,001
786,Corts Valencianes 1A,PalasietA,2023-11-14T18:56:59.097Z,38.985252,-0.537441,False
787,Corts Valencianes 2B,Argenteria,2023-11-14T18:56:59.097Z,38.987684,-0.53061,636
788,PalasietB,Corts Valencianes 1B,2023-11-14T18:56:59.097Z,38.985252,-0.537441,False
789,Aben FerriA,Corts Valencianes 2B,2023-11-14T18:56:59.097Z,38.986084,-0.534517,216
790,Argenteria,PalasietB,2023-11-14T18:56:59.097Z,38.985489,-0.534157,487
791,9 OctubreB,Corts Valencianes 2A,2023-11-14T18:56:59.097Z,38.987684,-0.53061,False
792,Ausias MarchA,Argenteria,2023-11-14T18:56:59.097Z,38.987684,-0.53061,126
793,Beata InesB,Beata InesB,2023-11-14T18:56:59.097Z,0.0,0.0,669
794,Ximen ToviaB,Gregorio Molina,2023-11-14T18:56:59.097Z,38.992357,-0.519858,161
795,Gregorio Molina,Gregorio Molina,2023-11-14T18:56:59.097Z,38.991213,-0.523787,747
796,Carme 1,Carme 2,2023-11-14T18:56:59.097Z,38.99105,-0.519778,649
797,N-340A,Carme 1,2023-11-14T18:56:59.097Z,38.992357,-0.519858,184
798,N-340B,N-340B,2023-11-14T18:56:59.097Z,0.0,0.0,486
799,CV-645A,PalasietA,2023-11-14T18:57:09.097Z,38.985252,-0.537441,449
800,CV-645B,CV-645A,2023-11-14T18:57:09.097Z,0.0,0.0,108
801,Corts Valencianes 1A,PalasietA,2023-11-14T18:57:09.097Z,38.985252,-0.537441,950
802,Corts Valencianes 1B,Corts Valencianes 2B,2023-11-14T18:57:09.097Z,38.986084,-0.534517,747
803,Corts Valencianes 2B,Beata InesB,2023-11-14T18:57:09.097Z,38.987684,-0.53061,216
804,PalasietA,Aben FerriA,2023-11-14T18:57:09.097Z,38.985489,-0.534157,976
805,PalasietB,CV-645B,2023-11-14T18:57:09.097Z,38.985252,-0.537441,287
806,Argenteria,PalasietB,2023-11-14T18:57:09.097Z,38.985489,-0.534157,669
807,9 OctubreA,Alfons MagnanimA,2023-11-14T18:57:09.097Z,38.987144,-0.535236,675
808,Beata InesA,9 OctubreA,2023-11-14T18:57:09.097Z,38.987684,-0.53061,172
809,Beata InesB,Beata InesB,2023-11-14T18:57:09.097Z,0.0,0.0,False
810,Gregorio Molina,Baixada estacio 2,2023-11-14T18:57:09.097Z,38.991213,-0.523787,095
811,CV-645B,N-340A,2023-11-14T18:57:19.097Z,0.0,0.0,093
812,Corts Valencianes 2B,Ausias MarchB,2023-11-14T18:57:19.097Z,38.987684,-0.53061,478
813,PalasietA,Aben FerriA,2023-11-14T18:57:19.097Z,38.985489,-0.534157,597
814,Alfons MagnanimA,Alfons MagnanimB,2023-11-14T18:57:19.097Z,38.986084,-0.534517,056
815,Aben FerriA,Corts Valencianes 2B,2023-11-14T18:57:19.097Z,38.986084,-0.534517,489
816,9 OctubreA,9 OctubreB,2023-11-14T18:57:19.097Z,38.987144,-0.535236,False
817,9 OctubreB,Corts Valencianes 2A,2023-11-14T18:57:19.097Z,38.987684,-0.53061,556
818,Ausias MarchA,Ausias MarchB,2023-11-14T18:57:19.097Z,38.987684,-0.53061,604
819,Beata InesA,9 OctubreA,2023-11-14T18:57:19.097Z,38.987684,-0.53061,562
820,Beata InesB,CV-645A,2023-11-14T18:57:19.097Z,0.0,0.0,124
821,Gregorio Molina,Abu Masaifa,2023-11-14T18:57:19.097Z,38.991213,-0.523787,161
822,N-340A,Ximen ToviaA,2023-11-14T18:57:19.097Z,38.992357,-0.519858,893
823,N-340B,Beata InesA,2023-11-14T18:57:19.097Z,0.0,0.0,738
824,CV-645A,Corts Valencianes 1B,2023-11-14T18:57:29.097Z,38.985252,-0.537441,987
825,Corts Valencianes 1A,PalasietA,2023-11-14T18:57:29.097Z,38.985252,-0.537441,550
826,Corts Valencianes 2A,Corts Valencianes 2B,2023-11-14T18:57:29.097Z,38.986084,-0.534517,121
827,PalasietA,Aben FerriA,2023-11-14T18:57:29.097Z,38.985489,-0.534157,954
828,PalasietB,Corts Valencianes 1B,2023-11-14T18:57:29.097Z,38.985252,-0.537441,906
829,Alfons MagnanimA,Aben FerriB,2023-11-14T18:57:29.097Z,38.986084,-0.534517,675
830,Alfons MagnanimB,9 OctubreB,2023-11-14T18:57:29.097Z,38.987144,-0.535236,058
831,Aben FerriA,Aben FerriB,2023-11-14T18:57:29.097Z,38.986084,-0.534517,710
832,Ausias MarchA,Ausias MarchA,2023-11-14T18:57:29.097Z,38.987684,-0.53061,466
833,Beata InesA,Ausias MarchB,2023-11-14T18:57:29.097Z,38.987684,-0.53061,007
834,Beata InesB,N-340A,2023-11-14T18:57:29.097Z,0.0,0.0,870
835,Ximen ToviaA,Ximen ToviaB,2023-11-14T18:57:29.097Z,38.991913,-0.524291,042
836,Gregorio Molina,Abu Masaifa,2023-11-14T18:57:29.097Z,38.991213,-0.523787,141
837,N-340A,Gregorio Molina,2023-11-14T18:57:29.097Z,38.992357,-0.519858,503
838,N-340B,N-340B,2023-11-14T18:57:29.097Z,0.0,0.0,071
839,CV-645A,Corts Valencianes 1B,2023-11-14T18:57:39.097Z,38.985252,-0.537441,108
840,CV-645B,Beata InesA,2023-11-14T18:57:39.097Z,0.0,0.0,816
841,Corts Valencianes 1B,Alfons MagnanimB,2023-11-14T18:57:39.097Z,38.986084,-0.534517,False
842,Corts Valencianes 2A,Alfons MagnanimB,2023-11-14T18:57:39.097Z,38.986084,-0.534517,956
843,Corts Valencianes 2B,Corts Valencianes 2A,2023-11-14T18:57:39.097Z,38.987684,-0.53061,070
844,PalasietB,Corts Valencianes 1B,2023-11-14T18:57:39.097Z,38.985252,-0.537441,108
845,Aben FerriA,Corts Valencianes 2B,2023-11-14T18:57:39.097Z,38.986084,-0.534517,597
846,Aben FerriB,PalasietB,2023-11-14T18:57:39.097Z,38.985489,-0.534157,679
847,9 OctubreA,Alfons MagnanimA,2023-11-14T18:57:39.097Z,38.987144,-0.535236,172
848,Ausias MarchA,9 OctubreA,2023-11-14T18:57:39.097Z,38.987684,-0.53061,911
849,Beata InesA,9 OctubreA,2023-11-14T18:57:39.097Z,38.987684,-0.53061,738
850,Ximen ToviaA,Ausias MarchA,2023-11-14T18:57:39.097Z,38.991913,-0.524291,513
851,N-340B,N-340B,2023-11-14T18:57:39.097Z,0.0,0.0,False
852,CV-645A,Corts Valencianes 1B,2023-11-14T18:57:49.097Z,38.985252,-0.537441,724
853,CV-645B,CV-645B,2023-11-14T18:57:49.097Z,0.0,0.0,845
854,Corts Valencianes 2B,Corts Valencianes 2A,2023-11-14T18:57:49.097Z,38.987684,-0.53061,False
855,Alfons MagnanimA,Alfons MagnanimB,2023-11-14T18:57:49.097Z,38.986084,-0.534517,126
856,Alfons MagnanimB,Alfons MagnanimA,2023-11-14T18:57:49.097Z,38.987144,-0.535236,797
857,9 OctubreB,Reina,2023-11-14T18:57:49.097Z,38.987684,-0.53061,False
858,Abu Masaifa,Beata InesB,2023-11-14T18:57:49.097Z,38.987684,-0.53061,846
859,Ausias MarchA,Reina,2023-11-14T18:57:49.097Z,38.987684,-0.53061,499
860,Ausias MarchB,Ausias MarchA,2023-11-14T18:57:49.097Z,38.991913,-0.524291,395
861,Beata InesA,Corts Valencianes 2A,2023-11-14T18:57:49.097Z,38.987684,-0.53061,818
862,Beata InesB,Beata InesA,2023-11-14T18:57:49.097Z,0.0,0.0,027
863,Ximen ToviaA,Ausias MarchA,2023-11-14T18:57:49.097Z,38.991913,-0.524291,254
864,N-340A,Gregorio Molina,2023-11-14T18:57:49.097Z,38.992357,-0.519858,False
865,CV-645B,CV-645B,2023-11-14T18:57:59.097Z,0.0,0.0,276
866,Corts Valencianes 1B,Alfons MagnanimB,2023-11-14T18:57:59.097Z,38.986084,-0.534517,False
867,Corts Valencianes 2A,Aben FerriB,2023-11-14T18:57:59.097Z,38.986084,-0.534517,False
868,Corts Valencianes 2B,Argenteria,2023-11-14T18:57:59.097Z,38.987684,-0.53061,489
869,PalasietA,Aben FerriA,2023-11-14T18:57:59.097Z,38.985489,-0.534157,996
870,PalasietB,PalasietA,2023-11-14T18:57:59.097Z,38.985252,-0.537441,487
871,Aben FerriA,Corts Valencianes 2B,2023-11-14T18:57:59.097Z,38.986084,-0.534517,627
872,Abu Masaifa,9 OctubreA,2023-11-14T18:57:59.097Z,38.987684,-0.53061,820
873,Ausias MarchB,Ximen ToviaB,2023-11-14T18:57:59.097Z,38.991913,-0.524291,020
874,Ximen ToviaB,N-340B,2023-11-14T18:57:59.097Z,38.992357,-0.519858,127
875,Albereda 2,N-340B,2023-11-14T18:57:59.097Z,38.990742,-0.513,864
876,N-340B,N-340B,2023-11-14T18:57:59.097Z,0.0,0.0,076
877,Corts Valencianes 2A,Alfons MagnanimB,2023-11-14T18:58:09.097Z,38.986084,-0.534517,False
878,Corts Valencianes 2B,Ausias MarchB,2023-11-14T18:58:09.097Z,38.987684,-0.53061,121
879,PalasietA,Aben FerriA,2023-11-14T18:58:09.097Z,38.985489,-0.534157,919
880,PalasietB,PalasietB,2023-11-14T18:58:09.097Z,38.985252,-0.537441,False
881,Alfons MagnanimB,9 OctubreB,2023-11-14T18:58:09.097Z,38.987144,-0.535236,172
882,Aben FerriB,PalasietB,2023-11-14T18:58:09.097Z,38.985489,-0.534157,False
883,Argenteria,Aben FerriA,2023-11-14T18:58:09.097Z,38.985489,-0.534157,937
884,9 OctubreA,Alfons MagnanimA,2023-11-14T18:58:09.097Z,38.987144,-0.535236,eso
885,Abu Masaifa,Corts Valencianes 2A,2023-11-14T18:58:09.097Z,38.987684,-0.53061,863
886,Ausias MarchB,Ausias MarchA,2023-11-14T18:58:09.097Z,38.991913,-0.524291,478
887,Ximen ToviaA,Ximen ToviaB,2023-11-14T18:58:09.097Z,38.991913,-0.524291,893
888,Ximen ToviaB,Ximen ToviaB,2023-11-14T18:58:09.097Z,38.992357,-0.519858,249
889,Gregorio Molina,Baixada estacio 2,2023-11-14T18:58:09.097Z,38.991213,-0.523787,503
890,N-340B,Beata InesA,2023-11-14T18:58:09.097Z,0.0,0.0,077
891,Corts Valencianes 2A,Alfons MagnanimB,2023-11-14T18:58:19.097Z,38.986084,-0.534517,676
892,PalasietA,PalasietA,2023-11-14T18:58:19.097Z,38.985489,-0.534157,056
893,PalasietB,CV-645B,2023-11-14T18:58:19.097Z,38.985252,-0.537441,619
894,Alfons MagnanimA,Corts Valencianes 1A,2023-11-14T18:58:19.097Z,38.986084,-0.534517,718
895,Alfons MagnanimB,Alfons MagnanimA,2023-11-14T18:58:19.097Z,38.987144,-0.535236,False
896,Aben FerriA,Alfons MagnanimB,2023-11-14T18:58:19.097Z,38.986084,-0.534517,355
897,Argenteria,Argenteria,2023-11-14T18:58:19.097Z,38.985489,-0.534157,636
898,9 OctubreA,9 OctubreB,2023-11-14T18:58:19.097Z,38.987144,-0.535236,076
899,9 OctubreB,Ausias MarchB,2023-11-14T18:58:19.097Z,38.987684,-0.53061,098
900,Abu Masaifa,Corts Valencianes 2A,2023-11-14T18:58:19.097Z,38.987684,-0.53061,418
901,Ausias MarchA,Corts Valencianes 2A,2023-11-14T18:58:19.097Z,38.987684,-0.53061,697
902,Beata InesB,Beata InesA,2023-11-14T18:58:19.097Z,0.0,0.0,216
903,Ximen ToviaB,Ximen ToviaA,2023-11-14T18:58:19.097Z,38.992357,-0.519858,785
904,Gregorio Molina,Abu Masaifa,2023-11-14T18:58:19.097Z,38.991213,-0.523787,False
905,N-340B,CV-645A,2023-11-14T18:58:19.097Z,0.0,0.0,383
906,CV-645B,CV-645A,2023-11-14T18:58:29.097Z,0.0,0.0,XXX
907,Corts Valencianes 1A,Corts Valencianes 1B,2023-11-14T18:58:29.097Z,38.985252,-0.537441,718
908,Corts Valencianes 2A,Aben FerriB,2023-11-14T18:58:29.097Z,38.986084,-0.534517,863
909,PalasietA,Aben FerriA,2023-11-14T18:58:29.097Z,38.985489,-0.534157,550
910,PalasietB,Corts Valencianes 1B,2023-11-14T18:58:29.097Z,38.985252,-0.537441,149
911,Aben FerriA,Alfons MagnanimB,2023-11-14T18:58:29.097Z,38.986084,-0.534517,910
912,9 OctubreA,9 OctubreB,2023-11-14T18:58:29.097Z,38.987144,-0.535236,820
913,Abu Masaifa,Reina,2023-11-14T18:58:29.097Z,38.987684,-0.53061,161
914,Ausias MarchA,Reina,2023-11-14T18:58:29.097Z,38.987684,-0.53061,465
915,Ausias MarchB,Baixada estacio 1,2023-11-14T18:58:29.097Z,38.991913,-0.524291,007
916,Ximen ToviaB,Gregorio Molina,2023-11-14T18:58:29.097Z,38.992357,-0.519858,597
917,N-340B,N-340A,2023-11-14T18:58:29.097Z,0.0,0.0,False
918,CV-645B,CV-645B,2023-11-14T18:58:39.097Z,0.0,0.0,419
919,Corts Valencianes 1B,Alfons MagnanimB,2023-11-14T18:58:39.097Z,38.986084,-0.534517,108
920,Corts Valencianes 2A,Corts Valencianes 1A,2023-11-14T18:58:39.097Z,38.986084,-0.534517,118
921,Corts Valencianes 2B,Ausias MarchB,2023-11-14T18:58:39.097Z,38.987684,-0.53061,997
922,PalasietA,Aben FerriA,2023-11-14T18:58:39.097Z,38.985489,-0.534157,487
923,PalasietB,PalasietA,2023-11-14T18:58:39.097Z,38.985252,-0.537441,998
924,Alfons MagnanimB,9 OctubreB,2023-11-14T18:58:39.097Z,38.987144,-0.535236,False
925,Aben FerriA,Corts Valencianes 2B,2023-11-14T18:58:39.097Z,38.986084,-0.534517,937
926,Aben FerriB,Aben FerriA,2023-11-14T18:58:39.097Z,38.985489,-0.534157,889
927,Argenteria,PalasietB,2023-11-14T18:58:39.097Z,38.985489,-0.534157,126
928,Ausias MarchA,Ausias MarchA,2023-11-14T18:58:39.097Z,38.987684,-0.53061,123
929,Ausias MarchB,Baixada estacio 1,2023-11-14T18:58:39.097Z,38.991913,-0.524291,False
930,Ximen ToviaB,Ximen ToviaA,2023-11-14T18:58:39.097Z,38.992357,-0.519858,018
931,Albereda 2,N-340B,2023-11-14T18:58:39.097Z,38.990742,-0.513,902
932,CV-645A,Corts Valencianes 1B,2023-11-14T18:58:49.097Z,38.985252,-0.537441,383
933,CV-645B,Beata InesA,2023-11-14T18:58:49.097Z,0.0,0.0,319
934,Corts Valencianes 1A,CV-645B,2023-11-14T18:58:49.097Z,38.985252,-0.537441,716
935,Corts Valencianes 2A,Corts Valencianes 2B,2023-11-14T18:58:49.097Z,38.986084,-0.534517,451
936,Corts Valencianes 2B,Beata InesB,2023-11-14T18:58:49.097Z,38.987684,-0.53061,954
937,PalasietA,PalasietB,2023-11-14T18:58:49.097Z,38.985489,-0.534157,096
938,Alfons MagnanimB,9 OctubreB,2023-11-14T18:58:49.097Z,38.987144,-0.535236,996
939,Aben FerriA,Aben FerriB,2023-11-14T18:58:49.097Z,38.986084,-0.534517,550
940,Aben FerriB,PalasietB,2023-11-14T18:58:49.097Z,38.985489,-0.534157,False
941,Argenteria,PalasietB,2023-11-14T18:58:49.097Z,38.985489,-0.534157,489
942,Abu Masaifa,Beata InesB,2023-11-14T18:58:49.097Z,38.987684,-0.53061,747
943,Ausias MarchA,Reina,2023-11-14T18:58:49.097Z,38.987684,-0.53061,395
944,Reina,Albereda 1,2023-11-14T18:58:49.097Z,38.989955,-0.523503,800
945,Ximen ToviaA,Baixada estacio 1,2023-11-14T18:58:49.097Z,38.991913,-0.524291,785
946,Baixada estacio 1,Baixada estacio 2,2023-11-14T18:58:49.097Z,38.991213,-0.523787,121
947,Baixada estacio 2,Albereda 1,2023-11-14T18:58:49.097Z,38.989955,-0.523503,124
948,Gregorio Molina,Abu Masaifa,2023-11-14T18:58:49.097Z,38.991213,-0.523787,597
949,Albereda 1,Albereda 2,2023-11-14T18:58:49.097Z,38.990122,-0.519633,459
950,Albereda 2,N-340B,2023-11-14T18:58:49.097Z,38.990742,-0.513,317
951,Carme 1,Carme 2,2023-11-14T18:58:49.097Z,38.99105,-0.519778,810
952,Carme 2,Albereda 2,2023-11-14T18:58:49.097Z,38.990122,-0.519633,474
953,Republica Argentina,Carme 2,2023-11-14T18:58:49.097Z,38.99105,-0.519778,False
954,CV-645A,PalasietA,2023-11-14T18:58:59.097Z,38.985252,-0.537441,aeX
955,CV-645B,N-340A,2023-11-14T18:58:59.097Z,0.0,0.0,647
956,Corts Valencianes 1B,Corts Valencianes 2B,2023-11-14T18:58:59.097Z,38.986084,-0.534517,108
957,Corts Valencianes 2B,Beata InesB,2023-11-14T18:58:59.097Z,38.987684,-0.53061,937
958,PalasietA,Aben FerriA,2023-11-14T18:58:59.097Z,38.985489,-0.534157,False
959,PalasietB,CV-645B,2023-11-14T18:58:59.097Z,38.985252,-0.537441,126
960,Alfons MagnanimA,Corts Valencianes 1A,2023-11-14T18:58:59.097Z,38.986084,-0.534517,914
961,Alfons MagnanimB,Alfons MagnanimA,2023-11-14T18:58:59.097Z,38.987144,-0.535236,816
962,Aben FerriA,Corts Valencianes 2B,2023-11-14T18:58:59.097Z,38.986084,-0.534517,False
963,Aben FerriB,Aben FerriB,2023-11-14T18:58:59.097Z,38.985489,-0.534157,550
964,Argenteria,PalasietB,2023-11-14T18:58:59.097Z,38.985489,-0.534157,919
965,Beata InesA,9 OctubreA,2023-11-14T18:58:59.097Z,38.987684,-0.53061,False
966,Reina,Republica Argentina,2023-11-14T18:58:59.097Z,38.989955,-0.523503,False
967,Ximen ToviaA,Ausias MarchA,2023-11-14T18:58:59.097Z,38.991913,-0.524291,019
968,Ximen ToviaB,Gregorio Molina,2023-11-14T18:58:59.097Z,38.992357,-0.519858,854
969,Baixada estacio 2,Albereda 1,2023-11-14T18:58:59.097Z,38.989955,-0.523503,095
970,Albereda 2,N-340B,2023-11-14T18:58:59.097Z,38.990742,-0.513,712
971,Carme 1,Academic Maravall,2023-11-14T18:58:59.097Z,38.99105,-0.519778,262
972,Republica Argentina,Academic Maravall,2023-11-14T18:58:59.097Z,38.99105,-0.519778,False
973,Corts Valencianes 1B,Corts Valencianes 1A,2023-11-14T18:59:09.097Z,38.986084,-0.534517,124
974,Corts Valencianes 2B,9 OctubreA,2023-11-14T18:59:09.097Z,38.987684,-0.53061,451
975,PalasietA,Aben FerriA,2023-11-14T18:59:09.097Z,38.985489,-0.534157,XXX
976,Alfons MagnanimA,Aben FerriB,2023-11-14T18:59:09.097Z,38.986084,-0.534517,816
977,Alfons MagnanimB,9 OctubreB,2023-11-14T18:59:09.097Z,38.987144,-0.535236,355
978,Aben FerriA,Aben FerriA,2023-11-14T18:59:09.097Z,38.986084,-0.534517,863
979,Aben FerriB,PalasietB,2023-11-14T18:59:09.097Z,38.985489,-0.534157,550
980,9 OctubreB,Ausias MarchB,2023-11-14T18:59:09.097Z,38.987684,-0.53061,172
981,Beata InesA,Corts Valencianes 2A,2023-11-14T18:59:09.097Z,38.987684,-0.53061,077
982,Beata InesB,Beata InesB,2023-11-14T18:59:09.097Z,0.0,0.0,994
983,Reina,Republica Argentina,2023-11-14T18:59:09.097Z,38.989955,-0.523503,False
984,Ximen ToviaB,Ximen ToviaA,2023-11-14T18:59:09.097Z,38.992357,-0.519858,671
985,Baixada estacio 1,Baixada estacio 2,2023-11-14T18:59:09.097Z,38.991213,-0.523787,785
986,Baixada estacio 2,Republica Argentina,2023-11-14T18:59:09.097Z,38.989955,-0.523503,503
987,Albereda 2,Cosmografo,2023-11-14T18:59:09.097Z,38.990742,-0.513,320
988,Carme 1,Academic Maravall,2023-11-14T18:59:09.097Z,38.99105,-0.519778,False
989,Carme 2,Albereda 2,2023-11-14T18:59:09.097Z,38.990122,-0.519633,765
990,N-340B,Beata InesA,2023-11-14T18:59:09.097Z,0.0,0.0,016
991,CV-645B,CV-645A,2023-11-14T18:59:19.097Z,0.0,0.0,081
992,Corts Valencianes 1B,Aben FerriB,2023-11-14T18:59:19.097Z,38.986084,-0.534517,718
993,Corts Valencianes 2B,Ausias MarchB,2023-11-14T18:59:19.097Z,38.987684,-0.53061,308
994,PalasietB,CV-645B,2023-11-14T18:59:19.097Z,38.985252,-0.537441,990
995,Alfons MagnanimB,Alfons MagnanimA,2023-11-14T18:59:19.097Z,38.987144,-0.535236,910
996,Aben FerriA,Corts Valencianes 2B,2023-11-14T18:59:19.097Z,38.986084,-0.534517,669
997,Aben FerriB,PalasietB,2023-11-14T18:59:19.097Z,38.985489,-0.534157,676
998,9 OctubreB,Reina,2023-11-14T18:59:19.097Z,38.987684,-0.53061,076
999,Beata InesA,Reina,2023-11-14T18:59:19.097Z,38.987684,-0.53061,216
