,enter,exit,date,latitude,longitude,matricula
0,Ximen ToviaA,Ximen ToviaB,2023-10-13T00:14:49.097Z,38.991913,-0.524291,369
1,Gregorio Molina,Abu Masaifa,2023-10-13T00:14:49.097Z,38.991213,-0.523787,858
2,Albereda 2,N-340B,2023-10-13T00:14:49.097Z,38.990742,-0.513,397
3,Carme 2,Albereda 2,2023-10-13T00:14:49.097Z,38.990122,-0.519633,836
4,N-340A,Carme 1,2023-10-13T00:14:49.097Z,38.992357,-0.519858,337
5,Republica Argentina,Carme 2,2023-10-13T00:14:49.097Z,38.99105,-0.519778,323
6,CV-645A,Corts Valencianes 1B,2023-10-13T00:14:59.097Z,38.985252,-0.537441,649
7,Corts Valencianes 2B,Ausias MarchB,2023-10-13T00:14:59.097Z,38.987684,-0.53061,False
8,PalasietB,PalasietA,2023-10-13T00:14:59.097Z,38.985252,-0.537441,100
9,Alfons MagnanimB,9 OctubreB,2023-10-13T00:14:59.097Z,38.987144,-0.535236,False
10,Abu Masaifa,Ausias MarchB,2023-10-13T00:14:59.097Z,38.987684,-0.53061,479
11,Ausias MarchB,Baixada estacio 1,2023-10-13T00:14:59.097Z,38.991913,-0.524291,749
12,Ximen ToviaA,Baixada estacio 1,2023-10-13T00:14:59.097Z,38.991913,-0.524291,False
13,Carme 2,Albereda 2,2023-10-13T00:14:59.097Z,38.990122,-0.519633,False
14,Academic Maravall,Maulets,2023-10-13T00:14:59.097Z,38.991249,-0.518678,801
15,Maulets,N-340B,2023-10-13T00:14:59.097Z,38.992357,-0.519858,812
16,N-340A,Ximen ToviaA,2023-10-13T00:14:59.097Z,38.992357,-0.519858,233
17,PalasietB,Corts Valencianes 1B,2023-10-13T00:15:09.097Z,38.985252,-0.537441,717
18,Alfons MagnanimA,Alfons MagnanimB,2023-10-13T00:15:09.097Z,38.986084,-0.534517,538
19,Abu Masaifa,Corts Valencianes 2A,2023-10-13T00:15:09.097Z,38.987684,-0.53061,False
20,Ausias MarchA,Argenteria,2023-10-13T00:15:09.097Z,38.987684,-0.53061,013
21,Ausias MarchB,Ausias MarchA,2023-10-13T00:15:09.097Z,38.991913,-0.524291,710
22,Reina,Republica Argentina,2023-10-13T00:15:09.097Z,38.989955,-0.523503,512
23,Ximen ToviaA,Baixada estacio 1,2023-10-13T00:15:09.097Z,38.991913,-0.524291,911
24,Ximen ToviaB,Carme 1,2023-10-13T00:15:09.097Z,38.992357,-0.519858,595
25,Baixada estacio 1,Baixada estacio 2,2023-10-13T00:15:09.097Z,38.991213,-0.523787,249
26,Albereda 2,Cosmografo,2023-10-13T00:15:09.097Z,38.990742,-0.513,False
27,Carme 2,Carme 2,2023-10-13T00:15:09.097Z,38.990122,-0.519633,699
28,Cosmografo,Maulets,2023-10-13T00:15:09.097Z,38.991249,-0.518678,710
29,Maulets,N-340B,2023-10-13T00:15:09.097Z,38.992357,-0.519858,801
30,N-340B,N-340A,2023-10-13T00:15:09.097Z,0.0,0.0,619
31,PalasietA,Aben FerriA,2023-10-13T00:15:19.097Z,38.985489,-0.534157,864
32,PalasietB,CV-645B,2023-10-13T00:15:19.097Z,38.985252,-0.537441,993
33,Alfons MagnanimB,9 OctubreB,2023-10-13T00:15:19.097Z,38.987144,-0.535236,538
34,9 OctubreB,Reina,2023-10-13T00:15:19.097Z,38.987684,-0.53061,False
35,Beata InesA,Reina,2023-10-13T00:15:19.097Z,38.987684,-0.53061,160
36,Reina,Albereda 1,2023-10-13T00:15:19.097Z,38.989955,-0.523503,False
37,Ximen ToviaA,Ausias MarchA,2023-10-13T00:15:19.097Z,38.991913,-0.524291,800
38,Ximen ToviaB,Carme 1,2023-10-13T00:15:19.097Z,38.992357,-0.519858,999
39,Baixada estacio 1,Baixada estacio 2,2023-10-13T00:15:19.097Z,38.991213,-0.523787,False
40,Baixada estacio 2,Republica Argentina,2023-10-13T00:15:19.097Z,38.989955,-0.523503,749
41,Carme 1,Carme 2,2023-10-13T00:15:19.097Z,38.99105,-0.519778,965
42,Carme 2,Albereda 2,2023-10-13T00:15:19.097Z,38.990122,-0.519633,620
43,Maulets,Gregorio Molina,2023-10-13T00:15:19.097Z,38.992357,-0.519858,710
44,N-340B,N-340A,2023-10-13T00:15:19.097Z,0.0,0.0,023
45,CV-645B,N-340A,2023-10-13T00:15:29.097Z,0.0,0.0,485
46,Corts Valencianes 2A,Corts Valencianes 2B,2023-10-13T00:15:29.097Z,38.986084,-0.534517,False
47,Alfons MagnanimA,Corts Valencianes 2B,2023-10-13T00:15:29.097Z,38.986084,-0.534517,938
48,Ausias MarchB,Ausias MarchA,2023-10-13T00:15:29.097Z,38.991913,-0.524291,424
49,Beata InesA,9 OctubreA,2023-10-13T00:15:29.097Z,38.987684,-0.53061,499
50,Baixada estacio 2,Republica Argentina,2023-10-13T00:15:29.097Z,38.989955,-0.523503,False
51,Albereda 1,Albereda 2,2023-10-13T00:15:29.097Z,38.990122,-0.519633,986
52,Carme 2,Albereda 2,2023-10-13T00:15:29.097Z,38.990122,-0.519633,995
53,Republica Argentina,Academic Maravall,2023-10-13T00:15:29.097Z,38.99105,-0.519778,512
54,Corts Valencianes 1B,Aben FerriB,2023-10-13T00:15:39.097Z,38.986084,-0.534517,325
55,Corts Valencianes 2A,Corts Valencianes 1A,2023-10-13T00:15:39.097Z,38.986084,-0.534517,979
56,Aben FerriA,Alfons MagnanimB,2023-10-13T00:15:39.097Z,38.986084,-0.534517,100
57,Argenteria,Aben FerriA,2023-10-13T00:15:39.097Z,38.985489,-0.534157,994
58,9 OctubreB,Corts Valencianes 2A,2023-10-13T00:15:39.097Z,38.987684,-0.53061,False
59,Ausias MarchB,Ausias MarchA,2023-10-13T00:15:39.097Z,38.991913,-0.524291,473
60,Beata InesA,9 OctubreA,2023-10-13T00:15:39.097Z,38.987684,-0.53061,760
61,Baixada estacio 1,Abu Masaifa,2023-10-13T00:15:39.097Z,38.991213,-0.523787,216
62,Academic Maravall,Maulets,2023-10-13T00:15:39.097Z,38.991249,-0.518678,912
63,N-340B,Beata InesA,2023-10-13T00:15:39.097Z,0.0,0.0,869
64,Corts Valencianes 1B,Corts Valencianes 1A,2023-10-13T00:15:49.097Z,38.986084,-0.534517,717
65,Corts Valencianes 2B,Ausias MarchB,2023-10-13T00:15:49.097Z,38.987684,-0.53061,133
66,PalasietA,Aben FerriA,2023-10-13T00:15:49.097Z,38.985489,-0.534157,276
67,Aben FerriA,Alfons MagnanimB,2023-10-13T00:15:49.097Z,38.986084,-0.534517,False
68,Aben FerriB,PalasietB,2023-10-13T00:15:49.097Z,38.985489,-0.534157,325
69,9 OctubreB,Corts Valencianes 2A,2023-10-13T00:15:49.097Z,38.987684,-0.53061,538
70,Beata InesA,Argenteria,2023-10-13T00:15:49.097Z,38.987684,-0.53061,211
71,Reina,Republica Argentina,2023-10-13T00:15:49.097Z,38.989955,-0.523503,False
72,Ximen ToviaA,Ausias MarchA,2023-10-13T00:15:49.097Z,38.991913,-0.524291,False
73,Baixada estacio 1,Baixada estacio 2,2023-10-13T00:15:49.097Z,38.991213,-0.523787,997
74,Carme 1,Academic Maravall,2023-10-13T00:15:49.097Z,38.99105,-0.519778,369
75,Corts Valencianes 1A,PalasietA,2023-10-13T00:15:59.097Z,38.985252,-0.537441,979
76,Corts Valencianes 2A,Aben FerriB,2023-10-13T00:15:59.097Z,38.986084,-0.534517,False
77,Alfons MagnanimB,9 OctubreB,2023-10-13T00:15:59.097Z,38.987144,-0.535236,100
78,Abu Masaifa,Reina,2023-10-13T00:15:59.097Z,38.987684,-0.53061,047
79,Reina,Republica Argentina,2023-10-13T00:15:59.097Z,38.989955,-0.523503,070
80,Ximen ToviaA,Ximen ToviaB,2023-10-13T00:15:59.097Z,38.991913,-0.524291,946
81,Albereda 2,N-340B,2023-10-13T00:15:59.097Z,38.990742,-0.513,836
82,Academic Maravall,Maulets,2023-10-13T00:15:59.097Z,38.991249,-0.518678,369
83,CV-645B,N-340A,2023-10-13T00:16:09.097Z,0.0,0.0,925
84,Corts Valencianes 2A,Aben FerriB,2023-10-13T00:16:09.097Z,38.986084,-0.534517,538
85,Corts Valencianes 2B,Ausias MarchB,2023-10-13T00:16:09.097Z,38.987684,-0.53061,938
86,Alfons MagnanimB,9 OctubreB,2023-10-13T00:16:09.097Z,38.987144,-0.535236,013
87,Aben FerriB,Aben FerriA,2023-10-13T00:16:09.097Z,38.985489,-0.534157,False
88,Ausias MarchA,Beata InesB,2023-10-13T00:16:09.097Z,38.987684,-0.53061,600
89,Ausias MarchB,Ximen ToviaB,2023-10-13T00:16:09.097Z,38.991913,-0.524291,False
90,Ximen ToviaA,Ximen ToviaB,2023-10-13T00:16:09.097Z,38.991913,-0.524291,096
91,Gregorio Molina,Abu Masaifa,2023-10-13T00:16:09.097Z,38.991213,-0.523787,710
92,Maulets,Gregorio Molina,2023-10-13T00:16:09.097Z,38.992357,-0.519858,999
93,N-340B,CV-645A,2023-10-13T00:16:09.097Z,0.0,0.0,False
94,Republica Argentina,Carme 2,2023-10-13T00:16:09.097Z,38.99105,-0.519778,969
95,CV-645B,CV-645A,2023-10-13T00:16:19.097Z,0.0,0.0,494
96,Aben FerriA,Corts Valencianes 2B,2023-10-13T00:16:19.097Z,38.986084,-0.534517,276
97,9 OctubreB,Argenteria,2023-10-13T00:16:19.097Z,38.987684,-0.53061,864
98,Ausias MarchA,Reina,2023-10-13T00:16:19.097Z,38.987684,-0.53061,699
99,Ximen ToviaA,Ausias MarchA,2023-10-13T00:16:19.097Z,38.991913,-0.524291,777
100,Ximen ToviaB,N-340B,2023-10-13T00:16:19.097Z,38.992357,-0.519858,946
101,Carme 2,Albereda 2,2023-10-13T00:16:19.097Z,38.990122,-0.519633,216
102,Republica Argentina,Carme 2,2023-10-13T00:16:19.097Z,38.99105,-0.519778,491
103,CV-645A,Corts Valencianes 1B,2023-10-13T00:16:29.097Z,38.985252,-0.537441,False
104,PalasietA,PalasietB,2023-10-13T00:16:29.097Z,38.985489,-0.534157,796
105,Aben FerriB,PalasietB,2023-10-13T00:16:29.097Z,38.985489,-0.534157,538
106,Argenteria,Aben FerriA,2023-10-13T00:16:29.097Z,38.985489,-0.534157,777
107,Ausias MarchA,Corts Valencianes 2A,2023-10-13T00:16:29.097Z,38.987684,-0.53061,473
108,Baixada estacio 2,Republica Argentina,2023-10-13T00:16:29.097Z,38.989955,-0.523503,997
109,N-340B,N-340A,2023-10-13T00:16:29.097Z,0.0,0.0,195
110,Republica Argentina,Carme 2,2023-10-13T00:16:29.097Z,38.99105,-0.519778,919
111,Corts Valencianes 1B,Alfons MagnanimB,2023-10-13T00:16:39.097Z,38.986084,-0.534517,416
112,Corts Valencianes 2A,Alfons MagnanimB,2023-10-13T00:16:39.097Z,38.986084,-0.534517,479
113,Corts Valencianes 2B,Corts Valencianes 2A,2023-10-13T00:16:39.097Z,38.987684,-0.53061,276
114,Aben FerriA,Corts Valencianes 2B,2023-10-13T00:16:39.097Z,38.986084,-0.534517,869
115,9 OctubreB,Reina,2023-10-13T00:16:39.097Z,38.987684,-0.53061,994
116,Ximen ToviaA,Baixada estacio 1,2023-10-13T00:16:39.097Z,38.991913,-0.524291,919
117,Albereda 2,Cosmografo,2023-10-13T00:16:39.097Z,38.990742,-0.513,False
118,Carme 2,Albereda 2,2023-10-13T00:16:39.097Z,38.990122,-0.519633,071
119,Republica Argentina,Carme 2,2023-10-13T00:16:39.097Z,38.99105,-0.519778,097
120,CV-645A,PalasietA,2023-10-13T00:16:49.097Z,38.985252,-0.537441,False
121,CV-645B,Beata InesA,2023-10-13T00:16:49.097Z,0.0,0.0,137
122,Corts Valencianes 1A,CV-645B,2023-10-13T00:16:49.097Z,38.985252,-0.537441,500
123,PalasietB,CV-645B,2023-10-13T00:16:49.097Z,38.985252,-0.537441,979
124,Reina,Republica Argentina,2023-10-13T00:16:49.097Z,38.989955,-0.523503,047
125,Ximen ToviaA,Ximen ToviaB,2023-10-13T00:16:49.097Z,38.991913,-0.524291,969
126,Ximen ToviaB,Carme 1,2023-10-13T00:16:49.097Z,38.992357,-0.519858,133
127,Baixada estacio 1,Baixada estacio 2,2023-10-13T00:16:49.097Z,38.991213,-0.523787,499
128,CV-645B,N-340A,2023-10-13T00:16:59.097Z,0.0,0.0,402
129,Corts Valencianes 2A,Corts Valencianes 1A,2023-10-13T00:16:59.097Z,38.986084,-0.534517,False
130,PalasietB,Corts Valencianes 1B,2023-10-13T00:16:59.097Z,38.985252,-0.537441,538
131,Alfons MagnanimB,Alfons MagnanimA,2023-10-13T00:16:59.097Z,38.987144,-0.535236,416
132,Abu Masaifa,9 OctubreA,2023-10-13T00:16:59.097Z,38.987684,-0.53061,216
133,Ausias MarchA,9 OctubreA,2023-10-13T00:16:59.097Z,38.987684,-0.53061,073
134,Ausias MarchB,Ximen ToviaB,2023-10-13T00:16:59.097Z,38.991913,-0.524291,938
135,Ximen ToviaA,Baixada estacio 1,2023-10-13T00:16:59.097Z,38.991913,-0.524291,818
136,Ximen ToviaB,N-340B,2023-10-13T00:16:59.097Z,38.992357,-0.519858,580
137,Albereda 2,N-340B,2023-10-13T00:16:59.097Z,38.990742,-0.513,699
138,Carme 1,Carme 2,2023-10-13T00:16:59.097Z,38.99105,-0.519778,133
139,Republica Argentina,Academic Maravall,2023-10-13T00:16:59.097Z,38.99105,-0.519778,False
140,Corts Valencianes 1A,CV-645B,2023-10-13T00:17:09.097Z,38.985252,-0.537441,697
141,Corts Valencianes 1B,Corts Valencianes 1A,2023-10-13T00:17:09.097Z,38.986084,-0.534517,538
142,PalasietA,PalasietB,2023-10-13T00:17:09.097Z,38.985489,-0.534157,False
143,Alfons MagnanimA,Corts Valencianes 2B,2023-10-13T00:17:09.097Z,38.986084,-0.534517,416
144,Alfons MagnanimB,9 OctubreB,2023-10-13T00:17:09.097Z,38.987144,-0.535236,474
145,Ausias MarchA,Argenteria,2023-10-13T00:17:09.097Z,38.987684,-0.53061,False
146,Beata InesA,Corts Valencianes 2A,2023-10-13T00:17:09.097Z,38.987684,-0.53061,137
147,Ximen ToviaB,N-340B,2023-10-13T00:17:09.097Z,38.992357,-0.519858,669
148,Baixada estacio 1,Abu Masaifa,2023-10-13T00:17:09.097Z,38.991213,-0.523787,816
149,Baixada estacio 2,Republica Argentina,2023-10-13T00:17:09.097Z,38.989955,-0.523503,184
150,Albereda 2,Cosmografo,2023-10-13T00:17:09.097Z,38.990742,-0.513,986
151,Academic Maravall,Maulets,2023-10-13T00:17:09.097Z,38.991249,-0.518678,False
152,N-340B,N-340A,2023-10-13T00:17:09.097Z,0.0,0.0,967
153,Republica Argentina,Academic Maravall,2023-10-13T00:17:09.097Z,38.99105,-0.519778,047
154,Corts Valencianes 2B,Ausias MarchB,2023-10-13T00:17:19.097Z,38.987684,-0.53061,416
155,Abu Masaifa,Beata InesB,2023-10-13T00:17:19.097Z,38.987684,-0.53061,710
156,Ximen ToviaA,Baixada estacio 1,2023-10-13T00:17:19.097Z,38.991913,-0.524291,974
157,Albereda 2,N-340B,2023-10-13T00:17:19.097Z,38.990742,-0.513,995
158,Academic Maravall,Maulets,2023-10-13T00:17:19.097Z,38.991249,-0.518678,047
159,Corts Valencianes 2A,Alfons MagnanimB,2023-10-13T00:17:29.097Z,38.986084,-0.534517,137
160,9 OctubreA,Alfons MagnanimA,2023-10-13T00:17:29.097Z,38.987144,-0.535236,459
161,9 OctubreB,Beata InesB,2023-10-13T00:17:29.097Z,38.987684,-0.53061,473
162,Reina,Republica Argentina,2023-10-13T00:17:29.097Z,38.989955,-0.523503,424
163,Ximen ToviaA,Ximen ToviaB,2023-10-13T00:17:29.097Z,38.991913,-0.524291,233
164,Baixada estacio 1,Abu Masaifa,2023-10-13T00:17:29.097Z,38.991213,-0.523787,974
165,Albereda 2,Cosmografo,2023-10-13T00:17:29.097Z,38.990742,-0.513,249
166,Maulets,Ximen ToviaA,2023-10-13T00:17:29.097Z,38.992357,-0.519858,997
167,Alfons MagnanimA,Alfons MagnanimB,2023-10-13T00:17:39.097Z,38.986084,-0.534517,459
168,Alfons MagnanimB,9 OctubreB,2023-10-13T00:17:39.097Z,38.987144,-0.535236,137
169,Argenteria,Aben FerriA,2023-10-13T00:17:39.097Z,38.985489,-0.534157,False
170,9 OctubreA,9 OctubreB,2023-10-13T00:17:39.097Z,38.987144,-0.535236,760
171,Abu Masaifa,Corts Valencianes 2A,2023-10-13T00:17:39.097Z,38.987684,-0.53061,816
172,Ximen ToviaB,N-340B,2023-10-13T00:17:39.097Z,38.992357,-0.519858,938
173,Albereda 2,N-340B,2023-10-13T00:17:39.097Z,38.990742,-0.513,071
174,Maulets,N-340B,2023-10-13T00:17:39.097Z,38.992357,-0.519858,858
175,N-340B,Beata InesA,2023-10-13T00:17:39.097Z,0.0,0.0,186
176,PalasietB,CV-645B,2023-10-13T00:17:49.097Z,38.985252,-0.537441,960
177,Aben FerriA,Corts Valencianes 1A,2023-10-13T00:17:49.097Z,38.986084,-0.534517,777
178,9 OctubreA,9 OctubreB,2023-10-13T00:17:49.097Z,38.987144,-0.535236,216
179,9 OctubreB,Argenteria,2023-10-13T00:17:49.097Z,38.987684,-0.53061,137
180,Ausias MarchB,Baixada estacio 1,2023-10-13T00:17:49.097Z,38.991913,-0.524291,164
181,Gregorio Molina,Abu Masaifa,2023-10-13T00:17:49.097Z,38.991213,-0.523787,369
182,N-340B,N-340A,2023-10-13T00:17:49.097Z,0.0,0.0,False
183,Baixada estacio 1,Baixada estacio 2,2023-10-13T00:17:59.097Z,38.991213,-0.523787,416
184,N-340B,Beata InesA,2023-10-13T00:17:59.097Z,0.0,0.0,786
185,Republica Argentina,Academic Maravall,2023-10-13T00:17:59.097Z,38.99105,-0.519778,020
186,Alfons MagnanimA,Aben FerriB,2023-10-13T00:18:09.097Z,38.986084,-0.534517,False
187,9 OctubreB,Corts Valencianes 2A,2023-10-13T00:18:09.097Z,38.987684,-0.53061,760
188,Beata InesA,Reina,2023-10-13T00:18:09.097Z,38.987684,-0.53061,186
189,Cosmografo,Maulets,2023-10-13T00:18:09.097Z,38.991249,-0.518678,False
190,Corts Valencianes 2A,Corts Valencianes 1A,2023-10-13T00:18:19.097Z,38.986084,-0.534517,816
191,Aben FerriB,PalasietB,2023-10-13T00:18:19.097Z,38.985489,-0.534157,False
192,Beata InesA,Reina,2023-10-13T00:18:19.097Z,38.987684,-0.53061,786
193,Academic Maravall,Maulets,2023-10-13T00:18:19.097Z,38.991249,-0.518678,False
194,Cosmografo,Maulets,2023-10-13T00:18:19.097Z,38.991249,-0.518678,False
195,Maulets,Ximen ToviaA,2023-10-13T00:18:19.097Z,38.992357,-0.519858,614
196,N-340B,N-340A,2023-10-13T00:18:19.097Z,0.0,0.0,300
197,Corts Valencianes 1A,CV-645B,2023-10-13T00:18:29.097Z,38.985252,-0.537441,816
198,Corts Valencianes 2A,Alfons MagnanimB,2023-10-13T00:18:29.097Z,38.986084,-0.534517,760
199,PalasietB,CV-645B,2023-10-13T00:18:29.097Z,38.985252,-0.537441,False
200,Argenteria,Aben FerriA,2023-10-13T00:18:29.097Z,38.985489,-0.534157,137
201,9 OctubreA,9 OctubreB,2023-10-13T00:18:29.097Z,38.987144,-0.535236,073
202,Ximen ToviaA,Ximen ToviaB,2023-10-13T00:18:29.097Z,38.991913,-0.524291,911
203,Maulets,Gregorio Molina,2023-10-13T00:18:29.097Z,38.992357,-0.519858,False
204,N-340B,Beata InesA,2023-10-13T00:18:29.097Z,0.0,0.0,016
205,Alfons MagnanimB,Alfons MagnanimA,2023-10-13T00:18:39.097Z,38.987144,-0.535236,700
206,9 OctubreA,9 OctubreB,2023-10-13T00:18:39.097Z,38.987144,-0.535236,353
207,9 OctubreB,Argenteria,2023-10-13T00:18:39.097Z,38.987684,-0.53061,216
208,Reina,Republica Argentina,2023-10-13T00:18:39.097Z,38.989955,-0.523503,186
209,Academic Maravall,Maulets,2023-10-13T00:18:39.097Z,38.991249,-0.518678,424
210,Cosmografo,Maulets,2023-10-13T00:18:39.097Z,38.991249,-0.518678,749
211,Maulets,N-340B,2023-10-13T00:18:39.097Z,38.992357,-0.519858,False
212,N-340B,Beata InesA,2023-10-13T00:18:39.097Z,0.0,0.0,292
213,PalasietA,PalasietB,2023-10-13T00:18:49.097Z,38.985489,-0.534157,806
214,Aben FerriA,Aben FerriB,2023-10-13T00:18:49.097Z,38.986084,-0.534517,137
215,9 OctubreB,Corts Valencianes 2A,2023-10-13T00:18:49.097Z,38.987684,-0.53061,632
216,Beata InesA,9 OctubreA,2023-10-13T00:18:49.097Z,38.987684,-0.53061,016
217,Beata InesB,CV-645A,2023-10-13T00:18:49.097Z,0.0,0.0,901
218,Maulets,Carme 1,2023-10-13T00:18:49.097Z,38.992357,-0.519858,False
219,CV-645B,CV-645A,2023-10-13T00:18:59.097Z,0.0,0.0,False
220,PalasietB,CV-645B,2023-10-13T00:18:59.097Z,38.985252,-0.537441,808
221,Aben FerriB,PalasietB,2023-10-13T00:18:59.097Z,38.985489,-0.534157,137
222,Argenteria,PalasietB,2023-10-13T00:18:59.097Z,38.985489,-0.534157,216
223,9 OctubreB,Argenteria,2023-10-13T00:18:59.097Z,38.987684,-0.53061,False
224,Reina,Albereda 1,2023-10-13T00:18:59.097Z,38.989955,-0.523503,786
225,Ximen ToviaA,Ausias MarchA,2023-10-13T00:18:59.097Z,38.991913,-0.524291,False
226,Gregorio Molina,Abu Masaifa,2023-10-13T00:18:59.097Z,38.991213,-0.523787,False
227,Carme 1,Carme 2,2023-10-13T00:18:59.097Z,38.99105,-0.519778,False
228,Carme 2,Albereda 2,2023-10-13T00:18:59.097Z,38.990122,-0.519633,133
229,Maulets,N-340B,2023-10-13T00:18:59.097Z,38.992357,-0.519858,249
230,N-340B,Beata InesA,2023-10-13T00:18:59.097Z,0.0,0.0,677
231,CV-645B,Beata InesA,2023-10-13T00:19:09.097Z,0.0,0.0,712
232,Argenteria,PalasietB,2023-10-13T00:19:09.097Z,38.985489,-0.534157,100
233,9 OctubreB,Ausias MarchB,2023-10-13T00:19:09.097Z,38.987684,-0.53061,353
234,Ximen ToviaA,Ximen ToviaB,2023-10-13T00:19:09.097Z,38.991913,-0.524291,944
235,Gregorio Molina,Abu Masaifa,2023-10-13T00:19:09.097Z,38.991213,-0.523787,934
236,Republica Argentina,Carme 2,2023-10-13T00:19:09.097Z,38.99105,-0.519778,186
237,CV-645A,Corts Valencianes 1B,2023-10-13T00:19:19.097Z,38.985252,-0.537441,907
238,PalasietB,CV-645B,2023-10-13T00:19:19.097Z,38.985252,-0.537441,216
239,Beata InesA,9 OctubreA,2023-10-13T00:19:19.097Z,38.987684,-0.53061,292
240,Carme 2,Albereda 2,2023-10-13T00:19:19.097Z,38.990122,-0.519633,424
241,N-340B,N-340A,2023-10-13T00:19:19.097Z,0.0,0.0,719
242,CV-645A,PalasietA,2023-10-13T00:19:29.097Z,38.985252,-0.537441,False
243,Corts Valencianes 2A,Corts Valencianes 2B,2023-10-13T00:19:29.097Z,38.986084,-0.534517,632
244,Aben FerriB,PalasietB,2023-10-13T00:19:29.097Z,38.985489,-0.534157,748
245,Argenteria,PalasietB,2023-10-13T00:19:29.097Z,38.985489,-0.534157,073
246,Beata InesA,9 OctubreA,2023-10-13T00:19:29.097Z,38.987684,-0.53061,677
247,Ximen ToviaB,Gregorio Molina,2023-10-13T00:19:29.097Z,38.992357,-0.519858,911
248,Albereda 2,N-340B,2023-10-13T00:19:29.097Z,38.990742,-0.513,133
249,Carme 2,Albereda 2,2023-10-13T00:19:29.097Z,38.990122,-0.519633,186
250,Corts Valencianes 1B,Corts Valencianes 2B,2023-10-13T00:19:39.097Z,38.986084,-0.534517,907
251,Corts Valencianes 2B,9 OctubreA,2023-10-13T00:19:39.097Z,38.987684,-0.53061,666
252,PalasietA,PalasietB,2023-10-13T00:19:39.097Z,38.985489,-0.534157,False
253,PalasietB,Corts Valencianes 1B,2023-10-13T00:19:39.097Z,38.985252,-0.537441,864
254,Ausias MarchA,Reina,2023-10-13T00:19:39.097Z,38.987684,-0.53061,914
255,Ausias MarchB,Ausias MarchA,2023-10-13T00:19:39.097Z,38.991913,-0.524291,151
256,Beata InesA,Argenteria,2023-10-13T00:19:39.097Z,38.987684,-0.53061,712
257,Corts Valencianes 1B,Corts Valencianes 2B,2023-10-13T00:19:49.097Z,38.986084,-0.534517,109
258,PalasietB,CV-645B,2023-10-13T00:19:49.097Z,38.985252,-0.537441,284
259,9 OctubreA,9 OctubreB,2023-10-13T00:19:49.097Z,38.987144,-0.535236,292
260,Albereda 1,Albereda 2,2023-10-13T00:19:49.097Z,38.990122,-0.519633,786
261,Corts Valencianes 2B,Reina,2023-10-13T00:19:59.097Z,38.987684,-0.53061,632
262,PalasietB,PalasietA,2023-10-13T00:19:59.097Z,38.985252,-0.537441,748
263,Aben FerriB,PalasietB,2023-10-13T00:19:59.097Z,38.985489,-0.534157,046
264,Ausias MarchA,Reina,2023-10-13T00:19:59.097Z,38.987684,-0.53061,151
265,Ximen ToviaB,Carme 1,2023-10-13T00:19:59.097Z,38.992357,-0.519858,944
266,N-340B,N-340A,2023-10-13T00:19:59.097Z,0.0,0.0,False
267,PalasietB,PalasietA,2023-10-13T00:20:09.097Z,38.985252,-0.537441,873
268,Carme 1,Carme 2,2023-10-13T00:20:09.097Z,38.99105,-0.519778,944
269,PalasietA,Aben FerriA,2023-10-13T00:20:19.097Z,38.985489,-0.534157,748
270,PalasietB,Corts Valencianes 1B,2023-10-13T00:20:19.097Z,38.985252,-0.537441,False
271,Albereda 2,N-340B,2023-10-13T00:20:19.097Z,38.990742,-0.513,424
272,Carme 2,Albereda 2,2023-10-13T00:20:19.097Z,38.990122,-0.519633,944
273,N-340B,Beata InesA,2023-10-13T00:20:19.097Z,0.0,0.0,976
274,PalasietA,Aben FerriA,2023-10-13T00:20:29.097Z,38.985489,-0.534157,073
275,PalasietB,PalasietA,2023-10-13T00:20:29.097Z,38.985252,-0.537441,046
276,Argenteria,Aben FerriA,2023-10-13T00:20:29.097Z,38.985489,-0.534157,122
277,Abu Masaifa,Corts Valencianes 2A,2023-10-13T00:20:29.097Z,38.987684,-0.53061,369
278,Beata InesA,Reina,2023-10-13T00:20:29.097Z,38.987684,-0.53061,976
279,Reina,Albereda 1,2023-10-13T00:20:29.097Z,38.989955,-0.523503,False
280,Albereda 2,Cosmografo,2023-10-13T00:20:29.097Z,38.990742,-0.513,186
281,N-340B,CV-645A,2023-10-13T00:20:29.097Z,0.0,0.0,669
282,Corts Valencianes 2B,Corts Valencianes 2A,2023-10-13T00:20:39.097Z,38.987684,-0.53061,100
283,9 OctubreA,9 OctubreB,2023-10-13T00:20:39.097Z,38.987144,-0.535236,672
284,Reina,Republica Argentina,2023-10-13T00:20:39.097Z,38.989955,-0.523503,632
285,Gregorio Molina,Abu Masaifa,2023-10-13T00:20:39.097Z,38.991213,-0.523787,911
286,9 OctubreA,Alfons MagnanimA,2023-10-13T00:20:49.097Z,38.987144,-0.535236,666
287,9 OctubreB,Reina,2023-10-13T00:20:49.097Z,38.987684,-0.53061,587
288,Reina,Republica Argentina,2023-10-13T00:20:49.097Z,38.989955,-0.523503,352
289,Albereda 2,Cosmografo,2023-10-13T00:20:49.097Z,38.990742,-0.513,786
290,Republica Argentina,Carme 2,2023-10-13T00:20:49.097Z,38.99105,-0.519778,632
291,CV-645A,Corts Valencianes 1B,2023-10-13T00:20:59.097Z,38.985252,-0.537441,669
292,Alfons MagnanimA,Aben FerriB,2023-10-13T00:20:59.097Z,38.986084,-0.534517,666
293,Aben FerriA,Corts Valencianes 2B,2023-10-13T00:20:59.097Z,38.986084,-0.534517,748
294,9 OctubreB,Ausias MarchB,2023-10-13T00:20:59.097Z,38.987684,-0.53061,672
295,Albereda 2,N-340B,2023-10-13T00:20:59.097Z,38.990742,-0.513,944
296,Carme 2,Albereda 2,2023-10-13T00:20:59.097Z,38.990122,-0.519633,632
297,Cosmografo,Maulets,2023-10-13T00:20:59.097Z,38.991249,-0.518678,186
298,Corts Valencianes 2A,Aben FerriB,2023-10-13T00:21:09.097Z,38.986084,-0.534517,369
299,Aben FerriA,Corts Valencianes 2B,2023-10-13T00:21:09.097Z,38.986084,-0.534517,073
300,Aben FerriB,PalasietB,2023-10-13T00:21:09.097Z,38.985489,-0.534157,False
301,Abu Masaifa,Ausias MarchB,2023-10-13T00:21:09.097Z,38.987684,-0.53061,False
302,Cosmografo,Maulets,2023-10-13T00:21:09.097Z,38.991249,-0.518678,786
303,Maulets,Ximen ToviaA,2023-10-13T00:21:09.097Z,38.992357,-0.519858,186
304,N-340B,Beata InesA,2023-10-13T00:21:09.097Z,0.0,0.0,False
305,Corts Valencianes 1B,Aben FerriB,2023-10-13T00:21:19.097Z,38.986084,-0.534517,669
306,Corts Valencianes 2A,Alfons MagnanimB,2023-10-13T00:21:19.097Z,38.986084,-0.534517,864
307,Aben FerriA,Corts Valencianes 1A,2023-10-13T00:21:19.097Z,38.986084,-0.534517,122
308,Beata InesA,Corts Valencianes 2A,2023-10-13T00:21:19.097Z,38.987684,-0.53061,False
309,Reina,Albereda 1,2023-10-13T00:21:19.097Z,38.989955,-0.523503,292
310,Albereda 2,Cosmografo,2023-10-13T00:21:19.097Z,38.990742,-0.513,632
311,CV-645B,CV-645A,2023-10-13T00:21:29.097Z,0.0,0.0,989
312,Corts Valencianes 2B,Corts Valencianes 2A,2023-10-13T00:21:29.097Z,38.987684,-0.53061,748
313,PalasietB,CV-645B,2023-10-13T00:21:29.097Z,38.985252,-0.537441,False
314,Alfons MagnanimB,9 OctubreB,2023-10-13T00:21:29.097Z,38.987144,-0.535236,100
315,Abu Masaifa,9 OctubreA,2023-10-13T00:21:29.097Z,38.987684,-0.53061,False
316,N-340B,N-340A,2023-10-13T00:21:29.097Z,0.0,0.0,281
317,Republica Argentina,Academic Maravall,2023-10-13T00:21:29.097Z,38.99105,-0.519778,353
318,Corts Valencianes 1A,PalasietA,2023-10-13T00:21:39.097Z,38.985252,-0.537441,771
319,Corts Valencianes 2A,Corts Valencianes 1A,2023-10-13T00:21:39.097Z,38.986084,-0.534517,False
320,Corts Valencianes 2B,Ausias MarchB,2023-10-13T00:21:39.097Z,38.987684,-0.53061,873
321,Alfons MagnanimB,9 OctubreB,2023-10-13T00:21:39.097Z,38.987144,-0.535236,432
322,Aben FerriB,PalasietB,2023-10-13T00:21:39.097Z,38.985489,-0.534157,369
323,Ximen ToviaA,Baixada estacio 1,2023-10-13T00:21:39.097Z,38.991913,-0.524291,186
324,Albereda 1,Albereda 2,2023-10-13T00:21:39.097Z,38.990122,-0.519633,292
325,Academic Maravall,Maulets,2023-10-13T00:21:39.097Z,38.991249,-0.518678,353
326,N-340B,N-340A,2023-10-13T00:21:39.097Z,0.0,0.0,072
327,CV-645A,Corts Valencianes 1B,2023-10-13T00:21:49.097Z,38.985252,-0.537441,989
328,Corts Valencianes 1A,PalasietA,2023-10-13T00:21:49.097Z,38.985252,-0.537441,463
329,Aben FerriB,PalasietB,2023-10-13T00:21:49.097Z,38.985489,-0.534157,633
330,Baixada estacio 1,Abu Masaifa,2023-10-13T00:21:49.097Z,38.991213,-0.523787,186
331,Cosmografo,Maulets,2023-10-13T00:21:49.097Z,38.991249,-0.518678,632
332,Republica Argentina,Academic Maravall,2023-10-13T00:21:49.097Z,38.99105,-0.519778,499
333,Corts Valencianes 1B,Corts Valencianes 1A,2023-10-13T00:21:59.097Z,38.986084,-0.534517,False
334,Corts Valencianes 2A,Corts Valencianes 1A,2023-10-13T00:21:59.097Z,38.986084,-0.534517,748
335,PalasietA,Aben FerriA,2023-10-13T00:21:59.097Z,38.985489,-0.534157,046
336,PalasietB,CV-645B,2023-10-13T00:21:59.097Z,38.985252,-0.537441,369
337,9 OctubreB,Ausias MarchB,2023-10-13T00:21:59.097Z,38.987684,-0.53061,864
338,Academic Maravall,Maulets,2023-10-13T00:21:59.097Z,38.991249,-0.518678,184
339,Maulets,N-340B,2023-10-13T00:21:59.097Z,38.992357,-0.519858,151
340,CV-645B,CV-645A,2023-10-13T00:22:09.097Z,0.0,0.0,861
341,PalasietB,PalasietA,2023-10-13T00:22:09.097Z,38.985252,-0.537441,669
342,Aben FerriA,Corts Valencianes 2B,2023-10-13T00:22:09.097Z,38.986084,-0.534517,045
343,9 OctubreB,Argenteria,2023-10-13T00:22:09.097Z,38.987684,-0.53061,432
344,Ausias MarchB,Ausias MarchA,2023-10-13T00:22:09.097Z,38.991913,-0.524291,690
345,Albereda 2,Cosmografo,2023-10-13T00:22:09.097Z,38.990742,-0.513,491
346,Maulets,Ximen ToviaA,2023-10-13T00:22:09.097Z,38.992357,-0.519858,632
347,PalasietA,Aben FerriA,2023-10-13T00:22:19.097Z,38.985489,-0.534157,False
348,Argenteria,PalasietB,2023-10-13T00:22:19.097Z,38.985489,-0.534157,432
349,9 OctubreA,9 OctubreB,2023-10-13T00:22:19.097Z,38.987144,-0.535236,866
350,Ausias MarchB,Baixada estacio 1,2023-10-13T00:22:19.097Z,38.991913,-0.524291,073
351,Maulets,N-340B,2023-10-13T00:22:19.097Z,38.992357,-0.519858,184
352,Corts Valencianes 1A,CV-645B,2023-10-13T00:22:29.097Z,38.985252,-0.537441,748
353,PalasietB,CV-645B,2023-10-13T00:22:29.097Z,38.985252,-0.537441,432
354,Aben FerriA,Corts Valencianes 2B,2023-10-13T00:22:29.097Z,38.986084,-0.534517,False
355,Ausias MarchB,Ximen ToviaB,2023-10-13T00:22:29.097Z,38.991913,-0.524291,100
356,Baixada estacio 1,Abu Masaifa,2023-10-13T00:22:29.097Z,38.991213,-0.523787,073
357,Cosmografo,Maulets,2023-10-13T00:22:29.097Z,38.991249,-0.518678,587
358,Corts Valencianes 2B,Beata InesB,2023-10-13T00:22:39.097Z,38.987684,-0.53061,045
359,Aben FerriB,PalasietB,2023-10-13T00:22:39.097Z,38.985489,-0.534157,672
360,Maulets,Ximen ToviaA,2023-10-13T00:22:39.097Z,38.992357,-0.519858,587
361,Corts Valencianes 2B,Ausias MarchB,2023-10-13T00:22:49.097Z,38.987684,-0.53061,False
362,9 OctubreB,Reina,2023-10-13T00:22:49.097Z,38.987684,-0.53061,False
363,Ausias MarchA,Reina,2023-10-13T00:22:49.097Z,38.987684,-0.53061,690
364,Ximen ToviaB,N-340B,2023-10-13T00:22:49.097Z,38.992357,-0.519858,100
365,Cosmografo,Maulets,2023-10-13T00:22:49.097Z,38.991249,-0.518678,False
366,CV-645A,Corts Valencianes 1B,2023-10-13T00:22:59.097Z,38.985252,-0.537441,861
367,PalasietB,CV-645B,2023-10-13T00:22:59.097Z,38.985252,-0.537441,672
368,Maulets,Ximen ToviaA,2023-10-13T00:22:59.097Z,38.992357,-0.519858,False
369,Corts Valencianes 1B,Corts Valencianes 2B,2023-10-13T00:23:09.097Z,38.986084,-0.534517,796
370,PalasietA,Aben FerriA,2023-10-13T00:23:09.097Z,38.985489,-0.534157,669
371,Aben FerriA,Corts Valencianes 2B,2023-10-13T00:23:09.097Z,38.986084,-0.534517,806
372,Corts Valencianes 2B,Ausias MarchB,2023-10-13T00:23:19.097Z,38.987684,-0.53061,758
373,Ximen ToviaA,Ausias MarchA,2023-10-13T00:23:19.097Z,38.991913,-0.524291,632
374,Ximen ToviaA,Ausias MarchA,2023-10-13T00:23:29.097Z,38.991913,-0.524291,292
375,N-340B,N-340A,2023-10-13T00:23:29.097Z,0.0,0.0,969
376,Ausias MarchA,Argenteria,2023-10-13T00:23:39.097Z,38.987684,-0.53061,632
377,Ausias MarchB,Baixada estacio 1,2023-10-13T00:23:39.097Z,38.991913,-0.524291,False
378,Reina,Albereda 1,2023-10-13T00:23:39.097Z,38.989955,-0.523503,False
379,Ximen ToviaA,Ximen ToviaB,2023-10-13T00:23:39.097Z,38.991913,-0.524291,False
380,N-340B,N-340A,2023-10-13T00:23:39.097Z,0.0,0.0,391
381,Corts Valencianes 2B,Ausias MarchB,2023-10-13T00:23:49.097Z,38.987684,-0.53061,808
382,Abu Masaifa,Corts Valencianes 2A,2023-10-13T00:23:49.097Z,38.987684,-0.53061,911
383,Ausias MarchA,Corts Valencianes 2A,2023-10-13T00:23:49.097Z,38.987684,-0.53061,292
384,Reina,Republica Argentina,2023-10-13T00:23:49.097Z,38.989955,-0.523503,False
385,Ximen ToviaB,Gregorio Molina,2023-10-13T00:23:49.097Z,38.992357,-0.519858,False
386,Baixada estacio 1,Abu Masaifa,2023-10-13T00:23:49.097Z,38.991213,-0.523787,False
387,N-340B,N-340A,2023-10-13T00:23:49.097Z,0.0,0.0,False
388,Argenteria,PalasietB,2023-10-13T00:23:59.097Z,38.985489,-0.534157,632
389,Ausias MarchB,Ximen ToviaB,2023-10-13T00:23:59.097Z,38.991913,-0.524291,796
390,Gregorio Molina,Abu Masaifa,2023-10-13T00:23:59.097Z,38.991213,-0.523787,False
391,Albereda 1,Albereda 2,2023-10-13T00:23:59.097Z,38.990122,-0.519633,936
392,Beata InesB,Beata InesA,2023-10-13T00:24:09.097Z,0.0,0.0,False
393,N-340A,Gregorio Molina,2023-10-13T00:24:09.097Z,38.992357,-0.519858,812
394,Republica Argentina,Carme 2,2023-10-13T00:24:09.097Z,38.99105,-0.519778,False
395,PalasietB,PalasietA,2023-10-13T00:24:19.097Z,38.985252,-0.537441,632
396,Beata InesB,CV-645A,2023-10-13T00:24:19.097Z,0.0,0.0,864
397,Ximen ToviaB,Ximen ToviaA,2023-10-13T00:24:19.097Z,38.992357,-0.519858,798
398,N-340A,Ximen ToviaA,2023-10-13T00:24:19.097Z,38.992357,-0.519858,619
399,Ausias MarchB,Ximen ToviaB,2023-10-13T00:24:29.097Z,38.991913,-0.524291,808
400,Beata InesB,CV-645A,2023-10-13T00:24:29.097Z,0.0,0.0,968
401,Reina,Albereda 1,2023-10-13T00:24:29.097Z,38.989955,-0.523503,976
402,Ximen ToviaA,Ausias MarchA,2023-10-13T00:24:29.097Z,38.991913,-0.524291,758
403,Gregorio Molina,Baixada estacio 2,2023-10-13T00:24:29.097Z,38.991213,-0.523787,812
404,Carme 2,Albereda 2,2023-10-13T00:24:29.097Z,38.990122,-0.519633,False
405,N-340A,Carme 1,2023-10-13T00:24:29.097Z,38.992357,-0.519858,979
406,N-340B,CV-645A,2023-10-13T00:24:29.097Z,0.0,0.0,775
407,Corts Valencianes 2A,Corts Valencianes 2B,2023-10-13T00:24:39.097Z,38.986084,-0.534517,False
408,PalasietA,Aben FerriA,2023-10-13T00:24:39.097Z,38.985489,-0.534157,632
409,Beata InesB,Beata InesA,2023-10-13T00:24:39.097Z,0.0,0.0,849
410,Ximen ToviaA,Ausias MarchA,2023-10-13T00:24:39.097Z,38.991913,-0.524291,619
411,Baixada estacio 2,Albereda 1,2023-10-13T00:24:39.097Z,38.989955,-0.523503,False
412,Albereda 1,Albereda 2,2023-10-13T00:24:39.097Z,38.990122,-0.519633,False
413,Albereda 2,N-340B,2023-10-13T00:24:39.097Z,38.990742,-0.513,False
414,N-340A,Ximen ToviaA,2023-10-13T00:24:39.097Z,38.992357,-0.519858,023
415,N-340B,CV-645A,2023-10-13T00:24:39.097Z,0.0,0.0,184
416,Alfons MagnanimA,Corts Valencianes 2B,2023-10-13T00:24:49.097Z,38.986084,-0.534517,981
417,Aben FerriA,Corts Valencianes 1A,2023-10-13T00:24:49.097Z,38.986084,-0.534517,632
418,Abu Masaifa,Reina,2023-10-13T00:24:49.097Z,38.987684,-0.53061,False
419,Beata InesA,Ausias MarchB,2023-10-13T00:24:49.097Z,38.987684,-0.53061,460
420,Albereda 2,N-340B,2023-10-13T00:24:49.097Z,38.990742,-0.513,496
421,N-340A,Ximen ToviaA,2023-10-13T00:24:49.097Z,38.992357,-0.519858,489
422,CV-645A,PalasietA,2023-10-13T00:24:59.097Z,38.985252,-0.537441,464
423,Corts Valencianes 2A,Alfons MagnanimB,2023-10-13T00:24:59.097Z,38.986084,-0.534517,292
424,Abu Masaifa,9 OctubreA,2023-10-13T00:24:59.097Z,38.987684,-0.53061,955
425,Beata InesA,Argenteria,2023-10-13T00:24:59.097Z,38.987684,-0.53061,032
426,Ximen ToviaA,Ximen ToviaB,2023-10-13T00:24:59.097Z,38.991913,-0.524291,021
427,N-340A,Carme 1,2023-10-13T00:24:59.097Z,38.992357,-0.519858,925
428,N-340B,Beata InesA,2023-10-13T00:24:59.097Z,0.0,0.0,098
429,CV-645A,Corts Valencianes 1B,2023-10-13T00:25:09.097Z,38.985252,-0.537441,906
430,Alfons MagnanimB,Alfons MagnanimA,2023-10-13T00:25:09.097Z,38.987144,-0.535236,491
431,9 OctubreA,9 OctubreB,2023-10-13T00:25:09.097Z,38.987144,-0.535236,955
432,Ausias MarchA,Corts Valencianes 2A,2023-10-13T00:25:09.097Z,38.987684,-0.53061,619
433,Albereda 1,Albereda 2,2023-10-13T00:25:09.097Z,38.990122,-0.519633,False
434,Albereda 2,N-340B,2023-10-13T00:25:09.097Z,38.990742,-0.513,699
435,Carme 1,Academic Maravall,2023-10-13T00:25:09.097Z,38.99105,-0.519778,409
436,N-340A,Ximen ToviaA,2023-10-13T00:25:09.097Z,38.992357,-0.519858,995
437,CV-645A,Corts Valencianes 1B,2023-10-13T00:25:19.097Z,38.985252,-0.537441,175
438,CV-645B,N-340A,2023-10-13T00:25:19.097Z,0.0,0.0,902
439,Corts Valencianes 1A,CV-645B,2023-10-13T00:25:19.097Z,38.985252,-0.537441,632
440,Corts Valencianes 1B,Aben FerriB,2023-10-13T00:25:19.097Z,38.986084,-0.534517,503
441,Corts Valencianes 2A,Alfons MagnanimB,2023-10-13T00:25:19.097Z,38.986084,-0.534517,False
442,PalasietA,Aben FerriA,2023-10-13T00:25:19.097Z,38.985489,-0.534157,676
443,Beata InesB,N-340A,2023-10-13T00:25:19.097Z,0.0,0.0,361
444,Ximen ToviaA,Ausias MarchA,2023-10-13T00:25:19.097Z,38.991913,-0.524291,666
445,Carme 1,Academic Maravall,2023-10-13T00:25:19.097Z,38.99105,-0.519778,925
446,N-340A,Ximen ToviaA,2023-10-13T00:25:19.097Z,38.992357,-0.519858,402
447,CV-645A,Corts Valencianes 1B,2023-10-13T00:25:29.097Z,38.985252,-0.537441,194
448,CV-645B,CV-645A,2023-10-13T00:25:29.097Z,0.0,0.0,697
449,Corts Valencianes 1A,CV-645B,2023-10-13T00:25:29.097Z,38.985252,-0.537441,619
450,Corts Valencianes 1B,Alfons MagnanimB,2023-10-13T00:25:29.097Z,38.986084,-0.534517,715
451,Alfons MagnanimB,Alfons MagnanimA,2023-10-13T00:25:29.097Z,38.987144,-0.535236,619
452,Aben FerriA,Alfons MagnanimB,2023-10-13T00:25:29.097Z,38.986084,-0.534517,676
453,Aben FerriB,Aben FerriA,2023-10-13T00:25:29.097Z,38.985489,-0.534157,508
454,Ausias MarchB,Baixada estacio 1,2023-10-13T00:25:29.097Z,38.991913,-0.524291,468
455,Ximen ToviaB,N-340B,2023-10-13T00:25:29.097Z,38.992357,-0.519858,808
456,Academic Maravall,Maulets,2023-10-13T00:25:29.097Z,38.991249,-0.518678,409
457,N-340A,Ximen ToviaA,2023-10-13T00:25:29.097Z,38.992357,-0.519858,567
458,Alfons MagnanimB,9 OctubreB,2023-10-13T00:25:39.097Z,38.987144,-0.535236,775
459,9 OctubreB,Reina,2023-10-13T00:25:39.097Z,38.987684,-0.53061,955
460,Ausias MarchA,9 OctubreA,2023-10-13T00:25:39.097Z,38.987684,-0.53061,489
461,Reina,Republica Argentina,2023-10-13T00:25:39.097Z,38.989955,-0.523503,463
462,Ximen ToviaA,Ausias MarchA,2023-10-13T00:25:39.097Z,38.991913,-0.524291,402
463,Ximen ToviaB,Gregorio Molina,2023-10-13T00:25:39.097Z,38.992357,-0.519858,023
464,Baixada estacio 1,Baixada estacio 2,2023-10-13T00:25:39.097Z,38.991213,-0.523787,False
465,Albereda 2,Cosmografo,2023-10-13T00:25:39.097Z,38.990742,-0.513,False
466,N-340A,Ximen ToviaA,2023-10-13T00:25:39.097Z,38.992357,-0.519858,874
467,N-340B,N-340A,2023-10-13T00:25:39.097Z,0.0,0.0,431
468,Corts Valencianes 1B,Corts Valencianes 2B,2023-10-13T00:25:49.097Z,38.986084,-0.534517,184
469,Alfons MagnanimB,9 OctubreB,2023-10-13T00:25:49.097Z,38.987144,-0.535236,864
470,Aben FerriA,Alfons MagnanimB,2023-10-13T00:25:49.097Z,38.986084,-0.534517,503
471,9 OctubreA,9 OctubreB,2023-10-13T00:25:49.097Z,38.987144,-0.535236,485
472,Beata InesA,Argenteria,2023-10-13T00:25:49.097Z,38.987684,-0.53061,098
473,Beata InesB,Beata InesA,2023-10-13T00:25:49.097Z,0.0,0.0,012
474,Reina,Republica Argentina,2023-10-13T00:25:49.097Z,38.989955,-0.523503,False
475,Gregorio Molina,Baixada estacio 2,2023-10-13T00:25:49.097Z,38.991213,-0.523787,023
476,Maulets,N-340B,2023-10-13T00:25:49.097Z,38.992357,-0.519858,False
477,N-340A,Ximen ToviaA,2023-10-13T00:25:49.097Z,38.992357,-0.519858,906
478,N-340B,N-340A,2023-10-13T00:25:49.097Z,0.0,0.0,977
479,Corts Valencianes 2B,Argenteria,2023-10-13T00:25:59.097Z,38.987684,-0.53061,997
480,Alfons MagnanimB,Alfons MagnanimA,2023-10-13T00:25:59.097Z,38.987144,-0.535236,968
481,9 OctubreB,9 OctubreA,2023-10-13T00:25:59.097Z,38.987684,-0.53061,775
482,Ausias MarchA,Argenteria,2023-10-13T00:25:59.097Z,38.987684,-0.53061,402
483,Beata InesB,Beata InesA,2023-10-13T00:25:59.097Z,0.0,0.0,863
484,Baixada estacio 2,Republica Argentina,2023-10-13T00:25:59.097Z,38.989955,-0.523503,False
485,Academic Maravall,Maulets,2023-10-13T00:25:59.097Z,38.991249,-0.518678,990
486,N-340A,Carme 1,2023-10-13T00:25:59.097Z,38.992357,-0.519858,719
487,Republica Argentina,Academic Maravall,2023-10-13T00:25:59.097Z,38.99105,-0.519778,463
488,Corts Valencianes 2B,Beata InesB,2023-10-13T00:26:09.097Z,38.987684,-0.53061,981
489,Alfons MagnanimA,Corts Valencianes 2B,2023-10-13T00:26:09.097Z,38.986084,-0.534517,508
490,9 OctubreB,9 OctubreA,2023-10-13T00:26:09.097Z,38.987684,-0.53061,464
491,Ximen ToviaA,Baixada estacio 1,2023-10-13T00:26:09.097Z,38.991913,-0.524291,567
492,Baixada estacio 2,Albereda 1,2023-10-13T00:26:09.097Z,38.989955,-0.523503,023
493,Academic Maravall,Maulets,2023-10-13T00:26:09.097Z,38.991249,-0.518678,925
494,Maulets,N-340B,2023-10-13T00:26:09.097Z,38.992357,-0.519858,990
495,N-340A,Ximen ToviaA,2023-10-13T00:26:09.097Z,38.992357,-0.519858,509
496,Republica Argentina,Carme 2,2023-10-13T00:26:09.097Z,38.99105,-0.519778,False
497,CV-645B,CV-645A,2023-10-13T00:26:19.097Z,0.0,0.0,319
498,Corts Valencianes 2B,Corts Valencianes 2A,2023-10-13T00:26:19.097Z,38.987684,-0.53061,066
499,Beata InesA,Reina,2023-10-13T00:26:19.097Z,38.987684,-0.53061,012
500,Carme 2,Albereda 2,2023-10-13T00:26:19.097Z,38.990122,-0.519633,False
501,Maulets,Gregorio Molina,2023-10-13T00:26:19.097Z,38.992357,-0.519858,999
502,N-340A,Carme 1,2023-10-13T00:26:19.097Z,38.992357,-0.519858,281
503,Corts Valencianes 2A,Aben FerriB,2023-10-13T00:26:29.097Z,38.986084,-0.534517,919
504,Argenteria,PalasietB,2023-10-13T00:26:29.097Z,38.985489,-0.534157,099
505,9 OctubreB,Argenteria,2023-10-13T00:26:29.097Z,38.987684,-0.53061,666
506,Beata InesA,Ausias MarchB,2023-10-13T00:26:29.097Z,38.987684,-0.53061,638
507,Ximen ToviaA,Ximen ToviaB,2023-10-13T00:26:29.097Z,38.991913,-0.524291,906
508,Baixada estacio 1,Abu Masaifa,2023-10-13T00:26:29.097Z,38.991213,-0.523787,967
509,Carme 1,Academic Maravall,2023-10-13T00:26:29.097Z,38.99105,-0.519778,281
510,Academic Maravall,Maulets,2023-10-13T00:26:29.097Z,38.991249,-0.518678,463
511,N-340A,Gregorio Molina,2023-10-13T00:26:29.097Z,38.992357,-0.519858,072
512,Corts Valencianes 2B,Reina,2023-10-13T00:26:39.097Z,38.987684,-0.53061,184
513,Aben FerriB,PalasietB,2023-10-13T00:26:39.097Z,38.985489,-0.534157,066
514,Beata InesB,CV-645A,2023-10-13T00:26:39.097Z,0.0,0.0,969
515,Ximen ToviaA,Ausias MarchA,2023-10-13T00:26:39.097Z,38.991913,-0.524291,509
516,Albereda 1,Albereda 2,2023-10-13T00:26:39.097Z,38.990122,-0.519633,023
517,Albereda 2,N-340B,2023-10-13T00:26:39.097Z,38.990742,-0.513,False
518,Maulets,Ximen ToviaA,2023-10-13T00:26:39.097Z,38.992357,-0.519858,False
519,N-340A,Gregorio Molina,2023-10-13T00:26:39.097Z,38.992357,-0.519858,161
520,CV-645A,Corts Valencianes 1B,2023-10-13T00:26:49.097Z,38.985252,-0.537441,657
521,PalasietB,PalasietA,2023-10-13T00:26:49.097Z,38.985252,-0.537441,098
522,9 OctubreA,Alfons MagnanimA,2023-10-13T00:26:49.097Z,38.987144,-0.535236,864
523,Ausias MarchB,Ximen ToviaB,2023-10-13T00:26:49.097Z,38.991913,-0.524291,863
524,Ximen ToviaA,Ausias MarchA,2023-10-13T00:26:49.097Z,38.991913,-0.524291,140
525,Gregorio Molina,Abu Masaifa,2023-10-13T00:26:49.097Z,38.991213,-0.523787,072
526,N-340A,Gregorio Molina,2023-10-13T00:26:49.097Z,38.992357,-0.519858,617
527,N-340B,N-340A,2023-10-13T00:26:49.097Z,0.0,0.0,091
528,Republica Argentina,Academic Maravall,2023-10-13T00:26:49.097Z,38.99105,-0.519778,468
529,CV-645A,Corts Valencianes 1B,2023-10-13T00:26:59.097Z,38.985252,-0.537441,910
530,Alfons MagnanimA,Corts Valencianes 1A,2023-10-13T00:26:59.097Z,38.986084,-0.534517,864
531,Argenteria,PalasietB,2023-10-13T00:26:59.097Z,38.985489,-0.534157,967
532,Ximen ToviaA,Ximen ToviaB,2023-10-13T00:26:59.097Z,38.991913,-0.524291,False
533,Ximen ToviaB,Gregorio Molina,2023-10-13T00:26:59.097Z,38.992357,-0.519858,906
534,Baixada estacio 2,Republica Argentina,2023-10-13T00:26:59.097Z,38.989955,-0.523503,880
535,Albereda 2,Cosmografo,2023-10-13T00:26:59.097Z,38.990742,-0.513,023
536,Academic Maravall,Maulets,2023-10-13T00:26:59.097Z,38.991249,-0.518678,468
537,CV-645A,PalasietA,2023-10-13T00:27:09.097Z,38.985252,-0.537441,609
538,CV-645B,CV-645A,2023-10-13T00:27:09.097Z,0.0,0.0,632
539,PalasietB,CV-645B,2023-10-13T00:27:09.097Z,38.985252,-0.537441,066
540,Argenteria,Aben FerriA,2023-10-13T00:27:09.097Z,38.985489,-0.534157,402
541,Ximen ToviaB,N-340B,2023-10-13T00:27:09.097Z,38.992357,-0.519858,574
542,N-340A,Carme 1,2023-10-13T00:27:09.097Z,38.992357,-0.519858,False
543,Corts Valencianes 1A,Corts Valencianes 1B,2023-10-13T00:27:19.097Z,38.985252,-0.537441,864
544,Corts Valencianes 1B,Aben FerriB,2023-10-13T00:27:19.097Z,38.986084,-0.534517,557
545,Argenteria,PalasietB,2023-10-13T00:27:19.097Z,38.985489,-0.534157,666
546,Ausias MarchA,Reina,2023-10-13T00:27:19.097Z,38.987684,-0.53061,509
547,Reina,Republica Argentina,2023-10-13T00:27:19.097Z,38.989955,-0.523503,694
548,Ximen ToviaB,N-340B,2023-10-13T00:27:19.097Z,38.992357,-0.519858,999
549,Carme 1,Academic Maravall,2023-10-13T00:27:19.097Z,38.99105,-0.519778,False
550,Cosmografo,Maulets,2023-10-13T00:27:19.097Z,38.991249,-0.518678,021
551,Maulets,Gregorio Molina,2023-10-13T00:27:19.097Z,38.992357,-0.519858,460
552,N-340B,N-340A,2023-10-13T00:27:19.097Z,0.0,0.0,713
553,PalasietA,Aben FerriA,2023-10-13T00:27:29.097Z,38.985489,-0.534157,098
554,PalasietB,CV-645B,2023-10-13T00:27:29.097Z,38.985252,-0.537441,False
555,Aben FerriA,Aben FerriB,2023-10-13T00:27:29.097Z,38.986084,-0.534517,402
556,Aben FerriB,Aben FerriA,2023-10-13T00:27:29.097Z,38.985489,-0.534157,False
557,Ximen ToviaB,Ximen ToviaA,2023-10-13T00:27:29.097Z,38.992357,-0.519858,638
558,Academic Maravall,Maulets,2023-10-13T00:27:29.097Z,38.991249,-0.518678,False
559,N-340A,Gregorio Molina,2023-10-13T00:27:29.097Z,38.992357,-0.519858,902
560,N-340B,Beata InesA,2023-10-13T00:27:29.097Z,0.0,0.0,339
561,Republica Argentina,Academic Maravall,2023-10-13T00:27:29.097Z,38.99105,-0.519778,801
562,CV-645A,Corts Valencianes 1B,2023-10-13T00:27:39.097Z,38.985252,-0.537441,632
563,Corts Valencianes 1B,Corts Valencianes 2B,2023-10-13T00:27:39.097Z,38.986084,-0.534517,319
564,PalasietB,PalasietA,2023-10-13T00:27:39.097Z,38.985252,-0.537441,489
565,Aben FerriA,Corts Valencianes 2B,2023-10-13T00:27:39.097Z,38.986084,-0.534517,098
566,Abu Masaifa,9 OctubreA,2023-10-13T00:27:39.097Z,38.987684,-0.53061,967
567,Ausias MarchA,Argenteria,2023-10-13T00:27:39.097Z,38.987684,-0.53061,140
568,Gregorio Molina,Baixada estacio 2,2023-10-13T00:27:39.097Z,38.991213,-0.523787,351
569,Academic Maravall,Maulets,2023-10-13T00:27:39.097Z,38.991249,-0.518678,880
570,Maulets,Carme 1,2023-10-13T00:27:39.097Z,38.992357,-0.519858,027
571,N-340A,Ximen ToviaA,2023-10-13T00:27:39.097Z,38.992357,-0.519858,False
572,N-340B,N-340A,2023-10-13T00:27:39.097Z,0.0,0.0,497
573,Republica Argentina,Academic Maravall,2023-10-13T00:27:39.097Z,38.99105,-0.519778,012
574,Corts Valencianes 1B,Corts Valencianes 2B,2023-10-13T00:27:49.097Z,38.986084,-0.534517,864
575,PalasietA,Aben FerriA,2023-10-13T00:27:49.097Z,38.985489,-0.534157,489
576,Aben FerriA,Corts Valencianes 1A,2023-10-13T00:27:49.097Z,38.986084,-0.534517,False
577,Aben FerriB,PalasietB,2023-10-13T00:27:49.097Z,38.985489,-0.534157,402
578,Beata InesA,Ausias MarchB,2023-10-13T00:27:49.097Z,38.987684,-0.53061,339
579,Ximen ToviaA,Baixada estacio 1,2023-10-13T00:27:49.097Z,38.991913,-0.524291,889
580,Baixada estacio 2,Republica Argentina,2023-10-13T00:27:49.097Z,38.989955,-0.523503,397
581,Carme 1,Carme 2,2023-10-13T00:27:49.097Z,38.99105,-0.519778,021
582,Academic Maravall,Maulets,2023-10-13T00:27:49.097Z,38.991249,-0.518678,696
583,Maulets,Ximen ToviaA,2023-10-13T00:27:49.097Z,38.992357,-0.519858,False
584,N-340A,Gregorio Molina,2023-10-13T00:27:49.097Z,38.992357,-0.519858,431
585,Corts Valencianes 1B,Corts Valencianes 1A,2023-10-13T00:27:59.097Z,38.986084,-0.534517,632
586,Ximen ToviaB,Gregorio Molina,2023-10-13T00:27:59.097Z,38.992357,-0.519858,False
587,Gregorio Molina,Abu Masaifa,2023-10-13T00:27:59.097Z,38.991213,-0.523787,009
588,Maulets,Gregorio Molina,2023-10-13T00:27:59.097Z,38.992357,-0.519858,880
589,Corts Valencianes 1A,PalasietA,2023-10-13T00:28:09.097Z,38.985252,-0.537441,657
590,Corts Valencianes 2B,Corts Valencianes 2A,2023-10-13T00:28:09.097Z,38.987684,-0.53061,910
591,Baixada estacio 1,Abu Masaifa,2023-10-13T00:28:09.097Z,38.991213,-0.523787,863
592,Gregorio Molina,Abu Masaifa,2023-10-13T00:28:09.097Z,38.991213,-0.523787,468
593,Maulets,Ximen ToviaA,2023-10-13T00:28:09.097Z,38.992357,-0.519858,012
594,N-340A,Ximen ToviaA,2023-10-13T00:28:09.097Z,38.992357,-0.519858,609
595,N-340B,CV-645A,2023-10-13T00:28:09.097Z,0.0,0.0,616
596,Corts Valencianes 2B,Reina,2023-10-13T00:28:19.097Z,38.987684,-0.53061,098
597,PalasietB,Corts Valencianes 1B,2023-10-13T00:28:19.097Z,38.985252,-0.537441,402
598,Argenteria,PalasietB,2023-10-13T00:28:19.097Z,38.985489,-0.534157,740
599,Gregorio Molina,Baixada estacio 2,2023-10-13T00:28:19.097Z,38.991213,-0.523787,302
600,N-340A,Ximen ToviaA,2023-10-13T00:28:19.097Z,38.992357,-0.519858,053
601,Republica Argentina,Academic Maravall,2023-10-13T00:28:19.097Z,38.99105,-0.519778,617
602,Corts Valencianes 1A,PalasietA,2023-10-13T00:28:29.097Z,38.985252,-0.537441,632
603,Corts Valencianes 2B,Corts Valencianes 2A,2023-10-13T00:28:29.097Z,38.987684,-0.53061,864
604,PalasietA,PalasietB,2023-10-13T00:28:29.097Z,38.985489,-0.534157,657
605,Abu Masaifa,9 OctubreA,2023-10-13T00:28:29.097Z,38.987684,-0.53061,300
606,Gregorio Molina,Baixada estacio 2,2023-10-13T00:28:29.097Z,38.991213,-0.523787,431
607,Academic Maravall,Maulets,2023-10-13T00:28:29.097Z,38.991249,-0.518678,351
608,N-340A,Ximen ToviaA,2023-10-13T00:28:29.097Z,38.992357,-0.519858,713
609,CV-645A,PalasietA,2023-10-13T00:28:39.097Z,38.985252,-0.537441,616
610,PalasietB,CV-645B,2023-10-13T00:28:39.097Z,38.985252,-0.537441,140
611,Baixada estacio 2,Albereda 1,2023-10-13T00:28:39.097Z,38.989955,-0.523503,902
612,Maulets,Carme 1,2023-10-13T00:28:39.097Z,38.992357,-0.519858,351
613,N-340B,Beata InesA,2023-10-13T00:28:39.097Z,0.0,0.0,410
614,CV-645B,CV-645A,2023-10-13T00:28:49.097Z,0.0,0.0,159
615,PalasietA,Aben FerriA,2023-10-13T00:28:49.097Z,38.985489,-0.534157,632
616,Beata InesA,9 OctubreA,2023-10-13T00:28:49.097Z,38.987684,-0.53061,410
617,Ximen ToviaA,Ausias MarchA,2023-10-13T00:28:49.097Z,38.991913,-0.524291,False
618,Baixada estacio 2,Albereda 1,2023-10-13T00:28:49.097Z,38.989955,-0.523503,816
619,Gregorio Molina,Baixada estacio 2,2023-10-13T00:28:49.097Z,38.991213,-0.523787,False
620,Albereda 1,Albereda 2,2023-10-13T00:28:49.097Z,38.990122,-0.519633,902
621,Carme 1,Carme 2,2023-10-13T00:28:49.097Z,38.99105,-0.519778,351
622,Corts Valencianes 2A,Corts Valencianes 1A,2023-10-13T00:28:59.097Z,38.986084,-0.534517,319
623,PalasietA,PalasietB,2023-10-13T00:28:59.097Z,38.985489,-0.534157,819
624,Aben FerriA,Alfons MagnanimB,2023-10-13T00:28:59.097Z,38.986084,-0.534517,632
625,9 OctubreA,Alfons MagnanimA,2023-10-13T00:28:59.097Z,38.987144,-0.535236,567
626,Baixada estacio 2,Albereda 1,2023-10-13T00:28:59.097Z,38.989955,-0.523503,False
627,Gregorio Molina,Abu Masaifa,2023-10-13T00:28:59.097Z,38.991213,-0.523787,880
628,Maulets,Gregorio Molina,2023-10-13T00:28:59.097Z,38.992357,-0.519858,512
629,CV-645A,Corts Valencianes 1B,2023-10-13T00:29:09.097Z,38.985252,-0.537441,159
630,Corts Valencianes 1A,PalasietA,2023-10-13T00:29:09.097Z,38.985252,-0.537441,019
631,Alfons MagnanimA,Alfons MagnanimB,2023-10-13T00:29:09.097Z,38.986084,-0.534517,False
632,Alfons MagnanimB,9 OctubreB,2023-10-13T00:29:09.097Z,38.987144,-0.535236,632
633,9 OctubreA,Alfons MagnanimA,2023-10-13T00:29:09.097Z,38.987144,-0.535236,616
634,Ausias MarchA,Argenteria,2023-10-13T00:29:09.097Z,38.987684,-0.53061,False
635,Ximen ToviaA,Baixada estacio 1,2023-10-13T00:29:09.097Z,38.991913,-0.524291,934
636,Gregorio Molina,Abu Masaifa,2023-10-13T00:29:09.097Z,38.991213,-0.523787,126
637,Albereda 2,Cosmografo,2023-10-13T00:29:09.097Z,38.990742,-0.513,902
638,Alfons MagnanimA,Aben FerriB,2023-10-13T00:29:19.097Z,38.986084,-0.534517,300
639,Argenteria,PalasietB,2023-10-13T00:29:19.097Z,38.985489,-0.534157,190
640,9 OctubreA,9 OctubreB,2023-10-13T00:29:19.097Z,38.987144,-0.535236,410
641,Reina,Albereda 1,2023-10-13T00:29:19.097Z,38.989955,-0.523503,184
642,Ximen ToviaA,Baixada estacio 1,2023-10-13T00:29:19.097Z,38.991913,-0.524291,694
643,Baixada estacio 1,Abu Masaifa,2023-10-13T00:29:19.097Z,38.991213,-0.523787,994
644,Albereda 1,Albereda 2,2023-10-13T00:29:19.097Z,38.990122,-0.519633,False
645,Cosmografo,Maulets,2023-10-13T00:29:19.097Z,38.991249,-0.518678,False
646,N-340A,Gregorio Molina,2023-10-13T00:29:19.097Z,38.992357,-0.519858,False
647,PalasietB,Corts Valencianes 1B,2023-10-13T00:29:29.097Z,38.985252,-0.537441,419
648,Alfons MagnanimB,9 OctubreB,2023-10-13T00:29:29.097Z,38.987144,-0.535236,False
649,Aben FerriB,Aben FerriA,2023-10-13T00:29:29.097Z,38.985489,-0.534157,300
650,Reina,Republica Argentina,2023-10-13T00:29:29.097Z,38.989955,-0.523503,509
651,Baixada estacio 1,Abu Masaifa,2023-10-13T00:29:29.097Z,38.991213,-0.523787,012
652,Maulets,Ximen ToviaA,2023-10-13T00:29:29.097Z,38.992357,-0.519858,302
653,Corts Valencianes 1B,Alfons MagnanimB,2023-10-13T00:29:39.097Z,38.986084,-0.534517,616
654,Ximen ToviaA,Ximen ToviaB,2023-10-13T00:29:39.097Z,38.991913,-0.524291,609
655,Gregorio Molina,Baixada estacio 2,2023-10-13T00:29:39.097Z,38.991213,-0.523787,497
656,N-340B,N-340A,2023-10-13T00:29:39.097Z,0.0,0.0,322
657,Republica Argentina,Carme 2,2023-10-13T00:29:39.097Z,38.99105,-0.519778,991
658,PalasietB,CV-645B,2023-10-13T00:29:49.097Z,38.985252,-0.537441,503
659,Alfons MagnanimB,9 OctubreB,2023-10-13T00:29:49.097Z,38.987144,-0.535236,819
660,Aben FerriA,Alfons MagnanimB,2023-10-13T00:29:49.097Z,38.986084,-0.534517,966
661,Argenteria,PalasietB,2023-10-13T00:29:49.097Z,38.985489,-0.534157,925
662,9 OctubreB,Reina,2023-10-13T00:29:49.097Z,38.987684,-0.53061,410
663,Carme 2,Albereda 2,2023-10-13T00:29:49.097Z,38.990122,-0.519633,False
664,Maulets,Ximen ToviaA,2023-10-13T00:29:49.097Z,38.992357,-0.519858,304
665,N-340B,N-340A,2023-10-13T00:29:49.097Z,0.0,0.0,979
666,Alfons MagnanimB,9 OctubreB,2023-10-13T00:29:59.097Z,38.987144,-0.535236,300
667,9 OctubreB,9 OctubreA,2023-10-13T00:29:59.097Z,38.987684,-0.53061,592
668,Ximen ToviaA,Ausias MarchA,2023-10-13T00:29:59.097Z,38.991913,-0.524291,053
669,N-340A,Ximen ToviaA,2023-10-13T00:29:59.097Z,38.992357,-0.519858,322
670,N-340B,CV-645A,2023-10-13T00:29:59.097Z,0.0,0.0,825
671,PalasietB,CV-645B,2023-10-13T00:30:09.097Z,38.985252,-0.537441,926
672,9 OctubreB,Argenteria,2023-10-13T00:30:09.097Z,38.987684,-0.53061,967
673,Ximen ToviaA,Baixada estacio 1,2023-10-13T00:30:09.097Z,38.991913,-0.524291,713
674,Albereda 1,Albereda 2,2023-10-13T00:30:09.097Z,38.990122,-0.519633,184
675,9 OctubreB,Reina,2023-10-13T00:30:19.097Z,38.987684,-0.53061,616
676,Ximen ToviaB,Gregorio Molina,2023-10-13T00:30:19.097Z,38.992357,-0.519858,False
677,Baixada estacio 1,Baixada estacio 2,2023-10-13T00:30:19.097Z,38.991213,-0.523787,713
678,Albereda 2,Cosmografo,2023-10-13T00:30:19.097Z,38.990742,-0.513,509
679,N-340B,Beata InesA,2023-10-13T00:30:19.097Z,0.0,0.0,499
680,Argenteria,Aben FerriA,2023-10-13T00:30:29.097Z,38.985489,-0.534157,False
681,9 OctubreA,Alfons MagnanimA,2023-10-13T00:30:29.097Z,38.987144,-0.535236,592
682,9 OctubreB,Ausias MarchB,2023-10-13T00:30:29.097Z,38.987684,-0.53061,966
683,Ximen ToviaA,Ximen ToviaB,2023-10-13T00:30:29.097Z,38.991913,-0.524291,676
684,Ximen ToviaB,Gregorio Molina,2023-10-13T00:30:29.097Z,38.992357,-0.519858,719
685,Baixada estacio 2,Albereda 1,2023-10-13T00:30:29.097Z,38.989955,-0.523503,718
686,N-340B,Beata InesA,2023-10-13T00:30:29.097Z,0.0,0.0,103
687,CV-645A,Corts Valencianes 1B,2023-10-13T00:30:39.097Z,38.985252,-0.537441,825
688,Aben FerriA,Aben FerriB,2023-10-13T00:30:39.097Z,38.986084,-0.534517,False
689,Reina,Albereda 1,2023-10-13T00:30:39.097Z,38.989955,-0.523503,410
690,Ximen ToviaA,Ausias MarchA,2023-10-13T00:30:39.097Z,38.991913,-0.524291,874
691,Carme 1,Carme 2,2023-10-13T00:30:39.097Z,38.99105,-0.519778,979
692,Alfons MagnanimA,Corts Valencianes 1A,2023-10-13T00:30:49.097Z,38.986084,-0.534517,592
693,Beata InesA,Ausias MarchB,2023-10-13T00:30:49.097Z,38.987684,-0.53061,499
694,Reina,Albereda 1,2023-10-13T00:30:49.097Z,38.989955,-0.523503,727
695,Ximen ToviaA,Ximen ToviaB,2023-10-13T00:30:49.097Z,38.991913,-0.524291,322
696,Gregorio Molina,Baixada estacio 2,2023-10-13T00:30:49.097Z,38.991213,-0.523787,609
697,Carme 2,Albereda 2,2023-10-13T00:30:49.097Z,38.990122,-0.519633,716
698,N-340A,Carme 1,2023-10-13T00:30:49.097Z,38.992357,-0.519858,918
699,Corts Valencianes 1A,CV-645B,2023-10-13T00:30:59.097Z,38.985252,-0.537441,592
700,Corts Valencianes 1B,Alfons MagnanimB,2023-10-13T00:30:59.097Z,38.986084,-0.534517,825
701,Ausias MarchA,Argenteria,2023-10-13T00:30:59.097Z,38.987684,-0.53061,091
702,Beata InesA,Ausias MarchB,2023-10-13T00:30:59.097Z,38.987684,-0.53061,103
703,Reina,Republica Argentina,2023-10-13T00:30:59.097Z,38.989955,-0.523503,819
704,Gregorio Molina,Baixada estacio 2,2023-10-13T00:30:59.097Z,38.991213,-0.523787,779
705,Cosmografo,Maulets,2023-10-13T00:30:59.097Z,38.991249,-0.518678,509
706,N-340B,N-340A,2023-10-13T00:30:59.097Z,0.0,0.0,294
707,9 OctubreA,9 OctubreB,2023-10-13T00:31:09.097Z,38.987144,-0.535236,912
708,Ausias MarchA,Ausias MarchB,2023-10-13T00:31:09.097Z,38.987684,-0.53061,874
709,Ximen ToviaA,Ximen ToviaB,2023-10-13T00:31:09.097Z,38.991913,-0.524291,776
710,Ximen ToviaB,Gregorio Molina,2023-10-13T00:31:09.097Z,38.992357,-0.519858,304
711,Gregorio Molina,Abu Masaifa,2023-10-13T00:31:09.097Z,38.991213,-0.523787,969
712,Albereda 1,Albereda 2,2023-10-13T00:31:09.097Z,38.990122,-0.519633,727
713,Albereda 2,N-340B,2023-10-13T00:31:09.097Z,38.990742,-0.513,716
714,Maulets,Gregorio Molina,2023-10-13T00:31:09.097Z,38.992357,-0.519858,509
715,Republica Argentina,Academic Maravall,2023-10-13T00:31:09.097Z,38.99105,-0.519778,819
716,9 OctubreB,Argenteria,2023-10-13T00:31:19.097Z,38.987684,-0.53061,917
717,Ximen ToviaB,Gregorio Molina,2023-10-13T00:31:19.097Z,38.992357,-0.519858,322
718,Academic Maravall,Maulets,2023-10-13T00:31:19.097Z,38.991249,-0.518678,419
719,Argenteria,PalasietB,2023-10-13T00:31:29.097Z,38.985489,-0.534157,666
720,Ausias MarchB,Baixada estacio 1,2023-10-13T00:31:29.097Z,38.991913,-0.524291,469
721,Gregorio Molina,Abu Masaifa,2023-10-13T00:31:29.097Z,38.991213,-0.523787,676
722,Albereda 2,N-340B,2023-10-13T00:31:29.097Z,38.990742,-0.513,727
723,Maulets,Ximen ToviaA,2023-10-13T00:31:29.097Z,38.992357,-0.519858,819
724,Ximen ToviaA,Ausias MarchA,2023-10-13T00:31:39.097Z,38.991913,-0.524291,616
725,Ximen ToviaB,N-340B,2023-10-13T00:31:39.097Z,38.992357,-0.519858,776
726,Baixada estacio 1,Abu Masaifa,2023-10-13T00:31:39.097Z,38.991213,-0.523787,499
727,Baixada estacio 2,Republica Argentina,2023-10-13T00:31:39.097Z,38.989955,-0.523503,779
728,Gregorio Molina,Baixada estacio 2,2023-10-13T00:31:39.097Z,38.991213,-0.523787,909
729,Ausias MarchB,Ximen ToviaB,2023-10-13T00:31:49.097Z,38.991913,-0.524291,103
730,Ximen ToviaA,Ximen ToviaB,2023-10-13T00:31:49.097Z,38.991913,-0.524291,896
731,Baixada estacio 2,Albereda 1,2023-10-13T00:31:49.097Z,38.989955,-0.523503,509
732,Gregorio Molina,Abu Masaifa,2023-10-13T00:31:49.097Z,38.991213,-0.523787,False
733,N-340B,N-340A,2023-10-13T00:31:49.097Z,0.0,0.0,199
734,Republica Argentina,Carme 2,2023-10-13T00:31:49.097Z,38.99105,-0.519778,719
735,Ausias MarchB,Ximen ToviaB,2023-10-13T00:31:59.097Z,38.991913,-0.524291,874
736,Beata InesB,Beata InesA,2023-10-13T00:31:59.097Z,0.0,0.0,979
737,Reina,Albereda 1,2023-10-13T00:31:59.097Z,38.989955,-0.523503,847
738,Gregorio Molina,Baixada estacio 2,2023-10-13T00:31:59.097Z,38.991213,-0.523787,322
739,Carme 2,Albereda 2,2023-10-13T00:31:59.097Z,38.990122,-0.519633,719
740,CV-645B,Beata InesA,2023-10-13T00:32:09.097Z,0.0,0.0,717
741,Argenteria,PalasietB,2023-10-13T00:32:09.097Z,38.985489,-0.534157,917
742,Baixada estacio 2,Albereda 1,2023-10-13T00:32:09.097Z,38.989955,-0.523503,322
743,Gregorio Molina,Abu Masaifa,2023-10-13T00:32:09.097Z,38.991213,-0.523787,433
744,CV-645B,N-340A,2023-10-13T00:32:19.097Z,0.0,0.0,296
745,Beata InesA,Corts Valencianes 2A,2023-10-13T00:32:19.097Z,38.987684,-0.53061,False
746,Ximen ToviaB,Ximen ToviaA,2023-10-13T00:32:19.097Z,38.992357,-0.519858,103
747,CV-645B,CV-645A,2023-10-13T00:32:29.097Z,0.0,0.0,806
748,Beata InesA,Ausias MarchB,2023-10-13T00:32:29.097Z,38.987684,-0.53061,717
749,Albereda 2,N-340B,2023-10-13T00:32:29.097Z,38.990742,-0.513,779
750,CV-645B,CV-645A,2023-10-13T00:32:39.097Z,0.0,0.0,432
751,Corts Valencianes 2A,Corts Valencianes 2B,2023-10-13T00:32:39.097Z,38.986084,-0.534517,887
752,PalasietB,CV-645B,2023-10-13T00:32:39.097Z,38.985252,-0.537441,917
753,Ximen ToviaB,N-340B,2023-10-13T00:32:39.097Z,38.992357,-0.519858,898
754,N-340A,Carme 1,2023-10-13T00:32:39.097Z,38.992357,-0.519858,294
755,CV-645A,PalasietA,2023-10-13T00:32:49.097Z,38.985252,-0.537441,806
756,CV-645B,N-340A,2023-10-13T00:32:49.097Z,0.0,0.0,090
757,Ximen ToviaB,N-340B,2023-10-13T00:32:49.097Z,38.992357,-0.519858,874
758,Albereda 1,Albereda 2,2023-10-13T00:32:49.097Z,38.990122,-0.519633,847
759,N-340B,CV-645A,2023-10-13T00:32:49.097Z,0.0,0.0,483
760,CV-645B,N-340A,2023-10-13T00:32:59.097Z,0.0,0.0,369
761,Ausias MarchB,Baixada estacio 1,2023-10-13T00:33:09.097Z,38.991913,-0.524291,717
762,Carme 1,Academic Maravall,2023-10-13T00:33:09.097Z,38.99105,-0.519778,294
763,Cosmografo,Maulets,2023-10-13T00:33:09.097Z,38.991249,-0.518678,False
764,N-340B,Beata InesA,2023-10-13T00:33:09.097Z,0.0,0.0,904
765,Baixada estacio 1,Abu Masaifa,2023-10-13T00:33:19.097Z,38.991213,-0.523787,717
766,Academic Maravall,Maulets,2023-10-13T00:33:19.097Z,38.991249,-0.518678,294
767,Maulets,Gregorio Molina,2023-10-13T00:33:19.097Z,38.992357,-0.519858,False
768,N-340B,Beata InesA,2023-10-13T00:33:19.097Z,0.0,0.0,071
769,CV-645A,Corts Valencianes 1B,2023-10-13T00:33:29.097Z,38.985252,-0.537441,699
770,Beata InesA,9 OctubreA,2023-10-13T00:33:29.097Z,38.987684,-0.53061,904
771,Gregorio Molina,Abu Masaifa,2023-10-13T00:33:29.097Z,38.991213,-0.523787,False
772,Albereda 2,Cosmografo,2023-10-13T00:33:29.097Z,38.990742,-0.513,847
773,N-340A,Ximen ToviaA,2023-10-13T00:33:29.097Z,38.992357,-0.519858,004
774,N-340B,Beata InesA,2023-10-13T00:33:29.097Z,0.0,0.0,829
775,CV-645A,Corts Valencianes 1B,2023-10-13T00:33:39.097Z,38.985252,-0.537441,483
776,Corts Valencianes 1B,Aben FerriB,2023-10-13T00:33:39.097Z,38.986084,-0.534517,432
777,9 OctubreA,9 OctubreB,2023-10-13T00:33:39.097Z,38.987144,-0.535236,904
778,Beata InesB,N-340A,2023-10-13T00:33:39.097Z,0.0,0.0,217
779,Ximen ToviaA,Baixada estacio 1,2023-10-13T00:33:39.097Z,38.991913,-0.524291,103
780,N-340A,Ximen ToviaA,2023-10-13T00:33:39.097Z,38.992357,-0.519858,296
781,Republica Argentina,Carme 2,2023-10-13T00:33:39.097Z,38.99105,-0.519778,474
782,9 OctubreB,Argenteria,2023-10-13T00:33:49.097Z,38.987684,-0.53061,304
783,Ximen ToviaA,Ximen ToviaB,2023-10-13T00:33:49.097Z,38.991913,-0.524291,725
784,Baixada estacio 1,Baixada estacio 2,2023-10-13T00:33:49.097Z,38.991213,-0.523787,103
785,N-340B,Beata InesA,2023-10-13T00:33:49.097Z,0.0,0.0,612
786,Baixada estacio 2,Albereda 1,2023-10-13T00:33:59.097Z,38.989955,-0.523503,103
787,Albereda 1,Albereda 2,2023-10-13T00:33:59.097Z,38.990122,-0.519633,816
788,N-340B,Beata InesA,2023-10-13T00:33:59.097Z,0.0,0.0,078
789,Corts Valencianes 1B,Aben FerriB,2023-10-13T00:34:09.097Z,38.986084,-0.534517,483
790,Aben FerriB,PalasietB,2023-10-13T00:34:09.097Z,38.985489,-0.534157,432
791,Ximen ToviaB,Gregorio Molina,2023-10-13T00:34:09.097Z,38.992357,-0.519858,725
792,Carme 2,Albereda 2,2023-10-13T00:34:09.097Z,38.990122,-0.519633,474
793,Maulets,Ximen ToviaA,2023-10-13T00:34:09.097Z,38.992357,-0.519858,294
794,N-340A,Ximen ToviaA,2023-10-13T00:34:09.097Z,38.992357,-0.519858,090
795,PalasietB,PalasietA,2023-10-13T00:34:19.097Z,38.985252,-0.537441,699
796,Aben FerriB,Aben FerriA,2023-10-13T00:34:19.097Z,38.985489,-0.534157,483
797,Beata InesA,Reina,2023-10-13T00:34:19.097Z,38.987684,-0.53061,071
798,Reina,Republica Argentina,2023-10-13T00:34:19.097Z,38.989955,-0.523503,277
799,Ximen ToviaB,N-340B,2023-10-13T00:34:19.097Z,38.992357,-0.519858,852
800,Gregorio Molina,Abu Masaifa,2023-10-13T00:34:19.097Z,38.991213,-0.523787,725
801,N-340A,Ximen ToviaA,2023-10-13T00:34:19.097Z,38.992357,-0.519858,369
802,N-340B,CV-645A,2023-10-13T00:34:19.097Z,0.0,0.0,699
803,Corts Valencianes 1B,Corts Valencianes 2B,2023-10-13T00:34:29.097Z,38.986084,-0.534517,402
804,PalasietA,Aben FerriA,2023-10-13T00:34:29.097Z,38.985489,-0.534157,432
805,Argenteria,Aben FerriA,2023-10-13T00:34:29.097Z,38.985489,-0.534157,904
806,Beata InesA,Corts Valencianes 2A,2023-10-13T00:34:29.097Z,38.987684,-0.53061,829
807,Ximen ToviaA,Ximen ToviaB,2023-10-13T00:34:29.097Z,38.991913,-0.524291,004
808,Albereda 2,N-340B,2023-10-13T00:34:29.097Z,38.990742,-0.513,431
809,CV-645A,PalasietA,2023-10-13T00:34:39.097Z,38.985252,-0.537441,699
810,Aben FerriA,Corts Valencianes 2B,2023-10-13T00:34:39.097Z,38.986084,-0.534517,432
811,Beata InesA,Argenteria,2023-10-13T00:34:39.097Z,38.987684,-0.53061,278
812,Ximen ToviaA,Ausias MarchA,2023-10-13T00:34:39.097Z,38.991913,-0.524291,296
813,Albereda 2,Cosmografo,2023-10-13T00:34:39.097Z,38.990742,-0.513,474
814,Cosmografo,Maulets,2023-10-13T00:34:39.097Z,38.991249,-0.518678,676
815,N-340B,N-340A,2023-10-13T00:34:39.097Z,0.0,0.0,640
816,Corts Valencianes 2B,9 OctubreA,2023-10-13T00:34:49.097Z,38.987684,-0.53061,402
817,PalasietA,PalasietB,2023-10-13T00:34:49.097Z,38.985489,-0.534157,699
818,Aben FerriA,Corts Valencianes 2B,2023-10-13T00:34:49.097Z,38.986084,-0.534517,904
819,Beata InesA,Reina,2023-10-13T00:34:49.097Z,38.987684,-0.53061,076
820,Reina,Republica Argentina,2023-10-13T00:34:49.097Z,38.989955,-0.523503,497
821,Gregorio Molina,Abu Masaifa,2023-10-13T00:34:49.097Z,38.991213,-0.523787,689
822,Maulets,N-340B,2023-10-13T00:34:49.097Z,38.992357,-0.519858,847
823,Corts Valencianes 2B,Corts Valencianes 2A,2023-10-13T00:34:59.097Z,38.987684,-0.53061,432
824,PalasietB,Corts Valencianes 1B,2023-10-13T00:34:59.097Z,38.985252,-0.537441,699
825,Argenteria,PalasietB,2023-10-13T00:34:59.097Z,38.985489,-0.534157,278
826,Ximen ToviaB,Carme 1,2023-10-13T00:34:59.097Z,38.992357,-0.519858,449
827,Corts Valencianes 1B,Aben FerriB,2023-10-13T00:35:09.097Z,38.986084,-0.534517,699
828,Corts Valencianes 2A,Alfons MagnanimB,2023-10-13T00:35:09.097Z,38.986084,-0.534517,829
829,Corts Valencianes 2B,Ausias MarchB,2023-10-13T00:35:09.097Z,38.987684,-0.53061,904
830,PalasietB,Corts Valencianes 1B,2023-10-13T00:35:09.097Z,38.985252,-0.537441,629
831,9 OctubreA,9 OctubreB,2023-10-13T00:35:09.097Z,38.987144,-0.535236,402
832,Ximen ToviaA,Ausias MarchA,2023-10-13T00:35:09.097Z,38.991913,-0.524291,254
833,Carme 1,Academic Maravall,2023-10-13T00:35:09.097Z,38.99105,-0.519778,004
834,Corts Valencianes 1B,Alfons MagnanimB,2023-10-13T00:35:19.097Z,38.986084,-0.534517,612
835,Corts Valencianes 2A,Alfons MagnanimB,2023-10-13T00:35:19.097Z,38.986084,-0.534517,432
836,Ausias MarchA,Ausias MarchB,2023-10-13T00:35:19.097Z,38.987684,-0.53061,296
837,Reina,Republica Argentina,2023-10-13T00:35:19.097Z,38.989955,-0.523503,076
838,Ximen ToviaA,Baixada estacio 1,2023-10-13T00:35:19.097Z,38.991913,-0.524291,090
839,Republica Argentina,Academic Maravall,2023-10-13T00:35:19.097Z,38.99105,-0.519778,999
840,Aben FerriB,Aben FerriA,2023-10-13T00:35:29.097Z,38.985489,-0.534157,699
841,Ausias MarchB,Ximen ToviaB,2023-10-13T00:35:29.097Z,38.991913,-0.524291,304
842,Ximen ToviaA,Ximen ToviaB,2023-10-13T00:35:29.097Z,38.991913,-0.524291,309
843,Baixada estacio 1,Abu Masaifa,2023-10-13T00:35:29.097Z,38.991213,-0.523787,090
844,Academic Maravall,Maulets,2023-10-13T00:35:29.097Z,38.991249,-0.518678,013
845,Aben FerriA,Corts Valencianes 2B,2023-10-13T00:35:39.097Z,38.986084,-0.534517,699
846,9 OctubreB,Corts Valencianes 2A,2023-10-13T00:35:39.097Z,38.987684,-0.53061,402
847,Ausias MarchB,Baixada estacio 1,2023-10-13T00:35:39.097Z,38.991913,-0.524291,296
848,Ximen ToviaB,Carme 1,2023-10-13T00:35:39.097Z,38.992357,-0.519858,304
849,N-340A,Ximen ToviaA,2023-10-13T00:35:39.097Z,38.992357,-0.519858,217
850,N-340B,Beata InesA,2023-10-13T00:35:39.097Z,0.0,0.0,436
851,Republica Argentina,Academic Maravall,2023-10-13T00:35:39.097Z,38.99105,-0.519778,076
852,Corts Valencianes 2B,Ausias MarchB,2023-10-13T00:35:49.097Z,38.987684,-0.53061,699
853,Baixada estacio 1,Abu Masaifa,2023-10-13T00:35:49.097Z,38.991213,-0.523787,256
854,Gregorio Molina,Abu Masaifa,2023-10-13T00:35:49.097Z,38.991213,-0.523787,925
855,Academic Maravall,Maulets,2023-10-13T00:35:49.097Z,38.991249,-0.518678,078
856,Cosmografo,Maulets,2023-10-13T00:35:49.097Z,38.991249,-0.518678,474
857,Maulets,Ximen ToviaA,2023-10-13T00:35:49.097Z,38.992357,-0.519858,994
858,N-340B,N-340A,2023-10-13T00:35:49.097Z,0.0,0.0,774
859,Corts Valencianes 2A,Corts Valencianes 1A,2023-10-13T00:35:59.097Z,38.986084,-0.534517,402
860,Alfons MagnanimB,9 OctubreB,2023-10-13T00:35:59.097Z,38.987144,-0.535236,629
861,Aben FerriA,Corts Valencianes 2B,2023-10-13T00:35:59.097Z,38.986084,-0.534517,False
862,Ximen ToviaB,Carme 1,2023-10-13T00:35:59.097Z,38.992357,-0.519858,309
863,Cosmografo,Maulets,2023-10-13T00:35:59.097Z,38.991249,-0.518678,False
864,N-340B,N-340A,2023-10-13T00:35:59.097Z,0.0,0.0,952
865,Ausias MarchA,Argenteria,2023-10-13T00:36:09.097Z,38.987684,-0.53061,294
866,Beata InesA,Corts Valencianes 2A,2023-10-13T00:36:09.097Z,38.987684,-0.53061,436
867,Beata InesB,CV-645A,2023-10-13T00:36:09.097Z,0.0,0.0,525
868,Corts Valencianes 2B,Argenteria,2023-10-13T00:36:19.097Z,38.987684,-0.53061,539
869,Alfons MagnanimB,Alfons MagnanimA,2023-10-13T00:36:19.097Z,38.987144,-0.535236,612
870,9 OctubreB,Ausias MarchB,2023-10-13T00:36:19.097Z,38.987684,-0.53061,829
871,Carme 1,Academic Maravall,2023-10-13T00:36:19.097Z,38.99105,-0.519778,309
872,Maulets,Carme 1,2023-10-13T00:36:19.097Z,38.992357,-0.519858,738
873,Abu Masaifa,Corts Valencianes 2A,2023-10-13T00:36:29.097Z,38.987684,-0.53061,863
874,Carme 1,Carme 2,2023-10-13T00:36:29.097Z,38.99105,-0.519778,076
875,Academic Maravall,Maulets,2023-10-13T00:36:29.097Z,38.991249,-0.518678,369
876,Maulets,N-340B,2023-10-13T00:36:29.097Z,38.992357,-0.519858,474
877,N-340A,Carme 1,2023-10-13T00:36:29.097Z,38.992357,-0.519858,False
878,Corts Valencianes 1A,CV-645B,2023-10-13T00:36:39.097Z,38.985252,-0.537441,640
879,Corts Valencianes 2A,Alfons MagnanimB,2023-10-13T00:36:39.097Z,38.986084,-0.534517,436
880,Alfons MagnanimA,Corts Valencianes 2B,2023-10-13T00:36:39.097Z,38.986084,-0.534517,629
881,Abu Masaifa,Corts Valencianes 2A,2023-10-13T00:36:39.097Z,38.987684,-0.53061,False
882,Baixada estacio 2,Albereda 1,2023-10-13T00:36:39.097Z,38.989955,-0.523503,False
883,Carme 1,Academic Maravall,2023-10-13T00:36:39.097Z,38.99105,-0.519778,False
884,Maulets,N-340B,2023-10-13T00:36:39.097Z,38.992357,-0.519858,597
885,CV-645A,PalasietA,2023-10-13T00:36:49.097Z,38.985252,-0.537441,949
886,Corts Valencianes 1B,Alfons MagnanimB,2023-10-13T00:36:49.097Z,38.986084,-0.534517,False
887,Corts Valencianes 2A,Aben FerriB,2023-10-13T00:36:49.097Z,38.986084,-0.534517,863
888,Ausias MarchB,Ximen ToviaB,2023-10-13T00:36:49.097Z,38.991913,-0.524291,829
889,Albereda 1,Albereda 2,2023-10-13T00:36:49.097Z,38.990122,-0.519633,416
890,Academic Maravall,Maulets,2023-10-13T00:36:49.097Z,38.991249,-0.518678,False
891,Maulets,Gregorio Molina,2023-10-13T00:36:49.097Z,38.992357,-0.519858,369
892,Alfons MagnanimB,Alfons MagnanimA,2023-10-13T00:36:59.097Z,38.987144,-0.535236,436
893,Aben FerriB,Aben FerriA,2023-10-13T00:36:59.097Z,38.985489,-0.534157,863
894,Abu Masaifa,9 OctubreA,2023-10-13T00:36:59.097Z,38.987684,-0.53061,072
895,Albereda 2,N-340B,2023-10-13T00:36:59.097Z,38.990742,-0.513,416
896,Corts Valencianes 2B,Corts Valencianes 2A,2023-10-13T00:37:09.097Z,38.987684,-0.53061,812
897,PalasietA,Aben FerriA,2023-10-13T00:37:09.097Z,38.985489,-0.534157,949
898,Alfons MagnanimB,9 OctubreB,2023-10-13T00:37:09.097Z,38.987144,-0.535236,799
899,Argenteria,Aben FerriA,2023-10-13T00:37:09.097Z,38.985489,-0.534157,294
900,Aben FerriA,Corts Valencianes 1A,2023-10-13T00:37:19.097Z,38.986084,-0.534517,949
901,Argenteria,PalasietB,2023-10-13T00:37:19.097Z,38.985489,-0.534157,539
902,9 OctubreA,9 OctubreB,2023-10-13T00:37:19.097Z,38.987144,-0.535236,072
903,Abu Masaifa,Ausias MarchB,2023-10-13T00:37:19.097Z,38.987684,-0.53061,880
904,Corts Valencianes 1A,Corts Valencianes 1B,2023-10-13T00:37:29.097Z,38.985252,-0.537441,969
905,Aben FerriA,Corts Valencianes 2B,2023-10-13T00:37:29.097Z,38.986084,-0.534517,294
906,Abu Masaifa,Beata InesB,2023-10-13T00:37:29.097Z,38.987684,-0.53061,512
907,Ximen ToviaA,Ausias MarchA,2023-10-13T00:37:29.097Z,38.991913,-0.524291,217
908,PalasietB,CV-645B,2023-10-13T00:37:39.097Z,38.985252,-0.537441,False
909,Argenteria,PalasietB,2023-10-13T00:37:39.097Z,38.985489,-0.534157,077
910,Abu Masaifa,Beata InesB,2023-10-13T00:37:39.097Z,38.987684,-0.53061,994
911,Ximen ToviaA,Ausias MarchA,2023-10-13T00:37:39.097Z,38.991913,-0.524291,013
912,PalasietB,PalasietA,2023-10-13T00:37:49.097Z,38.985252,-0.537441,017
913,Abu Masaifa,9 OctubreA,2023-10-13T00:37:49.097Z,38.987684,-0.53061,012
914,Ximen ToviaA,Ximen ToviaB,2023-10-13T00:37:49.097Z,38.991913,-0.524291,896
915,Corts Valencianes 1B,Corts Valencianes 2B,2023-10-13T00:37:59.097Z,38.986084,-0.534517,525
916,Corts Valencianes 2B,9 OctubreA,2023-10-13T00:37:59.097Z,38.987684,-0.53061,294
917,PalasietA,Aben FerriA,2023-10-13T00:37:59.097Z,38.985489,-0.534157,6XX
918,9 OctubreB,Argenteria,2023-10-13T00:37:59.097Z,38.987684,-0.53061,159
919,Abu Masaifa,Reina,2023-10-13T00:37:59.097Z,38.987684,-0.53061,969
920,Corts Valencianes 1B,Corts Valencianes 1A,2023-10-13T00:38:09.097Z,38.986084,-0.534517,553
921,Corts Valencianes 2A,Corts Valencianes 2B,2023-10-13T00:38:09.097Z,38.986084,-0.534517,468
922,9 OctubreA,Alfons MagnanimA,2023-10-13T00:38:09.097Z,38.987144,-0.535236,694
923,9 OctubreB,Reina,2023-10-13T00:38:09.097Z,38.987684,-0.53061,077
924,Abu Masaifa,Argenteria,2023-10-13T00:38:09.097Z,38.987684,-0.53061,304
925,Ausias MarchA,Corts Valencianes 2A,2023-10-13T00:38:09.097Z,38.987684,-0.53061,217
926,Ausias MarchB,Ximen ToviaB,2023-10-13T00:38:09.097Z,38.991913,-0.524291,880
927,Ximen ToviaB,N-340B,2023-10-13T00:38:09.097Z,38.992357,-0.519858,692
928,Corts Valencianes 1A,PalasietA,2023-10-13T00:38:19.097Z,38.985252,-0.537441,553
929,Corts Valencianes 2B,Reina,2023-10-13T00:38:19.097Z,38.987684,-0.53061,969
930,Aben FerriA,Corts Valencianes 2B,2023-10-13T00:38:19.097Z,38.986084,-0.534517,077
931,Abu Masaifa,9 OctubreA,2023-10-13T00:38:19.097Z,38.987684,-0.53061,459
932,Ausias MarchB,Ausias MarchA,2023-10-13T00:38:19.097Z,38.991913,-0.524291,906
933,Beata InesB,Beata InesA,2023-10-13T00:38:19.097Z,0.0,0.0,883
934,Corts Valencianes 2A,Alfons MagnanimB,2023-10-13T00:38:29.097Z,38.986084,-0.534517,217
935,PalasietA,PalasietB,2023-10-13T00:38:29.097Z,38.985489,-0.534157,998
936,Alfons MagnanimA,Aben FerriB,2023-10-13T00:38:29.097Z,38.986084,-0.534517,012
937,Abu Masaifa,9 OctubreA,2023-10-13T00:38:29.097Z,38.987684,-0.53061,484
938,Ausias MarchA,Beata InesB,2023-10-13T00:38:29.097Z,38.987684,-0.53061,277
939,Abu Masaifa,Ausias MarchB,2023-10-13T00:38:39.097Z,38.987684,-0.53061,433
940,Ausias MarchA,Argenteria,2023-10-13T00:38:39.097Z,38.987684,-0.53061,616
941,Beata InesB,Beata InesA,2023-10-13T00:38:39.097Z,0.0,0.0,057
942,Ximen ToviaB,Ximen ToviaA,2023-10-13T00:38:39.097Z,38.992357,-0.519858,880
943,Corts Valencianes 2B,9 OctubreA,2023-10-13T00:38:49.097Z,38.987684,-0.53061,486
944,PalasietB,CV-645B,2023-10-13T00:38:49.097Z,38.985252,-0.537441,998
945,Alfons MagnanimB,Alfons MagnanimA,2023-10-13T00:38:49.097Z,38.987144,-0.535236,217
946,Aben FerriB,PalasietB,2023-10-13T00:38:49.097Z,38.985489,-0.534157,696
947,Abu Masaifa,Reina,2023-10-13T00:38:49.097Z,38.987684,-0.53061,717
948,Ausias MarchB,Ximen ToviaB,2023-10-13T00:38:49.097Z,38.991913,-0.524291,433
949,Beata InesA,Reina,2023-10-13T00:38:49.097Z,38.987684,-0.53061,688
950,Beata InesB,Beata InesA,2023-10-13T00:38:49.097Z,0.0,0.0,120
951,Corts Valencianes 1B,Corts Valencianes 1A,2023-10-13T00:38:59.097Z,38.986084,-0.534517,277
952,Corts Valencianes 2B,Beata InesB,2023-10-13T00:38:59.097Z,38.987684,-0.53061,017
953,Alfons MagnanimA,Corts Valencianes 1A,2023-10-13T00:38:59.097Z,38.986084,-0.534517,217
954,9 OctubreA,9 OctubreB,2023-10-13T00:38:59.097Z,38.987144,-0.535236,469
955,Abu Masaifa,Corts Valencianes 2A,2023-10-13T00:38:59.097Z,38.987684,-0.53061,False
956,Ximen ToviaB,N-340B,2023-10-13T00:38:59.097Z,38.992357,-0.519858,433
957,Corts Valencianes 2A,Corts Valencianes 1A,2023-10-13T00:39:09.097Z,38.986084,-0.534517,False
958,9 OctubreA,9 OctubreB,2023-10-13T00:39:09.097Z,38.987144,-0.535236,484
959,Ximen ToviaA,Ausias MarchA,2023-10-13T00:39:09.097Z,38.991913,-0.524291,880
960,Ximen ToviaB,N-340B,2023-10-13T00:39:09.097Z,38.992357,-0.519858,823
961,Corts Valencianes 1A,PalasietA,2023-10-13T00:39:19.097Z,38.985252,-0.537441,277
962,PalasietB,Corts Valencianes 1B,2023-10-13T00:39:19.097Z,38.985252,-0.537441,694
963,9 OctubreA,9 OctubreB,2023-10-13T00:39:19.097Z,38.987144,-0.535236,False
964,Abu Masaifa,Ausias MarchB,2023-10-13T00:39:19.097Z,38.987684,-0.53061,725
965,Beata InesA,Reina,2023-10-13T00:39:19.097Z,38.987684,-0.53061,057
966,N-340A,Carme 1,2023-10-13T00:39:19.097Z,38.992357,-0.519858,474
967,Corts Valencianes 1A,PalasietA,2023-10-13T00:39:29.097Z,38.985252,-0.537441,217
968,PalasietB,CV-645B,2023-10-13T00:39:29.097Z,38.985252,-0.537441,False
969,Abu Masaifa,Beata InesB,2023-10-13T00:39:29.097Z,38.987684,-0.53061,884
970,Beata InesA,Argenteria,2023-10-13T00:39:29.097Z,38.987684,-0.53061,272
971,N-340A,Gregorio Molina,2023-10-13T00:39:29.097Z,38.992357,-0.519858,952
972,Corts Valencianes 1A,Corts Valencianes 1B,2023-10-13T00:39:39.097Z,38.985252,-0.537441,812
973,Corts Valencianes 1B,Corts Valencianes 1A,2023-10-13T00:39:39.097Z,38.986084,-0.534517,012
974,PalasietA,PalasietB,2023-10-13T00:39:39.097Z,38.985489,-0.534157,211
975,Abu Masaifa,Argenteria,2023-10-13T00:39:39.097Z,38.987684,-0.53061,050
976,Reina,Republica Argentina,2023-10-13T00:39:39.097Z,38.989955,-0.523503,161
977,Corts Valencianes 1B,Corts Valencianes 2B,2023-10-13T00:39:49.097Z,38.986084,-0.534517,False
978,PalasietB,CV-645B,2023-10-13T00:39:49.097Z,38.985252,-0.537441,217
979,Abu Masaifa,Corts Valencianes 2A,2023-10-13T00:39:49.097Z,38.987684,-0.53061,296
980,Ausias MarchB,Ausias MarchA,2023-10-13T00:39:49.097Z,38.991913,-0.524291,725
981,Reina,Albereda 1,2023-10-13T00:39:49.097Z,38.989955,-0.523503,249
982,Corts Valencianes 1A,PalasietA,2023-10-13T00:39:59.097Z,38.985252,-0.537441,696
983,Corts Valencianes 2A,Alfons MagnanimB,2023-10-13T00:39:59.097Z,38.986084,-0.534517,296
984,Corts Valencianes 2B,Argenteria,2023-10-13T00:39:59.097Z,38.987684,-0.53061,False
985,Abu Masaifa,Ausias MarchB,2023-10-13T00:39:59.097Z,38.987684,-0.53061,549
986,Ausias MarchA,Beata InesB,2023-10-13T00:39:59.097Z,38.987684,-0.53061,880
987,Reina,Albereda 1,2023-10-13T00:39:59.097Z,38.989955,-0.523503,949
988,Albereda 1,Albereda 2,2023-10-13T00:39:59.097Z,38.990122,-0.519633,072
989,Republica Argentina,Academic Maravall,2023-10-13T00:39:59.097Z,38.99105,-0.519778,969
990,Ausias MarchA,Beata InesB,2023-10-13T00:40:09.097Z,38.987684,-0.53061,725
991,Reina,Republica Argentina,2023-10-13T00:40:09.097Z,38.989955,-0.523503,987
992,Academic Maravall,Maulets,2023-10-13T00:40:09.097Z,38.991249,-0.518678,161
993,9 OctubreB,Reina,2023-10-13T00:40:19.097Z,38.987684,-0.53061,919
994,Ausias MarchA,Reina,2023-10-13T00:40:19.097Z,38.987684,-0.53061,318
995,Reina,Albereda 1,2023-10-13T00:40:19.097Z,38.989955,-0.523503,688
996,Albereda 1,Albereda 2,2023-10-13T00:40:19.097Z,38.990122,-0.519633,545
997,PalasietA,Aben FerriA,2023-10-13T00:40:29.097Z,38.985489,-0.534157,217
998,9 OctubreB,Reina,2023-10-13T00:40:29.097Z,38.987684,-0.53061,484
999,Beata InesB,N-340A,2023-10-13T00:40:29.097Z,0.0,0.0,418
