,enter,exit,date,latitude,longitude,matricula
0,Ximen ToviaA,Ausias MarchA,2023-07-28T09:29:19.097Z,38.991913,-0.524291,909
1,Ximen ToviaB,N-340B,2023-07-28T09:29:19.097Z,38.992357,-0.519858,666
2,Baixada estacio 1,Abu Masaifa,2023-07-28T09:29:19.097Z,38.991213,-0.523787,eea
3,N-340A,Ximen ToviaA,2023-07-28T09:29:19.097Z,38.992357,-0.519858,953
4,N-340B,Beata InesA,2023-07-28T09:29:19.097Z,0.0,0.0,714
5,Corts Valencianes 2A,Alfons MagnanimB,2023-07-28T09:29:29.097Z,38.986084,-0.534517,436
6,Corts Valencianes 2B,Ausias MarchB,2023-07-28T09:29:29.097Z,38.987684,-0.53061,874
7,Argenteria,PalasietB,2023-07-28T09:29:29.097Z,38.985489,-0.534157,174
8,Abu Masaifa,Beata InesB,2023-07-28T09:29:29.097Z,38.987684,-0.53061,570
9,Ximen ToviaA,Ximen ToviaB,2023-07-28T09:29:29.097Z,38.991913,-0.524291,361
10,Ximen ToviaB,Ximen ToviaA,2023-07-28T09:29:29.097Z,38.992357,-0.519858,486
11,Gregorio Molina,Abu Masaifa,2023-07-28T09:29:29.097Z,38.991213,-0.523787,086
12,Republica Argentina,Carme 2,2023-07-28T09:29:29.097Z,38.99105,-0.519778,910
13,Corts Valencianes 2B,Corts Valencianes 2A,2023-07-28T09:29:39.097Z,38.987684,-0.53061,686
14,PalasietA,Aben FerriA,2023-07-28T09:29:39.097Z,38.985489,-0.534157,085
15,PalasietB,PalasietA,2023-07-28T09:29:39.097Z,38.985252,-0.537441,851
16,Alfons MagnanimB,Alfons MagnanimA,2023-07-28T09:29:39.097Z,38.987144,-0.535236,436
17,Aben FerriA,Alfons MagnanimB,2023-07-28T09:29:39.097Z,38.986084,-0.534517,False
18,Ausias MarchB,Ausias MarchA,2023-07-28T09:29:39.097Z,38.991913,-0.524291,999
19,Gregorio Molina,Abu Masaifa,2023-07-28T09:29:39.097Z,38.991213,-0.523787,False
20,Albereda 1,Albereda 2,2023-07-28T09:29:39.097Z,38.990122,-0.519633,False
21,N-340B,Beata InesA,2023-07-28T09:29:39.097Z,0.0,0.0,706
22,Republica Argentina,Academic Maravall,2023-07-28T09:29:39.097Z,38.99105,-0.519778,False
23,Corts Valencianes 2A,Corts Valencianes 1A,2023-07-28T09:29:49.097Z,38.986084,-0.534517,686
24,Alfons MagnanimB,9 OctubreB,2023-07-28T09:29:49.097Z,38.987144,-0.535236,False
25,Aben FerriA,Corts Valencianes 2B,2023-07-28T09:29:49.097Z,38.986084,-0.534517,085
26,9 OctubreA,Alfons MagnanimA,2023-07-28T09:29:49.097Z,38.987144,-0.535236,777
27,Abu Masaifa,Reina,2023-07-28T09:29:49.097Z,38.987684,-0.53061,484
28,Ausias MarchA,Corts Valencianes 2A,2023-07-28T09:29:49.097Z,38.987684,-0.53061,False
29,Ausias MarchB,Ausias MarchA,2023-07-28T09:29:49.097Z,38.991913,-0.524291,False
30,Beata InesA,Corts Valencianes 2A,2023-07-28T09:29:49.097Z,38.987684,-0.53061,234
31,Reina,Republica Argentina,2023-07-28T09:29:49.097Z,38.989955,-0.523503,376
32,Ximen ToviaA,Baixada estacio 1,2023-07-28T09:29:49.097Z,38.991913,-0.524291,False
33,Ximen ToviaB,N-340B,2023-07-28T09:29:49.097Z,38.992357,-0.519858,499
34,Carme 2,Albereda 2,2023-07-28T09:29:49.097Z,38.990122,-0.519633,910
35,CV-645B,Beata InesA,2023-07-28T09:29:59.097Z,0.0,0.0,307
36,Corts Valencianes 2A,Corts Valencianes 1A,2023-07-28T09:29:59.097Z,38.986084,-0.534517,181
37,Corts Valencianes 2B,9 OctubreA,2023-07-28T09:29:59.097Z,38.987684,-0.53061,085
38,PalasietA,Aben FerriA,2023-07-28T09:29:59.097Z,38.985489,-0.534157,851
39,PalasietB,Corts Valencianes 1B,2023-07-28T09:29:59.097Z,38.985252,-0.537441,584
40,9 OctubreA,9 OctubreB,2023-07-28T09:29:59.097Z,38.987144,-0.535236,699
41,Abu Masaifa,Argenteria,2023-07-28T09:29:59.097Z,38.987684,-0.53061,717
42,Ausias MarchA,Reina,2023-07-28T09:29:59.097Z,38.987684,-0.53061,699
43,Beata InesA,Argenteria,2023-07-28T09:29:59.097Z,38.987684,-0.53061,False
44,Reina,Albereda 1,2023-07-28T09:29:59.097Z,38.989955,-0.523503,166
45,Ximen ToviaA,Ausias MarchA,2023-07-28T09:29:59.097Z,38.991913,-0.524291,800
46,Ximen ToviaB,N-340B,2023-07-28T09:29:59.097Z,38.992357,-0.519858,266
47,Baixada estacio 1,Abu Masaifa,2023-07-28T09:29:59.097Z,38.991213,-0.523787,False
48,Albereda 2,N-340B,2023-07-28T09:29:59.097Z,38.990742,-0.513,997
49,Academic Maravall,Maulets,2023-07-28T09:29:59.097Z,38.991249,-0.518678,False
50,N-340A,Carme 1,2023-07-28T09:29:59.097Z,38.992357,-0.519858,343
51,Corts Valencianes 1A,Corts Valencianes 1B,2023-07-28T09:30:09.097Z,38.985252,-0.537441,686
52,Corts Valencianes 1B,Corts Valencianes 1A,2023-07-28T09:30:09.097Z,38.986084,-0.534517,584
53,Corts Valencianes 2A,Corts Valencianes 2B,2023-07-28T09:30:09.097Z,38.986084,-0.534517,234
54,PalasietB,PalasietA,2023-07-28T09:30:09.097Z,38.985252,-0.537441,860
55,Aben FerriA,Corts Valencianes 2B,2023-07-28T09:30:09.097Z,38.986084,-0.534517,897
56,9 OctubreA,9 OctubreB,2023-07-28T09:30:09.097Z,38.987144,-0.535236,974
57,9 OctubreB,Reina,2023-07-28T09:30:09.097Z,38.987684,-0.53061,False
58,Ausias MarchB,Ausias MarchA,2023-07-28T09:30:09.097Z,38.991913,-0.524291,204
59,Albereda 2,N-340B,2023-07-28T09:30:09.097Z,38.990742,-0.513,992
60,Carme 1,Academic Maravall,2023-07-28T09:30:09.097Z,38.99105,-0.519778,343
61,Maulets,Carme 1,2023-07-28T09:30:09.097Z,38.992357,-0.519858,False
62,CV-645B,Beata InesA,2023-07-28T09:30:19.097Z,0.0,0.0,False
63,Corts Valencianes 1A,CV-645B,2023-07-28T09:30:19.097Z,38.985252,-0.537441,False
64,Corts Valencianes 1B,Alfons MagnanimB,2023-07-28T09:30:19.097Z,38.986084,-0.534517,686
65,PalasietA,Aben FerriA,2023-07-28T09:30:19.097Z,38.985489,-0.534157,860
66,PalasietB,CV-645B,2023-07-28T09:30:19.097Z,38.985252,-0.537441,378
67,Alfons MagnanimA,Corts Valencianes 1A,2023-07-28T09:30:19.097Z,38.986084,-0.534517,777
68,Aben FerriA,Corts Valencianes 2B,2023-07-28T09:30:19.097Z,38.986084,-0.534517,819
69,9 OctubreA,Alfons MagnanimA,2023-07-28T09:30:19.097Z,38.987144,-0.535236,896
70,Ausias MarchA,Reina,2023-07-28T09:30:19.097Z,38.987684,-0.53061,164
71,Beata InesA,Ausias MarchB,2023-07-28T09:30:19.097Z,38.987684,-0.53061,307
72,Ximen ToviaA,Baixada estacio 1,2023-07-28T09:30:19.097Z,38.991913,-0.524291,220
73,Albereda 2,N-340B,2023-07-28T09:30:19.097Z,38.990742,-0.513,False
74,Carme 1,Carme 2,2023-07-28T09:30:19.097Z,38.99105,-0.519778,987
75,N-340B,N-340A,2023-07-28T09:30:19.097Z,0.0,0.0,385
76,CV-645B,Beata InesA,2023-07-28T09:30:29.097Z,0.0,0.0,200
77,Corts Valencianes 1A,CV-645B,2023-07-28T09:30:29.097Z,38.985252,-0.537441,584
78,Alfons MagnanimA,Corts Valencianes 2B,2023-07-28T09:30:29.097Z,38.986084,-0.534517,906
79,Alfons MagnanimB,9 OctubreB,2023-07-28T09:30:29.097Z,38.987144,-0.535236,886
80,Aben FerriA,Corts Valencianes 1A,2023-07-28T09:30:29.097Z,38.986084,-0.534517,860
81,Ausias MarchA,Argenteria,2023-07-28T09:30:29.097Z,38.987684,-0.53061,955
82,Ausias MarchB,Ximen ToviaB,2023-07-28T09:30:29.097Z,38.991913,-0.524291,767
83,Reina,Republica Argentina,2023-07-28T09:30:29.097Z,38.989955,-0.523503,484
84,Ximen ToviaA,Baixada estacio 1,2023-07-28T09:30:29.097Z,38.991913,-0.524291,953
85,Carme 2,Albereda 2,2023-07-28T09:30:29.097Z,38.990122,-0.519633,False
86,Academic Maravall,Maulets,2023-07-28T09:30:29.097Z,38.991249,-0.518678,ifX
87,N-340B,Beata InesA,2023-07-28T09:30:29.097Z,0.0,0.0,145
88,CV-645B,CV-645A,2023-07-28T09:30:39.097Z,0.0,0.0,096
89,Corts Valencianes 1A,Corts Valencianes 1B,2023-07-28T09:30:39.097Z,38.985252,-0.537441,799
90,Corts Valencianes 2B,Reina,2023-07-28T09:30:39.097Z,38.987684,-0.53061,234
91,PalasietB,CV-645B,2023-07-28T09:30:39.097Z,38.985252,-0.537441,983
92,Argenteria,Aben FerriA,2023-07-28T09:30:39.097Z,38.985489,-0.534157,141
93,9 OctubreA,Alfons MagnanimA,2023-07-28T09:30:39.097Z,38.987144,-0.535236,085
94,9 OctubreB,Reina,2023-07-28T09:30:39.097Z,38.987684,-0.53061,699
95,Ausias MarchA,9 OctubreA,2023-07-28T09:30:39.097Z,38.987684,-0.53061,False
96,Ausias MarchB,Ausias MarchA,2023-07-28T09:30:39.097Z,38.991913,-0.524291,False
97,Ximen ToviaA,Ausias MarchA,2023-07-28T09:30:39.097Z,38.991913,-0.524291,486
98,Albereda 2,N-340B,2023-07-28T09:30:39.097Z,38.990742,-0.513,910
99,Academic Maravall,Maulets,2023-07-28T09:30:39.097Z,38.991249,-0.518678,303
100,Maulets,N-340B,2023-07-28T09:30:39.097Z,38.992357,-0.519858,adX
101,Republica Argentina,Carme 2,2023-07-28T09:30:39.097Z,38.99105,-0.519778,464
102,CV-645B,Beata InesA,2023-07-28T09:30:49.097Z,0.0,0.0,210
103,Corts Valencianes 2B,9 OctubreA,2023-07-28T09:30:49.097Z,38.987684,-0.53061,851
104,Alfons MagnanimA,Corts Valencianes 1A,2023-07-28T09:30:49.097Z,38.986084,-0.534517,919
105,Aben FerriA,Corts Valencianes 2B,2023-07-28T09:30:49.097Z,38.986084,-0.534517,747
106,Argenteria,PalasietB,2023-07-28T09:30:49.097Z,38.985489,-0.534157,False
107,Ausias MarchB,Ausias MarchA,2023-07-28T09:30:49.097Z,38.991913,-0.524291,False
108,Reina,Albereda 1,2023-07-28T09:30:49.097Z,38.989955,-0.523503,136
109,Ximen ToviaB,Ximen ToviaA,2023-07-28T09:30:49.097Z,38.992357,-0.519858,153
110,Baixada estacio 1,Abu Masaifa,2023-07-28T09:30:49.097Z,38.991213,-0.523787,320
111,Maulets,Ximen ToviaA,2023-07-28T09:30:49.097Z,38.992357,-0.519858,303
112,N-340A,Carme 1,2023-07-28T09:30:49.097Z,38.992357,-0.519858,385
113,CV-645A,PalasietA,2023-07-28T09:30:59.097Z,38.985252,-0.537441,056
114,CV-645B,Beata InesA,2023-07-28T09:30:59.097Z,0.0,0.0,546
115,Corts Valencianes 1B,Alfons MagnanimB,2023-07-28T09:30:59.097Z,38.986084,-0.534517,717
116,Corts Valencianes 2B,9 OctubreA,2023-07-28T09:30:59.097Z,38.987684,-0.53061,819
117,Argenteria,PalasietB,2023-07-28T09:30:59.097Z,38.985489,-0.534157,False
118,9 OctubreA,Alfons MagnanimA,2023-07-28T09:30:59.097Z,38.987144,-0.535236,False
119,9 OctubreB,Reina,2023-07-28T09:30:59.097Z,38.987684,-0.53061,974
120,Beata InesA,Reina,2023-07-28T09:30:59.097Z,38.987684,-0.53061,687
121,Baixada estacio 1,Baixada estacio 2,2023-07-28T09:30:59.097Z,38.991213,-0.523787,953
122,Carme 2,Albereda 2,2023-07-28T09:30:59.097Z,38.990122,-0.519633,464
123,Academic Maravall,Maulets,2023-07-28T09:30:59.097Z,38.991249,-0.518678,268
124,Corts Valencianes 1A,CV-645B,2023-07-28T09:31:09.097Z,38.985252,-0.537441,860
125,Corts Valencianes 2B,Ausias MarchB,2023-07-28T09:31:09.097Z,38.987684,-0.53061,850
126,PalasietB,PalasietA,2023-07-28T09:31:09.097Z,38.985252,-0.537441,955
127,Alfons MagnanimB,9 OctubreB,2023-07-28T09:31:09.097Z,38.987144,-0.535236,777
128,9 OctubreA,9 OctubreB,2023-07-28T09:31:09.097Z,38.987144,-0.535236,851
129,Reina,Republica Argentina,2023-07-28T09:31:09.097Z,38.989955,-0.523503,False
130,Ximen ToviaA,Ausias MarchA,2023-07-28T09:31:09.097Z,38.991913,-0.524291,767
131,Baixada estacio 1,Abu Masaifa,2023-07-28T09:31:09.097Z,38.991213,-0.523787,100
132,Albereda 1,Albereda 2,2023-07-28T09:31:09.097Z,38.990122,-0.519633,136
133,Albereda 2,N-340B,2023-07-28T09:31:09.097Z,38.990742,-0.513,False
134,Maulets,Ximen ToviaA,2023-07-28T09:31:09.097Z,38.992357,-0.519858,966
135,N-340B,CV-645A,2023-07-28T09:31:09.097Z,0.0,0.0,661
136,Corts Valencianes 1A,Corts Valencianes 1B,2023-07-28T09:31:19.097Z,38.985252,-0.537441,919
137,Corts Valencianes 2B,9 OctubreA,2023-07-28T09:31:19.097Z,38.987684,-0.53061,747
138,Alfons MagnanimA,Corts Valencianes 1A,2023-07-28T09:31:19.097Z,38.986084,-0.534517,False
139,9 OctubreA,9 OctubreB,2023-07-28T09:31:19.097Z,38.987144,-0.535236,819
140,Beata InesA,Corts Valencianes 2A,2023-07-28T09:31:19.097Z,38.987684,-0.53061,240
141,Beata InesB,N-340A,2023-07-28T09:31:19.097Z,0.0,0.0,919
142,Ximen ToviaA,Baixada estacio 1,2023-07-28T09:31:19.097Z,38.991913,-0.524291,343
143,Baixada estacio 2,Republica Argentina,2023-07-28T09:31:19.097Z,38.989955,-0.523503,953
144,Albereda 2,Cosmografo,2023-07-28T09:31:19.097Z,38.990742,-0.513,340
145,Republica Argentina,Academic Maravall,2023-07-28T09:31:19.097Z,38.99105,-0.519778,False
146,Corts Valencianes 1A,CV-645B,2023-07-28T09:31:29.097Z,38.985252,-0.537441,800
147,Corts Valencianes 1B,Aben FerriB,2023-07-28T09:31:29.097Z,38.986084,-0.534517,085
148,PalasietA,Aben FerriA,2023-07-28T09:31:29.097Z,38.985489,-0.534157,955
149,Beata InesA,Argenteria,2023-07-28T09:31:29.097Z,38.987684,-0.53061,666
150,Beata InesB,Beata InesA,2023-07-28T09:31:29.097Z,0.0,0.0,480
151,Reina,Albereda 1,2023-07-28T09:31:29.097Z,38.989955,-0.523503,119
152,Albereda 1,Albereda 2,2023-07-28T09:31:29.097Z,38.990122,-0.519633,773
153,Aben FerriB,PalasietB,2023-07-28T09:31:39.097Z,38.985489,-0.534157,919
154,9 OctubreA,Alfons MagnanimA,2023-07-28T09:31:39.097Z,38.987144,-0.535236,141
155,Ausias MarchA,Argenteria,2023-07-28T09:31:39.097Z,38.987684,-0.53061,220
156,Ausias MarchB,Ximen ToviaB,2023-07-28T09:31:39.097Z,38.991913,-0.524291,714
157,Reina,Republica Argentina,2023-07-28T09:31:39.097Z,38.989955,-0.523503,234
158,Ximen ToviaA,Ausias MarchA,2023-07-28T09:31:39.097Z,38.991913,-0.524291,268
159,Albereda 2,Cosmografo,2023-07-28T09:31:39.097Z,38.990742,-0.513,False
160,Republica Argentina,Academic Maravall,2023-07-28T09:31:39.097Z,38.99105,-0.519778,376
161,CV-645B,Beata InesA,2023-07-28T09:31:49.097Z,0.0,0.0,False
162,Corts Valencianes 2A,Aben FerriB,2023-07-28T09:31:49.097Z,38.986084,-0.534517,240
163,Alfons MagnanimA,Corts Valencianes 1A,2023-07-28T09:31:49.097Z,38.986084,-0.534517,747
164,Aben FerriA,Corts Valencianes 2B,2023-07-28T09:31:49.097Z,38.986084,-0.534517,False
165,Aben FerriB,PalasietB,2023-07-28T09:31:49.097Z,38.985489,-0.534157,False
166,Argenteria,PalasietB,2023-07-28T09:31:49.097Z,38.985489,-0.534157,666
167,Ausias MarchA,Reina,2023-07-28T09:31:49.097Z,38.987684,-0.53061,False
168,Ausias MarchB,Ausias MarchA,2023-07-28T09:31:49.097Z,38.991913,-0.524291,440
169,Beata InesA,Reina,2023-07-28T09:31:49.097Z,38.987684,-0.53061,210
170,Reina,Albereda 1,2023-07-28T09:31:49.097Z,38.989955,-0.523503,699
171,Albereda 1,Albereda 2,2023-07-28T09:31:49.097Z,38.990122,-0.519633,119
172,Academic Maravall,Maulets,2023-07-28T09:31:49.097Z,38.991249,-0.518678,False
173,Cosmografo,Maulets,2023-07-28T09:31:49.097Z,38.991249,-0.518678,484
174,N-340B,N-340A,2023-07-28T09:31:49.097Z,0.0,0.0,394
175,Republica Argentina,Academic Maravall,2023-07-28T09:31:49.097Z,38.99105,-0.519778,953
176,CV-645A,PalasietA,2023-07-28T09:31:59.097Z,38.985252,-0.537441,661
177,Corts Valencianes 1A,CV-645B,2023-07-28T09:31:59.097Z,38.985252,-0.537441,141
178,Corts Valencianes 2B,Reina,2023-07-28T09:31:59.097Z,38.987684,-0.53061,False
179,Alfons MagnanimA,Corts Valencianes 2B,2023-07-28T09:31:59.097Z,38.986084,-0.534517,False
180,Aben FerriB,PalasietB,2023-07-28T09:31:59.097Z,38.985489,-0.534157,240
181,Ausias MarchA,Reina,2023-07-28T09:31:59.097Z,38.987684,-0.53061,486
182,Ausias MarchB,Ausias MarchA,2023-07-28T09:31:59.097Z,38.991913,-0.524291,614
183,Reina,Republica Argentina,2023-07-28T09:31:59.097Z,38.989955,-0.523503,912
184,Academic Maravall,Maulets,2023-07-28T09:31:59.097Z,38.991249,-0.518678,376
185,Maulets,Ximen ToviaA,2023-07-28T09:31:59.097Z,38.992357,-0.519858,False
186,N-340B,CV-645A,2023-07-28T09:31:59.097Z,0.0,0.0,947
187,CV-645B,Beata InesA,2023-07-28T09:32:09.097Z,0.0,0.0,False
188,Ximen ToviaB,Ximen ToviaA,2023-07-28T09:32:09.097Z,38.992357,-0.519858,119
189,Albereda 1,Albereda 2,2023-07-28T09:32:09.097Z,38.990122,-0.519633,699
190,Albereda 2,N-340B,2023-07-28T09:32:09.097Z,38.990742,-0.513,773
191,Cosmografo,Maulets,2023-07-28T09:32:09.097Z,38.991249,-0.518678,False
192,N-340A,Carme 1,2023-07-28T09:32:09.097Z,38.992357,-0.519858,659
193,PalasietB,CV-645B,2023-07-28T09:32:19.097Z,38.985252,-0.537441,False
194,Ausias MarchA,Beata InesB,2023-07-28T09:32:19.097Z,38.987684,-0.53061,753
195,Beata InesA,Argenteria,2023-07-28T09:32:19.097Z,38.987684,-0.53061,546
196,Reina,Republica Argentina,2023-07-28T09:32:19.097Z,38.989955,-0.523503,449
197,Ximen ToviaA,Ausias MarchA,2023-07-28T09:32:19.097Z,38.991913,-0.524291,False
198,Albereda 2,N-340B,2023-07-28T09:32:19.097Z,38.990742,-0.513,119
199,Maulets,Ximen ToviaA,2023-07-28T09:32:19.097Z,38.992357,-0.519858,464
200,N-340B,N-340A,2023-07-28T09:32:19.097Z,0.0,0.0,052
201,CV-645B,CV-645A,2023-07-28T09:32:29.097Z,0.0,0.0,448
202,PalasietA,Aben FerriA,2023-07-28T09:32:29.097Z,38.985489,-0.534157,966
203,PalasietB,Corts Valencianes 1B,2023-07-28T09:32:29.097Z,38.985252,-0.537441,145
204,Argenteria,PalasietB,2023-07-28T09:32:29.097Z,38.985489,-0.534157,220
205,9 OctubreB,Beata InesB,2023-07-28T09:32:29.097Z,38.987684,-0.53061,799
206,Abu Masaifa,9 OctubreA,2023-07-28T09:32:29.097Z,38.987684,-0.53061,False
207,Ausias MarchA,9 OctubreA,2023-07-28T09:32:29.097Z,38.987684,-0.53061,268
208,Reina,Albereda 1,2023-07-28T09:32:29.097Z,38.989955,-0.523503,405
209,Carme 1,Carme 2,2023-07-28T09:32:29.097Z,38.99105,-0.519778,919
210,Maulets,N-340B,2023-07-28T09:32:29.097Z,38.992357,-0.519858,376
211,CV-645B,Beata InesA,2023-07-28T09:32:39.097Z,0.0,0.0,603
212,Corts Valencianes 1B,Alfons MagnanimB,2023-07-28T09:32:39.097Z,38.986084,-0.534517,145
213,Corts Valencianes 2B,Reina,2023-07-28T09:32:39.097Z,38.987684,-0.53061,914
214,PalasietB,Corts Valencianes 1B,2023-07-28T09:32:39.097Z,38.985252,-0.537441,240
215,Argenteria,PalasietB,2023-07-28T09:32:39.097Z,38.985489,-0.534157,546
216,9 OctubreB,Reina,2023-07-28T09:32:39.097Z,38.987684,-0.53061,851
217,Abu Masaifa,9 OctubreA,2023-07-28T09:32:39.097Z,38.987684,-0.53061,086
218,Ausias MarchA,Reina,2023-07-28T09:32:39.097Z,38.987684,-0.53061,611
219,Beata InesA,9 OctubreA,2023-07-28T09:32:39.097Z,38.987684,-0.53061,False
220,Reina,Republica Argentina,2023-07-28T09:32:39.097Z,38.989955,-0.523503,012
221,Albereda 1,Albereda 2,2023-07-28T09:32:39.097Z,38.990122,-0.519633,False
222,Albereda 2,Cosmografo,2023-07-28T09:32:39.097Z,38.990742,-0.513,699
223,Carme 2,Albereda 2,2023-07-28T09:32:39.097Z,38.990122,-0.519633,914
224,Maulets,Ximen ToviaA,2023-07-28T09:32:39.097Z,38.992357,-0.519858,False
225,Corts Valencianes 1B,Corts Valencianes 1A,2023-07-28T09:32:49.097Z,38.986084,-0.534517,240
226,Alfons MagnanimB,9 OctubreB,2023-07-28T09:32:49.097Z,38.987144,-0.535236,145
227,9 OctubreB,Reina,2023-07-28T09:32:49.097Z,38.987684,-0.53061,819
228,Abu Masaifa,Reina,2023-07-28T09:32:49.097Z,38.987684,-0.53061,053
229,Ausias MarchA,Reina,2023-07-28T09:32:49.097Z,38.987684,-0.53061,683
230,Beata InesA,Corts Valencianes 2A,2023-07-28T09:32:49.097Z,38.987684,-0.53061,604
231,Reina,Republica Argentina,2023-07-28T09:32:49.097Z,38.989955,-0.523503,False
232,N-340A,Carme 1,2023-07-28T09:32:49.097Z,38.992357,-0.519858,394
233,Corts Valencianes 1A,PalasietA,2023-07-28T09:32:59.097Z,38.985252,-0.537441,240
234,Corts Valencianes 2A,Aben FerriB,2023-07-28T09:32:59.097Z,38.986084,-0.534517,False
235,Abu Masaifa,Ausias MarchB,2023-07-28T09:32:59.097Z,38.987684,-0.53061,717
236,Reina,Albereda 1,2023-07-28T09:32:59.097Z,38.989955,-0.523503,486
237,Albereda 2,N-340B,2023-07-28T09:32:59.097Z,38.990742,-0.513,405
238,Carme 1,Academic Maravall,2023-07-28T09:32:59.097Z,38.99105,-0.519778,394
239,Republica Argentina,Carme 2,2023-07-28T09:32:59.097Z,38.99105,-0.519778,687
240,PalasietA,Aben FerriA,2023-07-28T09:33:09.097Z,38.985489,-0.534157,240
241,PalasietB,CV-645B,2023-07-28T09:33:09.097Z,38.985252,-0.537441,045
242,Aben FerriB,PalasietB,2023-07-28T09:33:09.097Z,38.985489,-0.534157,False
243,Ausias MarchA,Argenteria,2023-07-28T09:33:09.097Z,38.987684,-0.53061,False
244,Beata InesA,Reina,2023-07-28T09:33:09.097Z,38.987684,-0.53061,False
245,Ximen ToviaA,Ausias MarchA,2023-07-28T09:33:09.097Z,38.991913,-0.524291,False
246,Carme 1,Carme 2,2023-07-28T09:33:09.097Z,38.99105,-0.519778,210
247,N-340A,Gregorio Molina,2023-07-28T09:33:09.097Z,38.992357,-0.519858,966
248,Aben FerriA,Alfons MagnanimB,2023-07-28T09:33:19.097Z,38.986084,-0.534517,240
249,Argenteria,PalasietB,2023-07-28T09:33:19.097Z,38.985489,-0.534157,False
250,9 OctubreB,Reina,2023-07-28T09:33:19.097Z,38.987684,-0.53061,145
251,Abu Masaifa,Ausias MarchB,2023-07-28T09:33:19.097Z,38.987684,-0.53061,320
252,Beata InesA,9 OctubreA,2023-07-28T09:33:19.097Z,38.987684,-0.53061,False
253,Beata InesB,Beata InesA,2023-07-28T09:33:19.097Z,0.0,0.0,324
254,Ximen ToviaA,Ausias MarchA,2023-07-28T09:33:19.097Z,38.991913,-0.524291,340
255,Gregorio Molina,Abu Masaifa,2023-07-28T09:33:19.097Z,38.991213,-0.523787,062
256,Albereda 1,Albereda 2,2023-07-28T09:33:19.097Z,38.990122,-0.519633,486
257,Republica Argentina,Academic Maravall,2023-07-28T09:33:19.097Z,38.99105,-0.519778,210
258,Corts Valencianes 2A,Corts Valencianes 2B,2023-07-28T09:33:29.097Z,38.986084,-0.534517,926
259,Abu Masaifa,9 OctubreA,2023-07-28T09:33:29.097Z,38.987684,-0.53061,999
260,Ximen ToviaA,Ximen ToviaB,2023-07-28T09:33:29.097Z,38.991913,-0.524291,136
261,Carme 2,Albereda 2,2023-07-28T09:33:29.097Z,38.990122,-0.519633,806
262,Academic Maravall,Maulets,2023-07-28T09:33:29.097Z,38.991249,-0.518678,394
263,Republica Argentina,Carme 2,2023-07-28T09:33:29.097Z,38.99105,-0.519778,False
264,CV-645A,PalasietA,2023-07-28T09:33:39.097Z,38.985252,-0.537441,947
265,Corts Valencianes 2B,Ausias MarchB,2023-07-28T09:33:39.097Z,38.987684,-0.53061,126
266,Alfons MagnanimB,9 OctubreB,2023-07-28T09:33:39.097Z,38.987144,-0.535236,240
267,Beata InesA,Corts Valencianes 2A,2023-07-28T09:33:39.097Z,38.987684,-0.53061,932
268,Reina,Republica Argentina,2023-07-28T09:33:39.097Z,38.989955,-0.523503,987
269,Carme 2,Albereda 2,2023-07-28T09:33:39.097Z,38.990122,-0.519633,427
270,Academic Maravall,Maulets,2023-07-28T09:33:39.097Z,38.991249,-0.518678,210
271,Cosmografo,Maulets,2023-07-28T09:33:39.097Z,38.991249,-0.518678,699
272,Maulets,Gregorio Molina,2023-07-28T09:33:39.097Z,38.992357,-0.519858,986
273,PalasietB,PalasietA,2023-07-28T09:33:49.097Z,38.985252,-0.537441,604
274,Reina,Republica Argentina,2023-07-28T09:33:49.097Z,38.989955,-0.523503,897
275,Gregorio Molina,Baixada estacio 2,2023-07-28T09:33:49.097Z,38.991213,-0.523787,711
276,Carme 2,Albereda 2,2023-07-28T09:33:49.097Z,38.990122,-0.519633,False
277,Cosmografo,Maulets,2023-07-28T09:33:49.097Z,38.991249,-0.518678,997
278,Maulets,Ximen ToviaA,2023-07-28T09:33:49.097Z,38.992357,-0.519858,216
279,N-340B,Beata InesA,2023-07-28T09:33:49.097Z,0.0,0.0,006
280,CV-645A,Corts Valencianes 1B,2023-07-28T09:33:59.097Z,38.985252,-0.537441,969
281,Corts Valencianes 2A,Aben FerriB,2023-07-28T09:33:59.097Z,38.986084,-0.534517,663
282,Aben FerriA,Corts Valencianes 2B,2023-07-28T09:33:59.097Z,38.986084,-0.534517,574
283,9 OctubreB,Argenteria,2023-07-28T09:33:59.097Z,38.987684,-0.53061,200
284,Ausias MarchA,Corts Valencianes 2A,2023-07-28T09:33:59.097Z,38.987684,-0.53061,484
285,Reina,Republica Argentina,2023-07-28T09:33:59.097Z,38.989955,-0.523503,611
286,Baixada estacio 2,Republica Argentina,2023-07-28T09:33:59.097Z,38.989955,-0.523503,394
287,Maulets,N-340B,2023-07-28T09:33:59.097Z,38.992357,-0.519858,699
288,N-340B,Beata InesA,2023-07-28T09:33:59.097Z,0.0,0.0,276
289,Corts Valencianes 2A,Corts Valencianes 1A,2023-07-28T09:34:09.097Z,38.986084,-0.534517,464
290,PalasietB,CV-645B,2023-07-28T09:34:09.097Z,38.985252,-0.537441,False
291,Aben FerriB,PalasietB,2023-07-28T09:34:09.097Z,38.985489,-0.534157,932
292,9 OctubreA,9 OctubreB,2023-07-28T09:34:09.097Z,38.987144,-0.535236,False
293,Reina,Albereda 1,2023-07-28T09:34:09.097Z,38.989955,-0.523503,819
294,Maulets,N-340B,2023-07-28T09:34:09.097Z,38.992357,-0.519858,997
295,N-340B,N-340A,2023-07-28T09:34:09.097Z,0.0,0.0,699
296,CV-645B,CV-645A,2023-07-28T09:34:19.097Z,0.0,0.0,860
297,Corts Valencianes 1A,PalasietA,2023-07-28T09:34:19.097Z,38.985252,-0.537441,340
298,Corts Valencianes 1B,Corts Valencianes 2B,2023-07-28T09:34:19.097Z,38.986084,-0.534517,448
299,PalasietA,Aben FerriA,2023-07-28T09:34:19.097Z,38.985489,-0.534157,947
300,Alfons MagnanimB,9 OctubreB,2023-07-28T09:34:19.097Z,38.987144,-0.535236,False
301,9 OctubreA,9 OctubreB,2023-07-28T09:34:19.097Z,38.987144,-0.535236,966
302,Ausias MarchA,9 OctubreA,2023-07-28T09:34:19.097Z,38.987684,-0.53061,083
303,Beata InesA,Argenteria,2023-07-28T09:34:19.097Z,38.987684,-0.53061,900
304,Reina,Republica Argentina,2023-07-28T09:34:19.097Z,38.989955,-0.523503,053
305,N-340B,N-340A,2023-07-28T09:34:19.097Z,0.0,0.0,600
306,Republica Argentina,Academic Maravall,2023-07-28T09:34:19.097Z,38.99105,-0.519778,717
307,CV-645B,CV-645A,2023-07-28T09:34:29.097Z,0.0,0.0,845
308,Corts Valencianes 1A,Corts Valencianes 1B,2023-07-28T09:34:29.097Z,38.985252,-0.537441,717
309,Corts Valencianes 2B,Corts Valencianes 2A,2023-07-28T09:34:29.097Z,38.987684,-0.53061,974
310,PalasietA,Aben FerriA,2023-07-28T09:34:29.097Z,38.985489,-0.534157,604
311,PalasietB,PalasietA,2023-07-28T09:34:29.097Z,38.985252,-0.537441,932
312,Aben FerriA,Aben FerriB,2023-07-28T09:34:29.097Z,38.986084,-0.534517,947
313,9 OctubreA,9 OctubreB,2023-07-28T09:34:29.097Z,38.987144,-0.535236,086
314,Abu Masaifa,Ausias MarchB,2023-07-28T09:34:29.097Z,38.987684,-0.53061,052
315,Beata InesA,Corts Valencianes 2A,2023-07-28T09:34:29.097Z,38.987684,-0.53061,276
316,Reina,Republica Argentina,2023-07-28T09:34:29.097Z,38.989955,-0.523503,683
317,Ximen ToviaA,Ausias MarchA,2023-07-28T09:34:29.097Z,38.991913,-0.524291,210
318,Academic Maravall,Maulets,2023-07-28T09:34:29.097Z,38.991249,-0.518678,987
319,N-340B,N-340A,2023-07-28T09:34:29.097Z,0.0,0.0,969
320,Republica Argentina,Academic Maravall,2023-07-28T09:34:29.097Z,38.99105,-0.519778,897
321,CV-645A,PalasietA,2023-07-28T09:34:39.097Z,38.985252,-0.537441,860
322,CV-645B,Beata InesA,2023-07-28T09:34:39.097Z,0.0,0.0,550
323,Corts Valencianes 1B,Aben FerriB,2023-07-28T09:34:39.097Z,38.986084,-0.534517,717
324,Corts Valencianes 2A,Corts Valencianes 1A,2023-07-28T09:34:39.097Z,38.986084,-0.534517,974
325,Corts Valencianes 2B,Ausias MarchB,2023-07-28T09:34:39.097Z,38.987684,-0.53061,448
326,PalasietA,PalasietB,2023-07-28T09:34:39.097Z,38.985489,-0.534157,340
327,Aben FerriA,Corts Valencianes 2B,2023-07-28T09:34:39.097Z,38.986084,-0.534517,604
328,9 OctubreA,9 OctubreB,2023-07-28T09:34:39.097Z,38.987144,-0.535236,480
329,Abu Masaifa,Beata InesB,2023-07-28T09:34:39.097Z,38.987684,-0.53061,766
330,Reina,Republica Argentina,2023-07-28T09:34:39.097Z,38.989955,-0.523503,False
331,Albereda 1,Albereda 2,2023-07-28T09:34:39.097Z,38.990122,-0.519633,819
332,Academic Maravall,Maulets,2023-07-28T09:34:39.097Z,38.991249,-0.518678,897
333,Maulets,N-340B,2023-07-28T09:34:39.097Z,38.992357,-0.519858,False
334,Republica Argentina,Carme 2,2023-07-28T09:34:39.097Z,38.99105,-0.519778,677
335,CV-645B,CV-645A,2023-07-28T09:34:49.097Z,0.0,0.0,584
336,Corts Valencianes 2B,Corts Valencianes 2A,2023-07-28T09:34:49.097Z,38.987684,-0.53061,230
337,PalasietA,Aben FerriA,2023-07-28T09:34:49.097Z,38.985489,-0.534157,932
338,Argenteria,PalasietB,2023-07-28T09:34:49.097Z,38.985489,-0.534157,900
339,Ausias MarchA,Corts Valencianes 2A,2023-07-28T09:34:49.097Z,38.987684,-0.53061,216
340,Reina,Republica Argentina,2023-07-28T09:34:49.097Z,38.989955,-0.523503,666
341,Carme 1,Carme 2,2023-07-28T09:34:49.097Z,38.99105,-0.519778,474
342,Carme 2,Albereda 2,2023-07-28T09:34:49.097Z,38.990122,-0.519633,677
343,Maulets,Gregorio Molina,2023-07-28T09:34:49.097Z,38.992357,-0.519858,False
344,Republica Argentina,Carme 2,2023-07-28T09:34:49.097Z,38.99105,-0.519778,394
345,Corts Valencianes 1A,CV-645B,2023-07-28T09:34:59.097Z,38.985252,-0.537441,574
346,Corts Valencianes 2B,Ausias MarchB,2023-07-28T09:34:59.097Z,38.987684,-0.53061,604
347,PalasietA,PalasietB,2023-07-28T09:34:59.097Z,38.985489,-0.534157,660
348,Aben FerriA,Alfons MagnanimB,2023-07-28T09:34:59.097Z,38.986084,-0.534517,932
349,Aben FerriB,PalasietB,2023-07-28T09:34:59.097Z,38.985489,-0.534157,947
350,Argenteria,PalasietB,2023-07-28T09:34:59.097Z,38.985489,-0.534157,False
351,9 OctubreA,9 OctubreB,2023-07-28T09:34:59.097Z,38.987144,-0.535236,007
352,Carme 2,Albereda 2,2023-07-28T09:34:59.097Z,38.990122,-0.519633,197
353,N-340B,N-340A,2023-07-28T09:34:59.097Z,0.0,0.0,False
354,Republica Argentina,Academic Maravall,2023-07-28T09:34:59.097Z,38.99105,-0.519778,091
355,CV-645B,Beata InesA,2023-07-28T09:35:09.097Z,0.0,0.0,999
356,Alfons MagnanimB,9 OctubreB,2023-07-28T09:35:09.097Z,38.987144,-0.535236,932
357,Aben FerriB,Aben FerriA,2023-07-28T09:35:09.097Z,38.985489,-0.534157,717
358,9 OctubreA,9 OctubreB,2023-07-28T09:35:09.097Z,38.987144,-0.535236,383
359,Carme 2,Albereda 2,2023-07-28T09:35:09.097Z,38.990122,-0.519633,474
360,Academic Maravall,Maulets,2023-07-28T09:35:09.097Z,38.991249,-0.518678,996
361,N-340B,N-340A,2023-07-28T09:35:09.097Z,0.0,0.0,475
362,Republica Argentina,Academic Maravall,2023-07-28T09:35:09.097Z,38.99105,-0.519778,863
363,CV-645B,CV-645A,2023-07-28T09:35:19.097Z,0.0,0.0,636
364,PalasietB,Corts Valencianes 1B,2023-07-28T09:35:19.097Z,38.985252,-0.537441,464
365,Aben FerriA,Alfons MagnanimB,2023-07-28T09:35:19.097Z,38.986084,-0.534517,717
366,9 OctubreA,9 OctubreB,2023-07-28T09:35:19.097Z,38.987144,-0.535236,083
367,9 OctubreB,Corts Valencianes 2A,2023-07-28T09:35:19.097Z,38.987684,-0.53061,697
368,Gregorio Molina,Abu Masaifa,2023-07-28T09:35:19.097Z,38.991213,-0.523787,851
369,Carme 2,Albereda 2,2023-07-28T09:35:19.097Z,38.990122,-0.519633,711
370,Academic Maravall,Maulets,2023-07-28T09:35:19.097Z,38.991249,-0.518678,683
371,Maulets,Ximen ToviaA,2023-07-28T09:35:19.097Z,38.992357,-0.519858,053
372,Republica Argentina,Academic Maravall,2023-07-28T09:35:19.097Z,38.99105,-0.519778,False
373,Corts Valencianes 1B,Corts Valencianes 1A,2023-07-28T09:35:29.097Z,38.986084,-0.534517,477
374,Corts Valencianes 2A,Aben FerriB,2023-07-28T09:35:29.097Z,38.986084,-0.534517,False
375,PalasietB,Corts Valencianes 1B,2023-07-28T09:35:29.097Z,38.985252,-0.537441,900
376,Alfons MagnanimB,Alfons MagnanimA,2023-07-28T09:35:29.097Z,38.987144,-0.535236,717
377,9 OctubreB,Ausias MarchB,2023-07-28T09:35:29.097Z,38.987684,-0.53061,766
378,Beata InesA,Argenteria,2023-07-28T09:35:29.097Z,38.987684,-0.53061,550
379,Academic Maravall,Maulets,2023-07-28T09:35:29.097Z,38.991249,-0.518678,False
380,N-340A,Carme 1,2023-07-28T09:35:29.097Z,38.992357,-0.519858,941
381,CV-645A,Corts Valencianes 1B,2023-07-28T09:35:39.097Z,38.985252,-0.537441,945
382,CV-645B,CV-645A,2023-07-28T09:35:39.097Z,0.0,0.0,746
383,Corts Valencianes 1A,PalasietA,2023-07-28T09:35:39.097Z,38.985252,-0.537441,477
384,Corts Valencianes 2A,Corts Valencianes 2B,2023-07-28T09:35:39.097Z,38.986084,-0.534517,210
385,PalasietB,Corts Valencianes 1B,2023-07-28T09:35:39.097Z,38.985252,-0.537441,969
386,Alfons MagnanimA,Corts Valencianes 2B,2023-07-28T09:35:39.097Z,38.986084,-0.534517,717
387,Aben FerriB,PalasietB,2023-07-28T09:35:39.097Z,38.985489,-0.534157,256
388,9 OctubreB,Argenteria,2023-07-28T09:35:39.097Z,38.987684,-0.53061,966
389,Beata InesA,Corts Valencianes 2A,2023-07-28T09:35:39.097Z,38.987684,-0.53061,308
390,Carme 1,Carme 2,2023-07-28T09:35:39.097Z,38.99105,-0.519778,541
391,Academic Maravall,Maulets,2023-07-28T09:35:39.097Z,38.991249,-0.518678,449
392,Maulets,Ximen ToviaA,2023-07-28T09:35:39.097Z,38.992357,-0.519858,683
393,N-340B,N-340A,2023-07-28T09:35:39.097Z,0.0,0.0,088
394,CV-645A,PalasietA,2023-07-28T09:35:49.097Z,38.985252,-0.537441,False
395,CV-645B,Beata InesA,2023-07-28T09:35:49.097Z,0.0,0.0,976
396,Corts Valencianes 1B,Alfons MagnanimB,2023-07-28T09:35:49.097Z,38.986084,-0.534517,484
397,Corts Valencianes 2B,Reina,2023-07-28T09:35:49.097Z,38.987684,-0.53061,210
398,PalasietB,Corts Valencianes 1B,2023-07-28T09:35:49.097Z,38.985252,-0.537441,997
399,Carme 2,Albereda 2,2023-07-28T09:35:49.097Z,38.990122,-0.519633,912
400,Maulets,Gregorio Molina,2023-07-28T09:35:49.097Z,38.992357,-0.519858,False
401,CV-645A,PalasietA,2023-07-28T09:35:59.097Z,38.985252,-0.537441,636
402,CV-645B,CV-645A,2023-07-28T09:35:59.097Z,0.0,0.0,False
403,Corts Valencianes 2B,Ausias MarchB,2023-07-28T09:35:59.097Z,38.987684,-0.53061,717
404,PalasietB,CV-645B,2023-07-28T09:35:59.097Z,38.985252,-0.537441,XXX
405,Alfons MagnanimB,Alfons MagnanimA,2023-07-28T09:35:59.097Z,38.987144,-0.535236,484
406,9 OctubreB,Argenteria,2023-07-28T09:35:59.097Z,38.987684,-0.53061,969
407,Abu Masaifa,Ausias MarchB,2023-07-28T09:35:59.097Z,38.987684,-0.53061,851
408,Ximen ToviaA,Ausias MarchA,2023-07-28T09:35:59.097Z,38.991913,-0.524291,091
409,Gregorio Molina,Abu Masaifa,2023-07-28T09:35:59.097Z,38.991213,-0.523787,False
410,Carme 2,Albereda 2,2023-07-28T09:35:59.097Z,38.990122,-0.519633,941
411,Maulets,Gregorio Molina,2023-07-28T09:35:59.097Z,38.992357,-0.519858,449
412,N-340A,Ximen ToviaA,2023-07-28T09:35:59.097Z,38.992357,-0.519858,600
413,N-340B,N-340A,2023-07-28T09:35:59.097Z,0.0,0.0,819
414,Corts Valencianes 1B,Aben FerriB,2023-07-28T09:36:09.097Z,38.986084,-0.534517,390
415,PalasietB,CV-645B,2023-07-28T09:36:09.097Z,38.985252,-0.537441,230
416,Alfons MagnanimA,Aben FerriB,2023-07-28T09:36:09.097Z,38.986084,-0.534517,464
417,Aben FerriB,Aben FerriA,2023-07-28T09:36:09.097Z,38.985489,-0.534157,237
418,9 OctubreB,Argenteria,2023-07-28T09:36:09.097Z,38.987684,-0.53061,100
419,Beata InesA,Argenteria,2023-07-28T09:36:09.097Z,38.987684,-0.53061,149
420,Reina,Albereda 1,2023-07-28T09:36:09.097Z,38.989955,-0.523503,210
421,Ximen ToviaA,Ximen ToviaB,2023-07-28T09:36:09.097Z,38.991913,-0.524291,863
422,Gregorio Molina,Abu Masaifa,2023-07-28T09:36:09.097Z,38.991213,-0.523787,449
423,N-340A,Carme 1,2023-07-28T09:36:09.097Z,38.992357,-0.519858,130
424,CV-645A,Corts Valencianes 1B,2023-07-28T09:36:19.097Z,38.985252,-0.537441,746
425,PalasietA,PalasietB,2023-07-28T09:36:19.097Z,38.985489,-0.534157,477
426,Aben FerriA,Corts Valencianes 2B,2023-07-28T09:36:19.097Z,38.986084,-0.534517,237
427,Aben FerriB,PalasietB,2023-07-28T09:36:19.097Z,38.985489,-0.534157,849
428,9 OctubreA,9 OctubreB,2023-07-28T09:36:19.097Z,38.987144,-0.535236,429
429,N-340A,Ximen ToviaA,2023-07-28T09:36:19.097Z,38.992357,-0.519858,False
430,N-340B,Beata InesA,2023-07-28T09:36:19.097Z,0.0,0.0,False
431,Corts Valencianes 1B,Corts Valencianes 2B,2023-07-28T09:36:29.097Z,38.986084,-0.534517,860
432,Aben FerriB,Aben FerriA,2023-07-28T09:36:29.097Z,38.985489,-0.534157,999
433,9 OctubreB,9 OctubreA,2023-07-28T09:36:29.097Z,38.987684,-0.53061,932
434,Ximen ToviaA,Ximen ToviaB,2023-07-28T09:36:29.097Z,38.991913,-0.524291,600
435,Ximen ToviaB,Gregorio Molina,2023-07-28T09:36:29.097Z,38.992357,-0.519858,614
436,Albereda 1,Albereda 2,2023-07-28T09:36:29.097Z,38.990122,-0.519633,012
437,Carme 1,Academic Maravall,2023-07-28T09:36:29.097Z,38.99105,-0.519778,130
438,Maulets,N-340B,2023-07-28T09:36:29.097Z,38.992357,-0.519858,286
439,N-340A,Ximen ToviaA,2023-07-28T09:36:29.097Z,38.992357,-0.519858,251
440,N-340B,N-340A,2023-07-28T09:36:29.097Z,0.0,0.0,935
441,Corts Valencianes 1B,Corts Valencianes 2B,2023-07-28T09:36:39.097Z,38.986084,-0.534517,947
442,Corts Valencianes 2B,9 OctubreA,2023-07-28T09:36:39.097Z,38.987684,-0.53061,237
443,PalasietA,Aben FerriA,2023-07-28T09:36:39.097Z,38.985489,-0.534157,636
444,PalasietB,CV-645B,2023-07-28T09:36:39.097Z,38.985252,-0.537441,477
445,Alfons MagnanimB,9 OctubreB,2023-07-28T09:36:39.097Z,38.987144,-0.535236,935
446,Aben FerriA,Corts Valencianes 2B,2023-07-28T09:36:39.097Z,38.986084,-0.534517,484
447,9 OctubreB,Reina,2023-07-28T09:36:39.097Z,38.987684,-0.53061,363
448,Ausias MarchA,Argenteria,2023-07-28T09:36:39.097Z,38.987684,-0.53061,091
449,Beata InesA,Reina,2023-07-28T09:36:39.097Z,38.987684,-0.53061,696
450,Ximen ToviaA,Ausias MarchA,2023-07-28T09:36:39.097Z,38.991913,-0.524291,808
451,Academic Maravall,Maulets,2023-07-28T09:36:39.097Z,38.991249,-0.518678,130
452,N-340A,Carme 1,2023-07-28T09:36:39.097Z,38.992357,-0.519858,066
453,N-340B,Beata InesA,2023-07-28T09:36:39.097Z,0.0,0.0,699
454,CV-645A,PalasietA,2023-07-28T09:36:49.097Z,38.985252,-0.537441,472
455,Corts Valencianes 1B,Corts Valencianes 1A,2023-07-28T09:36:49.097Z,38.986084,-0.534517,736
456,Corts Valencianes 2B,Corts Valencianes 2A,2023-07-28T09:36:49.097Z,38.987684,-0.53061,860
457,Aben FerriA,Alfons MagnanimB,2023-07-28T09:36:49.097Z,38.986084,-0.534517,263
458,9 OctubreA,Alfons MagnanimA,2023-07-28T09:36:49.097Z,38.987144,-0.535236,663
459,Beata InesB,Beata InesA,2023-07-28T09:36:49.097Z,0.0,0.0,390
460,Ximen ToviaA,Ximen ToviaB,2023-07-28T09:36:49.097Z,38.991913,-0.524291,843
461,Ximen ToviaB,Gregorio Molina,2023-07-28T09:36:49.097Z,38.992357,-0.519858,600
462,Gregorio Molina,Baixada estacio 2,2023-07-28T09:36:49.097Z,38.991213,-0.523787,863
463,Carme 1,Carme 2,2023-07-28T09:36:49.097Z,38.99105,-0.519778,066
464,N-340A,Carme 1,2023-07-28T09:36:49.097Z,38.992357,-0.519858,870
465,Alfons MagnanimB,9 OctubreB,2023-07-28T09:36:59.097Z,38.987144,-0.535236,636
466,Argenteria,PalasietB,2023-07-28T09:36:59.097Z,38.985489,-0.534157,550
467,9 OctubreA,9 OctubreB,2023-07-28T09:36:59.097Z,38.987144,-0.535236,237
468,9 OctubreB,Corts Valencianes 2A,2023-07-28T09:36:59.097Z,38.987684,-0.53061,083
469,Abu Masaifa,Argenteria,2023-07-28T09:36:59.097Z,38.987684,-0.53061,False
470,Ausias MarchA,Ausias MarchB,2023-07-28T09:36:59.097Z,38.987684,-0.53061,False
471,Beata InesA,Corts Valencianes 2A,2023-07-28T09:36:59.097Z,38.987684,-0.53061,699
472,Reina,Republica Argentina,2023-07-28T09:36:59.097Z,38.989955,-0.523503,363
473,Carme 1,Carme 2,2023-07-28T09:36:59.097Z,38.99105,-0.519778,819
474,Carme 2,Albereda 2,2023-07-28T09:36:59.097Z,38.990122,-0.519633,088
475,N-340B,Beata InesA,2023-07-28T09:36:59.097Z,0.0,0.0,980
476,Republica Argentina,Academic Maravall,2023-07-28T09:36:59.097Z,38.99105,-0.519778,082
477,CV-645B,CV-645A,2023-07-28T09:37:09.097Z,0.0,0.0,007
478,Corts Valencianes 2A,Aben FerriB,2023-07-28T09:37:09.097Z,38.986084,-0.534517,969
479,Alfons MagnanimB,9 OctubreB,2023-07-28T09:37:09.097Z,38.987144,-0.535236,497
480,9 OctubreB,Beata InesB,2023-07-28T09:37:09.097Z,38.987684,-0.53061,121
481,Beata InesA,Corts Valencianes 2A,2023-07-28T09:37:09.097Z,38.987684,-0.53061,390
482,Reina,Republica Argentina,2023-07-28T09:37:09.097Z,38.989955,-0.523503,696
483,Gregorio Molina,Baixada estacio 2,2023-07-28T09:37:09.097Z,38.991213,-0.523787,600
484,Academic Maravall,Maulets,2023-07-28T09:37:09.097Z,38.991249,-0.518678,974
485,N-340B,N-340A,2023-07-28T09:37:09.097Z,0.0,0.0,669
486,Corts Valencianes 2A,Corts Valencianes 2B,2023-07-28T09:37:19.097Z,38.986084,-0.534517,089
487,PalasietA,Aben FerriA,2023-07-28T09:37:19.097Z,38.985489,-0.534157,472
488,PalasietB,Corts Valencianes 1B,2023-07-28T09:37:19.097Z,38.985252,-0.537441,550
489,Aben FerriB,Aben FerriA,2023-07-28T09:37:19.097Z,38.985489,-0.534157,860
490,Argenteria,PalasietB,2023-07-28T09:37:19.097Z,38.985489,-0.534157,264
491,Abu Masaifa,Ausias MarchB,2023-07-28T09:37:19.097Z,38.987684,-0.53061,False
492,Reina,Albereda 1,2023-07-28T09:37:19.097Z,38.989955,-0.523503,676
493,CV-645B,CV-645A,2023-07-28T09:37:29.097Z,0.0,0.0,325
494,Corts Valencianes 1B,Aben FerriB,2023-07-28T09:37:29.097Z,38.986084,-0.534517,550
495,Corts Valencianes 2A,Corts Valencianes 1A,2023-07-28T09:37:29.097Z,38.986084,-0.534517,699
496,Aben FerriA,Alfons MagnanimB,2023-07-28T09:37:29.097Z,38.986084,-0.534517,472
497,9 OctubreB,Ausias MarchB,2023-07-28T09:37:29.097Z,38.987684,-0.53061,935
498,Abu Masaifa,Argenteria,2023-07-28T09:37:29.097Z,38.987684,-0.53061,False
499,Beata InesA,9 OctubreA,2023-07-28T09:37:29.097Z,38.987684,-0.53061,096
500,Ximen ToviaB,Gregorio Molina,2023-07-28T09:37:29.097Z,38.992357,-0.519858,841
501,Baixada estacio 2,Albereda 1,2023-07-28T09:37:29.097Z,38.989955,-0.523503,683
502,Maulets,N-340B,2023-07-28T09:37:29.097Z,38.992357,-0.519858,974
503,Republica Argentina,Carme 2,2023-07-28T09:37:29.097Z,38.99105,-0.519778,363
504,CV-645B,CV-645A,2023-07-28T09:37:39.097Z,0.0,0.0,False
505,Corts Valencianes 1A,PalasietA,2023-07-28T09:37:39.097Z,38.985252,-0.537441,994
506,Corts Valencianes 2A,Corts Valencianes 1A,2023-07-28T09:37:39.097Z,38.986084,-0.534517,390
507,Corts Valencianes 2B,Ausias MarchB,2023-07-28T09:37:39.097Z,38.987684,-0.53061,919
508,PalasietB,CV-645B,2023-07-28T09:37:39.097Z,38.985252,-0.537441,268
509,Alfons MagnanimB,9 OctubreB,2023-07-28T09:37:39.097Z,38.987144,-0.535236,472
510,Aben FerriA,Alfons MagnanimB,2023-07-28T09:37:39.097Z,38.986084,-0.534517,860
511,Argenteria,PalasietB,2023-07-28T09:37:39.097Z,38.985489,-0.534157,007
512,Baixada estacio 2,Albereda 1,2023-07-28T09:37:39.097Z,38.989955,-0.523503,800
513,N-340B,N-340A,2023-07-28T09:37:39.097Z,0.0,0.0,702
514,Corts Valencianes 2B,Ausias MarchB,2023-07-28T09:37:49.097Z,38.987684,-0.53061,999
515,PalasietB,CV-645B,2023-07-28T09:37:49.097Z,38.985252,-0.537441,920
516,Alfons MagnanimB,9 OctubreB,2023-07-28T09:37:49.097Z,38.987144,-0.535236,070
517,Baixada estacio 2,Republica Argentina,2023-07-28T09:37:49.097Z,38.989955,-0.523503,271
518,Carme 2,Albereda 2,2023-07-28T09:37:49.097Z,38.990122,-0.519633,363
519,Maulets,N-340B,2023-07-28T09:37:49.097Z,38.992357,-0.519858,666
520,N-340B,Beata InesA,2023-07-28T09:37:49.097Z,0.0,0.0,False
521,Corts Valencianes 1A,PalasietA,2023-07-28T09:37:59.097Z,38.985252,-0.537441,390
522,Corts Valencianes 1B,Corts Valencianes 2B,2023-07-28T09:37:59.097Z,38.986084,-0.534517,207
523,Corts Valencianes 2B,Beata InesB,2023-07-28T09:37:59.097Z,38.987684,-0.53061,081
524,PalasietA,Aben FerriA,2023-07-28T09:37:59.097Z,38.985489,-0.534157,899
525,PalasietB,CV-645B,2023-07-28T09:37:59.097Z,38.985252,-0.537441,001
526,9 OctubreA,9 OctubreB,2023-07-28T09:37:59.097Z,38.987144,-0.535236,960
527,Ausias MarchB,Ximen ToviaB,2023-07-28T09:37:59.097Z,38.991913,-0.524291,050
528,Beata InesA,Ausias MarchB,2023-07-28T09:37:59.097Z,38.987684,-0.53061,763
529,Albereda 1,Albereda 2,2023-07-28T09:37:59.097Z,38.990122,-0.519633,047
530,Cosmografo,Maulets,2023-07-28T09:37:59.097Z,38.991249,-0.518678,649
531,PalasietA,Aben FerriA,2023-07-28T09:38:09.097Z,38.985489,-0.534157,390
532,Aben FerriA,Alfons MagnanimB,2023-07-28T09:38:09.097Z,38.986084,-0.534517,899
533,9 OctubreB,Argenteria,2023-07-28T09:38:09.097Z,38.987684,-0.53061,692
534,Gregorio Molina,Abu Masaifa,2023-07-28T09:38:09.097Z,38.991213,-0.523787,769
535,Albereda 1,Albereda 2,2023-07-28T09:38:09.097Z,38.990122,-0.519633,863
536,Carme 2,Albereda 2,2023-07-28T09:38:09.097Z,38.990122,-0.519633,898
537,Maulets,Ximen ToviaA,2023-07-28T09:38:09.097Z,38.992357,-0.519858,699
538,N-340B,Beata InesA,2023-07-28T09:38:09.097Z,0.0,0.0,069
539,Republica Argentina,Carme 2,2023-07-28T09:38:09.097Z,38.99105,-0.519778,211
540,Alfons MagnanimB,9 OctubreB,2023-07-28T09:38:19.097Z,38.987144,-0.535236,819
541,9 OctubreB,Beata InesB,2023-07-28T09:38:19.097Z,38.987684,-0.53061,237
542,Ausias MarchB,Ausias MarchA,2023-07-28T09:38:19.097Z,38.991913,-0.524291,660
543,Ximen ToviaA,Ausias MarchA,2023-07-28T09:38:19.097Z,38.991913,-0.524291,201
544,Albereda 1,Albereda 2,2023-07-28T09:38:19.097Z,38.990122,-0.519633,600
545,Carme 2,Albereda 2,2023-07-28T09:38:19.097Z,38.990122,-0.519633,211
546,N-340B,N-340A,2023-07-28T09:38:19.097Z,0.0,0.0,203
547,Corts Valencianes 2B,9 OctubreA,2023-07-28T09:38:29.097Z,38.987684,-0.53061,287
548,9 OctubreB,Argenteria,2023-07-28T09:38:29.097Z,38.987684,-0.53061,345
549,Ausias MarchB,Ximen ToviaB,2023-07-28T09:38:29.097Z,38.991913,-0.524291,False
550,Beata InesA,Corts Valencianes 2A,2023-07-28T09:38:29.097Z,38.987684,-0.53061,065
551,Beata InesB,N-340A,2023-07-28T09:38:29.097Z,0.0,0.0,261
552,Ximen ToviaB,Ximen ToviaA,2023-07-28T09:38:29.097Z,38.992357,-0.519858,050
553,Albereda 1,Albereda 2,2023-07-28T09:38:29.097Z,38.990122,-0.519633,288
554,N-340A,Gregorio Molina,2023-07-28T09:38:29.097Z,38.992357,-0.519858,536
555,CV-645A,Corts Valencianes 1B,2023-07-28T09:38:39.097Z,38.985252,-0.537441,003
556,CV-645B,CV-645A,2023-07-28T09:38:39.097Z,0.0,0.0,953
557,Corts Valencianes 2A,Alfons MagnanimB,2023-07-28T09:38:39.097Z,38.986084,-0.534517,065
558,9 OctubreB,Reina,2023-07-28T09:38:39.097Z,38.987684,-0.53061,457
559,Ausias MarchA,Argenteria,2023-07-28T09:38:39.097Z,38.987684,-0.53061,660
560,Ausias MarchB,Ausias MarchA,2023-07-28T09:38:39.097Z,38.991913,-0.524291,874
561,N-340A,Gregorio Molina,2023-07-28T09:38:39.097Z,38.992357,-0.519858,189
562,N-340B,Beata InesA,2023-07-28T09:38:39.097Z,0.0,0.0,697
563,CV-645B,Beata InesA,2023-07-28T09:38:49.097Z,0.0,0.0,220
564,Alfons MagnanimB,9 OctubreB,2023-07-28T09:38:49.097Z,38.987144,-0.535236,065
565,9 OctubreA,9 OctubreB,2023-07-28T09:38:49.097Z,38.987144,-0.535236,182
566,9 OctubreB,Ausias MarchB,2023-07-28T09:38:49.097Z,38.987684,-0.53061,472
567,Ausias MarchA,Reina,2023-07-28T09:38:49.097Z,38.987684,-0.53061,201
568,Ausias MarchB,Baixada estacio 1,2023-07-28T09:38:49.097Z,38.991913,-0.524291,005
569,N-340A,Gregorio Molina,2023-07-28T09:38:49.097Z,38.992357,-0.519858,702
570,Republica Argentina,Carme 2,2023-07-28T09:38:49.097Z,38.99105,-0.519778,699
571,CV-645A,PalasietA,2023-07-28T09:38:59.097Z,38.985252,-0.537441,325
572,9 OctubreB,Beata InesB,2023-07-28T09:38:59.097Z,38.987684,-0.53061,998
573,Ausias MarchA,9 OctubreA,2023-07-28T09:38:59.097Z,38.987684,-0.53061,False
574,Baixada estacio 1,Abu Masaifa,2023-07-28T09:38:59.097Z,38.991213,-0.523787,005
575,Carme 2,Albereda 2,2023-07-28T09:38:59.097Z,38.990122,-0.519633,False
576,N-340A,Gregorio Molina,2023-07-28T09:38:59.097Z,38.992357,-0.519858,203
577,CV-645A,Corts Valencianes 1B,2023-07-28T09:39:09.097Z,38.985252,-0.537441,797
578,Corts Valencianes 1B,Corts Valencianes 2B,2023-07-28T09:39:09.097Z,38.986084,-0.534517,003
579,Argenteria,PalasietB,2023-07-28T09:39:09.097Z,38.985489,-0.534157,False
580,9 OctubreA,9 OctubreB,2023-07-28T09:39:09.097Z,38.987144,-0.535236,False
581,9 OctubreB,Ausias MarchB,2023-07-28T09:39:09.097Z,38.987684,-0.53061,980
582,Ausias MarchB,Ximen ToviaB,2023-07-28T09:39:09.097Z,38.991913,-0.524291,983
583,N-340A,Ximen ToviaA,2023-07-28T09:39:09.097Z,38.992357,-0.519858,267
584,Argenteria,PalasietB,2023-07-28T09:39:19.097Z,38.985489,-0.534157,636
585,9 OctubreB,9 OctubreA,2023-07-28T09:39:19.097Z,38.987684,-0.53061,819
586,Beata InesA,9 OctubreA,2023-07-28T09:39:19.097Z,38.987684,-0.53061,697
587,Ximen ToviaA,Ausias MarchA,2023-07-28T09:39:19.097Z,38.991913,-0.524291,090
588,Ximen ToviaB,Ximen ToviaA,2023-07-28T09:39:19.097Z,38.992357,-0.519858,850
589,CV-645A,PalasietA,2023-07-28T09:39:29.097Z,38.985252,-0.537441,916
590,PalasietA,PalasietB,2023-07-28T09:39:29.097Z,38.985489,-0.534157,325
591,Argenteria,PalasietB,2023-07-28T09:39:29.097Z,38.985489,-0.534157,285
592,9 OctubreA,Alfons MagnanimA,2023-07-28T09:39:29.097Z,38.987144,-0.535236,819
593,9 OctubreB,Reina,2023-07-28T09:39:29.097Z,38.987684,-0.53061,749
594,Ausias MarchB,Ximen ToviaB,2023-07-28T09:39:29.097Z,38.991913,-0.524291,False
595,N-340B,Beata InesA,2023-07-28T09:39:29.097Z,0.0,0.0,644
596,Corts Valencianes 1B,Corts Valencianes 2B,2023-07-28T09:39:39.097Z,38.986084,-0.534517,696
597,Corts Valencianes 2B,Ausias MarchB,2023-07-28T09:39:39.097Z,38.987684,-0.53061,003
598,PalasietB,CV-645B,2023-07-28T09:39:39.097Z,38.985252,-0.537441,600
599,Alfons MagnanimA,Corts Valencianes 2B,2023-07-28T09:39:39.097Z,38.986084,-0.534517,699
600,9 OctubreB,Ausias MarchB,2023-07-28T09:39:39.097Z,38.987684,-0.53061,679
601,Ausias MarchB,Ximen ToviaB,2023-07-28T09:39:39.097Z,38.991913,-0.524291,320
602,Beata InesA,Ausias MarchB,2023-07-28T09:39:39.097Z,38.987684,-0.53061,220
603,N-340B,CV-645A,2023-07-28T09:39:39.097Z,0.0,0.0,081
604,Corts Valencianes 2B,Argenteria,2023-07-28T09:39:49.097Z,38.987684,-0.53061,False
605,9 OctubreB,Corts Valencianes 2A,2023-07-28T09:39:49.097Z,38.987684,-0.53061,182
606,Abu Masaifa,Argenteria,2023-07-28T09:39:49.097Z,38.987684,-0.53061,843
607,Ausias MarchB,Ausias MarchA,2023-07-28T09:39:49.097Z,38.991913,-0.524291,False
608,Beata InesA,Argenteria,2023-07-28T09:39:49.097Z,38.987684,-0.53061,844
609,Reina,Albereda 1,2023-07-28T09:39:49.097Z,38.989955,-0.523503,497
610,Ximen ToviaB,Gregorio Molina,2023-07-28T09:39:49.097Z,38.992357,-0.519858,False
611,N-340B,N-340A,2023-07-28T09:39:49.097Z,0.0,0.0,626
612,CV-645A,Corts Valencianes 1B,2023-07-28T09:39:59.097Z,38.985252,-0.537441,081
613,Corts Valencianes 2B,Argenteria,2023-07-28T09:39:59.097Z,38.987684,-0.53061,246
614,PalasietA,Aben FerriA,2023-07-28T09:39:59.097Z,38.985489,-0.534157,893
615,9 OctubreA,Alfons MagnanimA,2023-07-28T09:39:59.097Z,38.987144,-0.535236,697
616,9 OctubreB,Reina,2023-07-28T09:39:59.097Z,38.987684,-0.53061,874
617,Abu Masaifa,9 OctubreA,2023-07-28T09:39:59.097Z,38.987684,-0.53061,005
618,Reina,Republica Argentina,2023-07-28T09:39:59.097Z,38.989955,-0.523503,649
619,Albereda 1,Albereda 2,2023-07-28T09:39:59.097Z,38.990122,-0.519633,497
620,Corts Valencianes 1B,Aben FerriB,2023-07-28T09:40:09.097Z,38.986084,-0.534517,081
621,Corts Valencianes 2A,Corts Valencianes 1A,2023-07-28T09:40:09.097Z,38.986084,-0.534517,287
622,Corts Valencianes 2B,Reina,2023-07-28T09:40:09.097Z,38.987684,-0.53061,819
623,PalasietA,PalasietB,2023-07-28T09:40:09.097Z,38.985489,-0.534157,False
624,PalasietB,Corts Valencianes 1B,2023-07-28T09:40:09.097Z,38.985252,-0.537441,345
625,Alfons MagnanimA,Corts Valencianes 2B,2023-07-28T09:40:09.097Z,38.986084,-0.534517,166
626,Aben FerriA,Alfons MagnanimB,2023-07-28T09:40:09.097Z,38.986084,-0.534517,893
627,Argenteria,PalasietB,2023-07-28T09:40:09.097Z,38.985489,-0.534157,False
628,Reina,Republica Argentina,2023-07-28T09:40:09.097Z,38.989955,-0.523503,746
629,Ximen ToviaA,Baixada estacio 1,2023-07-28T09:40:09.097Z,38.991913,-0.524291,850
630,Gregorio Molina,Abu Masaifa,2023-07-28T09:40:09.097Z,38.991213,-0.523787,535
631,CV-645B,N-340A,2023-07-28T09:40:19.097Z,0.0,0.0,255
632,Corts Valencianes 1B,Corts Valencianes 1A,2023-07-28T09:40:19.097Z,38.986084,-0.534517,797
633,Alfons MagnanimB,Alfons MagnanimA,2023-07-28T09:40:19.097Z,38.987144,-0.535236,853
634,Abu Masaifa,9 OctubreA,2023-07-28T09:40:19.097Z,38.987684,-0.53061,946
635,Ausias MarchA,Beata InesB,2023-07-28T09:40:19.097Z,38.987684,-0.53061,050
636,Ausias MarchB,Ausias MarchA,2023-07-28T09:40:19.097Z,38.991913,-0.524291,126
637,Reina,Republica Argentina,2023-07-28T09:40:19.097Z,38.989955,-0.523503,874
638,Baixada estacio 1,Baixada estacio 2,2023-07-28T09:40:19.097Z,38.991213,-0.523787,850
639,Republica Argentina,Carme 2,2023-07-28T09:40:19.097Z,38.99105,-0.519778,102
640,Corts Valencianes 1A,PalasietA,2023-07-28T09:40:29.097Z,38.985252,-0.537441,287
641,Corts Valencianes 1B,Corts Valencianes 2B,2023-07-28T09:40:29.097Z,38.986084,-0.534517,285
642,Corts Valencianes 2B,Reina,2023-07-28T09:40:29.097Z,38.987684,-0.53061,697
643,Alfons MagnanimA,Corts Valencianes 2B,2023-07-28T09:40:29.097Z,38.986084,-0.534517,893
644,Aben FerriB,Aben FerriA,2023-07-28T09:40:29.097Z,38.985489,-0.534157,081
645,Ausias MarchA,9 OctubreA,2023-07-28T09:40:29.097Z,38.987684,-0.53061,462
646,Ausias MarchB,Ausias MarchA,2023-07-28T09:40:29.097Z,38.991913,-0.524291,449
647,Reina,Republica Argentina,2023-07-28T09:40:29.097Z,38.989955,-0.523503,230
648,Gregorio Molina,Baixada estacio 2,2023-07-28T09:40:29.097Z,38.991213,-0.523787,702
649,Carme 2,Albereda 2,2023-07-28T09:40:29.097Z,38.990122,-0.519633,201
650,Maulets,N-340B,2023-07-28T09:40:29.097Z,38.992357,-0.519858,699
651,Republica Argentina,Carme 2,2023-07-28T09:40:29.097Z,38.99105,-0.519778,False
652,Corts Valencianes 1A,CV-645B,2023-07-28T09:40:39.097Z,38.985252,-0.537441,False
653,Corts Valencianes 1B,Aben FerriB,2023-07-28T09:40:39.097Z,38.986084,-0.534517,466
654,PalasietA,PalasietB,2023-07-28T09:40:39.097Z,38.985489,-0.534157,207
655,PalasietB,Corts Valencianes 1B,2023-07-28T09:40:39.097Z,38.985252,-0.537441,660
656,Aben FerriA,Alfons MagnanimB,2023-07-28T09:40:39.097Z,38.986084,-0.534517,081
657,Argenteria,PalasietB,2023-07-28T09:40:39.097Z,38.985489,-0.534157,843
658,Ausias MarchA,Ausias MarchB,2023-07-28T09:40:39.097Z,38.987684,-0.53061,714
659,Ausias MarchB,Baixada estacio 1,2023-07-28T09:40:39.097Z,38.991913,-0.524291,966
660,Reina,Republica Argentina,2023-07-28T09:40:39.097Z,38.989955,-0.523503,699
661,Ximen ToviaA,Ausias MarchA,2023-07-28T09:40:39.097Z,38.991913,-0.524291,696
662,Gregorio Molina,Abu Masaifa,2023-07-28T09:40:39.097Z,38.991213,-0.523787,203
663,Carme 2,Albereda 2,2023-07-28T09:40:39.097Z,38.990122,-0.519633,746
664,N-340A,Gregorio Molina,2023-07-28T09:40:39.097Z,38.992357,-0.519858,626
665,N-340B,N-340A,2023-07-28T09:40:39.097Z,0.0,0.0,878
666,Republica Argentina,Carme 2,2023-07-28T09:40:39.097Z,38.99105,-0.519778,999
667,Corts Valencianes 1B,Aben FerriB,2023-07-28T09:40:49.097Z,38.986084,-0.534517,660
668,PalasietB,PalasietA,2023-07-28T09:40:49.097Z,38.985252,-0.537441,False
669,Aben FerriB,PalasietB,2023-07-28T09:40:49.097Z,38.985489,-0.534157,999
670,Argenteria,Aben FerriA,2023-07-28T09:40:49.097Z,38.985489,-0.534157,003
671,Ausias MarchA,9 OctubreA,2023-07-28T09:40:49.097Z,38.987684,-0.53061,926
672,Ausias MarchB,Baixada estacio 1,2023-07-28T09:40:49.097Z,38.991913,-0.524291,448
673,Reina,Republica Argentina,2023-07-28T09:40:49.097Z,38.989955,-0.523503,697
674,Baixada estacio 1,Baixada estacio 2,2023-07-28T09:40:49.097Z,38.991213,-0.523787,052
675,Baixada estacio 2,Albereda 1,2023-07-28T09:40:49.097Z,38.989955,-0.523503,702
676,Gregorio Molina,Abu Masaifa,2023-07-28T09:40:49.097Z,38.991213,-0.523787,False
677,Carme 2,Albereda 2,2023-07-28T09:40:49.097Z,38.990122,-0.519633,874
678,Republica Argentina,Academic Maravall,2023-07-28T09:40:49.097Z,38.99105,-0.519778,230
679,Corts Valencianes 2B,9 OctubreA,2023-07-28T09:40:59.097Z,38.987684,-0.53061,345
680,PalasietA,Aben FerriA,2023-07-28T09:40:59.097Z,38.985489,-0.534157,False
681,PalasietB,CV-645B,2023-07-28T09:40:59.097Z,38.985252,-0.537441,287
682,Aben FerriA,Corts Valencianes 1A,2023-07-28T09:40:59.097Z,38.986084,-0.534517,844
683,Argenteria,Aben FerriA,2023-07-28T09:40:59.097Z,38.985489,-0.534157,206
684,9 OctubreA,Alfons MagnanimA,2023-07-28T09:40:59.097Z,38.987144,-0.535236,999
685,Baixada estacio 2,Republica Argentina,2023-07-28T09:40:59.097Z,38.989955,-0.523503,052
686,Gregorio Molina,Baixada estacio 2,2023-07-28T09:40:59.097Z,38.991213,-0.523787,696
687,Republica Argentina,Academic Maravall,2023-07-28T09:40:59.097Z,38.99105,-0.519778,699
688,Corts Valencianes 1A,PalasietA,2023-07-28T09:41:09.097Z,38.985252,-0.537441,844
689,Corts Valencianes 2B,Ausias MarchB,2023-07-28T09:41:09.097Z,38.987684,-0.53061,953
690,PalasietB,Corts Valencianes 1B,2023-07-28T09:41:09.097Z,38.985252,-0.537441,841
691,Alfons MagnanimA,Alfons MagnanimB,2023-07-28T09:41:09.097Z,38.986084,-0.534517,005
692,Aben FerriB,Aben FerriA,2023-07-28T09:41:09.097Z,38.985489,-0.534157,447
693,9 OctubreA,Alfons MagnanimA,2023-07-28T09:41:09.097Z,38.987144,-0.535236,808
694,Ausias MarchA,Reina,2023-07-28T09:41:09.097Z,38.987684,-0.53061,443
695,Ausias MarchB,Ausias MarchA,2023-07-28T09:41:09.097Z,38.991913,-0.524291,988
696,Gregorio Molina,Abu Masaifa,2023-07-28T09:41:09.097Z,38.991213,-0.523787,878
697,Albereda 1,Albereda 2,2023-07-28T09:41:09.097Z,38.990122,-0.519633,702
698,Academic Maravall,Maulets,2023-07-28T09:41:09.097Z,38.991249,-0.518678,230
699,Cosmografo,Maulets,2023-07-28T09:41:09.097Z,38.991249,-0.518678,963
700,N-340A,Gregorio Molina,2023-07-28T09:41:09.097Z,38.992357,-0.519858,235
701,PalasietA,PalasietB,2023-07-28T09:41:19.097Z,38.985489,-0.534157,844
702,PalasietB,CV-645B,2023-07-28T09:41:19.097Z,38.985252,-0.537441,903
703,Alfons MagnanimA,Alfons MagnanimB,2023-07-28T09:41:19.097Z,38.986084,-0.534517,646
704,Alfons MagnanimB,9 OctubreB,2023-07-28T09:41:19.097Z,38.987144,-0.535236,005
705,Ausias MarchA,Beata InesB,2023-07-28T09:41:19.097Z,38.987684,-0.53061,696
706,Ausias MarchB,Baixada estacio 1,2023-07-28T09:41:19.097Z,38.991913,-0.524291,717
707,Academic Maravall,Maulets,2023-07-28T09:41:19.097Z,38.991249,-0.518678,899
708,N-340B,N-340A,2023-07-28T09:41:19.097Z,0.0,0.0,078
709,Corts Valencianes 1B,Corts Valencianes 2B,2023-07-28T09:41:29.097Z,38.986084,-0.534517,841
710,PalasietB,Corts Valencianes 1B,2023-07-28T09:41:29.097Z,38.985252,-0.537441,644
711,Alfons MagnanimA,Corts Valencianes 1A,2023-07-28T09:41:29.097Z,38.986084,-0.534517,994
712,Aben FerriA,Corts Valencianes 1A,2023-07-28T09:41:29.097Z,38.986084,-0.534517,979
713,Ausias MarchB,Ximen ToviaB,2023-07-28T09:41:29.097Z,38.991913,-0.524291,851
714,Reina,Republica Argentina,2023-07-28T09:41:29.097Z,38.989955,-0.523503,169
715,Baixada estacio 1,Abu Masaifa,2023-07-28T09:41:29.097Z,38.991213,-0.523787,717
716,Maulets,Gregorio Molina,2023-07-28T09:41:29.097Z,38.992357,-0.519858,230
717,N-340B,N-340A,2023-07-28T09:41:29.097Z,0.0,0.0,529
718,Alfons MagnanimB,9 OctubreB,2023-07-28T09:41:39.097Z,38.987144,-0.535236,646
719,Aben FerriA,Aben FerriB,2023-07-28T09:41:39.097Z,38.986084,-0.534517,246
720,9 OctubreA,9 OctubreB,2023-07-28T09:41:39.097Z,38.987144,-0.535236,482
721,Ausias MarchA,9 OctubreA,2023-07-28T09:41:39.097Z,38.987684,-0.53061,586
722,Gregorio Molina,Abu Masaifa,2023-07-28T09:41:39.097Z,38.991213,-0.523787,235
723,CV-645B,N-340A,2023-07-28T09:41:49.097Z,0.0,0.0,940
724,Corts Valencianes 1A,CV-645B,2023-07-28T09:41:49.097Z,38.985252,-0.537441,996
725,Aben FerriB,PalasietB,2023-07-28T09:41:49.097Z,38.985489,-0.534157,246
726,9 OctubreA,9 OctubreB,2023-07-28T09:41:49.097Z,38.987144,-0.535236,126
727,Ausias MarchB,Ausias MarchA,2023-07-28T09:41:49.097Z,38.991913,-0.524291,996
728,Ximen ToviaB,Ximen ToviaA,2023-07-28T09:41:49.097Z,38.992357,-0.519858,851
729,Gregorio Molina,Abu Masaifa,2023-07-28T09:41:49.097Z,38.991213,-0.523787,230
730,Albereda 2,Cosmografo,2023-07-28T09:41:49.097Z,38.990742,-0.513,False
731,N-340A,Ximen ToviaA,2023-07-28T09:41:49.097Z,38.992357,-0.519858,999
732,Republica Argentina,Carme 2,2023-07-28T09:41:49.097Z,38.99105,-0.519778,697
733,Corts Valencianes 1A,Corts Valencianes 1B,2023-07-28T09:41:59.097Z,38.985252,-0.537441,False
734,Corts Valencianes 2B,9 OctubreA,2023-07-28T09:41:59.097Z,38.987684,-0.53061,769
735,Alfons MagnanimA,Corts Valencianes 2B,2023-07-28T09:41:59.097Z,38.986084,-0.534517,798
736,Aben FerriA,Corts Valencianes 2B,2023-07-28T09:41:59.097Z,38.986084,-0.534517,False
737,9 OctubreA,Alfons MagnanimA,2023-07-28T09:41:59.097Z,38.987144,-0.535236,345
738,9 OctubreB,Argenteria,2023-07-28T09:41:59.097Z,38.987684,-0.53061,808
739,Ausias MarchB,Ausias MarchA,2023-07-28T09:41:59.097Z,38.991913,-0.524291,919
740,Albereda 2,N-340B,2023-07-28T09:41:59.097Z,38.990742,-0.513,486
741,Maulets,N-340B,2023-07-28T09:41:59.097Z,38.992357,-0.519858,961
742,N-340A,Gregorio Molina,2023-07-28T09:41:59.097Z,38.992357,-0.519858,840
743,Corts Valencianes 1B,Alfons MagnanimB,2023-07-28T09:42:09.097Z,38.986084,-0.534517,887
744,PalasietB,CV-645B,2023-07-28T09:42:09.097Z,38.985252,-0.537441,246
745,Alfons MagnanimA,Corts Valencianes 1A,2023-07-28T09:42:09.097Z,38.986084,-0.534517,345
746,9 OctubreA,Alfons MagnanimA,2023-07-28T09:42:09.097Z,38.987144,-0.535236,988
747,9 OctubreB,Reina,2023-07-28T09:42:09.097Z,38.987684,-0.53061,482
748,Ausias MarchA,9 OctubreA,2023-07-28T09:42:09.097Z,38.987684,-0.53061,996
749,Ausias MarchB,Ausias MarchA,2023-07-28T09:42:09.097Z,38.991913,-0.524291,947
750,Carme 2,Albereda 2,2023-07-28T09:42:09.097Z,38.990122,-0.519633,769
751,N-340B,N-340A,2023-07-28T09:42:09.097Z,0.0,0.0,769
752,Republica Argentina,Academic Maravall,2023-07-28T09:42:09.097Z,38.99105,-0.519778,443
753,Corts Valencianes 2B,Corts Valencianes 2A,2023-07-28T09:42:19.097Z,38.987684,-0.53061,796
754,Alfons MagnanimA,Corts Valencianes 1A,2023-07-28T09:42:19.097Z,38.986084,-0.534517,766
755,Alfons MagnanimB,9 OctubreB,2023-07-28T09:42:19.097Z,38.987144,-0.535236,887
756,Aben FerriA,Corts Valencianes 2B,2023-07-28T09:42:19.097Z,38.986084,-0.534517,483
757,Argenteria,PalasietB,2023-07-28T09:42:19.097Z,38.985489,-0.534157,946
758,9 OctubreB,Beata InesB,2023-07-28T09:42:19.097Z,38.987684,-0.53061,126
759,Ausias MarchB,Ximen ToviaB,2023-07-28T09:42:19.097Z,38.991913,-0.524291,464
760,Albereda 2,Cosmografo,2023-07-28T09:42:19.097Z,38.990742,-0.513,449
761,Cosmografo,Maulets,2023-07-28T09:42:19.097Z,38.991249,-0.518678,919
762,N-340B,N-340A,2023-07-28T09:42:19.097Z,0.0,0.0,969
763,Corts Valencianes 1A,CV-645B,2023-07-28T09:42:29.097Z,38.985252,-0.537441,345
764,PalasietB,CV-645B,2023-07-28T09:42:29.097Z,38.985252,-0.537441,946
765,9 OctubreA,9 OctubreB,2023-07-28T09:42:29.097Z,38.987144,-0.535236,416
766,Ausias MarchB,Ximen ToviaB,2023-07-28T09:42:29.097Z,38.991913,-0.524291,763
767,Gregorio Molina,Abu Masaifa,2023-07-28T09:42:29.097Z,38.991213,-0.523787,078
768,Albereda 2,N-340B,2023-07-28T09:42:29.097Z,38.990742,-0.513,427
769,Academic Maravall,Maulets,2023-07-28T09:42:29.097Z,38.991249,-0.518678,443
770,Maulets,Ximen ToviaA,2023-07-28T09:42:29.097Z,38.992357,-0.519858,659
771,N-340A,Ximen ToviaA,2023-07-28T09:42:29.097Z,38.992357,-0.519858,529
772,Corts Valencianes 1A,PalasietA,2023-07-28T09:42:39.097Z,38.985252,-0.537441,766
773,Corts Valencianes 2A,Alfons MagnanimB,2023-07-28T09:42:39.097Z,38.986084,-0.534517,796
774,Aben FerriB,PalasietB,2023-07-28T09:42:39.097Z,38.985489,-0.534157,239
775,Ausias MarchA,9 OctubreA,2023-07-28T09:42:39.097Z,38.987684,-0.53061,935
776,Ximen ToviaA,Ausias MarchA,2023-07-28T09:42:39.097Z,38.991913,-0.524291,897
777,Albereda 2,N-340B,2023-07-28T09:42:39.097Z,38.990742,-0.513,False
778,Cosmografo,Maulets,2023-07-28T09:42:39.097Z,38.991249,-0.518678,False
779,Maulets,Gregorio Molina,2023-07-28T09:42:39.097Z,38.992357,-0.519858,443
780,N-340B,Beata InesA,2023-07-28T09:42:39.097Z,0.0,0.0,802
781,PalasietB,CV-645B,2023-07-28T09:42:49.097Z,38.985252,-0.537441,239
782,Alfons MagnanimB,9 OctubreB,2023-07-28T09:42:49.097Z,38.987144,-0.535236,798
783,9 OctubreA,9 OctubreB,2023-07-28T09:42:49.097Z,38.987144,-0.535236,False
784,Ausias MarchA,Reina,2023-07-28T09:42:49.097Z,38.987684,-0.53061,047
785,Ausias MarchB,Ximen ToviaB,2023-07-28T09:42:49.097Z,38.991913,-0.524291,881
786,Beata InesB,Beata InesA,2023-07-28T09:42:49.097Z,0.0,0.0,167
787,Ximen ToviaA,Ximen ToviaB,2023-07-28T09:42:49.097Z,38.991913,-0.524291,999
788,Ximen ToviaB,Carme 1,2023-07-28T09:42:49.097Z,38.992357,-0.519858,340
789,Albereda 2,N-340B,2023-07-28T09:42:49.097Z,38.990742,-0.513,819
790,N-340A,Carme 1,2023-07-28T09:42:49.097Z,38.992357,-0.519858,940
791,N-340B,Beata InesA,2023-07-28T09:42:49.097Z,0.0,0.0,708
792,Corts Valencianes 1B,Corts Valencianes 2B,2023-07-28T09:42:59.097Z,38.986084,-0.534517,003
793,9 OctubreA,Alfons MagnanimA,2023-07-28T09:42:59.097Z,38.987144,-0.535236,935
794,9 OctubreB,Reina,2023-07-28T09:42:59.097Z,38.987684,-0.53061,False
795,Ausias MarchB,Ausias MarchA,2023-07-28T09:42:59.097Z,38.991913,-0.524291,False
796,Reina,Republica Argentina,2023-07-28T09:42:59.097Z,38.989955,-0.523503,482
797,Albereda 2,Cosmografo,2023-07-28T09:42:59.097Z,38.990742,-0.513,440
798,Carme 1,Academic Maravall,2023-07-28T09:42:59.097Z,38.99105,-0.519778,340
799,Maulets,Gregorio Molina,2023-07-28T09:42:59.097Z,38.992357,-0.519858,886
800,CV-645B,Beata InesA,2023-07-28T09:43:09.097Z,0.0,0.0,557
801,Ausias MarchB,Ausias MarchA,2023-07-28T09:43:09.097Z,38.991913,-0.524291,960
802,Ximen ToviaA,Ausias MarchA,2023-07-28T09:43:09.097Z,38.991913,-0.524291,929
803,Ximen ToviaB,Ximen ToviaA,2023-07-28T09:43:09.097Z,38.992357,-0.519858,763
804,N-340B,N-340A,2023-07-28T09:43:09.097Z,0.0,0.0,990
805,Corts Valencianes 1B,Corts Valencianes 2B,2023-07-28T09:43:19.097Z,38.986084,-0.534517,383
806,Corts Valencianes 2B,Reina,2023-07-28T09:43:19.097Z,38.987684,-0.53061,False
807,PalasietA,Aben FerriA,2023-07-28T09:43:19.097Z,38.985489,-0.534157,988
808,Alfons MagnanimA,Corts Valencianes 2B,2023-07-28T09:43:19.097Z,38.986084,-0.534517,935
809,Aben FerriB,PalasietB,2023-07-28T09:43:19.097Z,38.985489,-0.534157,550
810,Ausias MarchA,Beata InesB,2023-07-28T09:43:19.097Z,38.987684,-0.53061,851
811,Ausias MarchB,Ximen ToviaB,2023-07-28T09:43:19.097Z,38.991913,-0.524291,003
812,Beata InesA,Reina,2023-07-28T09:43:19.097Z,38.987684,-0.53061,802
813,Ximen ToviaB,N-340B,2023-07-28T09:43:19.097Z,38.992357,-0.519858,881
814,Gregorio Molina,Abu Masaifa,2023-07-28T09:43:19.097Z,38.991213,-0.523787,443
815,Cosmografo,Maulets,2023-07-28T09:43:19.097Z,38.991249,-0.518678,611
816,N-340B,Beata InesA,2023-07-28T09:43:19.097Z,0.0,0.0,583
817,Aben FerriA,Corts Valencianes 2B,2023-07-28T09:43:29.097Z,38.986084,-0.534517,586
818,Ausias MarchA,Reina,2023-07-28T09:43:29.097Z,38.987684,-0.53061,472
819,Beata InesA,Corts Valencianes 2A,2023-07-28T09:43:29.097Z,38.987684,-0.53061,167
820,Ximen ToviaB,Carme 1,2023-07-28T09:43:29.097Z,38.992357,-0.519858,822
821,Gregorio Molina,Baixada estacio 2,2023-07-28T09:43:29.097Z,38.991213,-0.523787,806
822,Albereda 2,N-340B,2023-07-28T09:43:29.097Z,38.990742,-0.513,797
823,Cosmografo,Maulets,2023-07-28T09:43:29.097Z,38.991249,-0.518678,870
824,Maulets,Gregorio Molina,2023-07-28T09:43:29.097Z,38.992357,-0.519858,440
825,Republica Argentina,Carme 2,2023-07-28T09:43:29.097Z,38.99105,-0.519778,482
826,CV-645B,CV-645A,2023-07-28T09:43:39.097Z,0.0,0.0,958
827,Corts Valencianes 2B,Ausias MarchB,2023-07-28T09:43:39.097Z,38.987684,-0.53061,483
828,Argenteria,PalasietB,2023-07-28T09:43:39.097Z,38.985489,-0.534157,666
829,Ausias MarchB,Baixada estacio 1,2023-07-28T09:43:39.097Z,38.991913,-0.524291,069
830,Beata InesA,Corts Valencianes 2A,2023-07-28T09:43:39.097Z,38.987684,-0.53061,994
831,Ximen ToviaA,Baixada estacio 1,2023-07-28T09:43:39.097Z,38.991913,-0.524291,False
832,Baixada estacio 2,Albereda 1,2023-07-28T09:43:39.097Z,38.989955,-0.523503,806
833,Carme 2,Albereda 2,2023-07-28T09:43:39.097Z,38.990122,-0.519633,False
834,Maulets,N-340B,2023-07-28T09:43:39.097Z,38.992357,-0.519858,False
835,N-340B,Beata InesA,2023-07-28T09:43:39.097Z,0.0,0.0,196
836,Corts Valencianes 2B,Reina,2023-07-28T09:43:49.097Z,38.987684,-0.53061,919
837,Ausias MarchB,Ausias MarchA,2023-07-28T09:43:49.097Z,38.991913,-0.524291,204
838,Beata InesA,Argenteria,2023-07-28T09:43:49.097Z,38.987684,-0.53061,997
839,Baixada estacio 1,Baixada estacio 2,2023-07-28T09:43:49.097Z,38.991213,-0.523787,065
840,Gregorio Molina,Abu Masaifa,2023-07-28T09:43:49.097Z,38.991213,-0.523787,440
841,Albereda 2,N-340B,2023-07-28T09:43:49.097Z,38.990742,-0.513,232
842,N-340A,Carme 1,2023-07-28T09:43:49.097Z,38.992357,-0.519858,ess
843,CV-645A,Corts Valencianes 1B,2023-07-28T09:43:59.097Z,38.985252,-0.537441,959
844,CV-645B,N-340A,2023-07-28T09:43:59.097Z,0.0,0.0,140
845,Corts Valencianes 2A,Alfons MagnanimB,2023-07-28T09:43:59.097Z,38.986084,-0.534517,167
846,Corts Valencianes 2B,9 OctubreA,2023-07-28T09:43:59.097Z,38.987684,-0.53061,644
847,PalasietB,CV-645B,2023-07-28T09:43:59.097Z,38.985252,-0.537441,550
848,9 OctubreB,Reina,2023-07-28T09:43:59.097Z,38.987684,-0.53061,843
849,Ausias MarchB,Baixada estacio 1,2023-07-28T09:43:59.097Z,38.991913,-0.524291,False
850,Beata InesA,Corts Valencianes 2A,2023-07-28T09:43:59.097Z,38.987684,-0.53061,583
851,Beata InesB,N-340A,2023-07-28T09:43:59.097Z,0.0,0.0,737
852,Baixada estacio 1,Abu Masaifa,2023-07-28T09:43:59.097Z,38.991213,-0.523787,763
853,Baixada estacio 2,Republica Argentina,2023-07-28T09:43:59.097Z,38.989955,-0.523503,065
854,Carme 1,Academic Maravall,2023-07-28T09:43:59.097Z,38.99105,-0.519778,False
855,N-340A,Carme 1,2023-07-28T09:43:59.097Z,38.992357,-0.519858,994
856,CV-645B,Beata InesA,2023-07-28T09:44:09.097Z,0.0,0.0,340
857,Corts Valencianes 1B,Alfons MagnanimB,2023-07-28T09:44:09.097Z,38.986084,-0.534517,959
858,Corts Valencianes 2B,Ausias MarchB,2023-07-28T09:44:09.097Z,38.987684,-0.53061,383
859,PalasietB,Corts Valencianes 1B,2023-07-28T09:44:09.097Z,38.985252,-0.537441,846
860,Alfons MagnanimB,9 OctubreB,2023-07-28T09:44:09.097Z,38.987144,-0.535236,167
861,9 OctubreB,Reina,2023-07-28T09:44:09.097Z,38.987684,-0.53061,798
862,Beata InesA,9 OctubreA,2023-07-28T09:44:09.097Z,38.987684,-0.53061,699
863,Baixada estacio 1,Abu Masaifa,2023-07-28T09:44:09.097Z,38.991213,-0.523787,119
864,Albereda 2,N-340B,2023-07-28T09:44:09.097Z,38.990742,-0.513,491
865,CV-645B,CV-645A,2023-07-28T09:44:19.097Z,0.0,0.0,477
866,Corts Valencianes 1B,Corts Valencianes 1A,2023-07-28T09:44:19.097Z,38.986084,-0.534517,666
867,Corts Valencianes 2B,Corts Valencianes 2A,2023-07-28T09:44:19.097Z,38.987684,-0.53061,919
868,9 OctubreA,9 OctubreB,2023-07-28T09:44:19.097Z,38.987144,-0.535236,844
869,9 OctubreB,Argenteria,2023-07-28T09:44:19.097Z,38.987684,-0.53061,False
870,Albereda 2,Cosmografo,2023-07-28T09:44:19.097Z,38.990742,-0.513,699
871,Academic Maravall,Maulets,2023-07-28T09:44:19.097Z,38.991249,-0.518678,False
872,N-340B,CV-645A,2023-07-28T09:44:19.097Z,0.0,0.0,False
873,CV-645A,PalasietA,2023-07-28T09:44:29.097Z,38.985252,-0.537441,477
874,Corts Valencianes 1A,CV-645B,2023-07-28T09:44:29.097Z,38.985252,-0.537441,666
875,Corts Valencianes 2A,Alfons MagnanimB,2023-07-28T09:44:29.097Z,38.986084,-0.534517,708
876,Argenteria,Aben FerriA,2023-07-28T09:44:29.097Z,38.985489,-0.534157,557
877,9 OctubreA,Alfons MagnanimA,2023-07-28T09:44:29.097Z,38.987144,-0.535236,699
878,Ausias MarchB,Ximen ToviaB,2023-07-28T09:44:29.097Z,38.991913,-0.524291,056
879,Albereda 1,Albereda 2,2023-07-28T09:44:29.097Z,38.990122,-0.519633,406
880,Albereda 2,N-340B,2023-07-28T09:44:29.097Z,38.990742,-0.513,216
881,Carme 1,Carme 2,2023-07-28T09:44:29.097Z,38.99105,-0.519778,False
882,Academic Maravall,Maulets,2023-07-28T09:44:29.097Z,38.991249,-0.518678,971
883,Corts Valencianes 2A,Aben FerriB,2023-07-28T09:44:39.097Z,38.986084,-0.534517,583
884,Corts Valencianes 2B,Corts Valencianes 2A,2023-07-28T09:44:39.097Z,38.987684,-0.53061,766
885,Alfons MagnanimB,9 OctubreB,2023-07-28T09:44:39.097Z,38.987144,-0.535236,708
886,Aben FerriA,Alfons MagnanimB,2023-07-28T09:44:39.097Z,38.986084,-0.534517,557
887,9 OctubreB,Beata InesB,2023-07-28T09:44:39.097Z,38.987684,-0.53061,297
888,Ausias MarchA,Reina,2023-07-28T09:44:39.097Z,38.987684,-0.53061,980
889,Beata InesA,Argenteria,2023-07-28T09:44:39.097Z,38.987684,-0.53061,340
890,Reina,Republica Argentina,2023-07-28T09:44:39.097Z,38.989955,-0.523503,947
891,Baixada estacio 1,Abu Masaifa,2023-07-28T09:44:39.097Z,38.991213,-0.523787,965
892,Albereda 2,Cosmografo,2023-07-28T09:44:39.097Z,38.990742,-0.513,330
893,Carme 2,Albereda 2,2023-07-28T09:44:39.097Z,38.990122,-0.519633,994
894,Cosmografo,Maulets,2023-07-28T09:44:39.097Z,38.991249,-0.518678,541
895,N-340B,CV-645A,2023-07-28T09:44:39.097Z,0.0,0.0,False
896,PalasietA,PalasietB,2023-07-28T09:44:49.097Z,38.985489,-0.534157,477
897,PalasietB,CV-645B,2023-07-28T09:44:49.097Z,38.985252,-0.537441,945
898,Alfons MagnanimA,Aben FerriB,2023-07-28T09:44:49.097Z,38.986084,-0.534517,999
899,Alfons MagnanimB,Alfons MagnanimA,2023-07-28T09:44:49.097Z,38.987144,-0.535236,557
900,Aben FerriB,Aben FerriA,2023-07-28T09:44:49.097Z,38.985489,-0.534157,583
901,Abu Masaifa,Reina,2023-07-28T09:44:49.097Z,38.987684,-0.53061,535
902,Ausias MarchB,Baixada estacio 1,2023-07-28T09:44:49.097Z,38.991913,-0.524291,916
903,Reina,Albereda 1,2023-07-28T09:44:49.097Z,38.989955,-0.523503,False
904,Maulets,Gregorio Molina,2023-07-28T09:44:49.097Z,38.992357,-0.519858,647
905,N-340B,Beata InesA,2023-07-28T09:44:49.097Z,0.0,0.0,False
906,Corts Valencianes 2A,Corts Valencianes 1A,2023-07-28T09:44:59.097Z,38.986084,-0.534517,935
907,PalasietB,Corts Valencianes 1B,2023-07-28T09:44:59.097Z,38.985252,-0.537441,477
908,Aben FerriA,Corts Valencianes 2B,2023-07-28T09:44:59.097Z,38.986084,-0.534517,583
909,Argenteria,Aben FerriA,2023-07-28T09:44:59.097Z,38.985489,-0.534157,996
910,9 OctubreB,Corts Valencianes 2A,2023-07-28T09:44:59.097Z,38.987684,-0.53061,644
911,Abu Masaifa,Corts Valencianes 2A,2023-07-28T09:44:59.097Z,38.987684,-0.53061,203
912,Ausias MarchA,9 OctubreA,2023-07-28T09:44:59.097Z,38.987684,-0.53061,529
913,Ausias MarchB,Ausias MarchA,2023-07-28T09:44:59.097Z,38.991913,-0.524291,483
914,Reina,Albereda 1,2023-07-28T09:44:59.097Z,38.989955,-0.523503,False
915,Ximen ToviaB,Ximen ToviaA,2023-07-28T09:44:59.097Z,38.992357,-0.519858,058
916,Baixada estacio 1,Abu Masaifa,2023-07-28T09:44:59.097Z,38.991213,-0.523787,916
917,Albereda 1,Albereda 2,2023-07-28T09:44:59.097Z,38.990122,-0.519633,979
918,Albereda 2,N-340B,2023-07-28T09:44:59.097Z,38.990742,-0.513,919
919,Maulets,N-340B,2023-07-28T09:44:59.097Z,38.992357,-0.519858,492
920,N-340A,Ximen ToviaA,2023-07-28T09:44:59.097Z,38.992357,-0.519858,950
921,Corts Valencianes 1A,CV-645B,2023-07-28T09:45:09.097Z,38.985252,-0.537441,935
922,Corts Valencianes 2A,Aben FerriB,2023-07-28T09:45:09.097Z,38.986084,-0.534517,766
923,Alfons MagnanimA,Corts Valencianes 2B,2023-07-28T09:45:09.097Z,38.986084,-0.534517,557
924,Aben FerriA,Aben FerriB,2023-07-28T09:45:09.097Z,38.986084,-0.534517,449
925,Aben FerriB,Aben FerriA,2023-07-28T09:45:09.097Z,38.985489,-0.534157,396
926,Argenteria,Aben FerriA,2023-07-28T09:45:09.097Z,38.985489,-0.534157,340
927,9 OctubreB,Argenteria,2023-07-28T09:45:09.097Z,38.987684,-0.53061,708
928,Abu Masaifa,Argenteria,2023-07-28T09:45:09.097Z,38.987684,-0.53061,False
929,Ausias MarchB,Ausias MarchA,2023-07-28T09:45:09.097Z,38.991913,-0.524291,274
930,Reina,Republica Argentina,2023-07-28T09:45:09.097Z,38.989955,-0.523503,080
931,Ximen ToviaB,N-340B,2023-07-28T09:45:09.097Z,38.992357,-0.519858,False
932,Albereda 2,N-340B,2023-07-28T09:45:09.097Z,38.990742,-0.513,363
933,N-340A,Ximen ToviaA,2023-07-28T09:45:09.097Z,38.992357,-0.519858,140
934,Republica Argentina,Academic Maravall,2023-07-28T09:45:09.097Z,38.99105,-0.519778,947
935,CV-645B,N-340A,2023-07-28T09:45:19.097Z,0.0,0.0,895
936,Corts Valencianes 2A,Alfons MagnanimB,2023-07-28T09:45:19.097Z,38.986084,-0.534517,844
937,Corts Valencianes 2B,9 OctubreA,2023-07-28T09:45:19.097Z,38.987684,-0.53061,583
938,Aben FerriA,Corts Valencianes 2B,2023-07-28T09:45:19.097Z,38.986084,-0.534517,396
939,Aben FerriB,PalasietB,2023-07-28T09:45:19.097Z,38.985489,-0.534157,766
940,Abu Masaifa,Argenteria,2023-07-28T09:45:19.097Z,38.987684,-0.53061,987
941,Ausias MarchB,Ximen ToviaB,2023-07-28T09:45:19.097Z,38.991913,-0.524291,304
942,Reina,Republica Argentina,2023-07-28T09:45:19.097Z,38.989955,-0.523503,False
943,Ximen ToviaA,Ausias MarchA,2023-07-28T09:45:19.097Z,38.991913,-0.524291,098
944,Gregorio Molina,Abu Masaifa,2023-07-28T09:45:19.097Z,38.991213,-0.523787,False
945,Albereda 1,Albereda 2,2023-07-28T09:45:19.097Z,38.990122,-0.519633,660
946,Albereda 2,Cosmografo,2023-07-28T09:45:19.097Z,38.990742,-0.513,847
947,Academic Maravall,Maulets,2023-07-28T09:45:19.097Z,38.991249,-0.518678,047
948,Cosmografo,Maulets,2023-07-28T09:45:19.097Z,38.991249,-0.518678,088
949,Corts Valencianes 1B,Corts Valencianes 1A,2023-07-28T09:45:29.097Z,38.986084,-0.534517,969
950,Corts Valencianes 2B,9 OctubreA,2023-07-28T09:45:29.097Z,38.987684,-0.53061,557
951,Alfons MagnanimB,Alfons MagnanimA,2023-07-28T09:45:29.097Z,38.987144,-0.535236,844
952,Aben FerriB,PalasietB,2023-07-28T09:45:29.097Z,38.985489,-0.534157,996
953,Argenteria,Aben FerriA,2023-07-28T09:45:29.097Z,38.985489,-0.534157,703
954,9 OctubreA,9 OctubreB,2023-07-28T09:45:29.097Z,38.987144,-0.535236,529
955,Abu Masaifa,9 OctubreA,2023-07-28T09:45:29.097Z,38.987684,-0.53061,717
956,Ausias MarchA,Corts Valencianes 2A,2023-07-28T09:45:29.097Z,38.987684,-0.53061,220
957,Ausias MarchB,Ausias MarchA,2023-07-28T09:45:29.097Z,38.991913,-0.524291,909
958,Reina,Republica Argentina,2023-07-28T09:45:29.097Z,38.989955,-0.523503,066
959,Ximen ToviaA,Baixada estacio 1,2023-07-28T09:45:29.097Z,38.991913,-0.524291,990
960,Albereda 2,N-340B,2023-07-28T09:45:29.097Z,38.990742,-0.513,683
961,N-340A,Carme 1,2023-07-28T09:45:29.097Z,38.992357,-0.519858,197
962,N-340B,Beata InesA,2023-07-28T09:45:29.097Z,0.0,0.0,False
963,CV-645B,Beata InesA,2023-07-28T09:45:39.097Z,0.0,0.0,239
964,Corts Valencianes 1A,CV-645B,2023-07-28T09:45:39.097Z,38.985252,-0.537441,969
965,Corts Valencianes 2A,Alfons MagnanimB,2023-07-28T09:45:39.097Z,38.986084,-0.534517,203
966,Alfons MagnanimA,Corts Valencianes 1A,2023-07-28T09:45:39.097Z,38.986084,-0.534517,844
967,Argenteria,PalasietB,2023-07-28T09:45:39.097Z,38.985489,-0.534157,False
968,9 OctubreA,Alfons MagnanimA,2023-07-28T09:45:39.097Z,38.987144,-0.535236,561
969,Abu Masaifa,Reina,2023-07-28T09:45:39.097Z,38.987684,-0.53061,235
970,Beata InesA,Ausias MarchB,2023-07-28T09:45:39.097Z,38.987684,-0.53061,False
971,Reina,Republica Argentina,2023-07-28T09:45:39.097Z,38.989955,-0.523503,843
972,Albereda 2,N-340B,2023-07-28T09:45:39.097Z,38.990742,-0.513,888
973,Carme 1,Carme 2,2023-07-28T09:45:39.097Z,38.99105,-0.519778,791
974,Maulets,Ximen ToviaA,2023-07-28T09:45:39.097Z,38.992357,-0.519858,088
975,N-340A,Carme 1,2023-07-28T09:45:39.097Z,38.992357,-0.519858,565
976,N-340B,N-340A,2023-07-28T09:45:39.097Z,0.0,0.0,False
977,Corts Valencianes 1A,PalasietA,2023-07-28T09:45:49.097Z,38.985252,-0.537441,003
978,Corts Valencianes 2B,Ausias MarchB,2023-07-28T09:45:49.097Z,38.987684,-0.53061,396
979,Alfons MagnanimA,Corts Valencianes 2B,2023-07-28T09:45:49.097Z,38.986084,-0.534517,932
980,Alfons MagnanimB,Alfons MagnanimA,2023-07-28T09:45:49.097Z,38.987144,-0.535236,203
981,Aben FerriA,Corts Valencianes 1A,2023-07-28T09:45:49.097Z,38.986084,-0.534517,708
982,Argenteria,Aben FerriA,2023-07-28T09:45:49.097Z,38.985489,-0.534157,876
983,Abu Masaifa,Argenteria,2023-07-28T09:45:49.097Z,38.987684,-0.53061,231
984,Ausias MarchA,Beata InesB,2023-07-28T09:45:49.097Z,38.987684,-0.53061,463
985,Reina,Albereda 1,2023-07-28T09:45:49.097Z,38.989955,-0.523503,798
986,Baixada estacio 1,Abu Masaifa,2023-07-28T09:45:49.097Z,38.991213,-0.523787,507
987,Carme 1,Academic Maravall,2023-07-28T09:45:49.097Z,38.99105,-0.519778,565
988,Cosmografo,Maulets,2023-07-28T09:45:49.097Z,38.991249,-0.518678,847
989,N-340B,N-340A,2023-07-28T09:45:49.097Z,0.0,0.0,733
990,CV-645B,N-340A,2023-07-28T09:45:59.097Z,0.0,0.0,False
991,Corts Valencianes 1A,Corts Valencianes 1B,2023-07-28T09:45:59.097Z,38.985252,-0.537441,703
992,Corts Valencianes 2A,Corts Valencianes 2B,2023-07-28T09:45:59.097Z,38.986084,-0.534517,False
993,PalasietB,CV-645B,2023-07-28T09:45:59.097Z,38.985252,-0.537441,985
994,Alfons MagnanimA,Alfons MagnanimB,2023-07-28T09:45:59.097Z,38.986084,-0.534517,583
995,Aben FerriA,Aben FerriB,2023-07-28T09:45:59.097Z,38.986084,-0.534517,987
996,Argenteria,PalasietB,2023-07-28T09:45:59.097Z,38.985489,-0.534157,550
997,9 OctubreA,9 OctubreB,2023-07-28T09:45:59.097Z,38.987144,-0.535236,557
998,Abu Masaifa,Reina,2023-07-28T09:45:59.097Z,38.987684,-0.53061,840
999,Beata InesA,Ausias MarchB,2023-07-28T09:45:59.097Z,38.987684,-0.53061,126
