,enter,exit,date,latitude,longitude,matricula
0,Ausias MarchB,Baixada estacio 1,2023-10-12T14:46:29.097Z,38.991913,-0.524291,472
1,Ximen ToviaA,Ximen ToviaB,2023-10-12T14:46:29.097Z,38.991913,-0.524291,791
2,Ximen ToviaB,N-340B,2023-10-12T14:46:29.097Z,38.992357,-0.519858,224
3,Albereda 2,Cosmografo,2023-10-12T14:46:29.097Z,38.990742,-0.513,808
4,Academic Maravall,Maulets,2023-10-12T14:46:29.097Z,38.991249,-0.518678,886
5,Maulets,N-340B,2023-10-12T14:46:29.097Z,38.992357,-0.519858,False
6,Republica Argentina,Carme 2,2023-10-12T14:46:29.097Z,38.99105,-0.519778,False
7,CV-645B,CV-645A,2023-10-12T14:46:39.097Z,0.0,0.0,655
8,PalasietB,Corts Valencianes 1B,2023-10-12T14:46:39.097Z,38.985252,-0.537441,284
9,Abu Masaifa,Reina,2023-10-12T14:46:39.097Z,38.987684,-0.53061,129
10,Beata InesA,Ausias MarchB,2023-10-12T14:46:39.097Z,38.987684,-0.53061,477
11,Reina,Republica Argentina,2023-10-12T14:46:39.097Z,38.989955,-0.523503,480
12,Maulets,Gregorio Molina,2023-10-12T14:46:39.097Z,38.992357,-0.519858,667
13,N-340B,Beata InesA,2023-10-12T14:46:39.097Z,0.0,0.0,205
14,Republica Argentina,Carme 2,2023-10-12T14:46:39.097Z,38.99105,-0.519778,047
15,CV-645B,Beata InesA,2023-10-12T14:46:49.097Z,0.0,0.0,948
16,9 OctubreA,Alfons MagnanimA,2023-10-12T14:46:49.097Z,38.987144,-0.535236,False
17,Ausias MarchB,Ximen ToviaB,2023-10-12T14:46:49.097Z,38.991913,-0.524291,378
18,Beata InesA,Reina,2023-10-12T14:46:49.097Z,38.987684,-0.53061,False
19,Reina,Republica Argentina,2023-10-12T14:46:49.097Z,38.989955,-0.523503,False
20,Ximen ToviaB,Ximen ToviaA,2023-10-12T14:46:49.097Z,38.992357,-0.519858,963
21,Albereda 1,Albereda 2,2023-10-12T14:46:49.097Z,38.990122,-0.519633,520
22,Albereda 2,N-340B,2023-10-12T14:46:49.097Z,38.990742,-0.513,819
23,Carme 2,Albereda 2,2023-10-12T14:46:49.097Z,38.990122,-0.519633,264
24,Maulets,N-340B,2023-10-12T14:46:49.097Z,38.992357,-0.519858,886
25,Republica Argentina,Carme 2,2023-10-12T14:46:49.097Z,38.99105,-0.519778,067
26,CV-645A,Corts Valencianes 1B,2023-10-12T14:46:59.097Z,38.985252,-0.537441,899
27,Corts Valencianes 1B,Aben FerriB,2023-10-12T14:46:59.097Z,38.986084,-0.534517,550
28,Corts Valencianes 2B,Corts Valencianes 2A,2023-10-12T14:46:59.097Z,38.987684,-0.53061,False
29,PalasietB,CV-645B,2023-10-12T14:46:59.097Z,38.985252,-0.537441,254
30,9 OctubreA,Alfons MagnanimA,2023-10-12T14:46:59.097Z,38.987144,-0.535236,774
31,Abu Masaifa,Corts Valencianes 2A,2023-10-12T14:46:59.097Z,38.987684,-0.53061,161
32,Ausias MarchA,Argenteria,2023-10-12T14:46:59.097Z,38.987684,-0.53061,994
33,Ausias MarchB,Baixada estacio 1,2023-10-12T14:46:59.097Z,38.991913,-0.524291,343
34,Ximen ToviaB,N-340B,2023-10-12T14:46:59.097Z,38.992357,-0.519858,791
35,Albereda 2,N-340B,2023-10-12T14:46:59.097Z,38.990742,-0.513,False
36,Republica Argentina,Academic Maravall,2023-10-12T14:46:59.097Z,38.99105,-0.519778,308
37,Corts Valencianes 1B,Alfons MagnanimB,2023-10-12T14:47:09.097Z,38.986084,-0.534517,769
38,Corts Valencianes 2B,9 OctubreA,2023-10-12T14:47:09.097Z,38.987684,-0.53061,986
39,PalasietB,Corts Valencianes 1B,2023-10-12T14:47:09.097Z,38.985252,-0.537441,026
40,Alfons MagnanimA,Alfons MagnanimB,2023-10-12T14:47:09.097Z,38.986084,-0.534517,714
41,9 OctubreA,Alfons MagnanimA,2023-10-12T14:47:09.097Z,38.987144,-0.535236,aeX
42,Abu Masaifa,9 OctubreA,2023-10-12T14:47:09.097Z,38.987684,-0.53061,698
43,Ausias MarchA,Corts Valencianes 2A,2023-10-12T14:47:09.097Z,38.987684,-0.53061,070
44,Ausias MarchB,Ximen ToviaB,2023-10-12T14:47:09.097Z,38.991913,-0.524291,False
45,Reina,Albereda 1,2023-10-12T14:47:09.097Z,38.989955,-0.523503,069
46,Albereda 1,Albereda 2,2023-10-12T14:47:09.097Z,38.990122,-0.519633,172
47,Albereda 2,N-340B,2023-10-12T14:47:09.097Z,38.990742,-0.513,202
48,CV-645B,CV-645A,2023-10-12T14:47:19.097Z,0.0,0.0,500
49,Corts Valencianes 1B,Alfons MagnanimB,2023-10-12T14:47:19.097Z,38.986084,-0.534517,655
50,Corts Valencianes 2A,Alfons MagnanimB,2023-10-12T14:47:19.097Z,38.986084,-0.534517,False
51,9 OctubreA,Alfons MagnanimA,2023-10-12T14:47:19.097Z,38.987144,-0.535236,476
52,9 OctubreB,Reina,2023-10-12T14:47:19.097Z,38.987684,-0.53061,197
53,Beata InesA,Corts Valencianes 2A,2023-10-12T14:47:19.097Z,38.987684,-0.53061,999
54,Albereda 2,Cosmografo,2023-10-12T14:47:19.097Z,38.990742,-0.513,False
55,Carme 2,Albereda 2,2023-10-12T14:47:19.097Z,38.990122,-0.519633,181
56,Academic Maravall,Maulets,2023-10-12T14:47:19.097Z,38.991249,-0.518678,308
57,Republica Argentina,Academic Maravall,2023-10-12T14:47:19.097Z,38.99105,-0.519778,142
58,Corts Valencianes 1A,Corts Valencianes 1B,2023-10-12T14:47:29.097Z,38.985252,-0.537441,False
59,Corts Valencianes 2A,Corts Valencianes 2B,2023-10-12T14:47:29.097Z,38.986084,-0.534517,149
60,Alfons MagnanimA,Aben FerriB,2023-10-12T14:47:29.097Z,38.986084,-0.534517,476
61,Argenteria,PalasietB,2023-10-12T14:47:29.097Z,38.985489,-0.534157,934
62,9 OctubreA,9 OctubreB,2023-10-12T14:47:29.097Z,38.987144,-0.535236,986
63,9 OctubreB,Corts Valencianes 2A,2023-10-12T14:47:29.097Z,38.987684,-0.53061,046
64,Beata InesA,Argenteria,2023-10-12T14:47:29.097Z,38.987684,-0.53061,948
65,Reina,Republica Argentina,2023-10-12T14:47:29.097Z,38.989955,-0.523503,809
66,Ximen ToviaA,Baixada estacio 1,2023-10-12T14:47:29.097Z,38.991913,-0.524291,989
67,Albereda 1,Albereda 2,2023-10-12T14:47:29.097Z,38.990122,-0.519633,False
68,Maulets,N-340B,2023-10-12T14:47:29.097Z,38.992357,-0.519858,308
69,Republica Argentina,Academic Maravall,2023-10-12T14:47:29.097Z,38.99105,-0.519778,837
70,CV-645B,N-340A,2023-10-12T14:47:39.097Z,0.0,0.0,126
71,Corts Valencianes 1B,Alfons MagnanimB,2023-10-12T14:47:39.097Z,38.986084,-0.534517,026
72,PalasietB,CV-645B,2023-10-12T14:47:39.097Z,38.985252,-0.537441,994
73,Aben FerriB,PalasietB,2023-10-12T14:47:39.097Z,38.985489,-0.534157,310
74,9 OctubreA,Alfons MagnanimA,2023-10-12T14:47:39.097Z,38.987144,-0.535236,698
75,9 OctubreB,Argenteria,2023-10-12T14:47:39.097Z,38.987684,-0.53061,283
76,Reina,Republica Argentina,2023-10-12T14:47:39.097Z,38.989955,-0.523503,696
77,Ximen ToviaA,Baixada estacio 1,2023-10-12T14:47:39.097Z,38.991913,-0.524291,963
78,Baixada estacio 1,Abu Masaifa,2023-10-12T14:47:39.097Z,38.991213,-0.523787,659
79,Albereda 1,Albereda 2,2023-10-12T14:47:39.097Z,38.990122,-0.519633,756
80,Albereda 2,Cosmografo,2023-10-12T14:47:39.097Z,38.990742,-0.513,878
81,Carme 2,Albereda 2,2023-10-12T14:47:39.097Z,38.990122,-0.519633,186
82,Republica Argentina,Academic Maravall,2023-10-12T14:47:39.097Z,38.99105,-0.519778,016
83,CV-645B,Beata InesA,2023-10-12T14:47:49.097Z,0.0,0.0,894
84,Corts Valencianes 2A,Alfons MagnanimB,2023-10-12T14:47:49.097Z,38.986084,-0.534517,245
85,Corts Valencianes 2B,Beata InesB,2023-10-12T14:47:49.097Z,38.987684,-0.53061,161
86,PalasietB,PalasietA,2023-10-12T14:47:49.097Z,38.985252,-0.537441,476
87,Alfons MagnanimB,9 OctubreB,2023-10-12T14:47:49.097Z,38.987144,-0.535236,714
88,9 OctubreB,Argenteria,2023-10-12T14:47:49.097Z,38.987684,-0.53061,976
89,Reina,Republica Argentina,2023-10-12T14:47:49.097Z,38.989955,-0.523503,513
90,Baixada estacio 1,Baixada estacio 2,2023-10-12T14:47:49.097Z,38.991213,-0.523787,963
91,Albereda 1,Albereda 2,2023-10-12T14:47:49.097Z,38.990122,-0.519633,292
92,Albereda 2,N-340B,2023-10-12T14:47:49.097Z,38.990742,-0.513,731
93,Academic Maravall,Maulets,2023-10-12T14:47:49.097Z,38.991249,-0.518678,716
94,Cosmografo,Maulets,2023-10-12T14:47:49.097Z,38.991249,-0.518678,269
95,Republica Argentina,Carme 2,2023-10-12T14:47:49.097Z,38.99105,-0.519778,False
96,CV-645A,Corts Valencianes 1B,2023-10-12T14:47:59.097Z,38.985252,-0.537441,500
97,Corts Valencianes 1B,Alfons MagnanimB,2023-10-12T14:47:59.097Z,38.986084,-0.534517,767
98,Alfons MagnanimB,9 OctubreB,2023-10-12T14:47:59.097Z,38.987144,-0.535236,655
99,Argenteria,Aben FerriA,2023-10-12T14:47:59.097Z,38.985489,-0.534157,948
100,Reina,Republica Argentina,2023-10-12T14:47:59.097Z,38.989955,-0.523503,False
101,Ximen ToviaB,N-340B,2023-10-12T14:47:59.097Z,38.992357,-0.519858,378
102,Baixada estacio 2,Republica Argentina,2023-10-12T14:47:59.097Z,38.989955,-0.523503,963
103,Albereda 2,N-340B,2023-10-12T14:47:59.097Z,38.990742,-0.513,940
104,N-340B,Beata InesA,2023-10-12T14:47:59.097Z,0.0,0.0,166
105,Alfons MagnanimA,Corts Valencianes 2B,2023-10-12T14:48:09.097Z,38.986084,-0.534517,717
106,Alfons MagnanimB,9 OctubreB,2023-10-12T14:48:09.097Z,38.987144,-0.535236,522
107,Aben FerriA,Alfons MagnanimB,2023-10-12T14:48:09.097Z,38.986084,-0.534517,948
108,Argenteria,PalasietB,2023-10-12T14:48:09.097Z,38.985489,-0.534157,283
109,9 OctubreB,Ausias MarchB,2023-10-12T14:48:09.097Z,38.987684,-0.53061,386
110,Abu Masaifa,Argenteria,2023-10-12T14:48:09.097Z,38.987684,-0.53061,False
111,Beata InesA,Ausias MarchB,2023-10-12T14:48:09.097Z,38.987684,-0.53061,694
112,Reina,Republica Argentina,2023-10-12T14:48:09.097Z,38.989955,-0.523503,239
113,Ximen ToviaB,Carme 1,2023-10-12T14:48:09.097Z,38.992357,-0.519858,False
114,Academic Maravall,Maulets,2023-10-12T14:48:09.097Z,38.991249,-0.518678,837
115,Cosmografo,Maulets,2023-10-12T14:48:09.097Z,38.991249,-0.518678,002
116,N-340B,N-340B,2023-10-12T14:48:09.097Z,0.0,0.0,False
117,CV-645B,Beata InesA,2023-10-12T14:48:19.097Z,0.0,0.0,968
118,Alfons MagnanimB,9 OctubreB,2023-10-12T14:48:19.097Z,38.987144,-0.535236,649
119,Beata InesA,Reina,2023-10-12T14:48:19.097Z,38.987684,-0.53061,166
120,Reina,Republica Argentina,2023-10-12T14:48:19.097Z,38.989955,-0.523503,395
121,Albereda 2,Cosmografo,2023-10-12T14:48:19.097Z,38.990742,-0.513,011
122,Carme 1,Academic Maravall,2023-10-12T14:48:19.097Z,38.99105,-0.519778,477
123,Maulets,Gregorio Molina,2023-10-12T14:48:19.097Z,38.992357,-0.519858,142
124,N-340A,Ximen ToviaA,2023-10-12T14:48:19.097Z,38.992357,-0.519858,076
125,N-340B,CV-645A,2023-10-12T14:48:19.097Z,0.0,0.0,447
126,Republica Argentina,Academic Maravall,2023-10-12T14:48:19.097Z,38.99105,-0.519778,469
127,Corts Valencianes 1B,Aben FerriB,2023-10-12T14:48:29.097Z,38.986084,-0.534517,055
128,Corts Valencianes 2A,Corts Valencianes 2B,2023-10-12T14:48:29.097Z,38.986084,-0.534517,046
129,Corts Valencianes 2B,Reina,2023-10-12T14:48:29.097Z,38.987684,-0.53061,987
130,PalasietB,CV-645B,2023-10-12T14:48:29.097Z,38.985252,-0.537441,283
131,Alfons MagnanimB,9 OctubreB,2023-10-12T14:48:29.097Z,38.987144,-0.535236,245
132,9 OctubreB,Ausias MarchB,2023-10-12T14:48:29.097Z,38.987684,-0.53061,714
133,Abu Masaifa,Argenteria,2023-10-12T14:48:29.097Z,38.987684,-0.53061,299
134,Ausias MarchB,Ausias MarchA,2023-10-12T14:48:29.097Z,38.991913,-0.524291,866
135,Reina,Republica Argentina,2023-10-12T14:48:29.097Z,38.989955,-0.523503,971
136,Albereda 1,Albereda 2,2023-10-12T14:48:29.097Z,38.990122,-0.519633,999
137,Carme 2,Albereda 2,2023-10-12T14:48:29.097Z,38.990122,-0.519633,861
138,Cosmografo,Maulets,2023-10-12T14:48:29.097Z,38.991249,-0.518678,808
139,Maulets,Ximen ToviaA,2023-10-12T14:48:29.097Z,38.992357,-0.519858,269
140,Republica Argentina,Academic Maravall,2023-10-12T14:48:29.097Z,38.99105,-0.519778,016
141,CV-645A,Corts Valencianes 1B,2023-10-12T14:48:39.097Z,38.985252,-0.537441,660
142,PalasietA,PalasietB,2023-10-12T14:48:39.097Z,38.985489,-0.534157,965
143,Alfons MagnanimB,Alfons MagnanimA,2023-10-12T14:48:39.097Z,38.987144,-0.535236,816
144,Aben FerriB,PalasietB,2023-10-12T14:48:39.097Z,38.985489,-0.534157,055
145,Reina,Albereda 1,2023-10-12T14:48:39.097Z,38.989955,-0.523503,False
146,Ximen ToviaA,Baixada estacio 1,2023-10-12T14:48:39.097Z,38.991913,-0.524291,076
147,Albereda 2,Cosmografo,2023-10-12T14:48:39.097Z,38.990742,-0.513,537
148,Corts Valencianes 1A,Corts Valencianes 1B,2023-10-12T14:48:49.097Z,38.985252,-0.537441,040
149,Corts Valencianes 1B,Corts Valencianes 1A,2023-10-12T14:48:49.097Z,38.986084,-0.534517,660
150,Alfons MagnanimB,9 OctubreB,2023-10-12T14:48:49.097Z,38.987144,-0.535236,228
151,Argenteria,Aben FerriA,2023-10-12T14:48:49.097Z,38.985489,-0.534157,False
152,9 OctubreB,Argenteria,2023-10-12T14:48:49.097Z,38.987684,-0.53061,522
153,Ausias MarchA,Corts Valencianes 2A,2023-10-12T14:48:49.097Z,38.987684,-0.53061,866
154,Ausias MarchB,Baixada estacio 1,2023-10-12T14:48:49.097Z,38.991913,-0.524291,699
155,Beata InesA,Corts Valencianes 2A,2023-10-12T14:48:49.097Z,38.987684,-0.53061,484
156,Reina,Albereda 1,2023-10-12T14:48:49.097Z,38.989955,-0.523503,406
157,Baixada estacio 1,Abu Masaifa,2023-10-12T14:48:49.097Z,38.991213,-0.523787,976
158,Albereda 2,N-340B,2023-10-12T14:48:49.097Z,38.990742,-0.513,253
159,Cosmografo,Maulets,2023-10-12T14:48:49.097Z,38.991249,-0.518678,991
160,Maulets,Gregorio Molina,2023-10-12T14:48:49.097Z,38.992357,-0.519858,837
161,Republica Argentina,Academic Maravall,2023-10-12T14:48:49.097Z,38.99105,-0.519778,False
162,Corts Valencianes 1A,PalasietA,2023-10-12T14:48:59.097Z,38.985252,-0.537441,False
163,Corts Valencianes 1B,Corts Valencianes 2B,2023-10-12T14:48:59.097Z,38.986084,-0.534517,iXX
164,Corts Valencianes 2B,Argenteria,2023-10-12T14:48:59.097Z,38.987684,-0.53061,045
165,PalasietB,CV-645B,2023-10-12T14:48:59.097Z,38.985252,-0.537441,965
166,Alfons MagnanimB,Alfons MagnanimA,2023-10-12T14:48:59.097Z,38.987144,-0.535236,948
167,Aben FerriA,Corts Valencianes 1A,2023-10-12T14:48:59.097Z,38.986084,-0.534517,599
168,Aben FerriB,PalasietB,2023-10-12T14:48:59.097Z,38.985489,-0.534157,497
169,Argenteria,PalasietB,2023-10-12T14:48:59.097Z,38.985489,-0.534157,989
170,Ausias MarchA,Beata InesB,2023-10-12T14:48:59.097Z,38.987684,-0.53061,318
171,Reina,Albereda 1,2023-10-12T14:48:59.097Z,38.989955,-0.523503,986
172,Ximen ToviaA,Ausias MarchA,2023-10-12T14:48:59.097Z,38.991913,-0.524291,269
173,Gregorio Molina,Baixada estacio 2,2023-10-12T14:48:59.097Z,38.991213,-0.523787,142
174,Albereda 1,Albereda 2,2023-10-12T14:48:59.097Z,38.990122,-0.519633,700
175,Albereda 2,Cosmografo,2023-10-12T14:48:59.097Z,38.990742,-0.513,False
176,Academic Maravall,Maulets,2023-10-12T14:48:59.097Z,38.991249,-0.518678,684
177,Cosmografo,Maulets,2023-10-12T14:48:59.097Z,38.991249,-0.518678,878
178,Maulets,Ximen ToviaA,2023-10-12T14:48:59.097Z,38.992357,-0.519858,002
179,N-340B,CV-645A,2023-10-12T14:48:59.097Z,0.0,0.0,304
180,Republica Argentina,Academic Maravall,2023-10-12T14:48:59.097Z,38.99105,-0.519778,False
181,Corts Valencianes 2A,Corts Valencianes 1A,2023-10-12T14:49:09.097Z,38.986084,-0.534517,986
182,Corts Valencianes 2B,9 OctubreA,2023-10-12T14:49:09.097Z,38.987684,-0.53061,048
183,Aben FerriA,Aben FerriB,2023-10-12T14:49:09.097Z,38.986084,-0.534517,093
184,Argenteria,Aben FerriA,2023-10-12T14:49:09.097Z,38.985489,-0.534157,324
185,Ausias MarchB,Baixada estacio 1,2023-10-12T14:49:09.097Z,38.991913,-0.524291,714
186,Gregorio Molina,Abu Masaifa,2023-10-12T14:49:09.097Z,38.991213,-0.523787,837
187,Albereda 1,Albereda 2,2023-10-12T14:49:09.097Z,38.990122,-0.519633,False
188,Albereda 2,Cosmografo,2023-10-12T14:49:09.097Z,38.990742,-0.513,137
189,Academic Maravall,Maulets,2023-10-12T14:49:09.097Z,38.991249,-0.518678,477
190,N-340B,Beata InesA,2023-10-12T14:49:09.097Z,0.0,0.0,979
191,Corts Valencianes 1A,CV-645B,2023-10-12T14:49:19.097Z,38.985252,-0.537441,386
192,Aben FerriA,Corts Valencianes 2B,2023-10-12T14:49:19.097Z,38.986084,-0.534517,299
193,Aben FerriB,PalasietB,2023-10-12T14:49:19.097Z,38.985489,-0.534157,False
194,Ximen ToviaA,Ausias MarchA,2023-10-12T14:49:19.097Z,38.991913,-0.524291,002
195,Baixada estacio 1,Baixada estacio 2,2023-10-12T14:49:19.097Z,38.991213,-0.523787,694
196,Baixada estacio 2,Albereda 1,2023-10-12T14:49:19.097Z,38.989955,-0.523503,199
197,Albereda 1,Albereda 2,2023-10-12T14:49:19.097Z,38.990122,-0.519633,997
198,Albereda 2,Cosmografo,2023-10-12T14:49:19.097Z,38.990742,-0.513,124
199,Carme 2,Albereda 2,2023-10-12T14:49:19.097Z,38.990122,-0.519633,False
200,Academic Maravall,Maulets,2023-10-12T14:49:19.097Z,38.991249,-0.518678,469
201,Cosmografo,Maulets,2023-10-12T14:49:19.097Z,38.991249,-0.518678,177
202,Maulets,Ximen ToviaA,2023-10-12T14:49:19.097Z,38.992357,-0.519858,808
203,Republica Argentina,Carme 2,2023-10-12T14:49:19.097Z,38.99105,-0.519778,122
204,CV-645A,PalasietA,2023-10-12T14:49:29.097Z,38.985252,-0.537441,304
205,Abu Masaifa,9 OctubreA,2023-10-12T14:49:29.097Z,38.987684,-0.53061,076
206,Beata InesA,Reina,2023-10-12T14:49:29.097Z,38.987684,-0.53061,975
207,Ximen ToviaA,Ximen ToviaB,2023-10-12T14:49:29.097Z,38.991913,-0.524291,606
208,Baixada estacio 1,Baixada estacio 2,2023-10-12T14:49:29.097Z,38.991213,-0.523787,740
209,Carme 2,Albereda 2,2023-10-12T14:49:29.097Z,38.990122,-0.519633,False
210,Academic Maravall,Maulets,2023-10-12T14:49:29.097Z,38.991249,-0.518678,969
211,N-340B,N-340A,2023-10-12T14:49:29.097Z,0.0,0.0,095
212,Republica Argentina,Carme 2,2023-10-12T14:49:29.097Z,38.99105,-0.519778,970
213,PalasietA,Aben FerriA,2023-10-12T14:49:39.097Z,38.985489,-0.534157,304
214,PalasietB,CV-645B,2023-10-12T14:49:39.097Z,38.985252,-0.537441,975
215,Argenteria,Aben FerriA,2023-10-12T14:49:39.097Z,38.985489,-0.534157,045
216,9 OctubreA,9 OctubreB,2023-10-12T14:49:39.097Z,38.987144,-0.535236,048
217,9 OctubreB,Reina,2023-10-12T14:49:39.097Z,38.987684,-0.53061,999
218,Ausias MarchA,Reina,2023-10-12T14:49:39.097Z,38.987684,-0.53061,269
219,Albereda 2,N-340B,2023-10-12T14:49:39.097Z,38.990742,-0.513,450
220,Academic Maravall,Maulets,2023-10-12T14:49:39.097Z,38.991249,-0.518678,666
221,Cosmografo,Maulets,2023-10-12T14:49:39.097Z,38.991249,-0.518678,997
222,Republica Argentina,Academic Maravall,2023-10-12T14:49:39.097Z,38.99105,-0.519778,699
223,PalasietB,CV-645B,2023-10-12T14:49:49.097Z,38.985252,-0.537441,989
224,9 OctubreA,9 OctubreB,2023-10-12T14:49:49.097Z,38.987144,-0.535236,976
225,9 OctubreB,Corts Valencianes 2A,2023-10-12T14:49:49.097Z,38.987684,-0.53061,284
226,Ausias MarchB,Baixada estacio 1,2023-10-12T14:49:49.097Z,38.991913,-0.524291,676
227,Reina,Republica Argentina,2023-10-12T14:49:49.097Z,38.989955,-0.523503,165
228,Ximen ToviaB,N-340B,2023-10-12T14:49:49.097Z,38.992357,-0.519858,False
229,Carme 1,Carme 2,2023-10-12T14:49:49.097Z,38.99105,-0.519778,201
230,Cosmografo,Maulets,2023-10-12T14:49:49.097Z,38.991249,-0.518678,699
231,N-340B,CV-645A,2023-10-12T14:49:49.097Z,0.0,0.0,629
232,Republica Argentina,Academic Maravall,2023-10-12T14:49:49.097Z,38.99105,-0.519778,492
233,Corts Valencianes 2A,Corts Valencianes 1A,2023-10-12T14:49:59.097Z,38.986084,-0.534517,484
234,Corts Valencianes 2B,Reina,2023-10-12T14:49:59.097Z,38.987684,-0.53061,994
235,PalasietB,CV-645B,2023-10-12T14:49:59.097Z,38.985252,-0.537441,False
236,9 OctubreB,Beata InesB,2023-10-12T14:49:59.097Z,38.987684,-0.53061,048
237,Abu Masaifa,Corts Valencianes 2A,2023-10-12T14:49:59.097Z,38.987684,-0.53061,837
238,Reina,Albereda 1,2023-10-12T14:49:59.097Z,38.989955,-0.523503,207
239,Baixada estacio 1,Abu Masaifa,2023-10-12T14:49:59.097Z,38.991213,-0.523787,False
240,Baixada estacio 2,Albereda 1,2023-10-12T14:49:59.097Z,38.989955,-0.523503,894
241,Albereda 2,Cosmografo,2023-10-12T14:49:59.097Z,38.990742,-0.513,440
242,Carme 2,Albereda 2,2023-10-12T14:49:59.097Z,38.990122,-0.519633,047
243,Academic Maravall,Maulets,2023-10-12T14:49:59.097Z,38.991249,-0.518678,091
244,Cosmografo,Maulets,2023-10-12T14:49:59.097Z,38.991249,-0.518678,137
245,N-340B,CV-645A,2023-10-12T14:49:59.097Z,0.0,0.0,892
246,Republica Argentina,Carme 2,2023-10-12T14:49:59.097Z,38.99105,-0.519778,369
247,Corts Valencianes 2B,Beata InesB,2023-10-12T14:50:09.097Z,38.987684,-0.53061,050
248,9 OctubreB,Corts Valencianes 2A,2023-10-12T14:50:09.097Z,38.987684,-0.53061,126
249,Ausias MarchA,Argenteria,2023-10-12T14:50:09.097Z,38.987684,-0.53061,002
250,Ausias MarchB,Ausias MarchA,2023-10-12T14:50:09.097Z,38.991913,-0.524291,300
251,Albereda 2,Cosmografo,2023-10-12T14:50:09.097Z,38.990742,-0.513,False
252,Carme 2,Albereda 2,2023-10-12T14:50:09.097Z,38.990122,-0.519633,070
253,Academic Maravall,Maulets,2023-10-12T14:50:09.097Z,38.991249,-0.518678,666
254,Cosmografo,Maulets,2023-10-12T14:50:09.097Z,38.991249,-0.518678,237
255,Republica Argentina,Academic Maravall,2023-10-12T14:50:09.097Z,38.99105,-0.519778,895
256,Corts Valencianes 2A,Corts Valencianes 1A,2023-10-12T14:50:19.097Z,38.986084,-0.534517,284
257,Aben FerriA,Alfons MagnanimB,2023-10-12T14:50:19.097Z,38.986084,-0.534517,676
258,Abu Masaifa,9 OctubreA,2023-10-12T14:50:19.097Z,38.987684,-0.53061,False
259,Albereda 1,Albereda 2,2023-10-12T14:50:19.097Z,38.990122,-0.519633,False
260,Carme 2,Albereda 2,2023-10-12T14:50:19.097Z,38.990122,-0.519633,False
261,Cosmografo,Maulets,2023-10-12T14:50:19.097Z,38.991249,-0.518678,677
262,Republica Argentina,Carme 2,2023-10-12T14:50:19.097Z,38.99105,-0.519778,668
263,Corts Valencianes 1A,PalasietA,2023-10-12T14:50:29.097Z,38.985252,-0.537441,228
264,Corts Valencianes 2A,Aben FerriB,2023-10-12T14:50:29.097Z,38.986084,-0.534517,837
265,Alfons MagnanimB,Alfons MagnanimA,2023-10-12T14:50:29.097Z,38.987144,-0.535236,304
266,Aben FerriA,Alfons MagnanimB,2023-10-12T14:50:29.097Z,38.986084,-0.534517,016
267,9 OctubreA,9 OctubreB,2023-10-12T14:50:29.097Z,38.987144,-0.535236,False
268,Beata InesB,CV-645A,2023-10-12T14:50:29.097Z,0.0,0.0,996
269,Reina,Republica Argentina,2023-10-12T14:50:29.097Z,38.989955,-0.523503,333
270,Albereda 2,N-340B,2023-10-12T14:50:29.097Z,38.990742,-0.513,211
271,Academic Maravall,Maulets,2023-10-12T14:50:29.097Z,38.991249,-0.518678,696
272,Cosmografo,Maulets,2023-10-12T14:50:29.097Z,38.991249,-0.518678,714
273,N-340B,CV-645A,2023-10-12T14:50:29.097Z,0.0,0.0,019
274,CV-645A,PalasietA,2023-10-12T14:50:39.097Z,38.985252,-0.537441,629
275,Corts Valencianes 2A,Aben FerriB,2023-10-12T14:50:39.097Z,38.986084,-0.534517,976
276,Alfons MagnanimA,Corts Valencianes 2B,2023-10-12T14:50:39.097Z,38.986084,-0.534517,304
277,Reina,Albereda 1,2023-10-12T14:50:39.097Z,38.989955,-0.523503,581
278,Albereda 1,Albereda 2,2023-10-12T14:50:39.097Z,38.990122,-0.519633,816
279,Albereda 2,N-340B,2023-10-12T14:50:39.097Z,38.990742,-0.513,749
280,N-340A,Gregorio Molina,2023-10-12T14:50:39.097Z,38.992357,-0.519858,095
281,N-340B,N-340A,2023-10-12T14:50:39.097Z,0.0,0.0,359
282,Republica Argentina,Carme 2,2023-10-12T14:50:39.097Z,38.99105,-0.519778,480
283,CV-645A,Corts Valencianes 1B,2023-10-12T14:50:49.097Z,38.985252,-0.537441,892
284,Corts Valencianes 2B,Reina,2023-10-12T14:50:49.097Z,38.987684,-0.53061,304
285,Alfons MagnanimB,Alfons MagnanimA,2023-10-12T14:50:49.097Z,38.987144,-0.535236,045
286,Aben FerriB,Aben FerriA,2023-10-12T14:50:49.097Z,38.985489,-0.534157,976
287,9 OctubreB,Beata InesB,2023-10-12T14:50:49.097Z,38.987684,-0.53061,769
288,Albereda 1,Albereda 2,2023-10-12T14:50:49.097Z,38.990122,-0.519633,140
289,Albereda 2,N-340B,2023-10-12T14:50:49.097Z,38.990742,-0.513,079
290,Carme 2,Albereda 2,2023-10-12T14:50:49.097Z,38.990122,-0.519633,272
291,Republica Argentina,Academic Maravall,2023-10-12T14:50:49.097Z,38.99105,-0.519778,False
292,CV-645A,Corts Valencianes 1B,2023-10-12T14:50:59.097Z,38.985252,-0.537441,355
293,Corts Valencianes 1B,Corts Valencianes 2B,2023-10-12T14:50:59.097Z,38.986084,-0.534517,582
294,Alfons MagnanimA,Corts Valencianes 1A,2023-10-12T14:50:59.097Z,38.986084,-0.534517,046
295,Aben FerriA,Corts Valencianes 2B,2023-10-12T14:50:59.097Z,38.986084,-0.534517,076
296,Argenteria,PalasietB,2023-10-12T14:50:59.097Z,38.985489,-0.534157,002
297,Ausias MarchA,9 OctubreA,2023-10-12T14:50:59.097Z,38.987684,-0.53061,906
298,Beata InesB,Beata InesA,2023-10-12T14:50:59.097Z,0.0,0.0,709
299,Albereda 2,N-340B,2023-10-12T14:50:59.097Z,38.990742,-0.513,XXX
300,Academic Maravall,Maulets,2023-10-12T14:50:59.097Z,38.991249,-0.518678,False
301,N-340B,Beata InesA,2023-10-12T14:50:59.097Z,0.0,0.0,562
302,Republica Argentina,Carme 2,2023-10-12T14:50:59.097Z,38.99105,-0.519778,449
303,CV-645A,PalasietA,2023-10-12T14:51:09.097Z,38.985252,-0.537441,019
304,Albereda 2,N-340B,2023-10-12T14:51:09.097Z,38.990742,-0.513,482
305,Carme 2,Albereda 2,2023-10-12T14:51:09.097Z,38.990122,-0.519633,810
306,Republica Argentina,Academic Maravall,2023-10-12T14:51:09.097Z,38.99105,-0.519778,221
307,Corts Valencianes 1A,PalasietA,2023-10-12T14:51:19.097Z,38.985252,-0.537441,016
308,Corts Valencianes 1B,Alfons MagnanimB,2023-10-12T14:51:19.097Z,38.986084,-0.534517,355
309,Alfons MagnanimA,Corts Valencianes 1A,2023-10-12T14:51:19.097Z,38.986084,-0.534517,796
310,Beata InesA,Ausias MarchB,2023-10-12T14:51:19.097Z,38.987684,-0.53061,709
311,Reina,Republica Argentina,2023-10-12T14:51:19.097Z,38.989955,-0.523503,589
312,Gregorio Molina,Baixada estacio 2,2023-10-12T14:51:19.097Z,38.991213,-0.523787,699
313,Albereda 2,N-340B,2023-10-12T14:51:19.097Z,38.990742,-0.513,327
314,Carme 2,Albereda 2,2023-10-12T14:51:19.097Z,38.990122,-0.519633,251
315,Academic Maravall,Maulets,2023-10-12T14:51:19.097Z,38.991249,-0.518678,221
316,Republica Argentina,Academic Maravall,2023-10-12T14:51:19.097Z,38.99105,-0.519778,215
317,Corts Valencianes 2B,Reina,2023-10-12T14:51:29.097Z,38.987684,-0.53061,582
318,PalasietB,CV-645B,2023-10-12T14:51:29.097Z,38.985252,-0.537441,002
319,Alfons MagnanimB,9 OctubreB,2023-10-12T14:51:29.097Z,38.987144,-0.535236,355
320,9 OctubreA,9 OctubreB,2023-10-12T14:51:29.097Z,38.987144,-0.535236,616
321,Ausias MarchA,Ausias MarchB,2023-10-12T14:51:29.097Z,38.987684,-0.53061,690
322,Beata InesA,Corts Valencianes 2A,2023-10-12T14:51:29.097Z,38.987684,-0.53061,982
323,Beata InesB,Beata InesA,2023-10-12T14:51:29.097Z,0.0,0.0,False
324,Reina,Albereda 1,2023-10-12T14:51:29.097Z,38.989955,-0.523503,909
325,Baixada estacio 2,Albereda 1,2023-10-12T14:51:29.097Z,38.989955,-0.523503,095
326,Albereda 1,Albereda 2,2023-10-12T14:51:29.097Z,38.990122,-0.519633,621
327,Albereda 2,Cosmografo,2023-10-12T14:51:29.097Z,38.990742,-0.513,823
328,Carme 2,Albereda 2,2023-10-12T14:51:29.097Z,38.990122,-0.519633,309
329,Academic Maravall,Maulets,2023-10-12T14:51:29.097Z,38.991249,-0.518678,699
330,Corts Valencianes 1A,CV-645B,2023-10-12T14:51:39.097Z,38.985252,-0.537441,796
331,Corts Valencianes 2B,Argenteria,2023-10-12T14:51:39.097Z,38.987684,-0.53061,978
332,PalasietA,Aben FerriA,2023-10-12T14:51:39.097Z,38.985489,-0.534157,284
333,Argenteria,PalasietB,2023-10-12T14:51:39.097Z,38.985489,-0.534157,803
334,Ausias MarchB,Ximen ToviaB,2023-10-12T14:51:39.097Z,38.991913,-0.524291,771
335,Ximen ToviaB,Ximen ToviaA,2023-10-12T14:51:39.097Z,38.992357,-0.519858,775
336,Albereda 1,Albereda 2,2023-10-12T14:51:39.097Z,38.990122,-0.519633,189
337,Albereda 2,Cosmografo,2023-10-12T14:51:39.097Z,38.990742,-0.513,399
338,Cosmografo,Maulets,2023-10-12T14:51:39.097Z,38.991249,-0.518678,False
339,N-340A,Ximen ToviaA,2023-10-12T14:51:39.097Z,38.992357,-0.519858,359
340,N-340B,Beata InesA,2023-10-12T14:51:39.097Z,0.0,0.0,974
341,Republica Argentina,Academic Maravall,2023-10-12T14:51:39.097Z,38.99105,-0.519778,False
342,CV-645B,N-340A,2023-10-12T14:51:49.097Z,0.0,0.0,672
343,PalasietB,Corts Valencianes 1B,2023-10-12T14:51:49.097Z,38.985252,-0.537441,803
344,Aben FerriA,Corts Valencianes 2B,2023-10-12T14:51:49.097Z,38.986084,-0.534517,284
345,9 OctubreB,Ausias MarchB,2023-10-12T14:51:49.097Z,38.987684,-0.53061,False
346,Reina,Republica Argentina,2023-10-12T14:51:49.097Z,38.989955,-0.523503,508
347,Academic Maravall,Maulets,2023-10-12T14:51:49.097Z,38.991249,-0.518678,False
348,N-340B,N-340A,2023-10-12T14:51:49.097Z,0.0,0.0,126
349,CV-645B,N-340A,2023-10-12T14:51:59.097Z,0.0,0.0,994
350,Corts Valencianes 1B,Corts Valencianes 1A,2023-10-12T14:51:59.097Z,38.986084,-0.534517,803
351,Corts Valencianes 2A,Corts Valencianes 2B,2023-10-12T14:51:59.097Z,38.986084,-0.534517,982
352,9 OctubreB,Reina,2023-10-12T14:51:59.097Z,38.987684,-0.53061,906
353,Beata InesA,Corts Valencianes 2A,2023-10-12T14:51:59.097Z,38.987684,-0.53061,405
354,Ximen ToviaA,Ausias MarchA,2023-10-12T14:51:59.097Z,38.991913,-0.524291,775
355,Albereda 1,Albereda 2,2023-10-12T14:51:59.097Z,38.990122,-0.519633,857
356,Albereda 2,Cosmografo,2023-10-12T14:51:59.097Z,38.990742,-0.513,217
357,Cosmografo,Maulets,2023-10-12T14:51:59.097Z,38.991249,-0.518678,823
358,CV-645B,N-340A,2023-10-12T14:52:09.097Z,0.0,0.0,619
359,Corts Valencianes 1A,CV-645B,2023-10-12T14:52:09.097Z,38.985252,-0.537441,803
360,PalasietA,Aben FerriA,2023-10-12T14:52:09.097Z,38.985489,-0.534157,False
361,Argenteria,PalasietB,2023-10-12T14:52:09.097Z,38.985489,-0.534157,976
362,Albereda 1,Albereda 2,2023-10-12T14:52:09.097Z,38.990122,-0.519633,580
363,Cosmografo,Maulets,2023-10-12T14:52:09.097Z,38.991249,-0.518678,False
364,Republica Argentina,Carme 2,2023-10-12T14:52:09.097Z,38.99105,-0.519778,963
365,Corts Valencianes 2A,Corts Valencianes 1A,2023-10-12T14:52:19.097Z,38.986084,-0.534517,405
366,PalasietB,Corts Valencianes 1B,2023-10-12T14:52:19.097Z,38.985252,-0.537441,126
367,Alfons MagnanimA,Corts Valencianes 1A,2023-10-12T14:52:19.097Z,38.986084,-0.534517,948
368,Aben FerriA,Alfons MagnanimB,2023-10-12T14:52:19.097Z,38.986084,-0.534517,629
369,Ausias MarchA,Beata InesB,2023-10-12T14:52:19.097Z,38.987684,-0.53061,467
370,Beata InesA,9 OctubreA,2023-10-12T14:52:19.097Z,38.987684,-0.53061,297
371,Republica Argentina,Carme 2,2023-10-12T14:52:19.097Z,38.99105,-0.519778,239
372,Corts Valencianes 2B,Ausias MarchB,2023-10-12T14:52:29.097Z,38.987684,-0.53061,228
373,PalasietA,Aben FerriA,2023-10-12T14:52:29.097Z,38.985489,-0.534157,035
374,Alfons MagnanimB,9 OctubreB,2023-10-12T14:52:29.097Z,38.987144,-0.535236,False
375,Ausias MarchB,Baixada estacio 1,2023-10-12T14:52:29.097Z,38.991913,-0.524291,730
376,Ximen ToviaA,Ximen ToviaB,2023-10-12T14:52:29.097Z,38.991913,-0.524291,359
377,N-340A,Ximen ToviaA,2023-10-12T14:52:29.097Z,38.992357,-0.519858,672
378,N-340B,CV-645A,2023-10-12T14:52:29.097Z,0.0,0.0,873
379,Republica Argentina,Academic Maravall,2023-10-12T14:52:29.097Z,38.99105,-0.519778,767
380,CV-645B,N-340A,2023-10-12T14:52:39.097Z,0.0,0.0,964
381,Corts Valencianes 1A,PalasietA,2023-10-12T14:52:39.097Z,38.985252,-0.537441,405
382,Aben FerriA,Aben FerriB,2023-10-12T14:52:39.097Z,38.986084,-0.534517,035
383,Baixada estacio 1,Abu Masaifa,2023-10-12T14:52:39.097Z,38.991213,-0.523787,710
384,N-340A,Gregorio Molina,2023-10-12T14:52:39.097Z,38.992357,-0.519858,612
385,N-340B,Beata InesA,2023-10-12T14:52:39.097Z,0.0,0.0,200
386,CV-645A,Corts Valencianes 1B,2023-10-12T14:52:49.097Z,38.985252,-0.537441,873
387,CV-645B,Beata InesA,2023-10-12T14:52:49.097Z,0.0,0.0,749
388,Corts Valencianes 1A,PalasietA,2023-10-12T14:52:49.097Z,38.985252,-0.537441,948
389,Corts Valencianes 2B,Ausias MarchB,2023-10-12T14:52:49.097Z,38.987684,-0.53061,982
390,PalasietA,PalasietB,2023-10-12T14:52:49.097Z,38.985489,-0.534157,046
391,Aben FerriB,PalasietB,2023-10-12T14:52:49.097Z,38.985489,-0.534157,035
392,9 OctubreA,9 OctubreB,2023-10-12T14:52:49.097Z,38.987144,-0.535236,297
393,Ximen ToviaA,Ximen ToviaB,2023-10-12T14:52:49.097Z,38.991913,-0.524291,672
394,Gregorio Molina,Abu Masaifa,2023-10-12T14:52:49.097Z,38.991213,-0.523787,912
395,Corts Valencianes 1B,Aben FerriB,2023-10-12T14:52:59.097Z,38.986084,-0.534517,073
396,PalasietA,PalasietB,2023-10-12T14:52:59.097Z,38.985489,-0.534157,405
397,Abu Masaifa,Reina,2023-10-12T14:52:59.097Z,38.987684,-0.53061,710
398,Beata InesB,N-340A,2023-10-12T14:52:59.097Z,0.0,0.0,357
399,Ximen ToviaB,Gregorio Molina,2023-10-12T14:52:59.097Z,38.992357,-0.519858,666
400,Aben FerriB,Aben FerriA,2023-10-12T14:53:09.097Z,38.985489,-0.534157,073
401,Ximen ToviaB,Gregorio Molina,2023-10-12T14:53:09.097Z,38.992357,-0.519858,672
402,Gregorio Molina,Baixada estacio 2,2023-10-12T14:53:09.097Z,38.991213,-0.523787,359
403,N-340A,Ximen ToviaA,2023-10-12T14:53:09.097Z,38.992357,-0.519858,934
404,CV-645B,CV-645A,2023-10-12T14:53:19.097Z,0.0,0.0,False
405,PalasietA,PalasietB,2023-10-12T14:53:19.097Z,38.985489,-0.534157,948
406,Aben FerriA,Alfons MagnanimB,2023-10-12T14:53:19.097Z,38.986084,-0.534517,073
407,Argenteria,PalasietB,2023-10-12T14:53:19.097Z,38.985489,-0.534157,851
408,Abu Masaifa,Ausias MarchB,2023-10-12T14:53:19.097Z,38.987684,-0.53061,893
409,Ausias MarchB,Ximen ToviaB,2023-10-12T14:53:19.097Z,38.991913,-0.524291,228
410,Beata InesA,Argenteria,2023-10-12T14:53:19.097Z,38.987684,-0.53061,200
411,N-340A,Carme 1,2023-10-12T14:53:19.097Z,38.992357,-0.519858,919
412,Ausias MarchB,Baixada estacio 1,2023-10-12T14:53:29.097Z,38.991913,-0.524291,982
413,Beata InesA,Argenteria,2023-10-12T14:53:29.097Z,38.987684,-0.53061,769
414,N-340A,Ximen ToviaA,2023-10-12T14:53:29.097Z,38.992357,-0.519858,964
415,CV-645A,Corts Valencianes 1B,2023-10-12T14:53:39.097Z,38.985252,-0.537441,890
416,Alfons MagnanimB,9 OctubreB,2023-10-12T14:53:39.097Z,38.987144,-0.535236,073
417,Baixada estacio 1,Baixada estacio 2,2023-10-12T14:53:39.097Z,38.991213,-0.523787,562
418,Gregorio Molina,Abu Masaifa,2023-10-12T14:53:39.097Z,38.991213,-0.523787,991
419,N-340B,N-340A,2023-10-12T14:53:39.097Z,0.0,0.0,163
420,9 OctubreB,Reina,2023-10-12T14:53:49.097Z,38.987684,-0.53061,629
421,Ausias MarchB,Ximen ToviaB,2023-10-12T14:53:49.097Z,38.991913,-0.524291,653
422,Ximen ToviaA,Baixada estacio 1,2023-10-12T14:53:49.097Z,38.991913,-0.524291,164
423,Ximen ToviaB,Gregorio Molina,2023-10-12T14:53:49.097Z,38.992357,-0.519858,228
424,N-340B,Beata InesA,2023-10-12T14:53:49.097Z,0.0,0.0,505
425,PalasietB,Corts Valencianes 1B,2023-10-12T14:53:59.097Z,38.985252,-0.537441,046
426,N-340A,Gregorio Molina,2023-10-12T14:53:59.097Z,38.992357,-0.519858,357
427,Argenteria,Aben FerriA,2023-10-12T14:54:09.097Z,38.985489,-0.534157,200
428,9 OctubreB,Ausias MarchB,2023-10-12T14:54:09.097Z,38.987684,-0.53061,073
429,Baixada estacio 1,Abu Masaifa,2023-10-12T14:54:09.097Z,38.991213,-0.523787,647
430,CV-645B,Beata InesA,2023-10-12T14:54:19.097Z,0.0,0.0,002
431,Corts Valencianes 1B,Aben FerriB,2023-10-12T14:54:19.097Z,38.986084,-0.534517,045
432,PalasietB,Corts Valencianes 1B,2023-10-12T14:54:19.097Z,38.985252,-0.537441,False
433,Aben FerriA,Aben FerriB,2023-10-12T14:54:19.097Z,38.986084,-0.534517,200
434,Argenteria,PalasietB,2023-10-12T14:54:19.097Z,38.985489,-0.534157,769
435,9 OctubreB,Reina,2023-10-12T14:54:19.097Z,38.987684,-0.53061,655
436,Ximen ToviaB,N-340B,2023-10-12T14:54:19.097Z,38.992357,-0.519858,653
437,Baixada estacio 1,Abu Masaifa,2023-10-12T14:54:19.097Z,38.991213,-0.523787,343
438,CV-645B,CV-645A,2023-10-12T14:54:29.097Z,0.0,0.0,463
439,Corts Valencianes 1B,Alfons MagnanimB,2023-10-12T14:54:29.097Z,38.986084,-0.534517,405
440,Corts Valencianes 2A,Corts Valencianes 2B,2023-10-12T14:54:29.097Z,38.986084,-0.534517,496
441,PalasietB,Corts Valencianes 1B,2023-10-12T14:54:29.097Z,38.985252,-0.537441,948
442,Ausias MarchB,Baixada estacio 1,2023-10-12T14:54:29.097Z,38.991913,-0.524291,873
443,Beata InesA,Ausias MarchB,2023-10-12T14:54:29.097Z,38.987684,-0.53061,505
444,Gregorio Molina,Abu Masaifa,2023-10-12T14:54:29.097Z,38.991213,-0.523787,228
445,CV-645B,N-340A,2023-10-12T14:54:39.097Z,0.0,0.0,False
446,Corts Valencianes 1B,Aben FerriB,2023-10-12T14:54:39.097Z,38.986084,-0.534517,948
447,PalasietB,PalasietA,2023-10-12T14:54:39.097Z,38.985252,-0.537441,851
448,Alfons MagnanimA,Corts Valencianes 1A,2023-10-12T14:54:39.097Z,38.986084,-0.534517,767
449,Alfons MagnanimB,9 OctubreB,2023-10-12T14:54:39.097Z,38.987144,-0.535236,405
450,Beata InesA,Ausias MarchB,2023-10-12T14:54:39.097Z,38.987684,-0.53061,002
451,Baixada estacio 1,Abu Masaifa,2023-10-12T14:54:39.097Z,38.991213,-0.523787,073
452,N-340B,CV-645A,2023-10-12T14:54:39.097Z,0.0,0.0,008
453,Corts Valencianes 2B,Ausias MarchB,2023-10-12T14:54:49.097Z,38.987684,-0.53061,496
454,PalasietA,Aben FerriA,2023-10-12T14:54:49.097Z,38.985489,-0.534157,897
455,PalasietB,PalasietA,2023-10-12T14:54:49.097Z,38.985252,-0.537441,975
456,Abu Masaifa,9 OctubreA,2023-10-12T14:54:49.097Z,38.987684,-0.53061,672
457,Ausias MarchB,Ximen ToviaB,2023-10-12T14:54:49.097Z,38.991913,-0.524291,505
458,CV-645A,Corts Valencianes 1B,2023-10-12T14:54:59.097Z,38.985252,-0.537441,483
459,CV-645B,N-340A,2023-10-12T14:54:59.097Z,0.0,0.0,828
460,Corts Valencianes 1A,PalasietA,2023-10-12T14:54:59.097Z,38.985252,-0.537441,816
461,Aben FerriA,Alfons MagnanimB,2023-10-12T14:54:59.097Z,38.986084,-0.534517,False
462,Aben FerriB,PalasietB,2023-10-12T14:54:59.097Z,38.985489,-0.534157,200
463,9 OctubreB,9 OctubreA,2023-10-12T14:54:59.097Z,38.987684,-0.53061,405
464,Abu Masaifa,Corts Valencianes 2A,2023-10-12T14:54:59.097Z,38.987684,-0.53061,863
465,N-340A,Gregorio Molina,2023-10-12T14:54:59.097Z,38.992357,-0.519858,163
466,CV-645A,PalasietA,2023-10-12T14:55:09.097Z,38.985252,-0.537441,008
467,CV-645B,N-340A,2023-10-12T14:55:09.097Z,0.0,0.0,201
468,Corts Valencianes 1B,Alfons MagnanimB,2023-10-12T14:55:09.097Z,38.986084,-0.534517,463
469,PalasietA,Aben FerriA,2023-10-12T14:55:09.097Z,38.985489,-0.534157,975
470,Aben FerriB,Aben FerriA,2023-10-12T14:55:09.097Z,38.985489,-0.534157,948
471,9 OctubreA,Alfons MagnanimA,2023-10-12T14:55:09.097Z,38.987144,-0.535236,677
472,Abu Masaifa,Beata InesB,2023-10-12T14:55:09.097Z,38.987684,-0.53061,697
473,N-340A,Ximen ToviaA,2023-10-12T14:55:09.097Z,38.992357,-0.519858,False
474,PalasietB,Corts Valencianes 1B,2023-10-12T14:55:19.097Z,38.985252,-0.537441,200
475,Alfons MagnanimA,Alfons MagnanimB,2023-10-12T14:55:19.097Z,38.986084,-0.534517,672
476,Alfons MagnanimB,9 OctubreB,2023-10-12T14:55:19.097Z,38.987144,-0.535236,851
477,Aben FerriA,Aben FerriB,2023-10-12T14:55:19.097Z,38.986084,-0.534517,975
478,Ausias MarchB,Ximen ToviaB,2023-10-12T14:55:19.097Z,38.991913,-0.524291,002
479,Ximen ToviaB,Ximen ToviaA,2023-10-12T14:55:19.097Z,38.992357,-0.519858,905
480,Academic Maravall,Maulets,2023-10-12T14:55:19.097Z,38.991249,-0.518678,919
481,Alfons MagnanimB,Alfons MagnanimA,2023-10-12T14:55:29.097Z,38.987144,-0.535236,483
482,Aben FerriA,Corts Valencianes 2B,2023-10-12T14:55:29.097Z,38.986084,-0.534517,948
483,9 OctubreA,Alfons MagnanimA,2023-10-12T14:55:29.097Z,38.987144,-0.535236,405
484,Abu Masaifa,Corts Valencianes 2A,2023-10-12T14:55:29.097Z,38.987684,-0.53061,343
485,Ausias MarchB,Ximen ToviaB,2023-10-12T14:55:29.097Z,38.991913,-0.524291,496
486,Ximen ToviaA,Ausias MarchA,2023-10-12T14:55:29.097Z,38.991913,-0.524291,False
487,Ximen ToviaB,Carme 1,2023-10-12T14:55:29.097Z,38.992357,-0.519858,002
488,Gregorio Molina,Baixada estacio 2,2023-10-12T14:55:29.097Z,38.991213,-0.523787,163
489,Corts Valencianes 1B,Corts Valencianes 2B,2023-10-12T14:55:39.097Z,38.986084,-0.534517,999
490,Corts Valencianes 2B,Ausias MarchB,2023-10-12T14:55:39.097Z,38.987684,-0.53061,948
491,PalasietA,PalasietB,2023-10-12T14:55:39.097Z,38.985489,-0.534157,767
492,PalasietB,PalasietA,2023-10-12T14:55:39.097Z,38.985252,-0.537441,325
493,Alfons MagnanimB,9 OctubreB,2023-10-12T14:55:39.097Z,38.987144,-0.535236,218
494,Aben FerriB,PalasietB,2023-10-12T14:55:39.097Z,38.985489,-0.534157,933
495,Abu Masaifa,Beata InesB,2023-10-12T14:55:39.097Z,38.987684,-0.53061,769
496,Ximen ToviaA,Baixada estacio 1,2023-10-12T14:55:39.097Z,38.991913,-0.524291,505
497,Ximen ToviaB,N-340B,2023-10-12T14:55:39.097Z,38.992357,-0.519858,496
498,Corts Valencianes 2A,Corts Valencianes 2B,2023-10-12T14:55:49.097Z,38.986084,-0.534517,683
499,PalasietA,PalasietB,2023-10-12T14:55:49.097Z,38.985489,-0.534157,008
500,Alfons MagnanimA,Corts Valencianes 2B,2023-10-12T14:55:49.097Z,38.986084,-0.534517,463
501,9 OctubreB,9 OctubreA,2023-10-12T14:55:49.097Z,38.987684,-0.53061,851
502,Ausias MarchA,9 OctubreA,2023-10-12T14:55:49.097Z,38.987684,-0.53061,539
503,Baixada estacio 1,Baixada estacio 2,2023-10-12T14:55:49.097Z,38.991213,-0.523787,505
504,Corts Valencianes 2A,Corts Valencianes 1A,2023-10-12T14:55:59.097Z,38.986084,-0.534517,343
505,PalasietB,Corts Valencianes 1B,2023-10-12T14:55:59.097Z,38.985252,-0.537441,816
506,Alfons MagnanimA,Corts Valencianes 2B,2023-10-12T14:55:59.097Z,38.986084,-0.534517,405
507,Argenteria,Aben FerriA,2023-10-12T14:55:59.097Z,38.985489,-0.534157,090
508,N-340B,N-340A,2023-10-12T14:55:59.097Z,0.0,0.0,711
509,CV-645B,N-340A,2023-10-12T14:56:09.097Z,0.0,0.0,872
510,PalasietB,CV-645B,2023-10-12T14:56:09.097Z,38.985252,-0.537441,933
511,Aben FerriA,Corts Valencianes 1A,2023-10-12T14:56:09.097Z,38.986084,-0.534517,090
512,9 OctubreA,Alfons MagnanimA,2023-10-12T14:56:09.097Z,38.987144,-0.535236,851
513,9 OctubreB,Argenteria,2023-10-12T14:56:09.097Z,38.987684,-0.53061,991
514,N-340A,Gregorio Molina,2023-10-12T14:56:09.097Z,38.992357,-0.519858,828
515,N-340B,N-340A,2023-10-12T14:56:09.097Z,0.0,0.0,474
516,Corts Valencianes 1A,CV-645B,2023-10-12T14:56:19.097Z,38.985252,-0.537441,343
517,Corts Valencianes 1B,Corts Valencianes 2B,2023-10-12T14:56:19.097Z,38.986084,-0.534517,767
518,Corts Valencianes 2B,9 OctubreA,2023-10-12T14:56:19.097Z,38.987684,-0.53061,999
519,PalasietA,Aben FerriA,2023-10-12T14:56:19.097Z,38.985489,-0.534157,325
520,PalasietB,Corts Valencianes 1B,2023-10-12T14:56:19.097Z,38.985252,-0.537441,008
521,Alfons MagnanimA,Corts Valencianes 1A,2023-10-12T14:56:19.097Z,38.986084,-0.534517,897
522,Aben FerriB,PalasietB,2023-10-12T14:56:19.097Z,38.985489,-0.534157,109
523,Ausias MarchB,Ausias MarchA,2023-10-12T14:56:19.097Z,38.991913,-0.524291,948
524,Gregorio Molina,Abu Masaifa,2023-10-12T14:56:19.097Z,38.991213,-0.523787,626
525,N-340A,Gregorio Molina,2023-10-12T14:56:19.097Z,38.992357,-0.519858,283
526,Corts Valencianes 1A,Corts Valencianes 1B,2023-10-12T14:56:29.097Z,38.985252,-0.537441,090
527,Corts Valencianes 1B,Corts Valencianes 2B,2023-10-12T14:56:29.097Z,38.986084,-0.534517,False
528,PalasietA,Aben FerriA,2023-10-12T14:56:29.097Z,38.985489,-0.534157,395
529,PalasietB,CV-645B,2023-10-12T14:56:29.097Z,38.985252,-0.537441,996
530,Aben FerriA,Corts Valencianes 2B,2023-10-12T14:56:29.097Z,38.986084,-0.534517,325
531,9 OctubreA,Alfons MagnanimA,2023-10-12T14:56:29.097Z,38.987144,-0.535236,False
532,Ausias MarchA,Reina,2023-10-12T14:56:29.097Z,38.987684,-0.53061,106
533,N-340A,Carme 1,2023-10-12T14:56:29.097Z,38.992357,-0.519858,394
534,Corts Valencianes 1A,CV-645B,2023-10-12T14:56:39.097Z,38.985252,-0.537441,897
535,Corts Valencianes 1B,Corts Valencianes 2B,2023-10-12T14:56:39.097Z,38.986084,-0.534517,090
536,Corts Valencianes 2A,Corts Valencianes 1A,2023-10-12T14:56:39.097Z,38.986084,-0.534517,070
537,Corts Valencianes 2B,9 OctubreA,2023-10-12T14:56:39.097Z,38.987684,-0.53061,683
538,Alfons MagnanimA,Corts Valencianes 1A,2023-10-12T14:56:39.097Z,38.986084,-0.534517,False
539,Argenteria,Aben FerriA,2023-10-12T14:56:39.097Z,38.985489,-0.534157,672
540,Ausias MarchA,Corts Valencianes 2A,2023-10-12T14:56:39.097Z,38.987684,-0.53061,948
541,Gregorio Molina,Abu Masaifa,2023-10-12T14:56:39.097Z,38.991213,-0.523787,283
542,N-340A,Gregorio Molina,2023-10-12T14:56:39.097Z,38.992357,-0.519858,812
543,N-340B,N-340A,2023-10-12T14:56:39.097Z,0.0,0.0,660
544,Corts Valencianes 1A,CV-645B,2023-10-12T14:56:49.097Z,38.985252,-0.537441,False
545,Corts Valencianes 2A,Alfons MagnanimB,2023-10-12T14:56:49.097Z,38.986084,-0.534517,948
546,Corts Valencianes 2B,Argenteria,2023-10-12T14:56:49.097Z,38.987684,-0.53061,489
547,Aben FerriA,Corts Valencianes 1A,2023-10-12T14:56:49.097Z,38.986084,-0.534517,395
548,Abu Masaifa,Corts Valencianes 2A,2023-10-12T14:56:49.097Z,38.987684,-0.53061,626
549,Gregorio Molina,Abu Masaifa,2023-10-12T14:56:49.097Z,38.991213,-0.523787,732
550,CV-645B,Beata InesA,2023-10-12T14:56:59.097Z,0.0,0.0,False
551,Corts Valencianes 1A,Corts Valencianes 1B,2023-10-12T14:56:59.097Z,38.985252,-0.537441,539
552,Alfons MagnanimB,9 OctubreB,2023-10-12T14:56:59.097Z,38.987144,-0.535236,948
553,Aben FerriA,Corts Valencianes 2B,2023-10-12T14:56:59.097Z,38.986084,-0.534517,677
554,N-340A,Carme 1,2023-10-12T14:56:59.097Z,38.992357,-0.519858,474
555,Corts Valencianes 1B,Alfons MagnanimB,2023-10-12T14:57:19.097Z,38.986084,-0.534517,False
556,Corts Valencianes 2A,Corts Valencianes 1A,2023-10-12T14:57:19.097Z,38.986084,-0.534517,626
557,Corts Valencianes 2B,9 OctubreA,2023-10-12T14:57:19.097Z,38.987684,-0.53061,816
558,Argenteria,Aben FerriA,2023-10-12T14:57:19.097Z,38.985489,-0.534157,483
559,Abu Masaifa,9 OctubreA,2023-10-12T14:57:19.097Z,38.987684,-0.53061,283
560,N-340B,N-340A,2023-10-12T14:57:19.097Z,0.0,0.0,351
561,Corts Valencianes 1A,CV-645B,2023-10-12T14:57:29.097Z,38.985252,-0.537441,395
562,Alfons MagnanimB,9 OctubreB,2023-10-12T14:57:29.097Z,38.987144,-0.535236,539
563,9 OctubreA,9 OctubreB,2023-10-12T14:57:29.097Z,38.987144,-0.535236,683
564,9 OctubreB,Reina,2023-10-12T14:57:29.097Z,38.987684,-0.53061,948
565,Beata InesA,9 OctubreA,2023-10-12T14:57:29.097Z,38.987684,-0.53061,347
566,Ximen ToviaB,N-340B,2023-10-12T14:57:29.097Z,38.992357,-0.519858,771
567,Corts Valencianes 1A,Corts Valencianes 1B,2023-10-12T14:57:39.097Z,38.985252,-0.537441,626
568,Corts Valencianes 2B,Ausias MarchB,2023-10-12T14:57:39.097Z,38.987684,-0.53061,325
569,Aben FerriA,Corts Valencianes 2B,2023-10-12T14:57:39.097Z,38.986084,-0.534517,962
570,9 OctubreA,9 OctubreB,2023-10-12T14:57:39.097Z,38.987144,-0.535236,767
571,Corts Valencianes 2B,9 OctubreA,2023-10-12T14:57:49.097Z,38.987684,-0.53061,090
572,9 OctubreA,9 OctubreB,2023-10-12T14:57:49.097Z,38.987144,-0.535236,283
573,9 OctubreB,Corts Valencianes 2A,2023-10-12T14:57:49.097Z,38.987684,-0.53061,False
574,Abu Masaifa,Corts Valencianes 2A,2023-10-12T14:57:49.097Z,38.987684,-0.53061,732
575,Corts Valencianes 2B,Ausias MarchB,2023-10-12T14:57:59.097Z,38.987684,-0.53061,218
576,9 OctubreB,Reina,2023-10-12T14:57:59.097Z,38.987684,-0.53061,863
577,Corts Valencianes 1B,Alfons MagnanimB,2023-10-12T14:58:09.097Z,38.986084,-0.534517,159
578,Corts Valencianes 2A,Aben FerriB,2023-10-12T14:58:09.097Z,38.986084,-0.534517,False
579,9 OctubreB,Ausias MarchB,2023-10-12T14:58:09.097Z,38.987684,-0.53061,767
580,N-340A,Gregorio Molina,2023-10-12T14:58:09.097Z,38.992357,-0.519858,660
581,Corts Valencianes 1B,Corts Valencianes 2B,2023-10-12T14:58:19.097Z,38.986084,-0.534517,626
582,Corts Valencianes 2A,Corts Valencianes 2B,2023-10-12T14:58:19.097Z,38.986084,-0.534517,732
583,Alfons MagnanimB,9 OctubreB,2023-10-12T14:58:19.097Z,38.987144,-0.535236,799
584,Aben FerriB,Aben FerriA,2023-10-12T14:58:19.097Z,38.985489,-0.534157,False
585,Ausias MarchB,Ausias MarchA,2023-10-12T14:58:19.097Z,38.991913,-0.524291,926
586,Gregorio Molina,Abu Masaifa,2023-10-12T14:58:19.097Z,38.991213,-0.523787,880
587,N-340A,Gregorio Molina,2023-10-12T14:58:19.097Z,38.992357,-0.519858,351
588,N-340B,Beata InesA,2023-10-12T14:58:19.097Z,0.0,0.0,491
589,CV-645B,CV-645A,2023-10-12T14:58:29.097Z,0.0,0.0,627
590,Corts Valencianes 2A,Corts Valencianes 2B,2023-10-12T14:58:29.097Z,38.986084,-0.534517,464
591,Alfons MagnanimB,9 OctubreB,2023-10-12T14:58:29.097Z,38.987144,-0.535236,698
592,Aben FerriB,PalasietB,2023-10-12T14:58:29.097Z,38.985489,-0.534157,994
593,Argenteria,PalasietB,2023-10-12T14:58:29.097Z,38.985489,-0.534157,919
594,Corts Valencianes 2B,Ausias MarchB,2023-10-12T14:58:39.097Z,38.987684,-0.53061,362
595,PalasietB,PalasietA,2023-10-12T14:58:39.097Z,38.985252,-0.537441,954
596,9 OctubreB,Argenteria,2023-10-12T14:58:39.097Z,38.987684,-0.53061,799
597,Gregorio Molina,Baixada estacio 2,2023-10-12T14:58:39.097Z,38.991213,-0.523787,351
598,CV-645B,N-340A,2023-10-12T14:58:49.097Z,0.0,0.0,619
599,Corts Valencianes 2B,Argenteria,2023-10-12T14:58:49.097Z,38.987684,-0.53061,828
600,PalasietB,CV-645B,2023-10-12T14:58:49.097Z,38.985252,-0.537441,False
601,9 OctubreB,Argenteria,2023-10-12T14:58:49.097Z,38.987684,-0.53061,890
602,N-340B,N-340A,2023-10-12T14:58:49.097Z,0.0,0.0,717
603,Corts Valencianes 2B,Reina,2023-10-12T14:58:59.097Z,38.987684,-0.53061,732
604,Maulets,Carme 1,2023-10-12T14:58:59.097Z,38.992357,-0.519858,155
605,N-340B,N-340A,2023-10-12T14:58:59.097Z,0.0,0.0,874
606,Corts Valencianes 2B,Reina,2023-10-12T14:59:09.097Z,38.987684,-0.53061,864
607,Argenteria,PalasietB,2023-10-12T14:59:09.097Z,38.985489,-0.534157,False
608,Ausias MarchA,Corts Valencianes 2A,2023-10-12T14:59:09.097Z,38.987684,-0.53061,325
609,Maulets,Ximen ToviaA,2023-10-12T14:59:09.097Z,38.992357,-0.519858,016
610,N-340B,Beata InesA,2023-10-12T14:59:09.097Z,0.0,0.0,960
611,Argenteria,Aben FerriA,2023-10-12T14:59:19.097Z,38.985489,-0.534157,626
612,9 OctubreA,Alfons MagnanimA,2023-10-12T14:59:19.097Z,38.987144,-0.535236,090
613,Beata InesB,CV-645A,2023-10-12T14:59:19.097Z,0.0,0.0,482
614,Maulets,Carme 1,2023-10-12T14:59:19.097Z,38.992357,-0.519858,822
615,CV-645A,Corts Valencianes 1B,2023-10-12T14:59:29.097Z,38.985252,-0.537441,627
616,CV-645B,Beata InesA,2023-10-12T14:59:29.097Z,0.0,0.0,965
617,Corts Valencianes 2A,Corts Valencianes 1A,2023-10-12T14:59:29.097Z,38.986084,-0.534517,325
618,Corts Valencianes 2B,9 OctubreA,2023-10-12T14:59:29.097Z,38.987684,-0.53061,405
619,PalasietA,Aben FerriA,2023-10-12T14:59:29.097Z,38.985489,-0.534157,954
620,PalasietB,CV-645B,2023-10-12T14:59:29.097Z,38.985252,-0.537441,False
621,Argenteria,PalasietB,2023-10-12T14:59:29.097Z,38.985489,-0.534157,False
622,9 OctubreA,Alfons MagnanimA,2023-10-12T14:59:29.097Z,38.987144,-0.535236,347
623,Maulets,Ximen ToviaA,2023-10-12T14:59:29.097Z,38.992357,-0.519858,477
624,N-340A,Ximen ToviaA,2023-10-12T14:59:29.097Z,38.992357,-0.519858,619
625,CV-645B,Beata InesA,2023-10-12T14:59:39.097Z,0.0,0.0,530
626,Corts Valencianes 1A,CV-645B,2023-10-12T14:59:39.097Z,38.985252,-0.537441,325
627,PalasietB,Corts Valencianes 1B,2023-10-12T14:59:39.097Z,38.985252,-0.537441,XXX
628,Aben FerriA,Alfons MagnanimB,2023-10-12T14:59:39.097Z,38.986084,-0.534517,828
629,9 OctubreB,9 OctubreA,2023-10-12T14:59:39.097Z,38.987684,-0.53061,False
630,Ausias MarchB,Ausias MarchA,2023-10-12T14:59:39.097Z,38.991913,-0.524291,816
631,Baixada estacio 1,Abu Masaifa,2023-10-12T14:59:39.097Z,38.991213,-0.523787,669
632,Albereda 2,Cosmografo,2023-10-12T14:59:39.097Z,38.990742,-0.513,False
633,Carme 1,Academic Maravall,2023-10-12T14:59:39.097Z,38.99105,-0.519778,610
634,Academic Maravall,Maulets,2023-10-12T14:59:39.097Z,38.991249,-0.518678,719
635,Cosmografo,Maulets,2023-10-12T14:59:39.097Z,38.991249,-0.518678,750
636,N-340A,Ximen ToviaA,2023-10-12T14:59:39.097Z,38.992357,-0.519858,717
637,CV-645B,N-340A,2023-10-12T14:59:49.097Z,0.0,0.0,066
638,Corts Valencianes 1B,Corts Valencianes 2B,2023-10-12T14:59:49.097Z,38.986084,-0.534517,XXX
639,Alfons MagnanimA,Alfons MagnanimB,2023-10-12T14:59:49.097Z,38.986084,-0.534517,090
640,Alfons MagnanimB,Alfons MagnanimA,2023-10-12T14:59:49.097Z,38.987144,-0.535236,828
641,Aben FerriA,Corts Valencianes 2B,2023-10-12T14:59:49.097Z,38.986084,-0.534517,627
642,Ausias MarchB,Ausias MarchA,2023-10-12T14:59:49.097Z,38.991913,-0.524291,962
643,Beata InesA,Corts Valencianes 2A,2023-10-12T14:59:49.097Z,38.987684,-0.53061,491
644,Beata InesB,Beata InesA,2023-10-12T14:59:49.097Z,0.0,0.0,769
645,Albereda 2,N-340B,2023-10-12T14:59:49.097Z,38.990742,-0.513,847
646,Cosmografo,Maulets,2023-10-12T14:59:49.097Z,38.991249,-0.518678,217
647,Maulets,Ximen ToviaA,2023-10-12T14:59:49.097Z,38.992357,-0.519858,469
648,N-340A,Ximen ToviaA,2023-10-12T14:59:49.097Z,38.992357,-0.519858,874
649,Corts Valencianes 2B,Beata InesB,2023-10-12T14:59:59.097Z,38.987684,-0.53061,698
650,Alfons MagnanimA,Corts Valencianes 1A,2023-10-12T14:59:59.097Z,38.986084,-0.534517,347
651,Alfons MagnanimB,9 OctubreB,2023-10-12T14:59:59.097Z,38.987144,-0.535236,050
652,9 OctubreA,Alfons MagnanimA,2023-10-12T14:59:59.097Z,38.987144,-0.535236,405
653,Ausias MarchB,Ximen ToviaB,2023-10-12T14:59:59.097Z,38.991913,-0.524291,171
654,Beata InesB,Beata InesA,2023-10-12T14:59:59.097Z,0.0,0.0,717
655,Albereda 2,N-340B,2023-10-12T14:59:59.097Z,38.990742,-0.513,827
656,Maulets,N-340B,2023-10-12T14:59:59.097Z,38.992357,-0.519858,177
657,Corts Valencianes 2B,Beata InesB,2023-10-12T15:00:09.097Z,38.987684,-0.53061,954
658,Alfons MagnanimA,Aben FerriB,2023-10-12T15:00:09.097Z,38.986084,-0.534517,626
659,9 OctubreA,Alfons MagnanimA,2023-10-12T15:00:09.097Z,38.987144,-0.535236,441
660,Beata InesA,Ausias MarchB,2023-10-12T15:00:09.097Z,38.987684,-0.53061,960
661,Reina,Albereda 1,2023-10-12T15:00:09.097Z,38.989955,-0.523503,129
662,Baixada estacio 2,Albereda 1,2023-10-12T15:00:09.097Z,38.989955,-0.523503,996
663,Albereda 1,Albereda 2,2023-10-12T15:00:09.097Z,38.990122,-0.519633,588
664,Carme 2,Albereda 2,2023-10-12T15:00:09.097Z,38.990122,-0.519633,660
665,Cosmografo,Maulets,2023-10-12T15:00:09.097Z,38.991249,-0.518678,False
666,Maulets,Ximen ToviaA,2023-10-12T15:00:09.097Z,38.992357,-0.519858,766
667,Republica Argentina,Carme 2,2023-10-12T15:00:09.097Z,38.99105,-0.519778,395
668,CV-645A,Corts Valencianes 1B,2023-10-12T15:00:19.097Z,38.985252,-0.537441,482
669,Corts Valencianes 1A,Corts Valencianes 1B,2023-10-12T15:00:19.097Z,38.985252,-0.537441,347
670,Corts Valencianes 2A,Corts Valencianes 2B,2023-10-12T15:00:19.097Z,38.986084,-0.534517,919
671,Reina,Republica Argentina,2023-10-12T15:00:19.097Z,38.989955,-0.523503,False
672,Ximen ToviaA,Ximen ToviaB,2023-10-12T15:00:19.097Z,38.991913,-0.524291,016
673,Baixada estacio 2,Albereda 1,2023-10-12T15:00:19.097Z,38.989955,-0.523503,499
674,Maulets,Ximen ToviaA,2023-10-12T15:00:19.097Z,38.992357,-0.519858,180
675,CV-645B,Beata InesA,2023-10-12T15:00:29.097Z,0.0,0.0,False
676,Corts Valencianes 1B,Corts Valencianes 2B,2023-10-12T15:00:29.097Z,38.986084,-0.534517,482
677,Ausias MarchB,Ximen ToviaB,2023-10-12T15:00:29.097Z,38.991913,-0.524291,560
678,Beata InesA,Argenteria,2023-10-12T15:00:29.097Z,38.987684,-0.53061,965
679,Reina,Republica Argentina,2023-10-12T15:00:29.097Z,38.989955,-0.523503,699
680,Ximen ToviaA,Ausias MarchA,2023-10-12T15:00:29.097Z,38.991913,-0.524291,False
681,Baixada estacio 2,Republica Argentina,2023-10-12T15:00:29.097Z,38.989955,-0.523503,505
682,Albereda 2,Cosmografo,2023-10-12T15:00:29.097Z,38.990742,-0.513,788
683,Carme 1,Academic Maravall,2023-10-12T15:00:29.097Z,38.99105,-0.519778,002
684,Maulets,Gregorio Molina,2023-10-12T15:00:29.097Z,38.992357,-0.519858,537
685,Republica Argentina,Academic Maravall,2023-10-12T15:00:29.097Z,38.99105,-0.519778,571
686,CV-645B,N-340A,2023-10-12T15:00:39.097Z,0.0,0.0,294
687,Alfons MagnanimA,Alfons MagnanimB,2023-10-12T15:00:39.097Z,38.986084,-0.534517,405
688,Beata InesA,Argenteria,2023-10-12T15:00:39.097Z,38.987684,-0.53061,919
689,Reina,Albereda 1,2023-10-12T15:00:39.097Z,38.989955,-0.523503,166
690,Ximen ToviaB,Carme 1,2023-10-12T15:00:39.097Z,38.992357,-0.519858,274
691,Baixada estacio 2,Republica Argentina,2023-10-12T15:00:39.097Z,38.989955,-0.523503,351
692,Albereda 2,Cosmografo,2023-10-12T15:00:39.097Z,38.990742,-0.513,764
693,Carme 1,Academic Maravall,2023-10-12T15:00:39.097Z,38.99105,-0.519778,394
694,Academic Maravall,Maulets,2023-10-12T15:00:39.097Z,38.991249,-0.518678,False
695,Maulets,N-340B,2023-10-12T15:00:39.097Z,38.992357,-0.519858,918
696,Republica Argentina,Academic Maravall,2023-10-12T15:00:39.097Z,38.99105,-0.519778,998
697,CV-645B,Beata InesA,2023-10-12T15:00:49.097Z,0.0,0.0,955
698,Corts Valencianes 2B,Ausias MarchB,2023-10-12T15:00:49.097Z,38.987684,-0.53061,994
699,Argenteria,Aben FerriA,2023-10-12T15:00:49.097Z,38.985489,-0.534157,965
700,Abu Masaifa,Argenteria,2023-10-12T15:00:49.097Z,38.987684,-0.53061,660
701,Beata InesA,9 OctubreA,2023-10-12T15:00:49.097Z,38.987684,-0.53061,284
702,Beata InesB,Beata InesA,2023-10-12T15:00:49.097Z,0.0,0.0,050
703,Reina,Republica Argentina,2023-10-12T15:00:49.097Z,38.989955,-0.523503,987
704,Ximen ToviaA,Ausias MarchA,2023-10-12T15:00:49.097Z,38.991913,-0.524291,619
705,Albereda 1,Albereda 2,2023-10-12T15:00:49.097Z,38.990122,-0.519633,854
706,Albereda 2,N-340B,2023-10-12T15:00:49.097Z,38.990742,-0.513,697
707,Republica Argentina,Academic Maravall,2023-10-12T15:00:49.097Z,38.99105,-0.519778,466
708,CV-645B,CV-645A,2023-10-12T15:00:59.097Z,0.0,0.0,679
709,Corts Valencianes 1B,Aben FerriB,2023-10-12T15:00:59.097Z,38.986084,-0.534517,347
710,Corts Valencianes 2B,Corts Valencianes 2A,2023-10-12T15:00:59.097Z,38.987684,-0.53061,482
711,Alfons MagnanimB,9 OctubreB,2023-10-12T15:00:59.097Z,38.987144,-0.535236,405
712,Argenteria,Aben FerriA,2023-10-12T15:00:59.097Z,38.985489,-0.534157,919
713,Abu Masaifa,9 OctubreA,2023-10-12T15:00:59.097Z,38.987684,-0.53061,364
714,Ausias MarchA,Beata InesB,2023-10-12T15:00:59.097Z,38.987684,-0.53061,767
715,Beata InesA,9 OctubreA,2023-10-12T15:00:59.097Z,38.987684,-0.53061,False
716,Beata InesB,N-340A,2023-10-12T15:00:59.097Z,0.0,0.0,971
717,Reina,Albereda 1,2023-10-12T15:00:59.097Z,38.989955,-0.523503,575
718,Albereda 1,Albereda 2,2023-10-12T15:00:59.097Z,38.990122,-0.519633,797
719,Albereda 2,N-340B,2023-10-12T15:00:59.097Z,38.990742,-0.513,False
720,Carme 2,Albereda 2,2023-10-12T15:00:59.097Z,38.990122,-0.519633,969
721,Academic Maravall,Maulets,2023-10-12T15:00:59.097Z,38.991249,-0.518678,610
722,Cosmografo,Maulets,2023-10-12T15:00:59.097Z,38.991249,-0.518678,788
723,Maulets,Ximen ToviaA,2023-10-12T15:00:59.097Z,38.992357,-0.519858,996
724,Republica Argentina,Academic Maravall,2023-10-12T15:00:59.097Z,38.99105,-0.519778,333
725,CV-645B,Beata InesA,2023-10-12T15:01:09.097Z,0.0,0.0,False
726,Alfons MagnanimA,Corts Valencianes 2B,2023-10-12T15:01:09.097Z,38.986084,-0.534517,False
727,Beata InesA,9 OctubreA,2023-10-12T15:01:09.097Z,38.987684,-0.53061,False
728,Reina,Republica Argentina,2023-10-12T15:01:09.097Z,38.989955,-0.523503,245
729,Ximen ToviaA,Ximen ToviaB,2023-10-12T15:01:09.097Z,38.991913,-0.524291,499
730,Ximen ToviaB,N-340B,2023-10-12T15:01:09.097Z,38.992357,-0.519858,910
731,Albereda 1,Albereda 2,2023-10-12T15:01:09.097Z,38.990122,-0.519633,999
732,Albereda 2,N-340B,2023-10-12T15:01:09.097Z,38.990742,-0.513,831
733,Cosmografo,Maulets,2023-10-12T15:01:09.097Z,38.991249,-0.518678,False
734,Maulets,Ximen ToviaA,2023-10-12T15:01:09.097Z,38.992357,-0.519858,137
735,Republica Argentina,Carme 2,2023-10-12T15:01:09.097Z,38.99105,-0.519778,087
736,CV-645B,Beata InesA,2023-10-12T15:01:19.097Z,0.0,0.0,797
737,Corts Valencianes 1A,CV-645B,2023-10-12T15:01:19.097Z,38.985252,-0.537441,302
738,Corts Valencianes 2B,Argenteria,2023-10-12T15:01:19.097Z,38.987684,-0.53061,False
739,Aben FerriA,Corts Valencianes 1A,2023-10-12T15:01:19.097Z,38.986084,-0.534517,965
740,Aben FerriB,PalasietB,2023-10-12T15:01:19.097Z,38.985489,-0.534157,False
741,9 OctubreA,9 OctubreB,2023-10-12T15:01:19.097Z,38.987144,-0.535236,284
742,Reina,Albereda 1,2023-10-12T15:01:19.097Z,38.989955,-0.523503,269
743,Albereda 2,N-340B,2023-10-12T15:01:19.097Z,38.990742,-0.513,390
744,Carme 1,Carme 2,2023-10-12T15:01:19.097Z,38.99105,-0.519778,274
745,Academic Maravall,Maulets,2023-10-12T15:01:19.097Z,38.991249,-0.518678,002
746,Corts Valencianes 1A,PalasietA,2023-10-12T15:01:29.097Z,38.985252,-0.537441,965
747,Alfons MagnanimA,Corts Valencianes 1A,2023-10-12T15:01:29.097Z,38.986084,-0.534517,448
748,Aben FerriA,Corts Valencianes 1A,2023-10-12T15:01:29.097Z,38.986084,-0.534517,919
749,9 OctubreA,9 OctubreB,2023-10-12T15:01:29.097Z,38.987144,-0.535236,364
750,9 OctubreB,Ausias MarchB,2023-10-12T15:01:29.097Z,38.987684,-0.53061,050
751,Ximen ToviaB,N-340B,2023-10-12T15:01:29.097Z,38.992357,-0.519858,996
752,Albereda 1,Albereda 2,2023-10-12T15:01:29.097Z,38.990122,-0.519633,022
753,Albereda 2,Cosmografo,2023-10-12T15:01:29.097Z,38.990742,-0.513,False
754,Carme 2,Albereda 2,2023-10-12T15:01:29.097Z,38.990122,-0.519633,963
755,Cosmografo,Maulets,2023-10-12T15:01:29.097Z,38.991249,-0.518678,719
756,Maulets,Gregorio Molina,2023-10-12T15:01:29.097Z,38.992357,-0.519858,237
757,N-340A,Carme 1,2023-10-12T15:01:29.097Z,38.992357,-0.519858,948
758,Republica Argentina,Carme 2,2023-10-12T15:01:29.097Z,38.99105,-0.519778,330
759,CV-645A,Corts Valencianes 1B,2023-10-12T15:01:39.097Z,38.985252,-0.537441,679
760,PalasietB,CV-645B,2023-10-12T15:01:39.097Z,38.985252,-0.537441,False
761,Alfons MagnanimA,Corts Valencianes 2B,2023-10-12T15:01:39.097Z,38.986084,-0.534517,691
762,Aben FerriA,Corts Valencianes 2B,2023-10-12T15:01:39.097Z,38.986084,-0.534517,381
763,Aben FerriB,PalasietB,2023-10-12T15:01:39.097Z,38.985489,-0.534157,046
764,9 OctubreA,9 OctubreB,2023-10-12T15:01:39.097Z,38.987144,-0.535236,717
765,9 OctubreB,Ausias MarchB,2023-10-12T15:01:39.097Z,38.987684,-0.53061,False
766,Abu Masaifa,9 OctubreA,2023-10-12T15:01:39.097Z,38.987684,-0.53061,False
767,Beata InesA,9 OctubreA,2023-10-12T15:01:39.097Z,38.987684,-0.53061,955
768,Reina,Albereda 1,2023-10-12T15:01:39.097Z,38.989955,-0.523503,324
769,Ximen ToviaA,Ximen ToviaB,2023-10-12T15:01:39.097Z,38.991913,-0.524291,969
770,Gregorio Molina,Abu Masaifa,2023-10-12T15:01:39.097Z,38.991213,-0.523787,237
771,Albereda 1,Albereda 2,2023-10-12T15:01:39.097Z,38.990122,-0.519633,809
772,Albereda 2,Cosmografo,2023-10-12T15:01:39.097Z,38.990742,-0.513,949
773,Carme 1,Academic Maravall,2023-10-12T15:01:39.097Z,38.99105,-0.519778,False
774,Academic Maravall,Maulets,2023-10-12T15:01:39.097Z,38.991249,-0.518678,971
775,Maulets,Gregorio Molina,2023-10-12T15:01:39.097Z,38.992357,-0.519858,440
776,CV-645B,CV-645A,2023-10-12T15:01:49.097Z,0.0,0.0,False
777,9 OctubreA,9 OctubreB,2023-10-12T15:01:49.097Z,38.987144,-0.535236,False
778,Beata InesA,Corts Valencianes 2A,2023-10-12T15:01:49.097Z,38.987684,-0.53061,050
779,Reina,Republica Argentina,2023-10-12T15:01:49.097Z,38.989955,-0.523503,676
780,Ximen ToviaA,Ausias MarchA,2023-10-12T15:01:49.097Z,38.991913,-0.524291,180
781,Ximen ToviaB,N-340B,2023-10-12T15:01:49.097Z,38.992357,-0.519858,914
782,Baixada estacio 2,Albereda 1,2023-10-12T15:01:49.097Z,38.989955,-0.523503,416
783,Gregorio Molina,Abu Masaifa,2023-10-12T15:01:49.097Z,38.991213,-0.523787,677
784,Albereda 2,N-340B,2023-10-12T15:01:49.097Z,38.990742,-0.513,902
785,Maulets,N-340B,2023-10-12T15:01:49.097Z,38.992357,-0.519858,895
786,Republica Argentina,Academic Maravall,2023-10-12T15:01:49.097Z,38.99105,-0.519778,False
787,Corts Valencianes 1A,Corts Valencianes 1B,2023-10-12T15:01:59.097Z,38.985252,-0.537441,448
788,Corts Valencianes 2B,Reina,2023-10-12T15:01:59.097Z,38.987684,-0.53061,699
789,Alfons MagnanimB,9 OctubreB,2023-10-12T15:01:59.097Z,38.987144,-0.535236,624
790,Aben FerriB,PalasietB,2023-10-12T15:01:59.097Z,38.985489,-0.534157,975
791,Argenteria,PalasietB,2023-10-12T15:01:59.097Z,38.985489,-0.534157,edi
792,9 OctubreB,Argenteria,2023-10-12T15:01:59.097Z,38.987684,-0.53061,228
793,Beata InesA,Ausias MarchB,2023-10-12T15:01:59.097Z,38.987684,-0.53061,999
794,Ximen ToviaA,Ximen ToviaB,2023-10-12T15:01:59.097Z,38.991913,-0.524291,725
795,Albereda 1,Albereda 2,2023-10-12T15:01:59.097Z,38.990122,-0.519633,160
796,Albereda 2,Cosmografo,2023-10-12T15:01:59.097Z,38.990742,-0.513,722
797,Carme 2,Albereda 2,2023-10-12T15:01:59.097Z,38.990122,-0.519633,239
798,Academic Maravall,Maulets,2023-10-12T15:01:59.097Z,38.991249,-0.518678,711
799,Cosmografo,Maulets,2023-10-12T15:01:59.097Z,38.991249,-0.518678,545
800,Maulets,Ximen ToviaA,2023-10-12T15:01:59.097Z,38.992357,-0.519858,False
801,Republica Argentina,Carme 2,2023-10-12T15:01:59.097Z,38.99105,-0.519778,969
802,CV-645A,PalasietA,2023-10-12T15:02:09.097Z,38.985252,-0.537441,False
803,Corts Valencianes 1B,Corts Valencianes 1A,2023-10-12T15:02:09.097Z,38.986084,-0.534517,679
804,Corts Valencianes 2A,Corts Valencianes 2B,2023-10-12T15:02:09.097Z,38.986084,-0.534517,050
805,Corts Valencianes 2B,Ausias MarchB,2023-10-12T15:02:09.097Z,38.987684,-0.53061,381
806,PalasietB,CV-645B,2023-10-12T15:02:09.097Z,38.985252,-0.537441,046
807,9 OctubreB,Beata InesB,2023-10-12T15:02:09.097Z,38.987684,-0.53061,364
808,Ausias MarchA,Beata InesB,2023-10-12T15:02:09.097Z,38.987684,-0.53061,962
809,Beata InesA,9 OctubreA,2023-10-12T15:02:09.097Z,38.987684,-0.53061,787
810,Ximen ToviaA,Ausias MarchA,2023-10-12T15:02:09.097Z,38.991913,-0.524291,False
811,Ximen ToviaB,N-340B,2023-10-12T15:02:09.097Z,38.992357,-0.519858,462
812,Albereda 1,Albereda 2,2023-10-12T15:02:09.097Z,38.990122,-0.519633,069
813,Albereda 2,Cosmografo,2023-10-12T15:02:09.097Z,38.990742,-0.513,349
814,Academic Maravall,Maulets,2023-10-12T15:02:09.097Z,38.991249,-0.518678,358
815,Maulets,N-340B,2023-10-12T15:02:09.097Z,38.992357,-0.519858,False
816,Corts Valencianes 1B,Alfons MagnanimB,2023-10-12T15:02:19.097Z,38.986084,-0.534517,False
817,PalasietB,CV-645B,2023-10-12T15:02:19.097Z,38.985252,-0.537441,636
818,Abu Masaifa,Corts Valencianes 2A,2023-10-12T15:02:19.097Z,38.987684,-0.53061,237
819,Ximen ToviaA,Ausias MarchA,2023-10-12T15:02:19.097Z,38.991913,-0.524291,091
820,Ximen ToviaB,Gregorio Molina,2023-10-12T15:02:19.097Z,38.992357,-0.519858,019
821,Albereda 2,Cosmografo,2023-10-12T15:02:19.097Z,38.990742,-0.513,126
822,Academic Maravall,Maulets,2023-10-12T15:02:19.097Z,38.991249,-0.518678,999
823,Maulets,Ximen ToviaA,2023-10-12T15:02:19.097Z,38.992357,-0.519858,696
824,N-340B,Beata InesA,2023-10-12T15:02:19.097Z,0.0,0.0,074
825,Corts Valencianes 1A,PalasietA,2023-10-12T15:02:29.097Z,38.985252,-0.537441,679
826,PalasietA,Aben FerriA,2023-10-12T15:02:29.097Z,38.985489,-0.534157,706
827,PalasietB,CV-645B,2023-10-12T15:02:29.097Z,38.985252,-0.537441,497
828,Alfons MagnanimB,9 OctubreB,2023-10-12T15:02:29.097Z,38.987144,-0.535236,496
829,9 OctubreA,9 OctubreB,2023-10-12T15:02:29.097Z,38.987144,-0.535236,False
830,9 OctubreB,Corts Valencianes 2A,2023-10-12T15:02:29.097Z,38.987684,-0.53061,717
831,Reina,Albereda 1,2023-10-12T15:02:29.097Z,38.989955,-0.523503,616
832,Ximen ToviaB,Gregorio Molina,2023-10-12T15:02:29.097Z,38.992357,-0.519858,725
833,Albereda 1,Albereda 2,2023-10-12T15:02:29.097Z,38.990122,-0.519633,678
834,Albereda 2,N-340B,2023-10-12T15:02:29.097Z,38.990742,-0.513,209
835,Carme 2,Albereda 2,2023-10-12T15:02:29.097Z,38.990122,-0.519633,769
836,Academic Maravall,Maulets,2023-10-12T15:02:29.097Z,38.991249,-0.518678,332
837,Maulets,Gregorio Molina,2023-10-12T15:02:29.097Z,38.992357,-0.519858,513
838,N-340B,CV-645A,2023-10-12T15:02:29.097Z,0.0,0.0,False
839,Republica Argentina,Carme 2,2023-10-12T15:02:29.097Z,38.99105,-0.519778,905
840,Aben FerriA,Corts Valencianes 1A,2023-10-12T15:02:39.097Z,38.986084,-0.534517,669
841,Aben FerriB,Aben FerriA,2023-10-12T15:02:39.097Z,38.985489,-0.534157,837
842,9 OctubreA,Alfons MagnanimA,2023-10-12T15:02:39.097Z,38.987144,-0.535236,955
843,9 OctubreB,Argenteria,2023-10-12T15:02:39.097Z,38.987684,-0.53061,False
844,Ausias MarchA,Corts Valencianes 2A,2023-10-12T15:02:39.097Z,38.987684,-0.53061,419
845,Reina,Albereda 1,2023-10-12T15:02:39.097Z,38.989955,-0.523503,690
846,Ximen ToviaA,Baixada estacio 1,2023-10-12T15:02:39.097Z,38.991913,-0.524291,137
847,Gregorio Molina,Baixada estacio 2,2023-10-12T15:02:39.097Z,38.991213,-0.523787,749
848,Albereda 2,N-340B,2023-10-12T15:02:39.097Z,38.990742,-0.513,956
849,Carme 2,Albereda 2,2023-10-12T15:02:39.097Z,38.990122,-0.519633,385
850,Academic Maravall,Maulets,2023-10-12T15:02:39.097Z,38.991249,-0.518678,946
851,Maulets,Ximen ToviaA,2023-10-12T15:02:39.097Z,38.992357,-0.519858,False
852,CV-645A,PalasietA,2023-10-12T15:02:49.097Z,38.985252,-0.537441,False
853,Corts Valencianes 2A,Corts Valencianes 1A,2023-10-12T15:02:49.097Z,38.986084,-0.534517,237
854,PalasietA,Aben FerriA,2023-10-12T15:02:49.097Z,38.985489,-0.534157,679
855,Aben FerriA,Alfons MagnanimB,2023-10-12T15:02:49.097Z,38.986084,-0.534517,837
856,9 OctubreA,9 OctubreB,2023-10-12T15:02:49.097Z,38.987144,-0.535236,797
857,9 OctubreB,Reina,2023-10-12T15:02:49.097Z,38.987684,-0.53061,624
858,Ausias MarchA,Argenteria,2023-10-12T15:02:49.097Z,38.987684,-0.53061,False
859,Beata InesA,Corts Valencianes 2A,2023-10-12T15:02:49.097Z,38.987684,-0.53061,881
860,Beata InesB,CV-645A,2023-10-12T15:02:49.097Z,0.0,0.0,818
861,Reina,Republica Argentina,2023-10-12T15:02:49.097Z,38.989955,-0.523503,629
862,Ximen ToviaA,Ximen ToviaB,2023-10-12T15:02:49.097Z,38.991913,-0.524291,874
863,Baixada estacio 1,Abu Masaifa,2023-10-12T15:02:49.097Z,38.991213,-0.523787,137
864,Baixada estacio 2,Albereda 1,2023-10-12T15:02:49.097Z,38.989955,-0.523503,749
865,Albereda 2,Cosmografo,2023-10-12T15:02:49.097Z,38.990742,-0.513,879
866,Academic Maravall,Maulets,2023-10-12T15:02:49.097Z,38.991249,-0.518678,800
867,Cosmografo,Maulets,2023-10-12T15:02:49.097Z,38.991249,-0.518678,722
868,Maulets,N-340B,2023-10-12T15:02:49.097Z,38.992357,-0.519858,False
869,N-340A,Carme 1,2023-10-12T15:02:49.097Z,38.992357,-0.519858,254
870,Corts Valencianes 1A,Corts Valencianes 1B,2023-10-12T15:02:59.097Z,38.985252,-0.537441,False
871,Alfons MagnanimB,Alfons MagnanimA,2023-10-12T15:02:59.097Z,38.987144,-0.535236,837
872,9 OctubreB,Corts Valencianes 2A,2023-10-12T15:02:59.097Z,38.987684,-0.53061,False
873,Abu Masaifa,9 OctubreA,2023-10-12T15:02:59.097Z,38.987684,-0.53061,677
874,Ausias MarchA,Beata InesB,2023-10-12T15:02:59.097Z,38.987684,-0.53061,993
875,Reina,Republica Argentina,2023-10-12T15:02:59.097Z,38.989955,-0.523503,655
876,Ximen ToviaA,Ximen ToviaB,2023-10-12T15:02:59.097Z,38.991913,-0.524291,714
877,Gregorio Molina,Abu Masaifa,2023-10-12T15:02:59.097Z,38.991213,-0.523787,725
878,Albereda 1,Albereda 2,2023-10-12T15:02:59.097Z,38.990122,-0.519633,146
879,Carme 2,Albereda 2,2023-10-12T15:02:59.097Z,38.990122,-0.519633,898
880,Maulets,Carme 1,2023-10-12T15:02:59.097Z,38.992357,-0.519858,823
881,N-340A,Gregorio Molina,2023-10-12T15:02:59.097Z,38.992357,-0.519858,149
882,CV-645A,PalasietA,2023-10-12T15:03:09.097Z,38.985252,-0.537441,818
883,Corts Valencianes 1A,PalasietA,2023-10-12T15:03:09.097Z,38.985252,-0.537441,237
884,Corts Valencianes 1B,Aben FerriB,2023-10-12T15:03:09.097Z,38.986084,-0.534517,False
885,Corts Valencianes 2A,Aben FerriB,2023-10-12T15:03:09.097Z,38.986084,-0.534517,717
886,PalasietB,CV-645B,2023-10-12T15:03:09.097Z,38.985252,-0.537441,False
887,Alfons MagnanimA,Corts Valencianes 2B,2023-10-12T15:03:09.097Z,38.986084,-0.534517,955
888,Aben FerriA,Corts Valencianes 1A,2023-10-12T15:03:09.097Z,38.986084,-0.534517,False
889,9 OctubreB,Reina,2023-10-12T15:03:09.097Z,38.987684,-0.53061,981
890,Ausias MarchA,Argenteria,2023-10-12T15:03:09.097Z,38.987684,-0.53061,091
891,Carme 1,Academic Maravall,2023-10-12T15:03:09.097Z,38.99105,-0.519778,294
892,Cosmografo,Maulets,2023-10-12T15:03:09.097Z,38.991249,-0.518678,126
893,Maulets,Gregorio Molina,2023-10-12T15:03:09.097Z,38.992357,-0.519858,780
894,CV-645B,Beata InesA,2023-10-12T15:03:19.097Z,0.0,0.0,993
895,Corts Valencianes 1A,CV-645B,2023-10-12T15:03:19.097Z,38.985252,-0.537441,False
896,PalasietB,CV-645B,2023-10-12T15:03:19.097Z,38.985252,-0.537441,354
897,Alfons MagnanimA,Corts Valencianes 1A,2023-10-12T15:03:19.097Z,38.986084,-0.534517,837
898,Aben FerriB,PalasietB,2023-10-12T15:03:19.097Z,38.985489,-0.534157,706
899,Argenteria,Aben FerriA,2023-10-12T15:03:19.097Z,38.985489,-0.534157,284
900,9 OctubreA,Alfons MagnanimA,2023-10-12T15:03:19.097Z,38.987144,-0.535236,677
901,Ausias MarchB,Ximen ToviaB,2023-10-12T15:03:19.097Z,38.991913,-0.524291,979
902,Ximen ToviaA,Ausias MarchA,2023-10-12T15:03:19.097Z,38.991913,-0.524291,767
903,Ximen ToviaB,Gregorio Molina,2023-10-12T15:03:19.097Z,38.992357,-0.519858,874
904,Carme 1,Academic Maravall,2023-10-12T15:03:19.097Z,38.99105,-0.519778,823
905,Academic Maravall,Maulets,2023-10-12T15:03:19.097Z,38.991249,-0.518678,294
906,Maulets,Gregorio Molina,2023-10-12T15:03:19.097Z,38.992357,-0.519858,False
907,Corts Valencianes 2A,Alfons MagnanimB,2023-10-12T15:03:29.097Z,38.986084,-0.534517,619
908,Corts Valencianes 2B,Argenteria,2023-10-12T15:03:29.097Z,38.987684,-0.53061,955
909,PalasietB,CV-645B,2023-10-12T15:03:29.097Z,38.985252,-0.537441,035
910,Alfons MagnanimA,Aben FerriB,2023-10-12T15:03:29.097Z,38.986084,-0.534517,677
911,Aben FerriA,Alfons MagnanimB,2023-10-12T15:03:29.097Z,38.986084,-0.534517,284
912,Aben FerriB,Aben FerriA,2023-10-12T15:03:29.097Z,38.985489,-0.534157,False
913,Ausias MarchB,Ausias MarchA,2023-10-12T15:03:29.097Z,38.991913,-0.524291,090
914,Reina,Republica Argentina,2023-10-12T15:03:29.097Z,38.989955,-0.523503,317
915,Ximen ToviaA,Ximen ToviaB,2023-10-12T15:03:29.097Z,38.991913,-0.524291,994
916,Cosmografo,Maulets,2023-10-12T15:03:29.097Z,38.991249,-0.518678,345
917,Corts Valencianes 2A,Corts Valencianes 2B,2023-10-12T15:03:39.097Z,38.986084,-0.534517,881
918,PalasietA,PalasietB,2023-10-12T15:03:39.097Z,38.985489,-0.534157,237
919,Alfons MagnanimB,Alfons MagnanimA,2023-10-12T15:03:39.097Z,38.987144,-0.535236,619
920,Aben FerriA,Alfons MagnanimB,2023-10-12T15:03:39.097Z,38.986084,-0.534517,False
921,Aben FerriB,Aben FerriA,2023-10-12T15:03:39.097Z,38.985489,-0.534157,677
922,Argenteria,PalasietB,2023-10-12T15:03:39.097Z,38.985489,-0.534157,180
923,9 OctubreB,9 OctubreA,2023-10-12T15:03:39.097Z,38.987684,-0.53061,297
924,Abu Masaifa,Argenteria,2023-10-12T15:03:39.097Z,38.987684,-0.53061,137
925,Beata InesB,N-340A,2023-10-12T15:03:39.097Z,0.0,0.0,473
926,Reina,Republica Argentina,2023-10-12T15:03:39.097Z,38.989955,-0.523503,106
927,Gregorio Molina,Abu Masaifa,2023-10-12T15:03:39.097Z,38.991213,-0.523787,215
928,Maulets,N-340B,2023-10-12T15:03:39.097Z,38.992357,-0.519858,916
929,CV-645B,Beata InesA,2023-10-12T15:03:49.097Z,0.0,0.0,846
930,Corts Valencianes 2B,Ausias MarchB,2023-10-12T15:03:49.097Z,38.987684,-0.53061,881
931,PalasietA,PalasietB,2023-10-12T15:03:49.097Z,38.985489,-0.534157,819
932,Aben FerriA,Corts Valencianes 2B,2023-10-12T15:03:49.097Z,38.986084,-0.534517,412
933,Argenteria,PalasietB,2023-10-12T15:03:49.097Z,38.985489,-0.534157,699
934,Abu Masaifa,9 OctubreA,2023-10-12T15:03:49.097Z,38.987684,-0.53061,725
935,Ausias MarchB,Baixada estacio 1,2023-10-12T15:03:49.097Z,38.991913,-0.524291,405
936,Gregorio Molina,Abu Masaifa,2023-10-12T15:03:49.097Z,38.991213,-0.523787,939
937,Maulets,Ximen ToviaA,2023-10-12T15:03:49.097Z,38.992357,-0.519858,115
938,N-340B,Beata InesA,2023-10-12T15:03:49.097Z,0.0,0.0,False
939,Corts Valencianes 1A,CV-645B,2023-10-12T15:03:59.097Z,38.985252,-0.537441,837
940,Corts Valencianes 2A,Corts Valencianes 2B,2023-10-12T15:03:59.097Z,38.986084,-0.534517,446
941,PalasietB,Corts Valencianes 1B,2023-10-12T15:03:59.097Z,38.985252,-0.537441,237
942,Alfons MagnanimB,Alfons MagnanimA,2023-10-12T15:03:59.097Z,38.987144,-0.535236,False
943,Aben FerriA,Corts Valencianes 2B,2023-10-12T15:03:59.097Z,38.986084,-0.534517,611
944,9 OctubreA,Alfons MagnanimA,2023-10-12T15:03:59.097Z,38.987144,-0.535236,297
945,Ausias MarchB,Ausias MarchA,2023-10-12T15:03:59.097Z,38.991913,-0.524291,999
946,Gregorio Molina,Abu Masaifa,2023-10-12T15:03:59.097Z,38.991213,-0.523787,149
947,Albereda 2,Cosmografo,2023-10-12T15:03:59.097Z,38.990742,-0.513,False
948,Maulets,N-340B,2023-10-12T15:03:59.097Z,38.992357,-0.519858,010
949,CV-645B,CV-645A,2023-10-12T15:04:09.097Z,0.0,0.0,395
950,PalasietA,PalasietB,2023-10-12T15:04:09.097Z,38.985489,-0.534157,528
951,PalasietB,CV-645B,2023-10-12T15:04:09.097Z,38.985252,-0.537441,087
952,Alfons MagnanimA,Corts Valencianes 1A,2023-10-12T15:04:09.097Z,38.986084,-0.534517,False
953,Alfons MagnanimB,9 OctubreB,2023-10-12T15:04:09.097Z,38.987144,-0.535236,459
954,Ausias MarchA,Reina,2023-10-12T15:04:09.097Z,38.987684,-0.53061,False
955,Ausias MarchB,Ausias MarchA,2023-10-12T15:04:09.097Z,38.991913,-0.524291,381
956,Reina,Republica Argentina,2023-10-12T15:04:09.097Z,38.989955,-0.523503,948
957,Ximen ToviaB,N-340B,2023-10-12T15:04:09.097Z,38.992357,-0.519858,714
958,Gregorio Molina,Abu Masaifa,2023-10-12T15:04:09.097Z,38.991213,-0.523787,780
959,Albereda 2,N-340B,2023-10-12T15:04:09.097Z,38.990742,-0.513,023
960,CV-645B,CV-645A,2023-10-12T15:04:19.097Z,0.0,0.0,819
961,Corts Valencianes 1B,Aben FerriB,2023-10-12T15:04:19.097Z,38.986084,-0.534517,237
962,PalasietB,CV-645B,2023-10-12T15:04:19.097Z,38.985252,-0.537441,975
963,Alfons MagnanimA,Corts Valencianes 1A,2023-10-12T15:04:19.097Z,38.986084,-0.534517,297
964,Argenteria,PalasietB,2023-10-12T15:04:19.097Z,38.985489,-0.534157,955
965,Ausias MarchA,Corts Valencianes 2A,2023-10-12T15:04:19.097Z,38.987684,-0.53061,090
966,Beata InesA,Argenteria,2023-10-12T15:04:19.097Z,38.987684,-0.53061,790
967,Reina,Albereda 1,2023-10-12T15:04:19.097Z,38.989955,-0.523503,683
968,Ximen ToviaA,Ausias MarchA,2023-10-12T15:04:19.097Z,38.991913,-0.524291,719
969,Ximen ToviaB,Ximen ToviaA,2023-10-12T15:04:19.097Z,38.992357,-0.519858,491
970,Baixada estacio 1,Abu Masaifa,2023-10-12T15:04:19.097Z,38.991213,-0.523787,405
971,Albereda 1,Albereda 2,2023-10-12T15:04:19.097Z,38.990122,-0.519633,986
972,Albereda 2,Cosmografo,2023-10-12T15:04:19.097Z,38.990742,-0.513,710
973,Cosmografo,Maulets,2023-10-12T15:04:19.097Z,38.991249,-0.518678,597
974,Maulets,Ximen ToviaA,2023-10-12T15:04:19.097Z,38.992357,-0.519858,699
975,Republica Argentina,Carme 2,2023-10-12T15:04:19.097Z,38.99105,-0.519778,351
976,CV-645B,N-340A,2023-10-12T15:04:29.097Z,0.0,0.0,753
977,Corts Valencianes 2B,Corts Valencianes 2A,2023-10-12T15:04:29.097Z,38.987684,-0.53061,832
978,PalasietB,CV-645B,2023-10-12T15:04:29.097Z,38.985252,-0.537441,999
979,Alfons MagnanimA,Corts Valencianes 2B,2023-10-12T15:04:29.097Z,38.986084,-0.534517,435
980,Argenteria,Aben FerriA,2023-10-12T15:04:29.097Z,38.985489,-0.534157,137
981,9 OctubreA,Alfons MagnanimA,2023-10-12T15:04:29.097Z,38.987144,-0.535236,725
982,Ausias MarchA,Ausias MarchB,2023-10-12T15:04:29.097Z,38.987684,-0.53061,False
983,Ausias MarchB,Ximen ToviaB,2023-10-12T15:04:29.097Z,38.991913,-0.524291,False
984,Beata InesA,Corts Valencianes 2A,2023-10-12T15:04:29.097Z,38.987684,-0.53061,False
985,Reina,Republica Argentina,2023-10-12T15:04:29.097Z,38.989955,-0.523503,732
986,Ximen ToviaB,N-340B,2023-10-12T15:04:29.097Z,38.992357,-0.519858,994
987,Gregorio Molina,Abu Masaifa,2023-10-12T15:04:29.097Z,38.991213,-0.523787,874
988,Albereda 1,Albereda 2,2023-10-12T15:04:29.097Z,38.990122,-0.519633,199
989,Albereda 2,Cosmografo,2023-10-12T15:04:29.097Z,38.990742,-0.513,100
990,Cosmografo,Maulets,2023-10-12T15:04:29.097Z,38.991249,-0.518678,362
991,Republica Argentina,Academic Maravall,2023-10-12T15:04:29.097Z,38.99105,-0.519778,717
992,Corts Valencianes 1A,CV-645B,2023-10-12T15:04:39.097Z,38.985252,-0.537441,297
993,Corts Valencianes 2B,Beata InesB,2023-10-12T15:04:39.097Z,38.987684,-0.53061,448
994,PalasietB,CV-645B,2023-10-12T15:04:39.097Z,38.985252,-0.537441,528
995,Alfons MagnanimA,Corts Valencianes 2B,2023-10-12T15:04:39.097Z,38.986084,-0.534517,725
996,9 OctubreB,Argenteria,2023-10-12T15:04:39.097Z,38.987684,-0.53061,499
997,Abu Masaifa,Beata InesB,2023-10-12T15:04:39.097Z,38.987684,-0.53061,123
998,Ausias MarchA,Corts Valencianes 2A,2023-10-12T15:04:39.097Z,38.987684,-0.53061,False
999,Beata InesA,9 OctubreA,2023-10-12T15:04:39.097Z,38.987684,-0.53061,False
