,enter,exit,date,latitude,longitude,matricula
0,Carme 1,Carme 2,2023-07-07T19:27:49.097Z,38.99105,-0.519778,763
1,Carme 2,Albereda 2,2023-07-07T19:27:49.097Z,38.990122,-0.519633,768
2,Republica Argentina,Carme 2,2023-07-07T19:27:49.097Z,38.99105,-0.519778,497
3,CV-645A,Corts Valencianes 1B,2023-07-07T19:27:59.097Z,38.985252,-0.537441,416
4,CV-645B,CV-645B,2023-07-07T19:27:59.097Z,0.0,0.0,217
5,Corts Valencianes 1B,Aben FerriB,2023-07-07T19:27:59.097Z,38.986084,-0.534517,053
6,PalasietA,Aben FerriA,2023-07-07T19:27:59.097Z,38.985489,-0.534157,628
7,Argenteria,PalasietB,2023-07-07T19:27:59.097Z,38.985489,-0.534157,946
8,Abu Masaifa,9 OctubreA,2023-07-07T19:27:59.097Z,38.987684,-0.53061,369
9,Ausias MarchB,Ximen ToviaB,2023-07-07T19:27:59.097Z,38.991913,-0.524291,False
10,Reina,Republica Argentina,2023-07-07T19:27:59.097Z,38.989955,-0.523503,861
11,Ximen ToviaA,Ausias MarchA,2023-07-07T19:27:59.097Z,38.991913,-0.524291,441
12,Ximen ToviaB,N-340B,2023-07-07T19:27:59.097Z,38.992357,-0.519858,706
13,Gregorio Molina,Baixada estacio 2,2023-07-07T19:27:59.097Z,38.991213,-0.523787,404
14,Albereda 2,Cosmografo,2023-07-07T19:27:59.097Z,38.990742,-0.513,824
15,CV-645B,N-340A,2023-07-07T19:28:09.097Z,0.0,0.0,017
16,Corts Valencianes 1B,Corts Valencianes 2B,2023-07-07T19:28:09.097Z,38.986084,-0.534517,647
17,PalasietB,Corts Valencianes 1B,2023-07-07T19:28:09.097Z,38.985252,-0.537441,308
18,Alfons MagnanimA,Corts Valencianes 1A,2023-07-07T19:28:09.097Z,38.986084,-0.534517,695
19,Aben FerriA,Alfons MagnanimB,2023-07-07T19:28:09.097Z,38.986084,-0.534517,628
20,Abu Masaifa,Reina,2023-07-07T19:28:09.097Z,38.987684,-0.53061,332
21,Ausias MarchA,Reina,2023-07-07T19:28:09.097Z,38.987684,-0.53061,312
22,Ausias MarchB,Ximen ToviaB,2023-07-07T19:28:09.097Z,38.991913,-0.524291,False
23,Reina,Reina,2023-07-07T19:28:09.097Z,38.989955,-0.523503,135
24,Ximen ToviaA,Ausias MarchA,2023-07-07T19:28:09.097Z,38.991913,-0.524291,264
25,Baixada estacio 2,Republica Argentina,2023-07-07T19:28:09.097Z,38.989955,-0.523503,404
26,Albereda 1,Albereda 2,2023-07-07T19:28:09.097Z,38.990122,-0.519633,780
27,Republica Argentina,Carme 2,2023-07-07T19:28:09.097Z,38.99105,-0.519778,251
28,Corts Valencianes 1B,Alfons MagnanimB,2023-07-07T19:28:19.097Z,38.986084,-0.534517,108
29,Corts Valencianes 2B,Beata InesB,2023-07-07T19:28:19.097Z,38.987684,-0.53061,287
30,Argenteria,PalasietB,2023-07-07T19:28:19.097Z,38.985489,-0.534157,698
31,Abu Masaifa,Reina,2023-07-07T19:28:19.097Z,38.987684,-0.53061,045
32,Ausias MarchA,9 OctubreA,2023-07-07T19:28:19.097Z,38.987684,-0.53061,edi
33,Ximen ToviaA,Baixada estacio 1,2023-07-07T19:28:19.097Z,38.991913,-0.524291,669
34,Baixada estacio 1,Abu Masaifa,2023-07-07T19:28:19.097Z,38.991213,-0.523787,False
35,Albereda 1,Albereda 2,2023-07-07T19:28:19.097Z,38.990122,-0.519633,196
36,Carme 2,Albereda 2,2023-07-07T19:28:19.097Z,38.990122,-0.519633,969
37,Cosmografo,Maulets,2023-07-07T19:28:19.097Z,38.991249,-0.518678,910
38,N-340B,N-340B,2023-07-07T19:28:19.097Z,0.0,0.0,205
39,Corts Valencianes 2B,Reina,2023-07-07T19:28:29.097Z,38.987684,-0.53061,562
40,Alfons MagnanimB,Alfons MagnanimA,2023-07-07T19:28:29.097Z,38.987144,-0.535236,869
41,9 OctubreB,Corts Valencianes 2A,2023-07-07T19:28:29.097Z,38.987684,-0.53061,080
42,Abu Masaifa,Ausias MarchB,2023-07-07T19:28:29.097Z,38.987684,-0.53061,999
43,Ausias MarchA,9 OctubreA,2023-07-07T19:28:29.097Z,38.987684,-0.53061,966
44,Ausias MarchB,Ausias MarchA,2023-07-07T19:28:29.097Z,38.991913,-0.524291,799
45,Beata InesA,Argenteria,2023-07-07T19:28:29.097Z,38.987684,-0.53061,933
46,Albereda 2,Cosmografo,2023-07-07T19:28:29.097Z,38.990742,-0.513,975
47,Cosmografo,Maulets,2023-07-07T19:28:29.097Z,38.991249,-0.518678,831
48,N-340B,N-340B,2023-07-07T19:28:29.097Z,0.0,0.0,002
49,Republica Argentina,Academic Maravall,2023-07-07T19:28:29.097Z,38.99105,-0.519778,False
50,CV-645B,Beata InesA,2023-07-07T19:28:39.097Z,0.0,0.0,444
51,Corts Valencianes 1A,PalasietA,2023-07-07T19:28:39.097Z,38.985252,-0.537441,False
52,Corts Valencianes 1B,Alfons MagnanimB,2023-07-07T19:28:39.097Z,38.986084,-0.534517,416
53,PalasietB,PalasietA,2023-07-07T19:28:39.097Z,38.985252,-0.537441,945
54,Alfons MagnanimB,9 OctubreB,2023-07-07T19:28:39.097Z,38.987144,-0.535236,108
55,Argenteria,Aben FerriA,2023-07-07T19:28:39.097Z,38.985489,-0.534157,216
56,9 OctubreB,9 OctubreA,2023-07-07T19:28:39.097Z,38.987684,-0.53061,356
57,Abu Masaifa,9 OctubreA,2023-07-07T19:28:39.097Z,38.987684,-0.53061,362
58,Ausias MarchB,Ximen ToviaB,2023-07-07T19:28:39.097Z,38.991913,-0.524291,036
59,Cosmografo,Maulets,2023-07-07T19:28:39.097Z,38.991249,-0.518678,993
60,Republica Argentina,Academic Maravall,2023-07-07T19:28:39.097Z,38.99105,-0.519778,999
61,CV-645B,CV-645B,2023-07-07T19:28:49.097Z,0.0,0.0,284
62,PalasietB,PalasietA,2023-07-07T19:28:49.097Z,38.985252,-0.537441,712
63,Aben FerriA,Aben FerriB,2023-07-07T19:28:49.097Z,38.986084,-0.534517,False
64,9 OctubreB,Reina,2023-07-07T19:28:49.097Z,38.987684,-0.53061,197
65,Ausias MarchB,Ximen ToviaB,2023-07-07T19:28:49.097Z,38.991913,-0.524291,706
66,Beata InesA,Corts Valencianes 2A,2023-07-07T19:28:49.097Z,38.987684,-0.53061,999
67,Academic Maravall,Maulets,2023-07-07T19:28:49.097Z,38.991249,-0.518678,094
68,N-340B,Beata InesA,2023-07-07T19:28:49.097Z,0.0,0.0,877
69,Republica Argentina,Academic Maravall,2023-07-07T19:28:49.097Z,38.99105,-0.519778,mel
70,CV-645B,CV-645B,2023-07-07T19:28:59.097Z,0.0,0.0,196
71,Corts Valencianes 1B,Alfons MagnanimB,2023-07-07T19:28:59.097Z,38.986084,-0.534517,799
72,Corts Valencianes 2A,Alfons MagnanimB,2023-07-07T19:28:59.097Z,38.986084,-0.534517,080
73,PalasietA,PalasietB,2023-07-07T19:28:59.097Z,38.985489,-0.534157,933
74,PalasietB,Corts Valencianes 1B,2023-07-07T19:28:59.097Z,38.985252,-0.537441,False
75,Alfons MagnanimB,Alfons MagnanimA,2023-07-07T19:28:59.097Z,38.987144,-0.535236,416
76,Ausias MarchB,Ausias MarchA,2023-07-07T19:28:59.097Z,38.991913,-0.524291,679
77,N-340B,Beata InesA,2023-07-07T19:28:59.097Z,0.0,0.0,False
78,CV-645B,Beata InesA,2023-07-07T19:29:09.097Z,0.0,0.0,False
79,Corts Valencianes 1B,Corts Valencianes 1A,2023-07-07T19:29:09.097Z,38.986084,-0.534517,308
80,Corts Valencianes 2A,Corts Valencianes 1A,2023-07-07T19:29:09.097Z,38.986084,-0.534517,466
81,PalasietA,Aben FerriA,2023-07-07T19:29:09.097Z,38.985489,-0.534157,849
82,PalasietB,Corts Valencianes 1B,2023-07-07T19:29:09.097Z,38.985252,-0.537441,882
83,Alfons MagnanimA,Corts Valencianes 2B,2023-07-07T19:29:09.097Z,38.986084,-0.534517,628
84,Argenteria,Aben FerriA,2023-07-07T19:29:09.097Z,38.985489,-0.534157,953
85,9 OctubreB,Corts Valencianes 2A,2023-07-07T19:29:09.097Z,38.987684,-0.53061,816
86,Ausias MarchA,Corts Valencianes 2A,2023-07-07T19:29:09.097Z,38.987684,-0.53061,779
87,Academic Maravall,Maulets,2023-07-07T19:29:09.097Z,38.991249,-0.518678,925
88,CV-645B,Beata InesA,2023-07-07T19:29:19.097Z,0.0,0.0,120
89,Corts Valencianes 1B,Aben FerriB,2023-07-07T19:29:19.097Z,38.986084,-0.534517,False
90,PalasietA,Aben FerriA,2023-07-07T19:29:19.097Z,38.985489,-0.534157,712
91,Alfons MagnanimB,9 OctubreB,2023-07-07T19:29:19.097Z,38.987144,-0.535236,799
92,Ausias MarchB,Baixada estacio 1,2023-07-07T19:29:19.097Z,38.991913,-0.524291,119
93,Reina,Republica Argentina,2023-07-07T19:29:19.097Z,38.989955,-0.523503,479
94,Albereda 2,N-340B,2023-07-07T19:29:19.097Z,38.990742,-0.513,672
95,N-340B,Beata InesA,2023-07-07T19:29:19.097Z,0.0,0.0,205
96,CV-645B,Beata InesA,2023-07-07T19:29:29.097Z,0.0,0.0,962
97,Corts Valencianes 1A,CV-645B,2023-07-07T19:29:29.097Z,38.985252,-0.537441,308
98,Corts Valencianes 1B,Alfons MagnanimB,2023-07-07T19:29:29.097Z,38.986084,-0.534517,False
99,Corts Valencianes 2B,Reina,2023-07-07T19:29:29.097Z,38.987684,-0.53061,628
100,Alfons MagnanimB,Alfons MagnanimA,2023-07-07T19:29:29.097Z,38.987144,-0.535236,080
101,Aben FerriA,Corts Valencianes 2B,2023-07-07T19:29:29.097Z,38.986084,-0.534517,845
102,Aben FerriB,PalasietB,2023-07-07T19:29:29.097Z,38.985489,-0.534157,063
103,9 OctubreA,9 OctubreB,2023-07-07T19:29:29.097Z,38.987144,-0.535236,992
104,9 OctubreB,9 OctubreA,2023-07-07T19:29:29.097Z,38.987684,-0.53061,108
105,Ausias MarchA,Argenteria,2023-07-07T19:29:29.097Z,38.987684,-0.53061,679
106,Ausias MarchB,Ximen ToviaB,2023-07-07T19:29:29.097Z,38.991913,-0.524291,186
107,Beata InesB,CV-645A,2023-07-07T19:29:29.097Z,0.0,0.0,287
108,Reina,Republica Argentina,2023-07-07T19:29:29.097Z,38.989955,-0.523503,147
109,Albereda 2,N-340B,2023-07-07T19:29:29.097Z,38.990742,-0.513,993
110,Academic Maravall,Maulets,2023-07-07T19:29:29.097Z,38.991249,-0.518678,False
111,CV-645B,Beata InesA,2023-07-07T19:29:39.097Z,0.0,0.0,955
112,Corts Valencianes 1A,PalasietA,2023-07-07T19:29:39.097Z,38.985252,-0.537441,444
113,PalasietB,Corts Valencianes 1B,2023-07-07T19:29:39.097Z,38.985252,-0.537441,026
114,Alfons MagnanimA,Corts Valencianes 2B,2023-07-07T19:29:39.097Z,38.986084,-0.534517,416
115,Alfons MagnanimB,9 OctubreB,2023-07-07T19:29:39.097Z,38.987144,-0.535236,False
116,Aben FerriA,Aben FerriB,2023-07-07T19:29:39.097Z,38.986084,-0.534517,953
117,Aben FerriB,Aben FerriA,2023-07-07T19:29:39.097Z,38.985489,-0.534157,False
118,9 OctubreA,9 OctubreB,2023-07-07T19:29:39.097Z,38.987144,-0.535236,999
119,Ausias MarchB,Ausias MarchA,2023-07-07T19:29:39.097Z,38.991913,-0.524291,300
120,Beata InesB,N-340A,2023-07-07T19:29:39.097Z,0.0,0.0,389
121,Baixada estacio 1,Abu Masaifa,2023-07-07T19:29:39.097Z,38.991213,-0.523787,181
122,Carme 2,Albereda 2,2023-07-07T19:29:39.097Z,38.990122,-0.519633,376
123,Cosmografo,Maulets,2023-07-07T19:29:39.097Z,38.991249,-0.518678,997
124,N-340B,Beata InesA,2023-07-07T19:29:39.097Z,0.0,0.0,365
125,Republica Argentina,Carme 2,2023-07-07T19:29:39.097Z,38.99105,-0.519778,420
126,CV-645B,Beata InesA,2023-07-07T19:29:49.097Z,0.0,0.0,616
127,Corts Valencianes 1B,Alfons MagnanimB,2023-07-07T19:29:49.097Z,38.986084,-0.534517,026
128,Corts Valencianes 2B,Ausias MarchB,2023-07-07T19:29:49.097Z,38.987684,-0.53061,647
129,PalasietB,CV-645B,2023-07-07T19:29:49.097Z,38.985252,-0.537441,977
130,Alfons MagnanimA,Corts Valencianes 2B,2023-07-07T19:29:49.097Z,38.986084,-0.534517,080
131,Aben FerriA,Alfons MagnanimB,2023-07-07T19:29:49.097Z,38.986084,-0.534517,712
132,Aben FerriB,PalasietB,2023-07-07T19:29:49.097Z,38.985489,-0.534157,216
133,9 OctubreA,9 OctubreB,2023-07-07T19:29:49.097Z,38.987144,-0.535236,edi
134,9 OctubreB,Argenteria,2023-07-07T19:29:49.097Z,38.987684,-0.53061,799
135,Reina,Republica Argentina,2023-07-07T19:29:49.097Z,38.989955,-0.523503,482
136,Albereda 2,Cosmografo,2023-07-07T19:29:49.097Z,38.990742,-0.513,858
137,N-340B,N-340B,2023-07-07T19:29:49.097Z,0.0,0.0,940
138,Corts Valencianes 2A,Corts Valencianes 2B,2023-07-07T19:29:59.097Z,38.986084,-0.534517,767
139,Corts Valencianes 2B,Ausias MarchB,2023-07-07T19:29:59.097Z,38.987684,-0.53061,945
140,PalasietB,Corts Valencianes 1B,2023-07-07T19:29:59.097Z,38.985252,-0.537441,550
141,Alfons MagnanimB,9 OctubreB,2023-07-07T19:29:59.097Z,38.987144,-0.535236,026
142,Aben FerriA,Alfons MagnanimB,2023-07-07T19:29:59.097Z,38.986084,-0.534517,False
143,Argenteria,Aben FerriA,2023-07-07T19:29:59.097Z,38.985489,-0.534157,679
144,Ausias MarchA,9 OctubreA,2023-07-07T19:29:59.097Z,38.987684,-0.53061,009
145,Beata InesA,Argenteria,2023-07-07T19:29:59.097Z,38.987684,-0.53061,677
146,Reina,Albereda 1,2023-07-07T19:29:59.097Z,38.989955,-0.523503,False
147,Carme 2,Albereda 2,2023-07-07T19:29:59.097Z,38.990122,-0.519633,027
148,Cosmografo,Maulets,2023-07-07T19:29:59.097Z,38.991249,-0.518678,819
149,Corts Valencianes 1B,Aben FerriB,2023-07-07T19:30:09.097Z,38.986084,-0.534517,550
150,Corts Valencianes 2A,Corts Valencianes 1A,2023-07-07T19:30:09.097Z,38.986084,-0.534517,799
151,Corts Valencianes 2B,Ausias MarchB,2023-07-07T19:30:09.097Z,38.987684,-0.53061,False
152,PalasietB,Corts Valencianes 1B,2023-07-07T19:30:09.097Z,38.985252,-0.537441,583
153,Alfons MagnanimA,Aben FerriB,2023-07-07T19:30:09.097Z,38.986084,-0.534517,False
154,Alfons MagnanimB,9 OctubreB,2023-07-07T19:30:09.097Z,38.987144,-0.535236,712
155,Aben FerriA,Aben FerriA,2023-07-07T19:30:09.097Z,38.986084,-0.534517,679
156,9 OctubreA,9 OctubreB,2023-07-07T19:30:09.097Z,38.987144,-0.535236,768
157,Beata InesA,Corts Valencianes 2A,2023-07-07T19:30:09.097Z,38.987684,-0.53061,192
158,Reina,Albereda 1,2023-07-07T19:30:09.097Z,38.989955,-0.523503,202
159,Albereda 2,Cosmografo,2023-07-07T19:30:09.097Z,38.990742,-0.513,136
160,Cosmografo,Maulets,2023-07-07T19:30:09.097Z,38.991249,-0.518678,047
161,N-340B,N-340A,2023-07-07T19:30:09.097Z,0.0,0.0,370
162,CV-645A,Corts Valencianes 1B,2023-07-07T19:30:19.097Z,38.985252,-0.537441,182
163,Corts Valencianes 1B,Corts Valencianes 1A,2023-07-07T19:30:19.097Z,38.986084,-0.534517,583
164,Corts Valencianes 2B,Beata InesB,2023-07-07T19:30:19.097Z,38.987684,-0.53061,080
165,PalasietA,PalasietB,2023-07-07T19:30:19.097Z,38.985489,-0.534157,444
166,PalasietB,Corts Valencianes 1B,2023-07-07T19:30:19.097Z,38.985252,-0.537441,962
167,Alfons MagnanimB,Alfons MagnanimA,2023-07-07T19:30:19.097Z,38.987144,-0.535236,False
168,Aben FerriA,Corts Valencianes 2B,2023-07-07T19:30:19.097Z,38.986084,-0.534517,679
169,Argenteria,PalasietB,2023-07-07T19:30:19.097Z,38.985489,-0.534157,159
170,9 OctubreA,Alfons MagnanimA,2023-07-07T19:30:19.097Z,38.987144,-0.535236,386
171,9 OctubreB,Argenteria,2023-07-07T19:30:19.097Z,38.987684,-0.53061,False
172,Beata InesA,Corts Valencianes 2A,2023-07-07T19:30:19.097Z,38.987684,-0.53061,False
173,Albereda 1,Albereda 2,2023-07-07T19:30:19.097Z,38.990122,-0.519633,817
174,Albereda 2,Cosmografo,2023-07-07T19:30:19.097Z,38.990742,-0.513,093
175,Carme 2,Albereda 2,2023-07-07T19:30:19.097Z,38.990122,-0.519633,742
176,CV-645B,N-340A,2023-07-07T19:30:29.097Z,0.0,0.0,423
177,Corts Valencianes 2A,Alfons MagnanimB,2023-07-07T19:30:29.097Z,38.986084,-0.534517,False
178,Corts Valencianes 2B,Beata InesB,2023-07-07T19:30:29.097Z,38.987684,-0.53061,816
179,PalasietB,PalasietA,2023-07-07T19:30:29.097Z,38.985252,-0.537441,881
180,Argenteria,Aben FerriA,2023-07-07T19:30:29.097Z,38.985489,-0.534157,677
181,9 OctubreA,Alfons MagnanimA,2023-07-07T19:30:29.097Z,38.987144,-0.535236,False
182,9 OctubreB,Beata InesB,2023-07-07T19:30:29.097Z,38.987684,-0.53061,309
183,Abu Masaifa,Argenteria,2023-07-07T19:30:29.097Z,38.987684,-0.53061,181
184,Ausias MarchB,Ximen ToviaB,2023-07-07T19:30:29.097Z,38.991913,-0.524291,647
185,Beata InesA,Argenteria,2023-07-07T19:30:29.097Z,38.987684,-0.53061,328
186,Ximen ToviaB,Carme 1,2023-07-07T19:30:29.097Z,38.992357,-0.519858,False
187,Albereda 2,Cosmografo,2023-07-07T19:30:29.097Z,38.990742,-0.513,False
188,Carme 1,Carme 2,2023-07-07T19:30:29.097Z,38.99105,-0.519778,906
189,N-340A,Carme 1,2023-07-07T19:30:29.097Z,38.992357,-0.519858,779
190,Republica Argentina,Carme 2,2023-07-07T19:30:29.097Z,38.99105,-0.519778,016
191,CV-645B,Beata InesA,2023-07-07T19:30:39.097Z,0.0,0.0,597
192,Corts Valencianes 1B,Corts Valencianes 2B,2023-07-07T19:30:39.097Z,38.986084,-0.534517,983
193,Corts Valencianes 2A,Corts Valencianes 2B,2023-07-07T19:30:39.097Z,38.986084,-0.534517,996
194,Corts Valencianes 2B,Ausias MarchB,2023-07-07T19:30:39.097Z,38.987684,-0.53061,679
195,PalasietA,Aben FerriA,2023-07-07T19:30:39.097Z,38.985489,-0.534157,881
196,PalasietB,CV-645B,2023-07-07T19:30:39.097Z,38.985252,-0.537441,638
197,Alfons MagnanimA,Aben FerriB,2023-07-07T19:30:39.097Z,38.986084,-0.534517,499
198,Alfons MagnanimB,Alfons MagnanimA,2023-07-07T19:30:39.097Z,38.987144,-0.535236,False
199,Aben FerriA,Corts Valencianes 1A,2023-07-07T19:30:39.097Z,38.986084,-0.534517,877
200,Aben FerriB,PalasietB,2023-07-07T19:30:39.097Z,38.985489,-0.534157,False
201,Argenteria,Aben FerriA,2023-07-07T19:30:39.097Z,38.985489,-0.534157,False
202,9 OctubreA,Alfons MagnanimA,2023-07-07T19:30:39.097Z,38.987144,-0.535236,108
203,Beata InesA,Reina,2023-07-07T19:30:39.097Z,38.987684,-0.53061,023
204,Reina,Albereda 1,2023-07-07T19:30:39.097Z,38.989955,-0.523503,484
205,Ximen ToviaB,N-340B,2023-07-07T19:30:39.097Z,38.992357,-0.519858,874
206,Albereda 1,Albereda 2,2023-07-07T19:30:39.097Z,38.990122,-0.519633,813
207,Albereda 2,N-340B,2023-07-07T19:30:39.097Z,38.990742,-0.513,371
208,Carme 2,Albereda 2,2023-07-07T19:30:39.097Z,38.990122,-0.519633,False
209,Cosmografo,Maulets,2023-07-07T19:30:39.097Z,38.991249,-0.518678,699
210,N-340A,Ximen ToviaA,2023-07-07T19:30:39.097Z,38.992357,-0.519858,716
211,Republica Argentina,Carme 2,2023-07-07T19:30:39.097Z,38.99105,-0.519778,395
212,Corts Valencianes 1B,Corts Valencianes 2B,2023-07-07T19:30:49.097Z,38.986084,-0.534517,287
213,Corts Valencianes 2B,Reina,2023-07-07T19:30:49.097Z,38.987684,-0.53061,983
214,PalasietB,CV-645B,2023-07-07T19:30:49.097Z,38.985252,-0.537441,883
215,Alfons MagnanimA,Corts Valencianes 1A,2023-07-07T19:30:49.097Z,38.986084,-0.534517,902
216,Aben FerriA,Alfons MagnanimB,2023-07-07T19:30:49.097Z,38.986084,-0.534517,881
217,9 OctubreA,9 OctubreB,2023-07-07T19:30:49.097Z,38.987144,-0.535236,906
218,Beata InesA,Argenteria,2023-07-07T19:30:49.097Z,38.987684,-0.53061,362
219,Reina,Republica Argentina,2023-07-07T19:30:49.097Z,38.989955,-0.523503,919
220,Ximen ToviaB,Ximen ToviaA,2023-07-07T19:30:49.097Z,38.992357,-0.519858,036
221,Albereda 2,Cosmografo,2023-07-07T19:30:49.097Z,38.990742,-0.513,313
222,Cosmografo,Maulets,2023-07-07T19:30:49.097Z,38.991249,-0.518678,093
223,N-340A,Carme 1,2023-07-07T19:30:49.097Z,38.992357,-0.519858,759
224,N-340B,N-340A,2023-07-07T19:30:49.097Z,0.0,0.0,999
225,Republica Argentina,Academic Maravall,2023-07-07T19:30:49.097Z,38.99105,-0.519778,False
226,Corts Valencianes 1A,Corts Valencianes 1B,2023-07-07T19:30:59.097Z,38.985252,-0.537441,False
227,PalasietB,PalasietA,2023-07-07T19:30:59.097Z,38.985252,-0.537441,852
228,Alfons MagnanimA,Aben FerriB,2023-07-07T19:30:59.097Z,38.986084,-0.534517,False
229,Aben FerriB,PalasietB,2023-07-07T19:30:59.097Z,38.985489,-0.534157,550
230,Ausias MarchB,Ausias MarchA,2023-07-07T19:30:59.097Z,38.991913,-0.524291,849
231,Beata InesA,9 OctubreA,2023-07-07T19:30:59.097Z,38.987684,-0.53061,955
232,Reina,Albereda 1,2023-07-07T19:30:59.097Z,38.989955,-0.523503,719
233,Ximen ToviaB,N-340B,2023-07-07T19:30:59.097Z,38.992357,-0.519858,106
234,Baixada estacio 1,Abu Masaifa,2023-07-07T19:30:59.097Z,38.991213,-0.523787,669
235,Albereda 1,Albereda 2,2023-07-07T19:30:59.097Z,38.990122,-0.519633,False
236,Albereda 2,N-340B,2023-07-07T19:30:59.097Z,38.990742,-0.513,127
237,Academic Maravall,Academic Maravall,2023-07-07T19:30:59.097Z,38.991249,-0.518678,False
238,Cosmografo,Maulets,2023-07-07T19:30:59.097Z,38.991249,-0.518678,661
239,N-340A,Gregorio Molina,2023-07-07T19:30:59.097Z,38.992357,-0.519858,256
240,CV-645B,Beata InesA,2023-07-07T19:31:09.097Z,0.0,0.0,354
241,Corts Valencianes 1A,CV-645B,2023-07-07T19:31:09.097Z,38.985252,-0.537441,561
242,PalasietA,Aben FerriA,2023-07-07T19:31:09.097Z,38.985489,-0.534157,252
243,PalasietB,CV-645B,2023-07-07T19:31:09.097Z,38.985252,-0.537441,959
244,Alfons MagnanimA,Corts Valencianes 2B,2023-07-07T19:31:09.097Z,38.986084,-0.534517,108
245,Alfons MagnanimB,9 OctubreB,2023-07-07T19:31:09.097Z,38.987144,-0.535236,881
246,Aben FerriB,Aben FerriA,2023-07-07T19:31:09.097Z,38.985489,-0.534157,False
247,Argenteria,PalasietB,2023-07-07T19:31:09.097Z,38.985489,-0.534157,181
248,9 OctubreB,Ausias MarchB,2023-07-07T19:31:09.097Z,38.987684,-0.53061,124
249,Ausias MarchB,Baixada estacio 1,2023-07-07T19:31:09.097Z,38.991913,-0.524291,416
250,Beata InesA,Reina,2023-07-07T19:31:09.097Z,38.987684,-0.53061,185
251,Reina,Albereda 1,2023-07-07T19:31:09.097Z,38.989955,-0.523503,696
252,Ximen ToviaA,Ximen ToviaB,2023-07-07T19:31:09.097Z,38.991913,-0.524291,716
253,Gregorio Molina,Abu Masaifa,2023-07-07T19:31:09.097Z,38.991213,-0.523787,230
254,Albereda 1,Albereda 2,2023-07-07T19:31:09.097Z,38.990122,-0.519633,978
255,Carme 1,Carme 2,2023-07-07T19:31:09.097Z,38.99105,-0.519778,717
256,Academic Maravall,Maulets,2023-07-07T19:31:09.097Z,38.991249,-0.518678,False
257,N-340A,Gregorio Molina,2023-07-07T19:31:09.097Z,38.992357,-0.519858,017
258,CV-645B,CV-645B,2023-07-07T19:31:19.097Z,0.0,0.0,844
259,Corts Valencianes 1A,Corts Valencianes 1B,2023-07-07T19:31:19.097Z,38.985252,-0.537441,699
260,Corts Valencianes 1B,Alfons MagnanimB,2023-07-07T19:31:19.097Z,38.986084,-0.534517,799
261,Aben FerriA,Alfons MagnanimB,2023-07-07T19:31:19.097Z,38.986084,-0.534517,852
262,Aben FerriB,PalasietB,2023-07-07T19:31:19.097Z,38.985489,-0.534157,933
263,Argenteria,PalasietB,2023-07-07T19:31:19.097Z,38.985489,-0.534157,769
264,9 OctubreB,Argenteria,2023-07-07T19:31:19.097Z,38.987684,-0.53061,966
265,Ausias MarchB,Ausias MarchA,2023-07-07T19:31:19.097Z,38.991913,-0.524291,679
266,Beata InesA,Ausias MarchB,2023-07-07T19:31:19.097Z,38.987684,-0.53061,818
267,Baixada estacio 1,Baixada estacio 2,2023-07-07T19:31:19.097Z,38.991213,-0.523787,416
268,Gregorio Molina,Abu Masaifa,2023-07-07T19:31:19.097Z,38.991213,-0.523787,017
269,Carme 1,Academic Maravall,2023-07-07T19:31:19.097Z,38.99105,-0.519778,294
270,Cosmografo,Maulets,2023-07-07T19:31:19.097Z,38.991249,-0.518678,824
271,N-340A,Ximen ToviaA,2023-07-07T19:31:19.097Z,38.992357,-0.519858,696
272,Republica Argentina,Carme 2,2023-07-07T19:31:19.097Z,38.99105,-0.519778,668
273,Corts Valencianes 1A,PalasietA,2023-07-07T19:31:29.097Z,38.985252,-0.537441,902
274,Corts Valencianes 2B,Argenteria,2023-07-07T19:31:29.097Z,38.987684,-0.53061,996
275,PalasietB,Corts Valencianes 1B,2023-07-07T19:31:29.097Z,38.985252,-0.537441,mes
276,Alfons MagnanimA,Aben FerriB,2023-07-07T19:31:29.097Z,38.986084,-0.534517,False
277,Alfons MagnanimB,9 OctubreB,2023-07-07T19:31:29.097Z,38.987144,-0.535236,799
278,Aben FerriB,PalasietB,2023-07-07T19:31:29.097Z,38.985489,-0.534157,356
279,Ausias MarchA,Reina,2023-07-07T19:31:29.097Z,38.987684,-0.53061,845
280,Beata InesA,Ausias MarchB,2023-07-07T19:31:29.097Z,38.987684,-0.53061,597
281,Ximen ToviaA,Ausias MarchA,2023-07-07T19:31:29.097Z,38.991913,-0.524291,036
282,Baixada estacio 2,Baixada estacio 2,2023-07-07T19:31:29.097Z,38.989955,-0.523503,164
283,Carme 1,Academic Maravall,2023-07-07T19:31:29.097Z,38.99105,-0.519778,082
284,Academic Maravall,Maulets,2023-07-07T19:31:29.097Z,38.991249,-0.518678,294
285,N-340A,Gregorio Molina,2023-07-07T19:31:29.097Z,38.992357,-0.519858,870
286,CV-645B,CV-645A,2023-07-07T19:31:39.097Z,0.0,0.0,797
287,Corts Valencianes 2B,Reina,2023-07-07T19:31:39.097Z,38.987684,-0.53061,287
288,PalasietB,CV-645B,2023-07-07T19:31:39.097Z,38.985252,-0.537441,False
289,Aben FerriA,Corts Valencianes 2B,2023-07-07T19:31:39.097Z,38.986084,-0.534517,False
290,Aben FerriB,PalasietB,2023-07-07T19:31:39.097Z,38.985489,-0.534157,False
291,Argenteria,PalasietB,2023-07-07T19:31:39.097Z,38.985489,-0.534157,669
292,9 OctubreA,Alfons MagnanimA,2023-07-07T19:31:39.097Z,38.987144,-0.535236,False
293,9 OctubreB,Argenteria,2023-07-07T19:31:39.097Z,38.987684,-0.53061,992
294,Beata InesA,Corts Valencianes 2A,2023-07-07T19:31:39.097Z,38.987684,-0.53061,354
295,Reina,Republica Argentina,2023-07-07T19:31:39.097Z,38.989955,-0.523503,693
296,Baixada estacio 2,Albereda 1,2023-07-07T19:31:39.097Z,38.989955,-0.523503,416
297,Gregorio Molina,Baixada estacio 2,2023-07-07T19:31:39.097Z,38.991213,-0.523787,767
298,Albereda 1,Albereda 2,2023-07-07T19:31:39.097Z,38.990122,-0.519633,699
299,Academic Maravall,Maulets,2023-07-07T19:31:39.097Z,38.991249,-0.518678,082
300,Cosmografo,Maulets,2023-07-07T19:31:39.097Z,38.991249,-0.518678,313
301,N-340A,Ximen ToviaA,2023-07-07T19:31:39.097Z,38.992357,-0.519858,421
302,CV-645B,N-340A,2023-07-07T19:31:49.097Z,0.0,0.0,926
303,Corts Valencianes 1B,Aben FerriB,2023-07-07T19:31:49.097Z,38.986084,-0.534517,877
304,PalasietA,PalasietB,2023-07-07T19:31:49.097Z,38.985489,-0.534157,False
305,PalasietB,Corts Valencianes 1B,2023-07-07T19:31:49.097Z,38.985252,-0.537441,069
306,Alfons MagnanimA,Corts Valencianes 2B,2023-07-07T19:31:49.097Z,38.986084,-0.534517,955
307,Alfons MagnanimB,Alfons MagnanimA,2023-07-07T19:31:49.097Z,38.987144,-0.535236,852
308,Aben FerriA,Alfons MagnanimB,2023-07-07T19:31:49.097Z,38.986084,-0.534517,449
309,9 OctubreB,Reina,2023-07-07T19:31:49.097Z,38.987684,-0.53061,906
310,Ausias MarchA,9 OctubreA,2023-07-07T19:31:49.097Z,38.987684,-0.53061,679
311,Ausias MarchB,Ximen ToviaB,2023-07-07T19:31:49.097Z,38.991913,-0.524291,124
312,Reina,Albereda 1,2023-07-07T19:31:49.097Z,38.989955,-0.523503,166
313,Ximen ToviaA,Baixada estacio 1,2023-07-07T19:31:49.097Z,38.991913,-0.524291,389
314,Albereda 1,Albereda 2,2023-07-07T19:31:49.097Z,38.990122,-0.519633,800
315,Carme 1,Academic Maravall,2023-07-07T19:31:49.097Z,38.99105,-0.519778,691
316,N-340A,Gregorio Molina,2023-07-07T19:31:49.097Z,38.992357,-0.519858,999
317,CV-645B,CV-645A,2023-07-07T19:31:59.097Z,0.0,0.0,627
318,Corts Valencianes 1B,Corts Valencianes 1A,2023-07-07T19:31:59.097Z,38.986084,-0.534517,719
319,Corts Valencianes 2A,Alfons MagnanimB,2023-07-07T19:31:59.097Z,38.986084,-0.534517,357
320,Corts Valencianes 2B,Argenteria,2023-07-07T19:31:59.097Z,38.987684,-0.53061,108
321,PalasietB,CV-645B,2023-07-07T19:31:59.097Z,38.985252,-0.537441,718
322,Alfons MagnanimA,Corts Valencianes 2B,2023-07-07T19:31:59.097Z,38.986084,-0.534517,252
323,Alfons MagnanimB,9 OctubreB,2023-07-07T19:31:59.097Z,38.987144,-0.535236,False
324,9 OctubreB,Ausias MarchB,2023-07-07T19:31:59.097Z,38.987684,-0.53061,881
325,Abu Masaifa,Argenteria,2023-07-07T19:31:59.097Z,38.987684,-0.53061,669
326,Ausias MarchA,Argenteria,2023-07-07T19:31:59.097Z,38.987684,-0.53061,035
327,Ausias MarchB,Ausias MarchA,2023-07-07T19:31:59.097Z,38.991913,-0.524291,816
328,Ximen ToviaA,Ximen ToviaB,2023-07-07T19:31:59.097Z,38.991913,-0.524291,423
329,Baixada estacio 1,Baixada estacio 2,2023-07-07T19:31:59.097Z,38.991213,-0.523787,389
330,Gregorio Molina,Abu Masaifa,2023-07-07T19:31:59.097Z,38.991213,-0.523787,164
331,Academic Maravall,Maulets,2023-07-07T19:31:59.097Z,38.991249,-0.518678,692
332,N-340B,Beata InesA,2023-07-07T19:31:59.097Z,0.0,0.0,969
333,Corts Valencianes 1A,CV-645B,2023-07-07T19:32:09.097Z,38.985252,-0.537441,False
334,Corts Valencianes 1B,Corts Valencianes 1A,2023-07-07T19:32:09.097Z,38.986084,-0.534517,530
335,Corts Valencianes 2B,9 OctubreA,2023-07-07T19:32:09.097Z,38.987684,-0.53061,False
336,PalasietB,PalasietA,2023-07-07T19:32:09.097Z,38.985252,-0.537441,133
337,Alfons MagnanimB,Alfons MagnanimA,2023-07-07T19:32:09.097Z,38.987144,-0.535236,916
338,Aben FerriB,PalasietB,2023-07-07T19:32:09.097Z,38.985489,-0.534157,877
339,Argenteria,PalasietB,2023-07-07T19:32:09.097Z,38.985489,-0.534157,768
340,9 OctubreB,Beata InesB,2023-07-07T19:32:09.097Z,38.987684,-0.53061,799
341,Beata InesB,CV-645A,2023-07-07T19:32:09.097Z,0.0,0.0,767
342,N-340B,N-340B,2023-07-07T19:32:09.097Z,0.0,0.0,269
343,Corts Valencianes 1A,Corts Valencianes 1A,2023-07-07T19:32:19.097Z,38.985252,-0.537441,530
344,PalasietA,Aben FerriA,2023-07-07T19:32:19.097Z,38.985489,-0.534157,False
345,Alfons MagnanimA,Aben FerriB,2023-07-07T19:32:19.097Z,38.986084,-0.534517,354
346,Argenteria,Argenteria,2023-07-07T19:32:19.097Z,38.985489,-0.534157,053
347,9 OctubreB,Ausias MarchB,2023-07-07T19:32:19.097Z,38.987684,-0.53061,026
348,Ausias MarchB,Ausias MarchA,2023-07-07T19:32:19.097Z,38.991913,-0.524291,597
349,N-340B,N-340B,2023-07-07T19:32:19.097Z,0.0,0.0,826
350,CV-645B,CV-645B,2023-07-07T19:32:29.097Z,0.0,0.0,631
351,Corts Valencianes 2B,Argenteria,2023-07-07T19:32:29.097Z,38.987684,-0.53061,955
352,PalasietB,Corts Valencianes 1B,2023-07-07T19:32:29.097Z,38.985252,-0.537441,005
353,Aben FerriA,Corts Valencianes 1A,2023-07-07T19:32:29.097Z,38.986084,-0.534517,133
354,Aben FerriB,Aben FerriA,2023-07-07T19:32:29.097Z,38.985489,-0.534157,354
355,Argenteria,PalasietB,2023-07-07T19:32:29.097Z,38.985489,-0.534157,592
356,9 OctubreA,9 OctubreB,2023-07-07T19:32:29.097Z,38.987144,-0.535236,679
357,9 OctubreB,Ausias MarchB,2023-07-07T19:32:29.097Z,38.987684,-0.53061,False
358,Abu Masaifa,9 OctubreA,2023-07-07T19:32:29.097Z,38.987684,-0.53061,062
359,Ausias MarchB,Ausias MarchB,2023-07-07T19:32:29.097Z,38.991913,-0.524291,881
360,CV-645A,PalasietA,2023-07-07T19:32:39.097Z,38.985252,-0.537441,787
361,Corts Valencianes 1A,CV-645B,2023-07-07T19:32:39.097Z,38.985252,-0.537441,919
362,Corts Valencianes 2B,Ausias MarchB,2023-07-07T19:32:39.097Z,38.987684,-0.53061,852
363,PalasietB,CV-645B,2023-07-07T19:32:39.097Z,38.985252,-0.537441,769
364,Aben FerriA,Corts Valencianes 2B,2023-07-07T19:32:39.097Z,38.986084,-0.534517,354
365,Ausias MarchA,9 OctubreA,2023-07-07T19:32:39.097Z,38.987684,-0.53061,676
366,Beata InesB,Beata InesA,2023-07-07T19:32:39.097Z,0.0,0.0,999
367,Ximen ToviaB,N-340B,2023-07-07T19:32:39.097Z,38.992357,-0.519858,186
368,Albereda 2,N-340B,2023-07-07T19:32:39.097Z,38.990742,-0.513,False
369,N-340B,N-340B,2023-07-07T19:32:39.097Z,0.0,0.0,990
370,CV-645A,Corts Valencianes 1B,2023-07-07T19:32:49.097Z,38.985252,-0.537441,627
371,CV-645B,CV-645A,2023-07-07T19:32:49.097Z,0.0,0.0,949
372,Corts Valencianes 1A,CV-645B,2023-07-07T19:32:49.097Z,38.985252,-0.537441,False
373,Corts Valencianes 1B,Corts Valencianes 2B,2023-07-07T19:32:49.097Z,38.986084,-0.534517,200
374,Corts Valencianes 2B,Ausias MarchB,2023-07-07T19:32:49.097Z,38.987684,-0.53061,916
375,PalasietB,Corts Valencianes 1B,2023-07-07T19:32:49.097Z,38.985252,-0.537441,240
376,Ausias MarchB,Ximen ToviaB,2023-07-07T19:32:49.097Z,38.991913,-0.524291,026
377,Beata InesA,Corts Valencianes 2A,2023-07-07T19:32:49.097Z,38.987684,-0.53061,911
378,CV-645A,PalasietA,2023-07-07T19:32:59.097Z,38.985252,-0.537441,767
379,Corts Valencianes 1B,Corts Valencianes 1B,2023-07-07T19:32:59.097Z,38.986084,-0.534517,867
380,PalasietA,Aben FerriA,2023-07-07T19:32:59.097Z,38.985489,-0.534157,787
381,Alfons MagnanimB,9 OctubreB,2023-07-07T19:32:59.097Z,38.987144,-0.535236,False
382,9 OctubreA,9 OctubreB,2023-07-07T19:32:59.097Z,38.987144,-0.535236,192
383,Ausias MarchB,Ximen ToviaB,2023-07-07T19:32:59.097Z,38.991913,-0.524291,False
384,Beata InesA,9 OctubreA,2023-07-07T19:32:59.097Z,38.987684,-0.53061,369
385,N-340B,Beata InesA,2023-07-07T19:32:59.097Z,0.0,0.0,378
386,Corts Valencianes 1B,Corts Valencianes 1A,2023-07-07T19:33:09.097Z,38.986084,-0.534517,240
387,Corts Valencianes 2B,9 OctubreA,2023-07-07T19:33:09.097Z,38.987684,-0.53061,200
388,Aben FerriA,Aben FerriB,2023-07-07T19:33:09.097Z,38.986084,-0.534517,787
389,9 OctubreA,Alfons MagnanimA,2023-07-07T19:33:09.097Z,38.987144,-0.535236,256
390,9 OctubreB,Corts Valencianes 2A,2023-07-07T19:33:09.097Z,38.987684,-0.53061,679
391,Abu Masaifa,Ausias MarchB,2023-07-07T19:33:09.097Z,38.987684,-0.53061,350
392,Ausias MarchB,Ximen ToviaB,2023-07-07T19:33:09.097Z,38.991913,-0.524291,881
393,N-340B,N-340B,2023-07-07T19:33:09.097Z,0.0,0.0,216
394,CV-645B,CV-645A,2023-07-07T19:33:19.097Z,0.0,0.0,False
395,Corts Valencianes 1A,CV-645B,2023-07-07T19:33:19.097Z,38.985252,-0.537441,240
396,Corts Valencianes 1B,Corts Valencianes 1A,2023-07-07T19:33:19.097Z,38.986084,-0.534517,627
397,Corts Valencianes 2A,Aben FerriB,2023-07-07T19:33:19.097Z,38.986084,-0.534517,969
398,PalasietB,CV-645B,2023-07-07T19:33:19.097Z,38.985252,-0.537441,948
399,Alfons MagnanimA,Corts Valencianes 2B,2023-07-07T19:33:19.097Z,38.986084,-0.534517,False
400,Aben FerriB,PalasietB,2023-07-07T19:33:19.097Z,38.985489,-0.534157,787
401,9 OctubreA,9 OctubreB,2023-07-07T19:33:19.097Z,38.987144,-0.535236,616
402,Ausias MarchA,Argenteria,2023-07-07T19:33:19.097Z,38.987684,-0.53061,597
403,Ausias MarchB,Ximen ToviaB,2023-07-07T19:33:19.097Z,38.991913,-0.524291,852
404,N-340B,Beata InesA,2023-07-07T19:33:19.097Z,0.0,0.0,122
405,CV-645A,PalasietA,2023-07-07T19:33:29.097Z,38.985252,-0.537441,960
406,CV-645B,Beata InesA,2023-07-07T19:33:29.097Z,0.0,0.0,False
407,PalasietA,PalasietB,2023-07-07T19:33:29.097Z,38.985489,-0.534157,816
408,PalasietB,Corts Valencianes 1B,2023-07-07T19:33:29.097Z,38.985252,-0.537441,699
409,Aben FerriB,Aben FerriA,2023-07-07T19:33:29.097Z,38.985489,-0.534157,718
410,9 OctubreA,9 OctubreB,2023-07-07T19:33:29.097Z,38.987144,-0.535236,369
411,9 OctubreB,9 OctubreA,2023-07-07T19:33:29.097Z,38.987684,-0.53061,998
412,Abu Masaifa,Reina,2023-07-07T19:33:29.097Z,38.987684,-0.53061,037
413,Ausias MarchB,Baixada estacio 1,2023-07-07T19:33:29.097Z,38.991913,-0.524291,354
414,Ximen ToviaB,N-340B,2023-07-07T19:33:29.097Z,38.992357,-0.519858,647
415,Albereda 2,N-340B,2023-07-07T19:33:29.097Z,38.990742,-0.513,847
416,CV-645A,Corts Valencianes 1B,2023-07-07T19:33:39.097Z,38.985252,-0.537441,355
417,CV-645B,CV-645A,2023-07-07T19:33:39.097Z,0.0,0.0,122
418,Corts Valencianes 1B,Aben FerriB,2023-07-07T19:33:39.097Z,38.986084,-0.534517,691
419,PalasietA,PalasietB,2023-07-07T19:33:39.097Z,38.985489,-0.534157,479
420,Aben FerriA,Corts Valencianes 2B,2023-07-07T19:33:39.097Z,38.986084,-0.534517,718
421,Argenteria,Aben FerriA,2023-07-07T19:33:39.097Z,38.985489,-0.534157,108
422,Ximen ToviaB,Carme 1,2023-07-07T19:33:39.097Z,38.992357,-0.519858,718
423,Baixada estacio 1,Abu Masaifa,2023-07-07T19:33:39.097Z,38.991213,-0.523787,357
424,Corts Valencianes 1A,CV-645B,2023-07-07T19:33:49.097Z,38.985252,-0.537441,False
425,PalasietB,Corts Valencianes 1B,2023-07-07T19:33:49.097Z,38.985252,-0.537441,False
426,Aben FerriA,Corts Valencianes 1A,2023-07-07T19:33:49.097Z,38.986084,-0.534517,108
427,Aben FerriB,Aben FerriA,2023-07-07T19:33:49.097Z,38.985489,-0.534157,898
428,Argenteria,PalasietB,2023-07-07T19:33:49.097Z,38.985489,-0.534157,164
429,9 OctubreA,Alfons MagnanimA,2023-07-07T19:33:49.097Z,38.987144,-0.535236,False
430,9 OctubreB,Ausias MarchB,2023-07-07T19:33:49.097Z,38.987684,-0.53061,False
431,N-340B,N-340B,2023-07-07T19:33:49.097Z,0.0,0.0,217
432,CV-645B,Beata InesA,2023-07-07T19:33:59.097Z,0.0,0.0,430
433,PalasietB,CV-645B,2023-07-07T19:33:59.097Z,38.985252,-0.537441,063
434,Alfons MagnanimA,Corts Valencianes 1A,2023-07-07T19:33:59.097Z,38.986084,-0.534517,994
435,Aben FerriA,Corts Valencianes 1A,2023-07-07T19:33:59.097Z,38.986084,-0.534517,699
436,Argenteria,PalasietB,2023-07-07T19:33:59.097Z,38.985489,-0.534157,036
437,9 OctubreA,9 OctubreB,2023-07-07T19:33:59.097Z,38.987144,-0.535236,937
438,9 OctubreB,Corts Valencianes 2A,2023-07-07T19:33:59.097Z,38.987684,-0.53061,676
439,Abu Masaifa,Argenteria,2023-07-07T19:33:59.097Z,38.987684,-0.53061,354
440,Beata InesA,9 OctubreA,2023-07-07T19:33:59.097Z,38.987684,-0.53061,174
441,Ximen ToviaA,Ximen ToviaB,2023-07-07T19:33:59.097Z,38.991913,-0.524291,False
442,CV-645B,CV-645B,2023-07-07T19:34:09.097Z,0.0,0.0,543
443,Corts Valencianes 1B,Alfons MagnanimB,2023-07-07T19:34:09.097Z,38.986084,-0.534517,355
444,Corts Valencianes 2A,Corts Valencianes 1A,2023-07-07T19:34:09.097Z,38.986084,-0.534517,679
445,Corts Valencianes 2B,Beata InesB,2023-07-07T19:34:09.097Z,38.987684,-0.53061,230
446,PalasietB,Corts Valencianes 1B,2023-07-07T19:34:09.097Z,38.985252,-0.537441,070
447,Argenteria,PalasietB,2023-07-07T19:34:09.097Z,38.985489,-0.534157,091
448,Ausias MarchB,Ausias MarchA,2023-07-07T19:34:09.097Z,38.991913,-0.524291,350
449,Beata InesA,Corts Valencianes 2A,2023-07-07T19:34:09.097Z,38.987684,-0.53061,722
450,Ximen ToviaB,Gregorio Molina,2023-07-07T19:34:09.097Z,38.992357,-0.519858,712
451,CV-645A,PalasietA,2023-07-07T19:34:19.097Z,38.985252,-0.537441,712
452,Corts Valencianes 2A,Alfons MagnanimB,2023-07-07T19:34:19.097Z,38.986084,-0.534517,816
453,PalasietB,CV-645B,2023-07-07T19:34:19.097Z,38.985252,-0.537441,444
454,Alfons MagnanimB,9 OctubreB,2023-07-07T19:34:19.097Z,38.987144,-0.535236,False
455,Argenteria,PalasietB,2023-07-07T19:34:19.097Z,38.985489,-0.534157,955
456,9 OctubreB,Reina,2023-07-07T19:34:19.097Z,38.987684,-0.53061,309
457,Ximen ToviaB,Gregorio Molina,2023-07-07T19:34:19.097Z,38.992357,-0.519858,423
458,CV-645B,N-340A,2023-07-07T19:34:29.097Z,0.0,0.0,027
459,Corts Valencianes 1A,Corts Valencianes 1A,2023-07-07T19:34:29.097Z,38.985252,-0.537441,108
460,Corts Valencianes 1B,Corts Valencianes 2B,2023-07-07T19:34:29.097Z,38.986084,-0.534517,False
461,PalasietB,CV-645B,2023-07-07T19:34:29.097Z,38.985252,-0.537441,159
462,Alfons MagnanimB,Alfons MagnanimA,2023-07-07T19:34:29.097Z,38.987144,-0.535236,816
463,Beata InesA,Ausias MarchB,2023-07-07T19:34:29.097Z,38.987684,-0.53061,996
464,Ximen ToviaB,Ximen ToviaA,2023-07-07T19:34:29.097Z,38.992357,-0.519858,026
465,Gregorio Molina,Abu Masaifa,2023-07-07T19:34:29.097Z,38.991213,-0.523787,712
466,Albereda 2,N-340B,2023-07-07T19:34:29.097Z,38.990742,-0.513,789
467,CV-645B,CV-645A,2023-07-07T19:34:39.097Z,0.0,0.0,022
468,Corts Valencianes 1A,CV-645B,2023-07-07T19:34:39.097Z,38.985252,-0.537441,994
469,Corts Valencianes 1B,Alfons MagnanimB,2023-07-07T19:34:39.097Z,38.986084,-0.534517,216
470,PalasietB,CV-645B,2023-07-07T19:34:39.097Z,38.985252,-0.537441,False
471,Alfons MagnanimA,Aben FerriB,2023-07-07T19:34:39.097Z,38.986084,-0.534517,676
472,Reina,Albereda 1,2023-07-07T19:34:39.097Z,38.989955,-0.523503,209
473,Gregorio Molina,Gregorio Molina,2023-07-07T19:34:39.097Z,38.991213,-0.523787,421
474,Albereda 1,Albereda 2,2023-07-07T19:34:39.097Z,38.990122,-0.519633,False
475,N-340B,N-340A,2023-07-07T19:34:39.097Z,0.0,0.0,False
476,CV-645B,CV-645B,2023-07-07T19:34:49.097Z,0.0,0.0,899
477,PalasietB,CV-645B,2023-07-07T19:34:49.097Z,38.985252,-0.537441,550
478,Alfons MagnanimB,9 OctubreB,2023-07-07T19:34:49.097Z,38.987144,-0.535236,216
479,Argenteria,Aben FerriA,2023-07-07T19:34:49.097Z,38.985489,-0.534157,597
480,9 OctubreA,Alfons MagnanimA,2023-07-07T19:34:49.097Z,38.987144,-0.535236,378
481,Beata InesA,Argenteria,2023-07-07T19:34:49.097Z,38.987684,-0.53061,480
482,Reina,Republica Argentina,2023-07-07T19:34:49.097Z,38.989955,-0.523503,991
483,Gregorio Molina,Abu Masaifa,2023-07-07T19:34:49.097Z,38.991213,-0.523787,423
484,CV-645B,CV-645A,2023-07-07T19:34:59.097Z,0.0,0.0,False
485,Corts Valencianes 1A,CV-645B,2023-07-07T19:34:59.097Z,38.985252,-0.537441,698
486,Corts Valencianes 2B,Ausias MarchB,2023-07-07T19:34:59.097Z,38.987684,-0.53061,False
487,PalasietB,CV-645B,2023-07-07T19:34:59.097Z,38.985252,-0.537441,181
488,Aben FerriA,Corts Valencianes 1A,2023-07-07T19:34:59.097Z,38.986084,-0.534517,597
489,Aben FerriB,Aben FerriA,2023-07-07T19:34:59.097Z,38.985489,-0.534157,616
490,Argenteria,PalasietB,2023-07-07T19:34:59.097Z,38.985489,-0.534157,334
491,9 OctubreA,9 OctubreB,2023-07-07T19:34:59.097Z,38.987144,-0.535236,200
492,Ausias MarchA,Reina,2023-07-07T19:34:59.097Z,38.987684,-0.53061,350
493,Ausias MarchB,Baixada estacio 1,2023-07-07T19:34:59.097Z,38.991913,-0.524291,False
494,Beata InesB,Beata InesA,2023-07-07T19:34:59.097Z,0.0,0.0,080
495,Ximen ToviaA,Ausias MarchA,2023-07-07T19:34:59.097Z,38.991913,-0.524291,026
496,Ximen ToviaB,N-340B,2023-07-07T19:34:59.097Z,38.992357,-0.519858,False
497,Albereda 2,Cosmografo,2023-07-07T19:34:59.097Z,38.990742,-0.513,False
498,N-340B,N-340B,2023-07-07T19:34:59.097Z,0.0,0.0,False
499,Corts Valencianes 2A,Corts Valencianes 1A,2023-07-07T19:35:09.097Z,38.986084,-0.534517,122
500,PalasietB,Corts Valencianes 1B,2023-07-07T19:35:09.097Z,38.985252,-0.537441,933
501,Ausias MarchB,Ximen ToviaB,2023-07-07T19:35:09.097Z,38.991913,-0.524291,HXX
502,Reina,Albereda 1,2023-07-07T19:35:09.097Z,38.989955,-0.523503,False
503,Baixada estacio 1,Baixada estacio 2,2023-07-07T19:35:09.097Z,38.991213,-0.523787,False
504,Baixada estacio 2,Albereda 1,2023-07-07T19:35:09.097Z,38.989955,-0.523503,370
505,Albereda 1,Albereda 2,2023-07-07T19:35:09.097Z,38.990122,-0.519633,985
506,Albereda 2,Cosmografo,2023-07-07T19:35:09.097Z,38.990742,-0.513,922
507,Carme 1,Carme 2,2023-07-07T19:35:09.097Z,38.99105,-0.519778,False
508,CV-645B,CV-645A,2023-07-07T19:35:19.097Z,0.0,0.0,395
509,Corts Valencianes 1A,CV-645B,2023-07-07T19:35:19.097Z,38.985252,-0.537441,False
510,PalasietA,Aben FerriA,2023-07-07T19:35:19.097Z,38.985489,-0.534157,122
511,Aben FerriA,Corts Valencianes 1A,2023-07-07T19:35:19.097Z,38.986084,-0.534517,676
512,Abu Masaifa,Reina,2023-07-07T19:35:19.097Z,38.987684,-0.53061,712
513,Ausias MarchB,Ausias MarchA,2023-07-07T19:35:19.097Z,38.991913,-0.524291,False
514,Beata InesB,CV-645A,2023-07-07T19:35:19.097Z,0.0,0.0,256
515,Reina,Republica Argentina,2023-07-07T19:35:19.097Z,38.989955,-0.523503,081
516,Baixada estacio 2,Albereda 1,2023-07-07T19:35:19.097Z,38.989955,-0.523503,389
517,Albereda 1,Albereda 1,2023-07-07T19:35:19.097Z,38.990122,-0.519633,103
518,Albereda 2,Cosmografo,2023-07-07T19:35:19.097Z,38.990742,-0.513,636
519,Carme 1,Carme 2,2023-07-07T19:35:19.097Z,38.99105,-0.519778,779
520,Carme 2,Albereda 2,2023-07-07T19:35:19.097Z,38.990122,-0.519633,139
521,Cosmografo,Maulets,2023-07-07T19:35:19.097Z,38.991249,-0.518678,666
522,CV-645A,PalasietA,2023-07-07T19:35:29.097Z,38.985252,-0.537441,022
523,Corts Valencianes 1A,CV-645B,2023-07-07T19:35:29.097Z,38.985252,-0.537441,108
524,Corts Valencianes 1B,Corts Valencianes 1A,2023-07-07T19:35:29.097Z,38.986084,-0.534517,933
525,Aben FerriA,Aben FerriB,2023-07-07T19:35:29.097Z,38.986084,-0.534517,122
526,Ausias MarchA,Argenteria,2023-07-07T19:35:29.097Z,38.987684,-0.53061,026
527,Reina,Republica Argentina,2023-07-07T19:35:29.097Z,38.989955,-0.523503,919
528,Baixada estacio 2,Albereda 1,2023-07-07T19:35:29.097Z,38.989955,-0.523503,False
529,Carme 1,Academic Maravall,2023-07-07T19:35:29.097Z,38.99105,-0.519778,759
530,Carme 2,Albereda 2,2023-07-07T19:35:29.097Z,38.990122,-0.519633,992
531,N-340B,N-340A,2023-07-07T19:35:29.097Z,0.0,0.0,300
532,CV-645A,Corts Valencianes 1B,2023-07-07T19:35:39.097Z,38.985252,-0.537441,False
533,PalasietB,Corts Valencianes 1B,2023-07-07T19:35:39.097Z,38.985252,-0.537441,769
534,Alfons MagnanimA,Corts Valencianes 2B,2023-07-07T19:35:39.097Z,38.986084,-0.534517,174
535,Aben FerriB,PalasietB,2023-07-07T19:35:39.097Z,38.985489,-0.534157,771
536,Abu Masaifa,Argenteria,2023-07-07T19:35:39.097Z,38.987684,-0.53061,423
537,Beata InesA,Ausias MarchB,2023-07-07T19:35:39.097Z,38.987684,-0.53061,080
538,Carme 1,Academic Maravall,2023-07-07T19:35:39.097Z,38.99105,-0.519778,418
539,N-340B,N-340B,2023-07-07T19:35:39.097Z,0.0,0.0,303
540,Corts Valencianes 1B,Corts Valencianes 1A,2023-07-07T19:35:49.097Z,38.986084,-0.534517,False
541,Argenteria,Aben FerriA,2023-07-07T19:35:49.097Z,38.985489,-0.534157,490
542,9 OctubreB,Argenteria,2023-07-07T19:35:49.097Z,38.987684,-0.53061,794
543,Ausias MarchA,Reina,2023-07-07T19:35:49.097Z,38.987684,-0.53061,False
544,Reina,Republica Argentina,2023-07-07T19:35:49.097Z,38.989955,-0.523503,837
545,Academic Maravall,Maulets,2023-07-07T19:35:49.097Z,38.991249,-0.518678,969
546,N-340B,Beata InesA,2023-07-07T19:35:49.097Z,0.0,0.0,061
547,CV-645B,CV-645A,2023-07-07T19:35:59.097Z,0.0,0.0,False
548,Corts Valencianes 1A,Corts Valencianes 1B,2023-07-07T19:35:59.097Z,38.985252,-0.537441,597
549,Corts Valencianes 1B,Alfons MagnanimB,2023-07-07T19:35:59.097Z,38.986084,-0.534517,769
550,Argenteria,PalasietB,2023-07-07T19:35:59.097Z,38.985489,-0.534157,026
551,9 OctubreB,Ausias MarchB,2023-07-07T19:35:59.097Z,38.987684,-0.53061,False
552,Reina,Republica Argentina,2023-07-07T19:35:59.097Z,38.989955,-0.523503,352
553,Academic Maravall,Maulets,2023-07-07T19:35:59.097Z,38.991249,-0.518678,418
554,Cosmografo,Maulets,2023-07-07T19:35:59.097Z,38.991249,-0.518678,636
555,Maulets,Gregorio Molina,2023-07-07T19:35:59.097Z,38.992357,-0.519858,334
556,N-340B,Beata InesA,2023-07-07T19:35:59.097Z,0.0,0.0,919
557,PalasietB,CV-645B,2023-07-07T19:36:09.097Z,38.985252,-0.537441,499
558,Alfons MagnanimB,Alfons MagnanimA,2023-07-07T19:36:09.097Z,38.987144,-0.535236,False
559,Argenteria,PalasietB,2023-07-07T19:36:09.097Z,38.985489,-0.534157,423
560,9 OctubreB,Ausias MarchB,2023-07-07T19:36:09.097Z,38.987684,-0.53061,355
561,Beata InesA,Reina,2023-07-07T19:36:09.097Z,38.987684,-0.53061,061
562,Beata InesB,CV-645A,2023-07-07T19:36:09.097Z,0.0,0.0,799
563,Reina,Republica Argentina,2023-07-07T19:36:09.097Z,38.989955,-0.523503,False
564,Ximen ToviaB,N-340B,2023-07-07T19:36:09.097Z,38.992357,-0.519858,881
565,Gregorio Molina,Abu Masaifa,2023-07-07T19:36:09.097Z,38.991213,-0.523787,934
566,Albereda 2,N-340B,2023-07-07T19:36:09.097Z,38.990742,-0.513,739
567,Maulets,Ximen ToviaA,2023-07-07T19:36:09.097Z,38.992357,-0.519858,359
568,CV-645B,CV-645A,2023-07-07T19:36:19.097Z,0.0,0.0,298
569,Corts Valencianes 1A,Corts Valencianes 1B,2023-07-07T19:36:19.097Z,38.985252,-0.537441,722
570,PalasietB,CV-645B,2023-07-07T19:36:19.097Z,38.985252,-0.537441,False
571,Alfons MagnanimA,Corts Valencianes 2B,2023-07-07T19:36:19.097Z,38.986084,-0.534517,False
572,Argenteria,Aben FerriA,2023-07-07T19:36:19.097Z,38.985489,-0.534157,937
573,9 OctubreB,Reina,2023-07-07T19:36:19.097Z,38.987684,-0.53061,216
574,Reina,Albereda 1,2023-07-07T19:36:19.097Z,38.989955,-0.523503,485
575,Albereda 1,Albereda 2,2023-07-07T19:36:19.097Z,38.990122,-0.519633,False
576,Carme 2,Albereda 2,2023-07-07T19:36:19.097Z,38.990122,-0.519633,203
577,Maulets,Gregorio Molina,2023-07-07T19:36:19.097Z,38.992357,-0.519858,False
578,Corts Valencianes 1A,PalasietA,2023-07-07T19:36:29.097Z,38.985252,-0.537441,818
579,Corts Valencianes 1B,Alfons MagnanimB,2023-07-07T19:36:29.097Z,38.986084,-0.534517,597
580,PalasietB,PalasietA,2023-07-07T19:36:29.097Z,38.985252,-0.537441,962
581,Aben FerriA,Corts Valencianes 1A,2023-07-07T19:36:29.097Z,38.986084,-0.534517,937
582,9 OctubreB,Ausias MarchB,2023-07-07T19:36:29.097Z,38.987684,-0.53061,999
583,Beata InesA,Ausias MarchB,2023-07-07T19:36:29.097Z,38.987684,-0.53061,913
584,Reina,Republica Argentina,2023-07-07T19:36:29.097Z,38.989955,-0.523503,135
585,Ximen ToviaA,Ximen ToviaB,2023-07-07T19:36:29.097Z,38.991913,-0.524291,896
586,Gregorio Molina,Baixada estacio 2,2023-07-07T19:36:29.097Z,38.991213,-0.523787,False
587,Cosmografo,Maulets,2023-07-07T19:36:29.097Z,38.991249,-0.518678,922
588,Maulets,Maulets,2023-07-07T19:36:29.097Z,38.992357,-0.519858,False
589,Corts Valencianes 1A,CV-645B,2023-07-07T19:36:39.097Z,38.985252,-0.537441,933
590,Corts Valencianes 1B,Alfons MagnanimB,2023-07-07T19:36:39.097Z,38.986084,-0.534517,722
591,Corts Valencianes 2B,Ausias MarchB,2023-07-07T19:36:39.097Z,38.987684,-0.53061,378
592,PalasietA,PalasietA,2023-07-07T19:36:39.097Z,38.985489,-0.534157,818
593,PalasietB,CV-645B,2023-07-07T19:36:39.097Z,38.985252,-0.537441,362
594,Aben FerriA,Corts Valencianes 2B,2023-07-07T19:36:39.097Z,38.986084,-0.534517,490
595,Reina,Albereda 1,2023-07-07T19:36:39.097Z,38.989955,-0.523503,937
596,Maulets,Ximen ToviaA,2023-07-07T19:36:39.097Z,38.992357,-0.519858,831
597,CV-645A,PalasietA,2023-07-07T19:36:49.097Z,38.985252,-0.537441,395
598,CV-645B,CV-645A,2023-07-07T19:36:49.097Z,0.0,0.0,048
599,Corts Valencianes 2B,9 OctubreA,2023-07-07T19:36:49.097Z,38.987684,-0.53061,eso
600,PalasietB,Corts Valencianes 1B,2023-07-07T19:36:49.097Z,38.985252,-0.537441,False
601,Abu Masaifa,Ausias MarchB,2023-07-07T19:36:49.097Z,38.987684,-0.53061,934
602,Albereda 2,N-340B,2023-07-07T19:36:49.097Z,38.990742,-0.513,480
603,Maulets,Gregorio Molina,2023-07-07T19:36:49.097Z,38.992357,-0.519858,055
604,N-340B,N-340B,2023-07-07T19:36:49.097Z,0.0,0.0,999
605,CV-645A,Corts Valencianes 1B,2023-07-07T19:36:59.097Z,38.985252,-0.537441,256
606,CV-645B,CV-645B,2023-07-07T19:36:59.097Z,0.0,0.0,432
607,Corts Valencianes 1A,PalasietA,2023-07-07T19:36:59.097Z,38.985252,-0.537441,937
608,Corts Valencianes 1B,Corts Valencianes 1A,2023-07-07T19:36:59.097Z,38.986084,-0.534517,False
609,Corts Valencianes 2B,Ausias MarchB,2023-07-07T19:36:59.097Z,38.987684,-0.53061,328
610,PalasietB,PalasietA,2023-07-07T19:36:59.097Z,38.985252,-0.537441,877
611,Alfons MagnanimB,9 OctubreB,2023-07-07T19:36:59.097Z,38.987144,-0.535236,597
612,Ausias MarchB,Baixada estacio 1,2023-07-07T19:36:59.097Z,38.991913,-0.524291,080
613,Albereda 2,Cosmografo,2023-07-07T19:36:59.097Z,38.990742,-0.513,322
614,N-340B,N-340A,2023-07-07T19:36:59.097Z,0.0,0.0,485
615,CV-645B,N-340A,2023-07-07T19:37:09.097Z,0.0,0.0,False
616,Corts Valencianes 1A,CV-645B,2023-07-07T19:37:09.097Z,38.985252,-0.537441,False
617,Corts Valencianes 2B,Ausias MarchB,2023-07-07T19:37:09.097Z,38.987684,-0.53061,490
618,PalasietB,CV-645B,2023-07-07T19:37:09.097Z,38.985252,-0.537441,966
619,Alfons MagnanimB,9 OctubreB,2023-07-07T19:37:09.097Z,38.987144,-0.535236,722
620,Ausias MarchB,Ximen ToviaB,2023-07-07T19:37:09.097Z,38.991913,-0.524291,edi
621,Reina,Albereda 1,2023-07-07T19:37:09.097Z,38.989955,-0.523503,540
622,Baixada estacio 1,Abu Masaifa,2023-07-07T19:37:09.097Z,38.991213,-0.523787,080
623,Baixada estacio 2,Albereda 1,2023-07-07T19:37:09.097Z,38.989955,-0.523503,463
624,Albereda 1,Albereda 2,2023-07-07T19:37:09.097Z,38.990122,-0.519633,716
625,Albereda 2,Cosmografo,2023-07-07T19:37:09.097Z,38.990742,-0.513,123
626,PalasietB,PalasietA,2023-07-07T19:37:19.097Z,38.985252,-0.537441,592
627,9 OctubreA,9 OctubreB,2023-07-07T19:37:19.097Z,38.987144,-0.535236,911
628,Ximen ToviaA,Ximen ToviaB,2023-07-07T19:37:19.097Z,38.991913,-0.524291,False
629,Gregorio Molina,Abu Masaifa,2023-07-07T19:37:19.097Z,38.991213,-0.523787,993
630,Albereda 1,Albereda 2,2023-07-07T19:37:19.097Z,38.990122,-0.519633,142
631,Carme 2,Albereda 2,2023-07-07T19:37:19.097Z,38.990122,-0.519633,False
632,Cosmografo,Maulets,2023-07-07T19:37:19.097Z,38.991249,-0.518678,322
633,CV-645A,PalasietA,2023-07-07T19:37:29.097Z,38.985252,-0.537441,False
634,CV-645B,CV-645B,2023-07-07T19:37:29.097Z,0.0,0.0,047
635,Corts Valencianes 1B,Alfons MagnanimB,2023-07-07T19:37:29.097Z,38.986084,-0.534517,230
636,PalasietA,Aben FerriA,2023-07-07T19:37:29.097Z,38.985489,-0.534157,962
637,Ausias MarchB,Ximen ToviaB,2023-07-07T19:37:29.097Z,38.991913,-0.524291,200
638,Reina,Republica Argentina,2023-07-07T19:37:29.097Z,38.989955,-0.523503,False
639,Albereda 1,Albereda 2,2023-07-07T19:37:29.097Z,38.990122,-0.519633,False
640,N-340B,N-340B,2023-07-07T19:37:29.097Z,0.0,0.0,259
641,CV-645A,Corts Valencianes 1B,2023-07-07T19:37:39.097Z,38.985252,-0.537441,False
642,CV-645B,Beata InesA,2023-07-07T19:37:39.097Z,0.0,0.0,False
643,PalasietA,PalasietB,2023-07-07T19:37:39.097Z,38.985489,-0.534157,676
644,PalasietB,Corts Valencianes 1B,2023-07-07T19:37:39.097Z,38.985252,-0.537441,787
645,Alfons MagnanimB,Alfons MagnanimA,2023-07-07T19:37:39.097Z,38.987144,-0.535236,256
646,Ausias MarchB,Ausias MarchA,2023-07-07T19:37:39.097Z,38.991913,-0.524291,688
647,Albereda 1,Albereda 2,2023-07-07T19:37:39.097Z,38.990122,-0.519633,605
648,Cosmografo,Maulets,2023-07-07T19:37:39.097Z,38.991249,-0.518678,123
649,N-340B,N-340B,2023-07-07T19:37:39.097Z,0.0,0.0,False
650,CV-645B,Beata InesA,2023-07-07T19:37:49.097Z,0.0,0.0,False
651,Corts Valencianes 1B,Corts Valencianes 2B,2023-07-07T19:37:49.097Z,38.986084,-0.534517,779
652,PalasietB,Corts Valencianes 1B,2023-07-07T19:37:49.097Z,38.985252,-0.537441,767
653,Alfons MagnanimA,Corts Valencianes 2B,2023-07-07T19:37:49.097Z,38.986084,-0.534517,230
654,9 OctubreB,Corts Valencianes 2A,2023-07-07T19:37:49.097Z,38.987684,-0.53061,597
655,CV-645A,Corts Valencianes 1B,2023-07-07T19:37:59.097Z,38.985252,-0.537441,798
656,CV-645B,Beata InesA,2023-07-07T19:37:59.097Z,0.0,0.0,676
657,PalasietA,PalasietB,2023-07-07T19:37:59.097Z,38.985489,-0.534157,937
658,Aben FerriA,Aben FerriB,2023-07-07T19:37:59.097Z,38.986084,-0.534517,962
659,9 OctubreB,9 OctubreB,2023-07-07T19:37:59.097Z,38.987684,-0.53061,722
660,Ausias MarchB,Ximen ToviaB,2023-07-07T19:37:59.097Z,38.991913,-0.524291,378
661,Beata InesA,Corts Valencianes 2A,2023-07-07T19:37:59.097Z,38.987684,-0.53061,False
662,Reina,Albereda 1,2023-07-07T19:37:59.097Z,38.989955,-0.523503,999
663,N-340B,N-340A,2023-07-07T19:37:59.097Z,0.0,0.0,False
664,CV-645A,PalasietA,2023-07-07T19:38:09.097Z,38.985252,-0.537441,iXX
665,Corts Valencianes 1B,Alfons MagnanimB,2023-07-07T19:38:09.097Z,38.986084,-0.534517,787
666,PalasietA,PalasietA,2023-07-07T19:38:09.097Z,38.985489,-0.534157,699
667,PalasietB,CV-645B,2023-07-07T19:38:09.097Z,38.985252,-0.537441,964
668,Aben FerriB,PalasietB,2023-07-07T19:38:09.097Z,38.985489,-0.534157,669
669,9 OctubreB,Ausias MarchB,2023-07-07T19:38:09.097Z,38.987684,-0.53061,718
670,Ausias MarchB,Ximen ToviaB,2023-07-07T19:38:09.097Z,38.991913,-0.524291,False
671,N-340A,Carme 1,2023-07-07T19:38:09.097Z,38.992357,-0.519858,928
672,N-340B,N-340A,2023-07-07T19:38:09.097Z,0.0,0.0,420
673,Corts Valencianes 1B,Alfons MagnanimB,2023-07-07T19:38:19.097Z,38.986084,-0.534517,816
674,PalasietA,Aben FerriA,2023-07-07T19:38:19.097Z,38.985489,-0.534157,592
675,PalasietB,Corts Valencianes 1B,2023-07-07T19:38:19.097Z,38.985252,-0.537441,036
676,Alfons MagnanimB,9 OctubreB,2023-07-07T19:38:19.097Z,38.987144,-0.535236,787
677,Ausias MarchB,Ausias MarchA,2023-07-07T19:38:19.097Z,38.991913,-0.524291,False
678,Beata InesA,Corts Valencianes 2A,2023-07-07T19:38:19.097Z,38.987684,-0.53061,False
679,Reina,Republica Argentina,2023-07-07T19:38:19.097Z,38.989955,-0.523503,488
680,N-340A,Ximen ToviaA,2023-07-07T19:38:19.097Z,38.992357,-0.519858,027
681,N-340B,N-340B,2023-07-07T19:38:19.097Z,0.0,0.0,677
682,CV-645B,CV-645A,2023-07-07T19:38:29.097Z,0.0,0.0,279
683,Corts Valencianes 1B,Alfons MagnanimB,2023-07-07T19:38:29.097Z,38.986084,-0.534517,298
684,PalasietA,Aben FerriA,2023-07-07T19:38:29.097Z,38.985489,-0.534157,022
685,Alfons MagnanimB,Alfons MagnanimA,2023-07-07T19:38:29.097Z,38.987144,-0.535236,767
686,Aben FerriA,Corts Valencianes 2B,2023-07-07T19:38:29.097Z,38.986084,-0.534517,592
687,Ausias MarchA,Reina,2023-07-07T19:38:29.097Z,38.987684,-0.53061,913
688,Ausias MarchB,Ximen ToviaB,2023-07-07T19:38:29.097Z,38.991913,-0.524291,490
689,Reina,Republica Argentina,2023-07-07T19:38:29.097Z,38.989955,-0.523503,499
690,N-340A,Ximen ToviaA,2023-07-07T19:38:29.097Z,38.992357,-0.519858,False
691,N-340B,N-340A,2023-07-07T19:38:29.097Z,0.0,0.0,979
692,PalasietB,CV-645B,2023-07-07T19:38:39.097Z,38.985252,-0.537441,False
693,Aben FerriA,Corts Valencianes 2B,2023-07-07T19:38:39.097Z,38.986084,-0.534517,022
694,Ausias MarchB,Ausias MarchA,2023-07-07T19:38:39.097Z,38.991913,-0.524291,355
695,N-340A,Ximen ToviaA,2023-07-07T19:38:39.097Z,38.992357,-0.519858,300
696,N-340B,CV-645A,2023-07-07T19:38:39.097Z,0.0,0.0,234
697,CV-645B,CV-645B,2023-07-07T19:38:49.097Z,0.0,0.0,False
698,Corts Valencianes 2B,9 OctubreA,2023-07-07T19:38:49.097Z,38.987684,-0.53061,992
699,PalasietA,Aben FerriA,2023-07-07T19:38:49.097Z,38.985489,-0.534157,False
700,PalasietB,PalasietA,2023-07-07T19:38:49.097Z,38.985252,-0.537441,955
701,Alfons MagnanimB,Alfons MagnanimA,2023-07-07T19:38:49.097Z,38.987144,-0.535236,298
702,9 OctubreB,Reina,2023-07-07T19:38:49.097Z,38.987684,-0.53061,722
703,Beata InesA,9 OctubreA,2023-07-07T19:38:49.097Z,38.987684,-0.53061,825
704,Ximen ToviaA,Ausias MarchA,2023-07-07T19:38:49.097Z,38.991913,-0.524291,False
705,N-340A,Carme 1,2023-07-07T19:38:49.097Z,38.992357,-0.519858,485
706,CV-645A,Corts Valencianes 1B,2023-07-07T19:38:59.097Z,38.985252,-0.537441,823
707,CV-645B,CV-645A,2023-07-07T19:38:59.097Z,0.0,0.0,963
708,Corts Valencianes 2B,Corts Valencianes 2A,2023-07-07T19:38:59.097Z,38.987684,-0.53061,230
709,PalasietA,Aben FerriA,2023-07-07T19:38:59.097Z,38.985489,-0.534157,048
710,Alfons MagnanimA,Aben FerriB,2023-07-07T19:38:59.097Z,38.986084,-0.534517,258
711,Aben FerriA,Aben FerriB,2023-07-07T19:38:59.097Z,38.986084,-0.534517,False
712,9 OctubreB,9 OctubreB,2023-07-07T19:38:59.097Z,38.987684,-0.53061,787
713,Ausias MarchA,9 OctubreA,2023-07-07T19:38:59.097Z,38.987684,-0.53061,False
714,Ximen ToviaA,Ximen ToviaB,2023-07-07T19:38:59.097Z,38.991913,-0.524291,574
715,Ximen ToviaB,N-340B,2023-07-07T19:38:59.097Z,38.992357,-0.519858,197
716,Maulets,N-340B,2023-07-07T19:38:59.097Z,38.992357,-0.519858,054
717,N-340B,Beata InesA,2023-07-07T19:38:59.097Z,0.0,0.0,ess
718,CV-645A,Corts Valencianes 1B,2023-07-07T19:39:09.097Z,38.985252,-0.537441,234
719,CV-645B,Beata InesA,2023-07-07T19:39:09.097Z,0.0,0.0,257
720,Corts Valencianes 1B,Aben FerriB,2023-07-07T19:39:09.097Z,38.986084,-0.534517,779
721,PalasietA,PalasietB,2023-07-07T19:39:09.097Z,38.985489,-0.534157,877
722,PalasietB,CV-645B,2023-07-07T19:39:09.097Z,38.985252,-0.537441,122
723,Aben FerriA,Corts Valencianes 1A,2023-07-07T19:39:09.097Z,38.986084,-0.534517,040
724,9 OctubreA,Alfons MagnanimA,2023-07-07T19:39:09.097Z,38.987144,-0.535236,592
725,9 OctubreB,9 OctubreA,2023-07-07T19:39:09.097Z,38.987684,-0.53061,787
726,Ximen ToviaA,Baixada estacio 1,2023-07-07T19:39:09.097Z,38.991913,-0.524291,False
727,Maulets,Gregorio Molina,2023-07-07T19:39:09.097Z,38.992357,-0.519858,925
728,N-340B,N-340B,2023-07-07T19:39:09.097Z,0.0,0.0,734
729,Corts Valencianes 2B,Reina,2023-07-07T19:39:19.097Z,38.987684,-0.53061,022
730,PalasietB,PalasietA,2023-07-07T19:39:19.097Z,38.985252,-0.537441,026
731,Alfons MagnanimA,Corts Valencianes 1A,2023-07-07T19:39:19.097Z,38.986084,-0.534517,592
732,Aben FerriB,Aben FerriA,2023-07-07T19:39:19.097Z,38.985489,-0.534157,298
733,9 OctubreA,9 OctubreB,2023-07-07T19:39:19.097Z,38.987144,-0.535236,676
734,Ausias MarchA,Beata InesB,2023-07-07T19:39:19.097Z,38.987684,-0.53061,False
735,N-340B,N-340B,2023-07-07T19:39:19.097Z,0.0,0.0,449
736,CV-645B,CV-645B,2023-07-07T19:39:29.097Z,0.0,0.0,265
737,PalasietA,Aben FerriA,2023-07-07T19:39:29.097Z,38.985489,-0.534157,395
738,PalasietB,Corts Valencianes 1B,2023-07-07T19:39:29.097Z,38.985252,-0.537441,423
739,Aben FerriA,Corts Valencianes 1A,2023-07-07T19:39:29.097Z,38.986084,-0.534517,298
740,Aben FerriB,PalasietB,2023-07-07T19:39:29.097Z,38.985489,-0.534157,906
741,9 OctubreA,9 OctubreB,2023-07-07T19:39:29.097Z,38.987144,-0.535236,769
742,9 OctubreB,Reina,2023-07-07T19:39:29.097Z,38.987684,-0.53061,825
743,Baixada estacio 1,Abu Masaifa,2023-07-07T19:39:29.097Z,38.991213,-0.523787,False
744,Gregorio Molina,Gregorio Molina,2023-07-07T19:39:29.097Z,38.991213,-0.523787,925
745,Maulets,Ximen ToviaA,2023-07-07T19:39:29.097Z,38.992357,-0.519858,False
746,N-340B,N-340B,2023-07-07T19:39:29.097Z,0.0,0.0,724
747,CV-645A,PalasietA,2023-07-07T19:39:39.097Z,38.985252,-0.537441,161
748,CV-645B,CV-645A,2023-07-07T19:39:39.097Z,0.0,0.0,157
749,Corts Valencianes 1B,Alfons MagnanimB,2023-07-07T19:39:39.097Z,38.986084,-0.534517,234
750,PalasietB,CV-645B,2023-07-07T19:39:39.097Z,38.985252,-0.537441,616
751,Aben FerriA,Alfons MagnanimB,2023-07-07T19:39:39.097Z,38.986084,-0.534517,395
752,Aben FerriB,Aben FerriA,2023-07-07T19:39:39.097Z,38.985489,-0.534157,779
753,9 OctubreA,Alfons MagnanimA,2023-07-07T19:39:39.097Z,38.987144,-0.535236,797
754,Ausias MarchB,Ausias MarchA,2023-07-07T19:39:39.097Z,38.991913,-0.524291,718
755,Beata InesA,Ausias MarchB,2023-07-07T19:39:39.097Z,38.987684,-0.53061,False
756,Gregorio Molina,Abu Masaifa,2023-07-07T19:39:39.097Z,38.991213,-0.523787,925
757,Maulets,Gregorio Molina,2023-07-07T19:39:39.097Z,38.992357,-0.519858,531
758,N-340B,CV-645A,2023-07-07T19:39:39.097Z,0.0,0.0,False
759,Corts Valencianes 2A,Aben FerriB,2023-07-07T19:39:49.097Z,38.986084,-0.534517,997
760,PalasietA,Aben FerriA,2023-07-07T19:39:49.097Z,38.985489,-0.534157,649
761,PalasietB,CV-645B,2023-07-07T19:39:49.097Z,38.985252,-0.537441,794
762,Alfons MagnanimA,Aben FerriB,2023-07-07T19:39:49.097Z,38.986084,-0.534517,787
763,Aben FerriA,Alfons MagnanimB,2023-07-07T19:39:49.097Z,38.986084,-0.534517,False
764,Ausias MarchA,9 OctubreA,2023-07-07T19:39:49.097Z,38.987684,-0.53061,False
765,Beata InesA,Argenteria,2023-07-07T19:39:49.097Z,38.987684,-0.53061,257
766,Ximen ToviaA,Ximen ToviaB,2023-07-07T19:39:49.097Z,38.991913,-0.524291,mel
767,Ximen ToviaB,N-340B,2023-07-07T19:39:49.097Z,38.992357,-0.519858,896
768,Albereda 2,N-340B,2023-07-07T19:39:49.097Z,38.990742,-0.513,920
769,Carme 2,Albereda 2,2023-07-07T19:39:49.097Z,38.990122,-0.519633,716
770,Maulets,N-340B,2023-07-07T19:39:49.097Z,38.992357,-0.519858,919
771,CV-645B,CV-645A,2023-07-07T19:39:59.097Z,0.0,0.0,538
772,Corts Valencianes 1B,Corts Valencianes 2B,2023-07-07T19:39:59.097Z,38.986084,-0.534517,036
773,Corts Valencianes 2A,Alfons MagnanimB,2023-07-07T19:39:59.097Z,38.986084,-0.534517,False
774,PalasietB,CV-645B,2023-07-07T19:39:59.097Z,38.985252,-0.537441,362
775,Alfons MagnanimB,9 OctubreB,2023-07-07T19:39:59.097Z,38.987144,-0.535236,234
776,Aben FerriB,PalasietB,2023-07-07T19:39:59.097Z,38.985489,-0.534157,597
777,Ximen ToviaB,N-340B,2023-07-07T19:39:59.097Z,38.992357,-0.519858,edi
778,Carme 2,Albereda 2,2023-07-07T19:39:59.097Z,38.990122,-0.519633,486
779,Maulets,Ximen ToviaA,2023-07-07T19:39:59.097Z,38.992357,-0.519858,047
780,CV-645B,Beata InesA,2023-07-07T19:40:09.097Z,0.0,0.0,954
781,Corts Valencianes 1A,CV-645B,2023-07-07T19:40:09.097Z,38.985252,-0.537441,999
782,Corts Valencianes 1B,Corts Valencianes 2B,2023-07-07T19:40:09.097Z,38.986084,-0.534517,423
783,Corts Valencianes 2A,Aben FerriB,2023-07-07T19:40:09.097Z,38.986084,-0.534517,False
784,Corts Valencianes 2B,Ausias MarchB,2023-07-07T19:40:09.097Z,38.987684,-0.53061,036
785,Aben FerriA,Corts Valencianes 1A,2023-07-07T19:40:09.097Z,38.986084,-0.534517,026
786,Aben FerriB,PalasietB,2023-07-07T19:40:09.097Z,38.985489,-0.534157,787
787,Abu Masaifa,9 OctubreA,2023-07-07T19:40:09.097Z,38.987684,-0.53061,055
788,Beata InesB,N-340A,2023-07-07T19:40:09.097Z,0.0,0.0,996
789,Carme 2,Albereda 2,2023-07-07T19:40:09.097Z,38.990122,-0.519633,873
790,Maulets,Ximen ToviaA,2023-07-07T19:40:09.097Z,38.992357,-0.519858,136
791,N-340A,Carme 1,2023-07-07T19:40:09.097Z,38.992357,-0.519858,False
792,N-340B,N-340B,2023-07-07T19:40:09.097Z,0.0,0.0,426
793,Republica Argentina,Carme 2,2023-07-07T19:40:09.097Z,38.99105,-0.519778,850
794,CV-645B,Beata InesA,2023-07-07T19:40:19.097Z,0.0,0.0,714
795,Corts Valencianes 1A,Corts Valencianes 1A,2023-07-07T19:40:19.097Z,38.985252,-0.537441,258
796,Corts Valencianes 2A,Aben FerriB,2023-07-07T19:40:19.097Z,38.986084,-0.534517,230
797,PalasietB,CV-645B,2023-07-07T19:40:19.097Z,38.985252,-0.537441,949
798,Alfons MagnanimB,9 OctubreB,2023-07-07T19:40:19.097Z,38.987144,-0.535236,395
799,Aben FerriB,PalasietB,2023-07-07T19:40:19.097Z,38.985489,-0.534157,False
800,9 OctubreA,9 OctubreB,2023-07-07T19:40:19.097Z,38.987144,-0.535236,False
801,Ausias MarchA,Beata InesB,2023-07-07T19:40:19.097Z,38.987684,-0.53061,718
802,Ximen ToviaB,Ximen ToviaA,2023-07-07T19:40:19.097Z,38.992357,-0.519858,252
803,Maulets,Carme 1,2023-07-07T19:40:19.097Z,38.992357,-0.519858,False
804,N-340B,N-340B,2023-07-07T19:40:19.097Z,0.0,0.0,690
805,Republica Argentina,Carme 2,2023-07-07T19:40:19.097Z,38.99105,-0.519778,997
806,CV-645B,Beata InesA,2023-07-07T19:40:29.097Z,0.0,0.0,False
807,Corts Valencianes 1A,Corts Valencianes 1B,2023-07-07T19:40:29.097Z,38.985252,-0.537441,040
808,Corts Valencianes 2B,Ausias MarchB,2023-07-07T19:40:29.097Z,38.987684,-0.53061,423
809,PalasietA,PalasietB,2023-07-07T19:40:29.097Z,38.985489,-0.534157,False
810,PalasietB,CV-645B,2023-07-07T19:40:29.097Z,38.985252,-0.537441,817
811,Alfons MagnanimB,Alfons MagnanimB,2023-07-07T19:40:29.097Z,38.987144,-0.535236,279
812,Ausias MarchB,Ausias MarchA,2023-07-07T19:40:29.097Z,38.991913,-0.524291,False
813,Ximen ToviaB,Gregorio Molina,2023-07-07T19:40:29.097Z,38.992357,-0.519858,831
814,Maulets,Gregorio Molina,2023-07-07T19:40:29.097Z,38.992357,-0.519858,399
815,N-340A,Gregorio Molina,2023-07-07T19:40:29.097Z,38.992357,-0.519858,False
816,Republica Argentina,Academic Maravall,2023-07-07T19:40:29.097Z,38.99105,-0.519778,011
817,CV-645A,Corts Valencianes 1B,2023-07-07T19:40:39.097Z,38.985252,-0.537441,969
818,CV-645B,N-340A,2023-07-07T19:40:39.097Z,0.0,0.0,315
819,Corts Valencianes 1A,CV-645B,2023-07-07T19:40:39.097Z,38.985252,-0.537441,026
820,Corts Valencianes 1B,Corts Valencianes 2B,2023-07-07T19:40:39.097Z,38.986084,-0.534517,iXX
821,PalasietB,CV-645B,2023-07-07T19:40:39.097Z,38.985252,-0.537441,357
822,Alfons MagnanimB,9 OctubreB,2023-07-07T19:40:39.097Z,38.987144,-0.535236,False
823,Aben FerriB,PalasietB,2023-07-07T19:40:39.097Z,38.985489,-0.534157,062
824,9 OctubreB,Corts Valencianes 2A,2023-07-07T19:40:39.097Z,38.987684,-0.53061,328
825,Beata InesA,Corts Valencianes 2A,2023-07-07T19:40:39.097Z,38.987684,-0.53061,994
826,Ximen ToviaA,Ximen ToviaB,2023-07-07T19:40:39.097Z,38.991913,-0.524291,047
827,N-340A,Ximen ToviaA,2023-07-07T19:40:39.097Z,38.992357,-0.519858,420
828,N-340B,N-340A,2023-07-07T19:40:39.097Z,0.0,0.0,807
829,Republica Argentina,Academic Maravall,2023-07-07T19:40:39.097Z,38.99105,-0.519778,889
830,CV-645A,Corts Valencianes 1B,2023-07-07T19:40:49.097Z,38.985252,-0.537441,False
831,CV-645B,CV-645A,2023-07-07T19:40:49.097Z,0.0,0.0,806
832,Corts Valencianes 2B,9 OctubreA,2023-07-07T19:40:49.097Z,38.987684,-0.53061,040
833,PalasietB,Corts Valencianes 1B,2023-07-07T19:40:49.097Z,38.985252,-0.537441,False
834,Alfons MagnanimB,9 OctubreB,2023-07-07T19:40:49.097Z,38.987144,-0.535236,823
835,9 OctubreB,Reina,2023-07-07T19:40:49.097Z,38.987684,-0.53061,714
836,Ausias MarchB,Ausias MarchA,2023-07-07T19:40:49.097Z,38.991913,-0.524291,036
837,Beata InesA,Ausias MarchB,2023-07-07T19:40:49.097Z,38.987684,-0.53061,False
838,Academic Maravall,Maulets,2023-07-07T19:40:49.097Z,38.991249,-0.518678,177
839,N-340A,Carme 1,2023-07-07T19:40:49.097Z,38.992357,-0.519858,979
840,Republica Argentina,Academic Maravall,2023-07-07T19:40:49.097Z,38.99105,-0.519778,100
841,CV-645A,Corts Valencianes 1B,2023-07-07T19:40:59.097Z,38.985252,-0.537441,538
842,Corts Valencianes 1A,PalasietA,2023-07-07T19:40:59.097Z,38.985252,-0.537441,258
843,Corts Valencianes 1B,Alfons MagnanimB,2023-07-07T19:40:59.097Z,38.986084,-0.534517,157
844,Corts Valencianes 2B,Ausias MarchB,2023-07-07T19:40:59.097Z,38.987684,-0.53061,799
845,9 OctubreB,9 OctubreA,2023-07-07T19:40:59.097Z,38.987684,-0.53061,395
846,Ausias MarchB,Ausias MarchA,2023-07-07T19:40:59.097Z,38.991913,-0.524291,423
847,Beata InesA,Corts Valencianes 2A,2023-07-07T19:40:59.097Z,38.987684,-0.53061,dwl
848,Ximen ToviaA,Ximen ToviaB,2023-07-07T19:40:59.097Z,38.991913,-0.524291,136
849,N-340A,Carme 1,2023-07-07T19:40:59.097Z,38.992357,-0.519858,False
850,Corts Valencianes 1A,Corts Valencianes 1B,2023-07-07T19:41:09.097Z,38.985252,-0.537441,False
851,Corts Valencianes 2A,Corts Valencianes 2A,2023-07-07T19:41:09.097Z,38.986084,-0.534517,False
852,Argenteria,PalasietB,2023-07-07T19:41:09.097Z,38.985489,-0.534157,257
853,9 OctubreA,Alfons MagnanimA,2023-07-07T19:41:09.097Z,38.987144,-0.535236,969
854,9 OctubreB,9 OctubreB,2023-07-07T19:41:09.097Z,38.987684,-0.53061,False
855,Ximen ToviaB,N-340B,2023-07-07T19:41:09.097Z,38.992357,-0.519858,200
856,Gregorio Molina,Abu Masaifa,2023-07-07T19:41:09.097Z,38.991213,-0.523787,False
857,Academic Maravall,Maulets,2023-07-07T19:41:09.097Z,38.991249,-0.518678,100
858,N-340B,N-340A,2023-07-07T19:41:09.097Z,0.0,0.0,343
859,CV-645A,PalasietA,2023-07-07T19:41:19.097Z,38.985252,-0.537441,808
860,CV-645B,CV-645A,2023-07-07T19:41:19.097Z,0.0,0.0,863
861,Corts Valencianes 1B,Alfons MagnanimB,2023-07-07T19:41:19.097Z,38.986084,-0.534517,False
862,Corts Valencianes 2A,Aben FerriB,2023-07-07T19:41:19.097Z,38.986084,-0.534517,954
863,Alfons MagnanimA,Aben FerriB,2023-07-07T19:41:19.097Z,38.986084,-0.534517,055
864,Alfons MagnanimB,9 OctubreB,2023-07-07T19:41:19.097Z,38.987144,-0.535236,157
865,9 OctubreA,9 OctubreB,2023-07-07T19:41:19.097Z,38.987144,-0.535236,048
866,Ausias MarchB,Ausias MarchA,2023-07-07T19:41:19.097Z,38.991913,-0.524291,119
867,Ximen ToviaA,Ausias MarchA,2023-07-07T19:41:19.097Z,38.991913,-0.524291,852
868,Ximen ToviaB,Ximen ToviaA,2023-07-07T19:41:19.097Z,38.992357,-0.519858,378
869,Gregorio Molina,Abu Masaifa,2023-07-07T19:41:19.097Z,38.991213,-0.523787,399
870,N-340B,N-340B,2023-07-07T19:41:19.097Z,0.0,0.0,691
871,CV-645B,Beata InesA,2023-07-07T19:41:29.097Z,0.0,0.0,239
872,Corts Valencianes 1B,Alfons MagnanimB,2023-07-07T19:41:29.097Z,38.986084,-0.534517,False
873,PalasietA,PalasietB,2023-07-07T19:41:29.097Z,38.985489,-0.534157,298
874,Aben FerriB,Aben FerriB,2023-07-07T19:41:29.097Z,38.985489,-0.534157,954
875,9 OctubreB,Ausias MarchB,2023-07-07T19:41:29.097Z,38.987684,-0.53061,279
876,Ausias MarchB,Ximen ToviaB,2023-07-07T19:41:29.097Z,38.991913,-0.524291,779
877,Ximen ToviaA,Ximen ToviaB,2023-07-07T19:41:29.097Z,38.991913,-0.524291,420
878,Gregorio Molina,Baixada estacio 2,2023-07-07T19:41:29.097Z,38.991213,-0.523787,491
879,Academic Maravall,Maulets,2023-07-07T19:41:29.097Z,38.991249,-0.518678,989
880,N-340B,N-340B,2023-07-07T19:41:29.097Z,0.0,0.0,719
881,Corts Valencianes 1B,Corts Valencianes 2B,2023-07-07T19:41:39.097Z,38.986084,-0.534517,538
882,PalasietA,PalasietA,2023-07-07T19:41:39.097Z,38.985489,-0.534157,808
883,PalasietB,CV-645B,2023-07-07T19:41:39.097Z,38.985252,-0.537441,797
884,Alfons MagnanimB,9 OctubreB,2023-07-07T19:41:39.097Z,38.987144,-0.535236,False
885,Aben FerriB,PalasietB,2023-07-07T19:41:39.097Z,38.985489,-0.534157,993
886,9 OctubreA,Alfons MagnanimA,2023-07-07T19:41:39.097Z,38.987144,-0.535236,395
887,9 OctubreB,Ausias MarchB,2023-07-07T19:41:39.097Z,38.987684,-0.53061,027
888,Baixada estacio 2,Republica Argentina,2023-07-07T19:41:39.097Z,38.989955,-0.523503,491
889,Corts Valencianes 1B,Alfons MagnanimB,2023-07-07T19:41:49.097Z,38.986084,-0.534517,False
890,Corts Valencianes 2B,Corts Valencianes 2A,2023-07-07T19:41:49.097Z,38.987684,-0.53061,538
891,PalasietB,PalasietA,2023-07-07T19:41:49.097Z,38.985252,-0.537441,False
892,Aben FerriB,PalasietB,2023-07-07T19:41:49.097Z,38.985489,-0.534157,954
893,Abu Masaifa,Ausias MarchB,2023-07-07T19:41:49.097Z,38.987684,-0.53061,False
894,Ausias MarchB,Ximen ToviaB,2023-07-07T19:41:49.097Z,38.991913,-0.524291,False
895,Beata InesA,Ausias MarchB,2023-07-07T19:41:49.097Z,38.987684,-0.53061,239
896,Ximen ToviaB,Ximen ToviaA,2023-07-07T19:41:49.097Z,38.992357,-0.519858,934
897,N-340B,N-340B,2023-07-07T19:41:49.097Z,0.0,0.0,318
898,CV-645A,Corts Valencianes 1B,2023-07-07T19:41:59.097Z,38.985252,-0.537441,863
899,CV-645B,Beata InesA,2023-07-07T19:41:59.097Z,0.0,0.0,808
900,PalasietB,Corts Valencianes 1B,2023-07-07T19:41:59.097Z,38.985252,-0.537441,499
901,Alfons MagnanimB,Alfons MagnanimA,2023-07-07T19:41:59.097Z,38.987144,-0.535236,False
902,Abu Masaifa,Argenteria,2023-07-07T19:41:59.097Z,38.987684,-0.53061,925
903,Corts Valencianes 1B,Alfons MagnanimB,2023-07-07T19:42:09.097Z,38.986084,-0.534517,863
904,Corts Valencianes 2A,Corts Valencianes 2B,2023-07-07T19:42:09.097Z,38.986084,-0.534517,False
905,PalasietA,PalasietB,2023-07-07T19:42:09.097Z,38.985489,-0.534157,806
906,PalasietB,CV-645B,2023-07-07T19:42:09.097Z,38.985252,-0.537441,230
907,Alfons MagnanimA,Corts Valencianes 2B,2023-07-07T19:42:09.097Z,38.986084,-0.534517,395
908,Alfons MagnanimB,9 OctubreB,2023-07-07T19:42:09.097Z,38.987144,-0.535236,False
909,9 OctubreB,Reina,2023-07-07T19:42:09.097Z,38.987684,-0.53061,699
910,Abu Masaifa,9 OctubreA,2023-07-07T19:42:09.097Z,38.987684,-0.53061,080
911,CV-645B,CV-645A,2023-07-07T19:42:19.097Z,0.0,0.0,False
912,Corts Valencianes 1B,Corts Valencianes 1A,2023-07-07T19:42:19.097Z,38.986084,-0.534517,499
913,PalasietA,Aben FerriA,2023-07-07T19:42:19.097Z,38.985489,-0.534157,False
914,PalasietB,PalasietA,2023-07-07T19:42:19.097Z,38.985252,-0.537441,257
915,Alfons MagnanimB,Alfons MagnanimA,2023-07-07T19:42:19.097Z,38.987144,-0.535236,889
916,9 OctubreB,Beata InesB,2023-07-07T19:42:19.097Z,38.987684,-0.53061,iXX
917,Abu Masaifa,Beata InesB,2023-07-07T19:42:19.097Z,38.987684,-0.53061,831
918,Beata InesB,N-340A,2023-07-07T19:42:19.097Z,0.0,0.0,eso
919,Ximen ToviaA,Ausias MarchA,2023-07-07T19:42:19.097Z,38.991913,-0.524291,378
920,N-340B,Beata InesA,2023-07-07T19:42:19.097Z,0.0,0.0,False
921,Corts Valencianes 2A,Corts Valencianes 2B,2023-07-07T19:42:29.097Z,38.986084,-0.534517,769
922,PalasietB,CV-645B,2023-07-07T19:42:29.097Z,38.985252,-0.537441,298
923,Alfons MagnanimA,Corts Valencianes 1A,2023-07-07T19:42:29.097Z,38.986084,-0.534517,767
924,9 OctubreB,Reina,2023-07-07T19:42:29.097Z,38.987684,-0.53061,492
925,Abu Masaifa,Abu Masaifa,2023-07-07T19:42:29.097Z,38.987684,-0.53061,661
926,Ausias MarchB,Ausias MarchA,2023-07-07T19:42:29.097Z,38.991913,-0.524291,027
927,Beata InesA,Corts Valencianes 2A,2023-07-07T19:42:29.097Z,38.987684,-0.53061,808
928,Ximen ToviaA,Ausias MarchA,2023-07-07T19:42:29.097Z,38.991913,-0.524291,934
929,N-340B,Beata InesA,2023-07-07T19:42:29.097Z,0.0,0.0,707
930,CV-645B,CV-645A,2023-07-07T19:42:39.097Z,0.0,0.0,907
931,Corts Valencianes 1A,CV-645B,2023-07-07T19:42:39.097Z,38.985252,-0.537441,955
932,Corts Valencianes 2A,Corts Valencianes 1A,2023-07-07T19:42:39.097Z,38.986084,-0.534517,538
933,PalasietA,Aben FerriA,2023-07-07T19:42:39.097Z,38.985489,-0.534157,257
934,Argenteria,PalasietB,2023-07-07T19:42:39.097Z,38.985489,-0.534157,925
935,9 OctubreB,9 OctubreA,2023-07-07T19:42:39.097Z,38.987684,-0.53061,False
936,Abu Masaifa,Ausias MarchB,2023-07-07T19:42:39.097Z,38.987684,-0.53061,399
937,Beata InesA,Ausias MarchB,2023-07-07T19:42:39.097Z,38.987684,-0.53061,812
938,Beata InesB,Beata InesB,2023-07-07T19:42:39.097Z,0.0,0.0,040
939,N-340B,N-340A,2023-07-07T19:42:39.097Z,0.0,0.0,641
940,CV-645B,CV-645B,2023-07-07T19:42:49.097Z,0.0,0.0,329
941,Corts Valencianes 1A,PalasietA,2023-07-07T19:42:49.097Z,38.985252,-0.537441,767
942,PalasietB,Corts Valencianes 1B,2023-07-07T19:42:49.097Z,38.985252,-0.537441,994
943,Alfons MagnanimA,Aben FerriB,2023-07-07T19:42:49.097Z,38.986084,-0.534517,863
944,Aben FerriA,Aben FerriB,2023-07-07T19:42:49.097Z,38.986084,-0.534517,257
945,9 OctubreB,Ausias MarchB,2023-07-07T19:42:49.097Z,38.987684,-0.53061,False
946,Ausias MarchA,Reina,2023-07-07T19:42:49.097Z,38.987684,-0.53061,769
947,Beata InesA,Ausias MarchB,2023-07-07T19:42:49.097Z,38.987684,-0.53061,707
948,CV-645B,Beata InesA,2023-07-07T19:42:59.097Z,0.0,0.0,769
949,Corts Valencianes 1B,Corts Valencianes 1A,2023-07-07T19:42:59.097Z,38.986084,-0.534517,954
950,Corts Valencianes 2A,Aben FerriB,2023-07-07T19:42:59.097Z,38.986084,-0.534517,808
951,PalasietB,CV-645B,2023-07-07T19:42:59.097Z,38.985252,-0.537441,806
952,Alfons MagnanimA,Corts Valencianes 2B,2023-07-07T19:42:59.097Z,38.986084,-0.534517,False
953,Aben FerriB,PalasietB,2023-07-07T19:42:59.097Z,38.985489,-0.534157,863
954,Ausias MarchA,9 OctubreA,2023-07-07T19:42:59.097Z,38.987684,-0.53061,036
955,Gregorio Molina,Baixada estacio 2,2023-07-07T19:42:59.097Z,38.991213,-0.523787,997
956,N-340B,N-340B,2023-07-07T19:42:59.097Z,0.0,0.0,603
957,CV-645A,PalasietA,2023-07-07T19:43:09.097Z,38.985252,-0.537441,690
958,CV-645B,Beata InesA,2023-07-07T19:43:09.097Z,0.0,0.0,976
959,Corts Valencianes 1A,PalasietA,2023-07-07T19:43:09.097Z,38.985252,-0.537441,994
960,Ausias MarchA,Beata InesB,2023-07-07T19:43:09.097Z,38.987684,-0.53061,423
961,Beata InesB,Beata InesB,2023-07-07T19:43:09.097Z,0.0,0.0,831
962,CV-645B,Beata InesA,2023-07-07T19:43:19.097Z,0.0,0.0,False
963,Corts Valencianes 2B,Reina,2023-07-07T19:43:19.097Z,38.987684,-0.53061,False
964,Aben FerriB,Aben FerriA,2023-07-07T19:43:19.097Z,38.985489,-0.534157,808
965,Beata InesA,Argenteria,2023-07-07T19:43:19.097Z,38.987684,-0.53061,769
966,Beata InesB,CV-645A,2023-07-07T19:43:19.097Z,0.0,0.0,040
967,Ximen ToviaB,N-340B,2023-07-07T19:43:19.097Z,38.992357,-0.519858,480
968,Baixada estacio 2,Republica Argentina,2023-07-07T19:43:19.097Z,38.989955,-0.523503,997
969,Albereda 2,N-340B,2023-07-07T19:43:19.097Z,38.990742,-0.513,699
970,N-340B,CV-645A,2023-07-07T19:43:19.097Z,0.0,0.0,419
971,CV-645B,CV-645A,2023-07-07T19:43:29.097Z,0.0,0.0,436
972,Corts Valencianes 2B,Ausias MarchB,2023-07-07T19:43:29.097Z,38.987684,-0.53061,395
973,PalasietA,PalasietB,2023-07-07T19:43:29.097Z,38.985489,-0.534157,False
974,PalasietB,CV-645B,2023-07-07T19:43:29.097Z,38.985252,-0.537441,925
975,Ausias MarchA,Ausias MarchB,2023-07-07T19:43:29.097Z,38.987684,-0.53061,252
976,Beata InesB,Beata InesB,2023-07-07T19:43:29.097Z,0.0,0.0,421
977,N-340B,N-340A,2023-07-07T19:43:29.097Z,0.0,0.0,False
978,CV-645A,Corts Valencianes 1B,2023-07-07T19:43:39.097Z,38.985252,-0.537441,False
979,Corts Valencianes 2B,Argenteria,2023-07-07T19:43:39.097Z,38.987684,-0.53061,328
980,PalasietB,PalasietA,2023-07-07T19:43:39.097Z,38.985252,-0.537441,863
981,Aben FerriB,PalasietB,2023-07-07T19:43:39.097Z,38.985489,-0.534157,257
982,9 OctubreA,9 OctubreB,2023-07-07T19:43:39.097Z,38.987144,-0.535236,080
983,Ausias MarchA,Argenteria,2023-07-07T19:43:39.097Z,38.987684,-0.53061,378
984,Ausias MarchB,Ausias MarchA,2023-07-07T19:43:39.097Z,38.991913,-0.524291,False
985,Beata InesA,Argenteria,2023-07-07T19:43:39.097Z,38.987684,-0.53061,976
986,Beata InesB,N-340A,2023-07-07T19:43:39.097Z,0.0,0.0,False
987,N-340B,N-340A,2023-07-07T19:43:39.097Z,0.0,0.0,281
988,CV-645B,CV-645A,2023-07-07T19:43:49.097Z,0.0,0.0,999
989,Corts Valencianes 1A,CV-645B,2023-07-07T19:43:49.097Z,38.985252,-0.537441,538
990,Corts Valencianes 1B,Corts Valencianes 2B,2023-07-07T19:43:49.097Z,38.986084,-0.534517,901
991,PalasietA,PalasietB,2023-07-07T19:43:49.097Z,38.985489,-0.534157,690
992,Aben FerriA,Corts Valencianes 2B,2023-07-07T19:43:49.097Z,38.986084,-0.534517,806
993,Ausias MarchB,Ausias MarchA,2023-07-07T19:43:49.097Z,38.991913,-0.524291,239
994,Beata InesA,Ausias MarchB,2023-07-07T19:43:49.097Z,38.987684,-0.53061,False
995,Beata InesB,N-340A,2023-07-07T19:43:49.097Z,0.0,0.0,423
996,Albereda 2,Cosmografo,2023-07-07T19:43:49.097Z,38.990742,-0.513,False
997,Maulets,N-340B,2023-07-07T19:43:49.097Z,38.992357,-0.519858,False
998,N-340B,N-340B,2023-07-07T19:43:49.097Z,0.0,0.0,969
999,CV-645A,PalasietA,2023-07-07T19:43:59.097Z,38.985252,-0.537441,048
