,enter,exit,date,latitude,longitude,matricula
0,Alfons MagnanimA,Corts Valencianes 2B,2023-10-19T12:04:09.097Z,38.986084,-0.534517,878
1,Alfons MagnanimB,Alfons MagnanimA,2023-10-19T12:04:09.097Z,38.987144,-0.535236,False
2,Aben FerriA,Corts Valencianes 2B,2023-10-19T12:04:09.097Z,38.986084,-0.534517,050
3,9 OctubreA,Alfons MagnanimA,2023-10-19T12:04:09.097Z,38.987144,-0.535236,618
4,9 OctubreB,Reina,2023-10-19T12:04:09.097Z,38.987684,-0.53061,617
5,Ausias MarchB,Baixada estacio 1,2023-10-19T12:04:09.097Z,38.991913,-0.524291,245
6,Beata InesA,9 OctubreA,2023-10-19T12:04:09.097Z,38.987684,-0.53061,378
7,Beata InesB,Beata InesA,2023-10-19T12:04:09.097Z,0.0,0.0,088
8,Reina,Albereda 1,2023-10-19T12:04:09.097Z,38.989955,-0.523503,893
9,Baixada estacio 1,Baixada estacio 2,2023-10-19T12:04:09.097Z,38.991213,-0.523787,False
10,Baixada estacio 2,Albereda 1,2023-10-19T12:04:09.097Z,38.989955,-0.523503,996
11,N-340A,Carme 1,2023-10-19T12:04:09.097Z,38.992357,-0.519858,768
12,CV-645A,PalasietA,2023-10-19T12:04:19.097Z,38.985252,-0.537441,False
13,CV-645B,CV-645A,2023-10-19T12:04:19.097Z,0.0,0.0,False
14,Corts Valencianes 1A,Corts Valencianes 1B,2023-10-19T12:04:19.097Z,38.985252,-0.537441,803
15,Corts Valencianes 2A,Alfons MagnanimB,2023-10-19T12:04:19.097Z,38.986084,-0.534517,474
16,PalasietA,Aben FerriA,2023-10-19T12:04:19.097Z,38.985489,-0.534157,483
17,PalasietB,CV-645B,2023-10-19T12:04:19.097Z,38.985252,-0.537441,710
18,Alfons MagnanimA,Corts Valencianes 2B,2023-10-19T12:04:19.097Z,38.986084,-0.534517,062
19,Alfons MagnanimB,9 OctubreB,2023-10-19T12:04:19.097Z,38.987144,-0.535236,False
20,Aben FerriA,Alfons MagnanimB,2023-10-19T12:04:19.097Z,38.986084,-0.534517,459
21,9 OctubreA,Alfons MagnanimA,2023-10-19T12:04:19.097Z,38.987144,-0.535236,599
22,9 OctubreB,Ausias MarchB,2023-10-19T12:04:19.097Z,38.987684,-0.53061,001
23,Ausias MarchA,Corts Valencianes 2A,2023-10-19T12:04:19.097Z,38.987684,-0.53061,478
24,Ausias MarchB,Ausias MarchA,2023-10-19T12:04:19.097Z,38.991913,-0.524291,False
25,Beata InesA,9 OctubreA,2023-10-19T12:04:19.097Z,38.987684,-0.53061,819
26,Reina,Albereda 1,2023-10-19T12:04:19.097Z,38.989955,-0.523503,924
27,Ximen ToviaA,Ausias MarchA,2023-10-19T12:04:19.097Z,38.991913,-0.524291,887
28,Ximen ToviaB,Gregorio Molina,2023-10-19T12:04:19.097Z,38.992357,-0.519858,580
29,Baixada estacio 1,Abu Masaifa,2023-10-19T12:04:19.097Z,38.991213,-0.523787,245
30,Baixada estacio 2,Republica Argentina,2023-10-19T12:04:19.097Z,38.989955,-0.523503,XXX
31,Gregorio Molina,Baixada estacio 2,2023-10-19T12:04:19.097Z,38.991213,-0.523787,863
32,Carme 1,Academic Maravall,2023-10-19T12:04:19.097Z,38.99105,-0.519778,768
33,Maulets,N-340B,2023-10-19T12:04:19.097Z,38.992357,-0.519858,False
34,N-340A,Carme 1,2023-10-19T12:04:19.097Z,38.992357,-0.519858,177
35,N-340B,Beata InesA,2023-10-19T12:04:19.097Z,0.0,0.0,231
36,CV-645A,PalasietA,2023-10-19T12:04:29.097Z,38.985252,-0.537441,False
37,Corts Valencianes 1B,Alfons MagnanimB,2023-10-19T12:04:29.097Z,38.986084,-0.534517,919
38,Corts Valencianes 2A,Aben FerriB,2023-10-19T12:04:29.097Z,38.986084,-0.534517,153
39,Alfons MagnanimA,Aben FerriB,2023-10-19T12:04:29.097Z,38.986084,-0.534517,960
40,Alfons MagnanimB,9 OctubreB,2023-10-19T12:04:29.097Z,38.987144,-0.535236,473
41,Aben FerriA,Corts Valencianes 2B,2023-10-19T12:04:29.097Z,38.986084,-0.534517,086
42,Argenteria,Aben FerriA,2023-10-19T12:04:29.097Z,38.985489,-0.534157,070
43,Abu Masaifa,Ausias MarchB,2023-10-19T12:04:29.097Z,38.987684,-0.53061,740
44,Ausias MarchA,Corts Valencianes 2A,2023-10-19T12:04:29.097Z,38.987684,-0.53061,False
45,Ausias MarchB,Ausias MarchA,2023-10-19T12:04:29.097Z,38.991913,-0.524291,499
46,Ximen ToviaA,Baixada estacio 1,2023-10-19T12:04:29.097Z,38.991913,-0.524291,059
47,Baixada estacio 2,Albereda 1,2023-10-19T12:04:29.097Z,38.989955,-0.523503,683
48,Albereda 2,N-340B,2023-10-19T12:04:29.097Z,38.990742,-0.513,064
49,Carme 1,Academic Maravall,2023-10-19T12:04:29.097Z,38.99105,-0.519778,False
50,Corts Valencianes 1B,Corts Valencianes 2B,2023-10-19T12:04:39.097Z,38.986084,-0.534517,803
51,PalasietB,Corts Valencianes 1B,2023-10-19T12:04:39.097Z,38.985252,-0.537441,699
52,Alfons MagnanimA,Corts Valencianes 1A,2023-10-19T12:04:39.097Z,38.986084,-0.534517,989
53,Alfons MagnanimB,Alfons MagnanimB,2023-10-19T12:04:39.097Z,38.987144,-0.535236,459
54,Aben FerriB,Aben FerriA,2023-10-19T12:04:39.097Z,38.985489,-0.534157,767
55,Argenteria,Aben FerriA,2023-10-19T12:04:39.097Z,38.985489,-0.534157,943
56,9 OctubreA,9 OctubreB,2023-10-19T12:04:39.097Z,38.987144,-0.535236,986
57,9 OctubreB,Ausias MarchB,2023-10-19T12:04:39.097Z,38.987684,-0.53061,367
58,Ausias MarchA,Corts Valencianes 2A,2023-10-19T12:04:39.097Z,38.987684,-0.53061,False
59,Ximen ToviaB,N-340B,2023-10-19T12:04:39.097Z,38.992357,-0.519858,850
60,Baixada estacio 1,Abu Masaifa,2023-10-19T12:04:39.097Z,38.991213,-0.523787,039
61,Academic Maravall,Maulets,2023-10-19T12:04:39.097Z,38.991249,-0.518678,177
62,Maulets,N-340B,2023-10-19T12:04:39.097Z,38.992357,-0.519858,254
63,Corts Valencianes 2A,Corts Valencianes 1A,2023-10-19T12:04:49.097Z,38.986084,-0.534517,671
64,Corts Valencianes 2B,Argenteria,2023-10-19T12:04:49.097Z,38.987684,-0.53061,616
65,PalasietA,PalasietB,2023-10-19T12:04:49.097Z,38.985489,-0.534157,100
66,Aben FerriA,Corts Valencianes 1A,2023-10-19T12:04:49.097Z,38.986084,-0.534517,070
67,Aben FerriB,PalasietB,2023-10-19T12:04:49.097Z,38.985489,-0.534157,949
68,Argenteria,PalasietB,2023-10-19T12:04:49.097Z,38.985489,-0.534157,012
69,9 OctubreA,Alfons MagnanimA,2023-10-19T12:04:49.097Z,38.987144,-0.535236,378
70,9 OctubreB,Ausias MarchB,2023-10-19T12:04:49.097Z,38.987684,-0.53061,616
71,Beata InesA,Corts Valencianes 2A,2023-10-19T12:04:49.097Z,38.987684,-0.53061,088
72,Albereda 2,Cosmografo,2023-10-19T12:04:49.097Z,38.990742,-0.513,181
73,N-340B,Beata InesA,2023-10-19T12:04:49.097Z,0.0,0.0,152
74,CV-645B,CV-645A,2023-10-19T12:04:59.097Z,0.0,0.0,440
75,Corts Valencianes 1B,Corts Valencianes 2B,2023-10-19T12:04:59.097Z,38.986084,-0.534517,False
76,Corts Valencianes 2A,Corts Valencianes 1A,2023-10-19T12:04:59.097Z,38.986084,-0.534517,478
77,PalasietA,PalasietB,2023-10-19T12:04:59.097Z,38.985489,-0.534157,405
78,PalasietB,Corts Valencianes 1B,2023-10-19T12:04:59.097Z,38.985252,-0.537441,999
79,Alfons MagnanimB,9 OctubreB,2023-10-19T12:04:59.097Z,38.987144,-0.535236,879
80,Aben FerriA,Alfons MagnanimB,2023-10-19T12:04:59.097Z,38.986084,-0.534517,767
81,Ausias MarchA,9 OctubreA,2023-10-19T12:04:59.097Z,38.987684,-0.53061,646
82,Reina,Albereda 1,2023-10-19T12:04:59.097Z,38.989955,-0.523503,699
83,Albereda 1,Albereda 2,2023-10-19T12:04:59.097Z,38.990122,-0.519633,193
84,Albereda 2,Cosmografo,2023-10-19T12:04:59.097Z,38.990742,-0.513,992
85,Carme 1,Carme 2,2023-10-19T12:04:59.097Z,38.99105,-0.519778,685
86,Carme 2,Albereda 2,2023-10-19T12:04:59.097Z,38.990122,-0.519633,226
87,Cosmografo,Maulets,2023-10-19T12:04:59.097Z,38.991249,-0.518678,181
88,Maulets,Gregorio Molina,2023-10-19T12:04:59.097Z,38.992357,-0.519858,098
89,N-340B,N-340A,2023-10-19T12:04:59.097Z,0.0,0.0,888
90,Republica Argentina,Carme 2,2023-10-19T12:04:59.097Z,38.99105,-0.519778,028
91,CV-645B,Beata InesA,2023-10-19T12:05:09.097Z,0.0,0.0,264
92,Corts Valencianes 1A,CV-645B,2023-10-19T12:05:09.097Z,38.985252,-0.537441,957
93,Corts Valencianes 2B,Beata InesB,2023-10-19T12:05:09.097Z,38.987684,-0.53061,922
94,PalasietA,Aben FerriA,2023-10-19T12:05:09.097Z,38.985489,-0.534157,False
95,Alfons MagnanimB,9 OctubreB,2023-10-19T12:05:09.097Z,38.987144,-0.535236,459
96,9 OctubreA,9 OctubreB,2023-10-19T12:05:09.097Z,38.987144,-0.535236,819
97,Ausias MarchA,9 OctubreA,2023-10-19T12:05:09.097Z,38.987684,-0.53061,077
98,Ausias MarchB,Ausias MarchA,2023-10-19T12:05:09.097Z,38.991913,-0.524291,100
99,Beata InesA,Corts Valencianes 2A,2023-10-19T12:05:09.097Z,38.987684,-0.53061,231
100,Reina,Albereda 1,2023-10-19T12:05:09.097Z,38.989955,-0.523503,429
101,Ximen ToviaB,N-340B,2023-10-19T12:05:09.097Z,38.992357,-0.519858,False
102,Gregorio Molina,Abu Masaifa,2023-10-19T12:05:09.097Z,38.991213,-0.523787,063
103,Maulets,N-340B,2023-10-19T12:05:09.097Z,38.992357,-0.519858,False
104,N-340B,N-340A,2023-10-19T12:05:09.097Z,0.0,0.0,196
105,Republica Argentina,Academic Maravall,2023-10-19T12:05:09.097Z,38.99105,-0.519778,False
106,CV-645A,PalasietA,2023-10-19T12:05:19.097Z,38.985252,-0.537441,717
107,Corts Valencianes 1A,PalasietA,2023-10-19T12:05:19.097Z,38.985252,-0.537441,False
108,Corts Valencianes 2B,Argenteria,2023-10-19T12:05:19.097Z,38.987684,-0.53061,086
109,PalasietA,PalasietB,2023-10-19T12:05:19.097Z,38.985489,-0.534157,677
110,9 OctubreB,Ausias MarchB,2023-10-19T12:05:19.097Z,38.987684,-0.53061,706
111,Ausias MarchA,Argenteria,2023-10-19T12:05:19.097Z,38.987684,-0.53061,700
112,Ausias MarchB,Baixada estacio 1,2023-10-19T12:05:19.097Z,38.991913,-0.524291,False
113,Beata InesA,Corts Valencianes 2A,2023-10-19T12:05:19.097Z,38.987684,-0.53061,511
114,Reina,Albereda 1,2023-10-19T12:05:19.097Z,38.989955,-0.523503,917
115,Gregorio Molina,Abu Masaifa,2023-10-19T12:05:19.097Z,38.991213,-0.523787,992
116,Albereda 2,Cosmografo,2023-10-19T12:05:19.097Z,38.990742,-0.513,359
117,N-340A,Carme 1,2023-10-19T12:05:19.097Z,38.992357,-0.519858,077
118,Republica Argentina,Carme 2,2023-10-19T12:05:19.097Z,38.99105,-0.519778,891
119,CV-645A,PalasietA,2023-10-19T12:05:29.097Z,38.985252,-0.537441,906
120,CV-645B,N-340A,2023-10-19T12:05:29.097Z,0.0,0.0,235
121,Corts Valencianes 1A,Corts Valencianes 1B,2023-10-19T12:05:29.097Z,38.985252,-0.537441,170
122,Corts Valencianes 1B,Corts Valencianes 2B,2023-10-19T12:05:29.097Z,38.986084,-0.534517,200
123,Corts Valencianes 2A,Alfons MagnanimB,2023-10-19T12:05:29.097Z,38.986084,-0.534517,False
124,Corts Valencianes 2B,Ausias MarchB,2023-10-19T12:05:29.097Z,38.987684,-0.53061,803
125,PalasietA,PalasietB,2023-10-19T12:05:29.097Z,38.985489,-0.534157,968
126,Alfons MagnanimB,9 OctubreB,2023-10-19T12:05:29.097Z,38.987144,-0.535236,510
127,Aben FerriA,Alfons MagnanimB,2023-10-19T12:05:29.097Z,38.986084,-0.534517,False
128,9 OctubreA,9 OctubreB,2023-10-19T12:05:29.097Z,38.987144,-0.535236,946
129,9 OctubreB,9 OctubreA,2023-10-19T12:05:29.097Z,38.987684,-0.53061,799
130,Ausias MarchA,9 OctubreA,2023-10-19T12:05:29.097Z,38.987684,-0.53061,887
131,Ausias MarchB,Ausias MarchA,2023-10-19T12:05:29.097Z,38.991913,-0.524291,641
132,Baixada estacio 1,Baixada estacio 2,2023-10-19T12:05:29.097Z,38.991213,-0.523787,False
133,Gregorio Molina,Abu Masaifa,2023-10-19T12:05:29.097Z,38.991213,-0.523787,058
134,Albereda 1,Albereda 2,2023-10-19T12:05:29.097Z,38.990122,-0.519633,942
135,Carme 1,Carme 2,2023-10-19T12:05:29.097Z,38.99105,-0.519778,077
136,Carme 2,Albereda 2,2023-10-19T12:05:29.097Z,38.990122,-0.519633,674
137,Academic Maravall,Maulets,2023-10-19T12:05:29.097Z,38.991249,-0.518678,671
138,Cosmografo,Maulets,2023-10-19T12:05:29.097Z,38.991249,-0.518678,992
139,Republica Argentina,Academic Maravall,2023-10-19T12:05:29.097Z,38.99105,-0.519778,919
140,CV-645A,Corts Valencianes 1B,2023-10-19T12:05:39.097Z,38.985252,-0.537441,440
141,CV-645B,Beata InesA,2023-10-19T12:05:39.097Z,0.0,0.0,False
142,Corts Valencianes 2A,Corts Valencianes 1A,2023-10-19T12:05:39.097Z,38.986084,-0.534517,866
143,PalasietA,PalasietB,2023-10-19T12:05:39.097Z,38.985489,-0.534157,797
144,PalasietB,CV-645B,2023-10-19T12:05:39.097Z,38.985252,-0.537441,920
145,Argenteria,PalasietB,2023-10-19T12:05:39.097Z,38.985489,-0.534157,086
146,9 OctubreA,Alfons MagnanimA,2023-10-19T12:05:39.097Z,38.987144,-0.535236,254
147,9 OctubreB,Argenteria,2023-10-19T12:05:39.097Z,38.987684,-0.53061,686
148,Ausias MarchA,Beata InesB,2023-10-19T12:05:39.097Z,38.987684,-0.53061,469
149,Ausias MarchB,Baixada estacio 1,2023-10-19T12:05:39.097Z,38.991913,-0.524291,616
150,Academic Maravall,Maulets,2023-10-19T12:05:39.097Z,38.991249,-0.518678,False
151,N-340B,Beata InesA,2023-10-19T12:05:39.097Z,0.0,0.0,692
152,CV-645B,CV-645A,2023-10-19T12:05:49.097Z,0.0,0.0,632
153,Corts Valencianes 1A,Corts Valencianes 1B,2023-10-19T12:05:49.097Z,38.985252,-0.537441,369
154,Corts Valencianes 1B,Alfons MagnanimB,2023-10-19T12:05:49.097Z,38.986084,-0.534517,418
155,Corts Valencianes 2A,Alfons MagnanimB,2023-10-19T12:05:49.097Z,38.986084,-0.534517,888
156,PalasietB,CV-645B,2023-10-19T12:05:49.097Z,38.985252,-0.537441,618
157,Alfons MagnanimA,Corts Valencianes 2B,2023-10-19T12:05:49.097Z,38.986084,-0.534517,378
158,Argenteria,Aben FerriA,2023-10-19T12:05:49.097Z,38.985489,-0.534157,700
159,9 OctubreA,9 OctubreB,2023-10-19T12:05:49.097Z,38.987144,-0.535236,067
160,9 OctubreB,Argenteria,2023-10-19T12:05:49.097Z,38.987684,-0.53061,967
161,Abu Masaifa,Argenteria,2023-10-19T12:05:49.097Z,38.987684,-0.53061,196
162,Ausias MarchA,Beata InesB,2023-10-19T12:05:49.097Z,38.987684,-0.53061,007
163,Beata InesA,9 OctubreA,2023-10-19T12:05:49.097Z,38.987684,-0.53061,264
164,Ximen ToviaB,N-340B,2023-10-19T12:05:49.097Z,38.992357,-0.519858,492
165,Baixada estacio 1,Baixada estacio 2,2023-10-19T12:05:49.097Z,38.991213,-0.523787,767
166,Gregorio Molina,Baixada estacio 2,2023-10-19T12:05:49.097Z,38.991213,-0.523787,407
167,Albereda 2,N-340B,2023-10-19T12:05:49.097Z,38.990742,-0.513,385
168,Cosmografo,Maulets,2023-10-19T12:05:49.097Z,38.991249,-0.518678,359
169,Maulets,N-340B,2023-10-19T12:05:49.097Z,38.992357,-0.519858,154
170,N-340A,Carme 1,2023-10-19T12:05:49.097Z,38.992357,-0.519858,888
171,N-340B,CV-645A,2023-10-19T12:05:49.097Z,0.0,0.0,814
172,Republica Argentina,Academic Maravall,2023-10-19T12:05:49.097Z,38.99105,-0.519778,False
173,CV-645B,Beata InesA,2023-10-19T12:05:59.097Z,0.0,0.0,999
174,Corts Valencianes 1B,Alfons MagnanimB,2023-10-19T12:05:59.097Z,38.986084,-0.534517,440
175,Corts Valencianes 2A,Corts Valencianes 2B,2023-10-19T12:05:59.097Z,38.986084,-0.534517,231
176,Alfons MagnanimB,9 OctubreB,2023-10-19T12:05:59.097Z,38.987144,-0.535236,825
177,Aben FerriA,Alfons MagnanimB,2023-10-19T12:05:59.097Z,38.986084,-0.534517,False
178,Argenteria,PalasietB,2023-10-19T12:05:59.097Z,38.985489,-0.534157,886
179,9 OctubreB,Beata InesB,2023-10-19T12:05:59.097Z,38.987684,-0.53061,473
180,Beata InesA,Argenteria,2023-10-19T12:05:59.097Z,38.987684,-0.53061,969
181,Ximen ToviaB,Ximen ToviaA,2023-10-19T12:05:59.097Z,38.992357,-0.519858,851
182,Academic Maravall,Maulets,2023-10-19T12:05:59.097Z,38.991249,-0.518678,064
183,Maulets,Ximen ToviaA,2023-10-19T12:05:59.097Z,38.992357,-0.519858,False
184,N-340B,N-340B,2023-10-19T12:05:59.097Z,0.0,0.0,331
185,CV-645A,Corts Valencianes 1B,2023-10-19T12:06:09.097Z,38.985252,-0.537441,632
186,Corts Valencianes 1B,Aben FerriB,2023-10-19T12:06:09.097Z,38.986084,-0.534517,369
187,Corts Valencianes 2A,Aben FerriB,2023-10-19T12:06:09.097Z,38.986084,-0.534517,152
188,PalasietA,Aben FerriA,2023-10-19T12:06:09.097Z,38.985489,-0.534157,False
189,PalasietB,CV-645B,2023-10-19T12:06:09.097Z,38.985252,-0.537441,056
190,Alfons MagnanimA,Aben FerriB,2023-10-19T12:06:09.097Z,38.986084,-0.534517,254
191,Alfons MagnanimB,9 OctubreB,2023-10-19T12:06:09.097Z,38.987144,-0.535236,987
192,9 OctubreA,Alfons MagnanimA,2023-10-19T12:06:09.097Z,38.987144,-0.535236,777
193,9 OctubreB,Reina,2023-10-19T12:06:09.097Z,38.987684,-0.53061,042
194,Abu Masaifa,Reina,2023-10-19T12:06:09.097Z,38.987684,-0.53061,False
195,Ausias MarchB,Ausias MarchA,2023-10-19T12:06:09.097Z,38.991913,-0.524291,669
196,Beata InesA,Ausias MarchB,2023-10-19T12:06:09.097Z,38.987684,-0.53061,692
197,Beata InesB,N-340A,2023-10-19T12:06:09.097Z,0.0,0.0,178
198,Ximen ToviaA,Ausias MarchA,2023-10-19T12:06:09.097Z,38.991913,-0.524291,897
199,Ximen ToviaB,Ximen ToviaA,2023-10-19T12:06:09.097Z,38.992357,-0.519858,996
200,Carme 1,Carme 2,2023-10-19T12:06:09.097Z,38.99105,-0.519778,888
201,Republica Argentina,Carme 2,2023-10-19T12:06:09.097Z,38.99105,-0.519778,769
202,CV-645A,Corts Valencianes 1B,2023-10-19T12:06:19.097Z,38.985252,-0.537441,814
203,CV-645B,CV-645A,2023-10-19T12:06:19.097Z,0.0,0.0,197
204,Corts Valencianes 1B,Alfons MagnanimB,2023-10-19T12:06:19.097Z,38.986084,-0.534517,632
205,Corts Valencianes 2B,9 OctubreA,2023-10-19T12:06:19.097Z,38.987684,-0.53061,699
206,PalasietA,Aben FerriA,2023-10-19T12:06:19.097Z,38.985489,-0.534157,070
207,PalasietB,Corts Valencianes 1B,2023-10-19T12:06:19.097Z,38.985252,-0.537441,487
208,Alfons MagnanimB,Alfons MagnanimA,2023-10-19T12:06:19.097Z,38.987144,-0.535236,False
209,Aben FerriB,PalasietB,2023-10-19T12:06:19.097Z,38.985489,-0.534157,369
210,9 OctubreA,Alfons MagnanimA,2023-10-19T12:06:19.097Z,38.987144,-0.535236,887
211,9 OctubreB,Corts Valencianes 2A,2023-10-19T12:06:19.097Z,38.987684,-0.53061,722
212,Ausias MarchA,Corts Valencianes 2A,2023-10-19T12:06:19.097Z,38.987684,-0.53061,816
213,Ausias MarchB,Ximen ToviaB,2023-10-19T12:06:19.097Z,38.991913,-0.524291,803
214,N-340B,Beata InesA,2023-10-19T12:06:19.097Z,0.0,0.0,716
215,CV-645B,Beata InesA,2023-10-19T12:06:29.097Z,0.0,0.0,769
216,Corts Valencianes 2B,9 OctubreA,2023-10-19T12:06:29.097Z,38.987684,-0.53061,999
217,PalasietB,CV-645B,2023-10-19T12:06:29.097Z,38.985252,-0.537441,912
218,Alfons MagnanimA,Corts Valencianes 2B,2023-10-19T12:06:29.097Z,38.986084,-0.534517,777
219,Alfons MagnanimB,Alfons MagnanimA,2023-10-19T12:06:29.097Z,38.987144,-0.535236,478
220,Aben FerriA,Aben FerriB,2023-10-19T12:06:29.097Z,38.986084,-0.534517,False
221,Aben FerriB,PalasietB,2023-10-19T12:06:29.097Z,38.985489,-0.534157,152
222,Argenteria,Aben FerriA,2023-10-19T12:06:29.097Z,38.985489,-0.534157,False
223,9 OctubreA,9 OctubreB,2023-10-19T12:06:29.097Z,38.987144,-0.535236,264
224,Ausias MarchB,Ximen ToviaB,2023-10-19T12:06:29.097Z,38.991913,-0.524291,692
225,Beata InesA,Argenteria,2023-10-19T12:06:29.097Z,38.987684,-0.53061,999
226,Reina,Republica Argentina,2023-10-19T12:06:29.097Z,38.989955,-0.523503,042
227,Ximen ToviaB,N-340B,2023-10-19T12:06:29.097Z,38.992357,-0.519858,274
228,Albereda 2,N-340B,2023-10-19T12:06:29.097Z,38.990742,-0.513,163
229,N-340A,Gregorio Molina,2023-10-19T12:06:29.097Z,38.992357,-0.519858,False
230,Republica Argentina,Academic Maravall,2023-10-19T12:06:29.097Z,38.99105,-0.519778,False
231,CV-645A,Corts Valencianes 1B,2023-10-19T12:06:39.097Z,38.985252,-0.537441,751
232,CV-645B,CV-645B,2023-10-19T12:06:39.097Z,0.0,0.0,197
233,Corts Valencianes 1A,PalasietA,2023-10-19T12:06:39.097Z,38.985252,-0.537441,599
234,Corts Valencianes 1B,Corts Valencianes 2B,2023-10-19T12:06:39.097Z,38.986084,-0.534517,814
235,Corts Valencianes 2B,Ausias MarchB,2023-10-19T12:06:39.097Z,38.987684,-0.53061,378
236,PalasietB,Corts Valencianes 1B,2023-10-19T12:06:39.097Z,38.985252,-0.537441,100
237,Alfons MagnanimA,Corts Valencianes 1A,2023-10-19T12:06:39.097Z,38.986084,-0.534517,False
238,Alfons MagnanimB,9 OctubreB,2023-10-19T12:06:39.097Z,38.987144,-0.535236,888
239,Aben FerriA,Aben FerriB,2023-10-19T12:06:39.097Z,38.986084,-0.534517,070
240,Aben FerriB,PalasietB,2023-10-19T12:06:39.097Z,38.985489,-0.534157,294
241,9 OctubreB,Argenteria,2023-10-19T12:06:39.097Z,38.987684,-0.53061,819
242,Abu Masaifa,9 OctubreA,2023-10-19T12:06:39.097Z,38.987684,-0.53061,698
243,Beata InesA,Corts Valencianes 2A,2023-10-19T12:06:39.097Z,38.987684,-0.53061,718
244,Ximen ToviaB,Gregorio Molina,2023-10-19T12:06:39.097Z,38.992357,-0.519858,089
245,Baixada estacio 2,Albereda 1,2023-10-19T12:06:39.097Z,38.989955,-0.523503,False
246,Albereda 2,Cosmografo,2023-10-19T12:06:39.097Z,38.990742,-0.513,False
247,Carme 2,Albereda 2,2023-10-19T12:06:39.097Z,38.990122,-0.519633,076
248,Academic Maravall,Maulets,2023-10-19T12:06:39.097Z,38.991249,-0.518678,994
249,N-340A,Gregorio Molina,2023-10-19T12:06:39.097Z,38.992357,-0.519858,235
250,N-340B,CV-645A,2023-10-19T12:06:39.097Z,0.0,0.0,999
251,Republica Argentina,Academic Maravall,2023-10-19T12:06:39.097Z,38.99105,-0.519778,906
252,Corts Valencianes 1B,Corts Valencianes 2B,2023-10-19T12:06:49.097Z,38.986084,-0.534517,976
253,Corts Valencianes 2B,Reina,2023-10-19T12:06:49.097Z,38.987684,-0.53061,231
254,Alfons MagnanimA,Corts Valencianes 2B,2023-10-19T12:06:49.097Z,38.986084,-0.534517,False
255,Alfons MagnanimB,9 OctubreB,2023-10-19T12:06:49.097Z,38.987144,-0.535236,440
256,Aben FerriA,Aben FerriB,2023-10-19T12:06:49.097Z,38.986084,-0.534517,False
257,Aben FerriB,PalasietB,2023-10-19T12:06:49.097Z,38.985489,-0.534157,False
258,9 OctubreA,9 OctubreB,2023-10-19T12:06:49.097Z,38.987144,-0.535236,False
259,9 OctubreB,Corts Valencianes 2A,2023-10-19T12:06:49.097Z,38.987684,-0.53061,499
260,Abu Masaifa,Reina,2023-10-19T12:06:49.097Z,38.987684,-0.53061,245
261,Beata InesB,N-340A,2023-10-19T12:06:49.097Z,0.0,0.0,False
262,Ximen ToviaB,Gregorio Molina,2023-10-19T12:06:49.097Z,38.992357,-0.519858,False
263,Baixada estacio 2,Republica Argentina,2023-10-19T12:06:49.097Z,38.989955,-0.523503,616
264,Albereda 1,Albereda 2,2023-10-19T12:06:49.097Z,38.990122,-0.519633,166
265,Albereda 2,Cosmografo,2023-10-19T12:06:49.097Z,38.990742,-0.513,915
266,Academic Maravall,Maulets,2023-10-19T12:06:49.097Z,38.991249,-0.518678,906
267,N-340A,Gregorio Molina,2023-10-19T12:06:49.097Z,38.992357,-0.519858,178
268,Republica Argentina,Academic Maravall,2023-10-19T12:06:49.097Z,38.99105,-0.519778,508
269,Corts Valencianes 2A,Corts Valencianes 2B,2023-10-19T12:06:59.097Z,38.986084,-0.534517,722
270,Corts Valencianes 2B,Corts Valencianes 2A,2023-10-19T12:06:59.097Z,38.987684,-0.53061,777
271,PalasietA,PalasietB,2023-10-19T12:06:59.097Z,38.985489,-0.534157,False
272,Alfons MagnanimB,9 OctubreB,2023-10-19T12:06:59.097Z,38.987144,-0.535236,False
273,Aben FerriA,Alfons MagnanimB,2023-10-19T12:06:59.097Z,38.986084,-0.534517,647
274,Argenteria,PalasietB,2023-10-19T12:06:59.097Z,38.985489,-0.534157,196
275,9 OctubreB,Corts Valencianes 2A,2023-10-19T12:06:59.097Z,38.987684,-0.53061,819
276,Abu Masaifa,Reina,2023-10-19T12:06:59.097Z,38.987684,-0.53061,039
277,Beata InesA,Argenteria,2023-10-19T12:06:59.097Z,38.987684,-0.53061,769
278,Beata InesB,Beata InesA,2023-10-19T12:06:59.097Z,0.0,0.0,459
279,Ximen ToviaA,Ausias MarchA,2023-10-19T12:06:59.097Z,38.991913,-0.524291,355
280,Ximen ToviaB,N-340B,2023-10-19T12:06:59.097Z,38.992357,-0.519858,647
281,Baixada estacio 2,Republica Argentina,2023-10-19T12:06:59.097Z,38.989955,-0.523503,407
282,Albereda 1,Albereda 2,2023-10-19T12:06:59.097Z,38.990122,-0.519633,842
283,Albereda 2,Cosmografo,2023-10-19T12:06:59.097Z,38.990742,-0.513,007
284,Academic Maravall,Maulets,2023-10-19T12:06:59.097Z,38.991249,-0.518678,680
285,Maulets,N-340B,2023-10-19T12:06:59.097Z,38.992357,-0.519858,269
286,Republica Argentina,Carme 2,2023-10-19T12:06:59.097Z,38.99105,-0.519778,797
287,CV-645B,Beata InesA,2023-10-19T12:07:09.097Z,0.0,0.0,480
288,Corts Valencianes 1B,Corts Valencianes 2B,2023-10-19T12:07:09.097Z,38.986084,-0.534517,100
289,Corts Valencianes 2B,Argenteria,2023-10-19T12:07:09.097Z,38.987684,-0.53061,814
290,PalasietB,CV-645B,2023-10-19T12:07:09.097Z,38.985252,-0.537441,012
291,Alfons MagnanimB,9 OctubreB,2023-10-19T12:07:09.097Z,38.987144,-0.535236,632
292,Aben FerriB,PalasietB,2023-10-19T12:07:09.097Z,38.985489,-0.534157,False
293,9 OctubreB,Ausias MarchB,2023-10-19T12:07:09.097Z,38.987684,-0.53061,153
294,Albereda 1,Albereda 2,2023-10-19T12:07:09.097Z,38.990122,-0.519633,119
295,Carme 2,Albereda 2,2023-10-19T12:07:09.097Z,38.990122,-0.519633,486
296,Maulets,Gregorio Molina,2023-10-19T12:07:09.097Z,38.992357,-0.519858,406
297,N-340B,CV-645A,2023-10-19T12:07:09.097Z,0.0,0.0,False
298,Republica Argentina,Academic Maravall,2023-10-19T12:07:09.097Z,38.99105,-0.519778,False
299,CV-645B,CV-645B,2023-10-19T12:07:19.097Z,0.0,0.0,718
300,Corts Valencianes 2A,Corts Valencianes 2B,2023-10-19T12:07:19.097Z,38.986084,-0.534517,969
301,PalasietB,PalasietA,2023-10-19T12:07:19.097Z,38.985252,-0.537441,False
302,Argenteria,PalasietB,2023-10-19T12:07:19.097Z,38.985489,-0.534157,False
303,9 OctubreB,Reina,2023-10-19T12:07:19.097Z,38.987684,-0.53061,808
304,Abu Masaifa,Reina,2023-10-19T12:07:19.097Z,38.987684,-0.53061,699
305,Reina,Albereda 1,2023-10-19T12:07:19.097Z,38.989955,-0.523503,472
306,Gregorio Molina,Baixada estacio 2,2023-10-19T12:07:19.097Z,38.991213,-0.523787,196
307,Albereda 2,Cosmografo,2023-10-19T12:07:19.097Z,38.990742,-0.513,045
308,Academic Maravall,Maulets,2023-10-19T12:07:19.097Z,38.991249,-0.518678,659
309,Maulets,Gregorio Molina,2023-10-19T12:07:19.097Z,38.992357,-0.519858,406
310,Republica Argentina,Academic Maravall,2023-10-19T12:07:19.097Z,38.99105,-0.519778,003
311,CV-645B,Beata InesA,2023-10-19T12:07:29.097Z,0.0,0.0,220
312,Alfons MagnanimB,9 OctubreB,2023-10-19T12:07:29.097Z,38.987144,-0.535236,414
313,9 OctubreB,Reina,2023-10-19T12:07:29.097Z,38.987684,-0.53061,070
314,Abu Masaifa,Ausias MarchB,2023-10-19T12:07:29.097Z,38.987684,-0.53061,False
315,Beata InesA,Ausias MarchB,2023-10-19T12:07:29.097Z,38.987684,-0.53061,919
316,Ximen ToviaB,N-340B,2023-10-19T12:07:29.097Z,38.992357,-0.519858,False
317,Baixada estacio 2,Republica Argentina,2023-10-19T12:07:29.097Z,38.989955,-0.523503,969
318,Academic Maravall,Maulets,2023-10-19T12:07:29.097Z,38.991249,-0.518678,003
319,Maulets,N-340B,2023-10-19T12:07:29.097Z,38.992357,-0.519858,106
320,N-340A,Ximen ToviaA,2023-10-19T12:07:29.097Z,38.992357,-0.519858,062
321,N-340B,Beata InesA,2023-10-19T12:07:29.097Z,0.0,0.0,499
322,Republica Argentina,Academic Maravall,2023-10-19T12:07:29.097Z,38.99105,-0.519778,177
323,CV-645A,Corts Valencianes 1B,2023-10-19T12:07:39.097Z,38.985252,-0.537441,891
324,Corts Valencianes 2A,Aben FerriB,2023-10-19T12:07:39.097Z,38.986084,-0.534517,eso
325,Corts Valencianes 2B,Reina,2023-10-19T12:07:39.097Z,38.987684,-0.53061,722
326,PalasietB,Corts Valencianes 1B,2023-10-19T12:07:39.097Z,38.985252,-0.537441,405
327,9 OctubreA,Alfons MagnanimA,2023-10-19T12:07:39.097Z,38.987144,-0.535236,898
328,9 OctubreB,Corts Valencianes 2A,2023-10-19T12:07:39.097Z,38.987684,-0.53061,825
329,Abu Masaifa,Argenteria,2023-10-19T12:07:39.097Z,38.987684,-0.53061,098
330,Beata InesA,Ausias MarchB,2023-10-19T12:07:39.097Z,38.987684,-0.53061,488
331,Ximen ToviaB,Ximen ToviaA,2023-10-19T12:07:39.097Z,38.992357,-0.519858,794
332,Gregorio Molina,Abu Masaifa,2023-10-19T12:07:39.097Z,38.991213,-0.523787,235
333,Albereda 2,Cosmografo,2023-10-19T12:07:39.097Z,38.990742,-0.513,474
334,Academic Maravall,Maulets,2023-10-19T12:07:39.097Z,38.991249,-0.518678,False
335,Maulets,Ximen ToviaA,2023-10-19T12:07:39.097Z,38.992357,-0.519858,502
336,Republica Argentina,Academic Maravall,2023-10-19T12:07:39.097Z,38.99105,-0.519778,422
337,CV-645B,Beata InesA,2023-10-19T12:07:49.097Z,0.0,0.0,False
338,Corts Valencianes 2A,Corts Valencianes 2B,2023-10-19T12:07:49.097Z,38.986084,-0.534517,459
339,Corts Valencianes 2B,9 OctubreA,2023-10-19T12:07:49.097Z,38.987684,-0.53061,100
340,PalasietA,Aben FerriA,2023-10-19T12:07:49.097Z,38.985489,-0.534157,998
341,PalasietB,CV-645B,2023-10-19T12:07:49.097Z,38.985252,-0.537441,699
342,Aben FerriB,PalasietB,2023-10-19T12:07:49.097Z,38.985489,-0.534157,967
343,9 OctubreB,Reina,2023-10-19T12:07:49.097Z,38.987684,-0.53061,False
344,Abu Masaifa,Argenteria,2023-10-19T12:07:49.097Z,38.987684,-0.53061,617
345,Ausias MarchA,Reina,2023-10-19T12:07:49.097Z,38.987684,-0.53061,706
346,Ausias MarchB,Ximen ToviaB,2023-10-19T12:07:49.097Z,38.991913,-0.524291,174
347,Ximen ToviaB,Ximen ToviaA,2023-10-19T12:07:49.097Z,38.992357,-0.519858,914
348,Gregorio Molina,Abu Masaifa,2023-10-19T12:07:49.097Z,38.991213,-0.523787,169
349,Albereda 1,Albereda 2,2023-10-19T12:07:49.097Z,38.990122,-0.519633,236
350,Albereda 2,Cosmografo,2023-10-19T12:07:49.097Z,38.990742,-0.513,020
351,Carme 1,Academic Maravall,2023-10-19T12:07:49.097Z,38.99105,-0.519778,389
352,Carme 2,Albereda 2,2023-10-19T12:07:49.097Z,38.990122,-0.519633,871
353,Academic Maravall,Maulets,2023-10-19T12:07:49.097Z,38.991249,-0.518678,422
354,Cosmografo,Maulets,2023-10-19T12:07:49.097Z,38.991249,-0.518678,008
355,CV-645B,N-340A,2023-10-19T12:07:59.097Z,0.0,0.0,941
356,Corts Valencianes 1B,Alfons MagnanimB,2023-10-19T12:07:59.097Z,38.986084,-0.534517,999
357,Corts Valencianes 2B,Argenteria,2023-10-19T12:07:59.097Z,38.987684,-0.53061,367
358,PalasietB,CV-645B,2023-10-19T12:07:59.097Z,38.985252,-0.537441,968
359,Aben FerriA,Corts Valencianes 1A,2023-10-19T12:07:59.097Z,38.986084,-0.534517,False
360,Aben FerriB,Aben FerriA,2023-10-19T12:07:59.097Z,38.985489,-0.534157,eso
361,Argenteria,Aben FerriA,2023-10-19T12:07:59.097Z,38.985489,-0.534157,819
362,9 OctubreB,Argenteria,2023-10-19T12:07:59.097Z,38.987684,-0.53061,264
363,Abu Masaifa,Ausias MarchB,2023-10-19T12:07:59.097Z,38.987684,-0.53061,777
364,Ausias MarchA,Beata InesB,2023-10-19T12:07:59.097Z,38.987684,-0.53061,851
365,Ausias MarchB,Ausias MarchB,2023-10-19T12:07:59.097Z,38.991913,-0.524291,510
366,Beata InesA,9 OctubreA,2023-10-19T12:07:59.097Z,38.987684,-0.53061,220
367,Ximen ToviaA,Ximen ToviaB,2023-10-19T12:07:59.097Z,38.991913,-0.524291,922
368,Baixada estacio 2,Republica Argentina,2023-10-19T12:07:59.097Z,38.989955,-0.523503,False
369,Gregorio Molina,Abu Masaifa,2023-10-19T12:07:59.097Z,38.991213,-0.523787,778
370,Carme 2,Albereda 2,2023-10-19T12:07:59.097Z,38.990122,-0.519633,127
371,Academic Maravall,Maulets,2023-10-19T12:07:59.097Z,38.991249,-0.518678,389
372,Cosmografo,Maulets,2023-10-19T12:07:59.097Z,38.991249,-0.518678,119
373,CV-645A,Corts Valencianes 1B,2023-10-19T12:08:09.097Z,38.985252,-0.537441,False
374,CV-645B,Beata InesA,2023-10-19T12:08:09.097Z,0.0,0.0,336
375,Corts Valencianes 1A,Corts Valencianes 1B,2023-10-19T12:08:09.097Z,38.985252,-0.537441,False
376,Corts Valencianes 2A,Corts Valencianes 1A,2023-10-19T12:08:09.097Z,38.986084,-0.534517,819
377,PalasietA,PalasietB,2023-10-19T12:08:09.097Z,38.985489,-0.534157,False
378,PalasietB,Corts Valencianes 1B,2023-10-19T12:08:09.097Z,38.985252,-0.537441,797
379,Alfons MagnanimB,9 OctubreB,2023-10-19T12:08:09.097Z,38.987144,-0.535236,891
380,Aben FerriA,Corts Valencianes 2B,2023-10-19T12:08:09.097Z,38.986084,-0.534517,969
381,9 OctubreA,Alfons MagnanimA,2023-10-19T12:08:09.097Z,38.987144,-0.535236,100
382,9 OctubreB,9 OctubreA,2023-10-19T12:08:09.097Z,38.987684,-0.53061,False
383,Abu Masaifa,Reina,2023-10-19T12:08:09.097Z,38.987684,-0.53061,235
384,Beata InesA,Argenteria,2023-10-19T12:08:09.097Z,38.987684,-0.53061,053
385,Beata InesB,Beata InesB,2023-10-19T12:08:09.097Z,0.0,0.0,851
386,Reina,Republica Argentina,2023-10-19T12:08:09.097Z,38.989955,-0.523503,791
387,Gregorio Molina,Abu Masaifa,2023-10-19T12:08:09.097Z,38.991213,-0.523787,797
388,Carme 2,Carme 2,2023-10-19T12:08:09.097Z,38.990122,-0.519633,404
389,Cosmografo,Maulets,2023-10-19T12:08:09.097Z,38.991249,-0.518678,007
390,Republica Argentina,Carme 2,2023-10-19T12:08:09.097Z,38.99105,-0.519778,969
391,CV-645B,CV-645A,2023-10-19T12:08:19.097Z,0.0,0.0,091
392,Corts Valencianes 2A,Corts Valencianes 2B,2023-10-19T12:08:19.097Z,38.986084,-0.534517,825
393,Alfons MagnanimA,Alfons MagnanimB,2023-10-19T12:08:19.097Z,38.986084,-0.534517,100
394,9 OctubreB,Ausias MarchB,2023-10-19T12:08:19.097Z,38.987684,-0.53061,440
395,Ausias MarchA,Corts Valencianes 2A,2023-10-19T12:08:19.097Z,38.987684,-0.53061,False
396,Ausias MarchB,Ausias MarchA,2023-10-19T12:08:19.097Z,38.991913,-0.524291,False
397,Beata InesA,Ausias MarchB,2023-10-19T12:08:19.097Z,38.987684,-0.53061,False
398,Beata InesB,N-340A,2023-10-19T12:08:19.097Z,0.0,0.0,897
399,Gregorio Molina,Baixada estacio 2,2023-10-19T12:08:19.097Z,38.991213,-0.523787,406
400,N-340B,Beata InesA,2023-10-19T12:08:19.097Z,0.0,0.0,922
401,Corts Valencianes 1A,Corts Valencianes 1B,2023-10-19T12:08:29.097Z,38.985252,-0.537441,819
402,Corts Valencianes 1B,Aben FerriB,2023-10-19T12:08:29.097Z,38.986084,-0.534517,405
403,Alfons MagnanimA,Corts Valencianes 1A,2023-10-19T12:08:29.097Z,38.986084,-0.534517,434
404,Alfons MagnanimB,9 OctubreB,2023-10-19T12:08:29.097Z,38.987144,-0.535236,100
405,Aben FerriA,Corts Valencianes 1A,2023-10-19T12:08:29.097Z,38.986084,-0.534517,879
406,Argenteria,PalasietB,2023-10-19T12:08:29.097Z,38.985489,-0.534157,120
407,9 OctubreA,9 OctubreB,2023-10-19T12:08:29.097Z,38.987144,-0.535236,220
408,9 OctubreB,Ausias MarchB,2023-10-19T12:08:29.097Z,38.987684,-0.53061,False
409,Abu Masaifa,Ausias MarchB,2023-10-19T12:08:29.097Z,38.987684,-0.53061,XXX
410,Reina,Republica Argentina,2023-10-19T12:08:29.097Z,38.989955,-0.523503,019
411,N-340B,N-340A,2023-10-19T12:08:29.097Z,0.0,0.0,499
412,Corts Valencianes 1B,Aben FerriB,2023-10-19T12:08:39.097Z,38.986084,-0.534517,False
413,PalasietB,Corts Valencianes 1B,2023-10-19T12:08:39.097Z,38.985252,-0.537441,086
414,Aben FerriB,Aben FerriA,2023-10-19T12:08:39.097Z,38.985489,-0.534157,405
415,Baixada estacio 2,Albereda 1,2023-10-19T12:08:39.097Z,38.989955,-0.523503,406
416,N-340B,N-340A,2023-10-19T12:08:39.097Z,0.0,0.0,780
417,CV-645A,Corts Valencianes 1B,2023-10-19T12:08:49.097Z,38.985252,-0.537441,False
418,CV-645B,Beata InesA,2023-10-19T12:08:49.097Z,0.0,0.0,426
419,Corts Valencianes 1A,CV-645B,2023-10-19T12:08:49.097Z,38.985252,-0.537441,434
420,Corts Valencianes 1B,Alfons MagnanimB,2023-10-19T12:08:49.097Z,38.986084,-0.534517,False
421,Corts Valencianes 2B,Beata InesB,2023-10-19T12:08:49.097Z,38.987684,-0.53061,459
422,PalasietB,PalasietA,2023-10-19T12:08:49.097Z,38.985252,-0.537441,686
423,Aben FerriB,PalasietB,2023-10-19T12:08:49.097Z,38.985489,-0.534157,False
424,Argenteria,PalasietB,2023-10-19T12:08:49.097Z,38.985489,-0.534157,919
425,9 OctubreA,9 OctubreA,2023-10-19T12:08:49.097Z,38.987144,-0.535236,688
426,9 OctubreB,Reina,2023-10-19T12:08:49.097Z,38.987684,-0.53061,700
427,Abu Masaifa,Ausias MarchB,2023-10-19T12:08:49.097Z,38.987684,-0.53061,838
428,Ausias MarchA,Corts Valencianes 2A,2023-10-19T12:08:49.097Z,38.987684,-0.53061,False
429,Beata InesA,Corts Valencianes 2A,2023-10-19T12:08:49.097Z,38.987684,-0.53061,336
430,Ximen ToviaB,N-340B,2023-10-19T12:08:49.097Z,38.992357,-0.519858,803
431,Albereda 2,N-340B,2023-10-19T12:08:49.097Z,38.990742,-0.513,699
432,Maulets,N-340B,2023-10-19T12:08:49.097Z,38.992357,-0.519858,951
433,Corts Valencianes 1A,PalasietA,2023-10-19T12:08:59.097Z,38.985252,-0.537441,819
434,Corts Valencianes 1B,Alfons MagnanimB,2023-10-19T12:08:59.097Z,38.986084,-0.534517,717
435,PalasietB,PalasietA,2023-10-19T12:08:59.097Z,38.985252,-0.537441,862
436,Aben FerriA,Alfons MagnanimB,2023-10-19T12:08:59.097Z,38.986084,-0.534517,False
437,9 OctubreA,Alfons MagnanimA,2023-10-19T12:08:59.097Z,38.987144,-0.535236,088
438,Ausias MarchA,Beata InesB,2023-10-19T12:08:59.097Z,38.987684,-0.53061,633
439,Ausias MarchB,Baixada estacio 1,2023-10-19T12:08:59.097Z,38.991913,-0.524291,469
440,Beata InesA,Reina,2023-10-19T12:08:59.097Z,38.987684,-0.53061,922
441,Ximen ToviaB,Ximen ToviaA,2023-10-19T12:08:59.097Z,38.992357,-0.519858,652
442,Albereda 2,Cosmografo,2023-10-19T12:08:59.097Z,38.990742,-0.513,817
443,Maulets,Carme 1,2023-10-19T12:08:59.097Z,38.992357,-0.519858,False
444,CV-645B,Beata InesA,2023-10-19T12:09:09.097Z,0.0,0.0,627
445,Corts Valencianes 1A,PalasietA,2023-10-19T12:09:09.097Z,38.985252,-0.537441,False
446,Corts Valencianes 1B,Corts Valencianes 2B,2023-10-19T12:09:09.097Z,38.986084,-0.534517,887
447,Corts Valencianes 2B,Argenteria,2023-10-19T12:09:09.097Z,38.987684,-0.53061,825
448,Alfons MagnanimA,Corts Valencianes 2B,2023-10-19T12:09:09.097Z,38.986084,-0.534517,False
449,Alfons MagnanimB,Alfons MagnanimA,2023-10-19T12:09:09.097Z,38.987144,-0.535236,False
450,Aben FerriA,Corts Valencianes 1A,2023-10-19T12:09:09.097Z,38.986084,-0.534517,483
451,Argenteria,Aben FerriA,2023-10-19T12:09:09.097Z,38.985489,-0.534157,814
452,9 OctubreB,Reina,2023-10-19T12:09:09.097Z,38.987684,-0.53061,943
453,Abu Masaifa,Ausias MarchB,2023-10-19T12:09:09.097Z,38.987684,-0.53061,186
454,Ausias MarchB,Baixada estacio 1,2023-10-19T12:09:09.097Z,38.991913,-0.524291,488
455,Reina,Albereda 1,2023-10-19T12:09:09.097Z,38.989955,-0.523503,646
456,Baixada estacio 1,Abu Masaifa,2023-10-19T12:09:09.097Z,38.991213,-0.523787,469
457,Albereda 2,Cosmografo,2023-10-19T12:09:09.097Z,38.990742,-0.513,449
458,Carme 1,Academic Maravall,2023-10-19T12:09:09.097Z,38.99105,-0.519778,False
459,Carme 2,Albereda 2,2023-10-19T12:09:09.097Z,38.990122,-0.519633,163
460,Cosmografo,Maulets,2023-10-19T12:09:09.097Z,38.991249,-0.518678,045
461,N-340B,N-340A,2023-10-19T12:09:09.097Z,0.0,0.0,935
462,CV-645B,N-340A,2023-10-19T12:09:19.097Z,0.0,0.0,619
463,Corts Valencianes 1A,PalasietA,2023-10-19T12:09:19.097Z,38.985252,-0.537441,463
464,Corts Valencianes 1B,Aben FerriB,2023-10-19T12:09:19.097Z,38.986084,-0.534517,819
465,Corts Valencianes 2A,Corts Valencianes 2B,2023-10-19T12:09:19.097Z,38.986084,-0.534517,355
466,Corts Valencianes 2B,Argenteria,2023-10-19T12:09:19.097Z,38.987684,-0.53061,False
467,PalasietB,PalasietA,2023-10-19T12:09:19.097Z,38.985252,-0.537441,866
468,Alfons MagnanimA,Corts Valencianes 2B,2023-10-19T12:09:19.097Z,38.986084,-0.534517,False
469,Alfons MagnanimB,Alfons MagnanimA,2023-10-19T12:09:19.097Z,38.987144,-0.535236,987
470,Aben FerriA,Alfons MagnanimB,2023-10-19T12:09:19.097Z,38.986084,-0.534517,814
471,Abu Masaifa,Reina,2023-10-19T12:09:19.097Z,38.987684,-0.53061,958
472,Ausias MarchB,Ausias MarchA,2023-10-19T12:09:19.097Z,38.991913,-0.524291,996
473,Beata InesA,Argenteria,2023-10-19T12:09:19.097Z,38.987684,-0.53061,426
474,Reina,Albereda 1,2023-10-19T12:09:19.097Z,38.989955,-0.523503,580
475,Albereda 1,Albereda 2,2023-10-19T12:09:19.097Z,38.990122,-0.519633,False
476,Carme 2,Albereda 2,2023-10-19T12:09:19.097Z,38.990122,-0.519633,953
477,Cosmografo,Maulets,2023-10-19T12:09:19.097Z,38.991249,-0.518678,474
478,N-340A,Carme 1,2023-10-19T12:09:19.097Z,38.992357,-0.519858,726
479,Republica Argentina,Carme 2,2023-10-19T12:09:19.097Z,38.99105,-0.519778,030
480,Corts Valencianes 1B,Alfons MagnanimB,2023-10-19T12:09:29.097Z,38.986084,-0.534517,086
481,Corts Valencianes 2A,Corts Valencianes 1A,2023-10-19T12:09:29.097Z,38.986084,-0.534517,717
482,Corts Valencianes 2B,Reina,2023-10-19T12:09:29.097Z,38.987684,-0.53061,887
483,PalasietA,Aben FerriA,2023-10-19T12:09:29.097Z,38.985489,-0.534157,886
484,PalasietB,PalasietA,2023-10-19T12:09:29.097Z,38.985252,-0.537441,152
485,Aben FerriB,Aben FerriA,2023-10-19T12:09:29.097Z,38.985489,-0.534157,819
486,Argenteria,Aben FerriA,2023-10-19T12:09:29.097Z,38.985489,-0.534157,058
487,9 OctubreB,Argenteria,2023-10-19T12:09:29.097Z,38.987684,-0.53061,109
488,Ausias MarchB,Ausias MarchA,2023-10-19T12:09:29.097Z,38.991913,-0.524291,767
489,Beata InesA,Argenteria,2023-10-19T12:09:29.097Z,38.987684,-0.53061,627
490,Beata InesB,Beata InesB,2023-10-19T12:09:29.097Z,0.0,0.0,499
491,Reina,Republica Argentina,2023-10-19T12:09:29.097Z,38.989955,-0.523503,070
492,Baixada estacio 1,Abu Masaifa,2023-10-19T12:09:29.097Z,38.991213,-0.523787,480
493,N-340A,Carme 1,2023-10-19T12:09:29.097Z,38.992357,-0.519858,851
494,Republica Argentina,Academic Maravall,2023-10-19T12:09:29.097Z,38.99105,-0.519778,300
495,Corts Valencianes 1B,Alfons MagnanimB,2023-10-19T12:09:39.097Z,38.986084,-0.534517,091
496,Corts Valencianes 2A,Corts Valencianes 2B,2023-10-19T12:09:39.097Z,38.986084,-0.534517,920
497,Corts Valencianes 2B,Beata InesB,2023-10-19T12:09:39.097Z,38.987684,-0.53061,False
498,PalasietB,CV-645B,2023-10-19T12:09:39.097Z,38.985252,-0.537441,294
499,Alfons MagnanimB,Alfons MagnanimA,2023-10-19T12:09:39.097Z,38.987144,-0.535236,405
500,Aben FerriA,Alfons MagnanimB,2023-10-19T12:09:39.097Z,38.986084,-0.534517,886
501,Argenteria,PalasietB,2023-10-19T12:09:39.097Z,38.985489,-0.534157,False
502,Ausias MarchB,Ausias MarchA,2023-10-19T12:09:39.097Z,38.991913,-0.524291,611
503,Reina,Albereda 1,2023-10-19T12:09:39.097Z,38.989955,-0.523503,722
504,Baixada estacio 1,Abu Masaifa,2023-10-19T12:09:39.097Z,38.991213,-0.523787,964
505,Cosmografo,Maulets,2023-10-19T12:09:39.097Z,38.991249,-0.518678,994
506,Republica Argentina,Carme 2,2023-10-19T12:09:39.097Z,38.99105,-0.519778,817
507,CV-645B,Beata InesA,2023-10-19T12:09:49.097Z,0.0,0.0,206
508,Corts Valencianes 1A,PalasietA,2023-10-19T12:09:49.097Z,38.985252,-0.537441,717
509,Corts Valencianes 2A,Alfons MagnanimB,2023-10-19T12:09:49.097Z,38.986084,-0.534517,364
510,Corts Valencianes 2B,9 OctubreA,2023-10-19T12:09:49.097Z,38.987684,-0.53061,996
511,PalasietA,Aben FerriA,2023-10-19T12:09:49.097Z,38.985489,-0.534157,662
512,PalasietB,Corts Valencianes 1B,2023-10-19T12:09:49.097Z,38.985252,-0.537441,False
513,Alfons MagnanimA,Corts Valencianes 2B,2023-10-19T12:09:49.097Z,38.986084,-0.534517,405
514,Alfons MagnanimB,9 OctubreB,2023-10-19T12:09:49.097Z,38.987144,-0.535236,814
515,Argenteria,PalasietB,2023-10-19T12:09:49.097Z,38.985489,-0.534157,367
516,Beata InesB,Beata InesA,2023-10-19T12:09:49.097Z,0.0,0.0,459
517,Maulets,N-340B,2023-10-19T12:09:49.097Z,38.992357,-0.519858,False
518,N-340B,Beata InesA,2023-10-19T12:09:49.097Z,0.0,0.0,905
519,PalasietB,CV-645B,2023-10-19T12:09:59.097Z,38.985252,-0.537441,990
520,Alfons MagnanimA,Corts Valencianes 2B,2023-10-19T12:09:59.097Z,38.986084,-0.534517,717
521,Alfons MagnanimB,9 OctubreB,2023-10-19T12:09:59.097Z,38.987144,-0.535236,086
522,Aben FerriA,Alfons MagnanimB,2023-10-19T12:09:59.097Z,38.986084,-0.534517,098
523,Reina,Republica Argentina,2023-10-19T12:09:59.097Z,38.989955,-0.523503,706
524,Ximen ToviaA,Ausias MarchA,2023-10-19T12:09:59.097Z,38.991913,-0.524291,262
525,Cosmografo,Maulets,2023-10-19T12:09:59.097Z,38.991249,-0.518678,176
526,N-340A,Ximen ToviaA,2023-10-19T12:09:59.097Z,38.992357,-0.519858,469
527,N-340B,N-340A,2023-10-19T12:09:59.097Z,0.0,0.0,604
528,CV-645B,CV-645A,2023-10-19T12:10:09.097Z,0.0,0.0,983
529,Corts Valencianes 1B,Alfons MagnanimB,2023-10-19T12:10:09.097Z,38.986084,-0.534517,False
530,Corts Valencianes 2B,Ausias MarchB,2023-10-19T12:10:09.097Z,38.987684,-0.53061,False
531,PalasietA,PalasietB,2023-10-19T12:10:09.097Z,38.985489,-0.534157,False
532,PalasietB,Corts Valencianes 1B,2023-10-19T12:10:09.097Z,38.985252,-0.537441,196
533,Argenteria,PalasietB,2023-10-19T12:10:09.097Z,38.985489,-0.534157,499
534,Ausias MarchA,Beata InesB,2023-10-19T12:10:09.097Z,38.987684,-0.53061,360
535,Ausias MarchB,Ausias MarchA,2023-10-19T12:10:09.097Z,38.991913,-0.524291,493
536,Beata InesB,Beata InesA,2023-10-19T12:10:09.097Z,0.0,0.0,007
537,Reina,Republica Argentina,2023-10-19T12:10:09.097Z,38.989955,-0.523503,235
538,Ximen ToviaA,Ximen ToviaB,2023-10-19T12:10:09.097Z,38.991913,-0.524291,507
539,Ximen ToviaB,N-340B,2023-10-19T12:10:09.097Z,38.992357,-0.519858,378
540,Gregorio Molina,Abu Masaifa,2023-10-19T12:10:09.097Z,38.991213,-0.523787,089
541,Albereda 2,N-340B,2023-10-19T12:10:09.097Z,38.990742,-0.513,137
542,Maulets,N-340B,2023-10-19T12:10:09.097Z,38.992357,-0.519858,797
543,N-340A,Carme 1,2023-10-19T12:10:09.097Z,38.992357,-0.519858,780
544,N-340B,N-340A,2023-10-19T12:10:09.097Z,0.0,0.0,375
545,CV-645B,CV-645A,2023-10-19T12:10:19.097Z,0.0,0.0,False
546,Corts Valencianes 2B,Ausias MarchB,2023-10-19T12:10:19.097Z,38.987684,-0.53061,090
547,PalasietB,CV-645B,2023-10-19T12:10:19.097Z,38.985252,-0.537441,070
548,Alfons MagnanimB,9 OctubreB,2023-10-19T12:10:19.097Z,38.987144,-0.535236,091
549,Aben FerriA,Corts Valencianes 2B,2023-10-19T12:10:19.097Z,38.986084,-0.534517,862
550,Argenteria,PalasietB,2023-10-19T12:10:19.097Z,38.985489,-0.534157,825
551,Ausias MarchA,Corts Valencianes 2A,2023-10-19T12:10:19.097Z,38.987684,-0.53061,767
552,Ausias MarchB,Ximen ToviaB,2023-10-19T12:10:19.097Z,38.991913,-0.524291,False
553,Reina,Republica Argentina,2023-10-19T12:10:19.097Z,38.989955,-0.523503,700
554,Ximen ToviaA,Ausias MarchA,2023-10-19T12:10:19.097Z,38.991913,-0.524291,914
555,Cosmografo,Maulets,2023-10-19T12:10:19.097Z,38.991249,-0.518678,False
556,N-340A,Gregorio Molina,2023-10-19T12:10:19.097Z,38.992357,-0.519858,919
557,N-340B,CV-645A,2023-10-19T12:10:19.097Z,0.0,0.0,383
558,CV-645A,PalasietA,2023-10-19T12:10:29.097Z,38.985252,-0.537441,983
559,Corts Valencianes 2B,Argenteria,2023-10-19T12:10:29.097Z,38.987684,-0.53061,False
560,PalasietA,PalasietB,2023-10-19T12:10:29.097Z,38.985489,-0.534157,483
561,Alfons MagnanimA,Corts Valencianes 1A,2023-10-19T12:10:29.097Z,38.986084,-0.534517,478
562,Aben FerriA,Corts Valencianes 2B,2023-10-19T12:10:29.097Z,38.986084,-0.534517,666
563,Argenteria,Aben FerriA,2023-10-19T12:10:29.097Z,38.985489,-0.534157,487
564,9 OctubreB,Corts Valencianes 2A,2023-10-19T12:10:29.097Z,38.987684,-0.53061,814
565,Abu Masaifa,9 OctubreA,2023-10-19T12:10:29.097Z,38.987684,-0.53061,459
566,Ausias MarchB,Ausias MarchA,2023-10-19T12:10:29.097Z,38.991913,-0.524291,False
567,N-340A,Ximen ToviaA,2023-10-19T12:10:29.097Z,38.992357,-0.519858,False
568,N-340B,CV-645A,2023-10-19T12:10:29.097Z,0.0,0.0,287
569,CV-645B,Beata InesA,2023-10-19T12:10:39.097Z,0.0,0.0,347
570,Corts Valencianes 1B,Aben FerriB,2023-10-19T12:10:39.097Z,38.986084,-0.534517,736
571,PalasietA,Aben FerriA,2023-10-19T12:10:39.097Z,38.985489,-0.534157,185
572,PalasietB,PalasietA,2023-10-19T12:10:39.097Z,38.985252,-0.537441,False
573,Alfons MagnanimB,Alfons MagnanimA,2023-10-19T12:10:39.097Z,38.987144,-0.535236,886
574,Aben FerriA,Aben FerriB,2023-10-19T12:10:39.097Z,38.986084,-0.534517,487
575,9 OctubreB,Beata InesB,2023-10-19T12:10:39.097Z,38.987684,-0.53061,220
576,Ausias MarchB,Ausias MarchA,2023-10-19T12:10:39.097Z,38.991913,-0.524291,638
577,Beata InesA,Argenteria,2023-10-19T12:10:39.097Z,38.987684,-0.53061,206
578,Ximen ToviaA,Ausias MarchA,2023-10-19T12:10:39.097Z,38.991913,-0.524291,469
579,Ximen ToviaB,Ximen ToviaA,2023-10-19T12:10:39.097Z,38.992357,-0.519858,709
580,Gregorio Molina,Baixada estacio 2,2023-10-19T12:10:39.097Z,38.991213,-0.523787,935
581,Albereda 2,N-340B,2023-10-19T12:10:39.097Z,38.990742,-0.513,212
582,Maulets,N-340B,2023-10-19T12:10:39.097Z,38.992357,-0.519858,849
583,N-340A,Ximen ToviaA,2023-10-19T12:10:39.097Z,38.992357,-0.519858,604
584,N-340B,CV-645A,2023-10-19T12:10:39.097Z,0.0,0.0,470
585,Corts Valencianes 1A,CV-645B,2023-10-19T12:10:49.097Z,38.985252,-0.537441,478
586,Corts Valencianes 1B,Alfons MagnanimB,2023-10-19T12:10:49.097Z,38.986084,-0.534517,False
587,Corts Valencianes 2A,Corts Valencianes 2B,2023-10-19T12:10:49.097Z,38.986084,-0.534517,153
588,PalasietB,CV-645B,2023-10-19T12:10:49.097Z,38.985252,-0.537441,False
589,Alfons MagnanimA,Corts Valencianes 2B,2023-10-19T12:10:49.097Z,38.986084,-0.534517,686
590,Alfons MagnanimB,Alfons MagnanimA,2023-10-19T12:10:49.097Z,38.987144,-0.535236,364
591,9 OctubreA,9 OctubreB,2023-10-19T12:10:49.097Z,38.987144,-0.535236,355
592,9 OctubreB,Argenteria,2023-10-19T12:10:49.097Z,38.987684,-0.53061,632
593,Ausias MarchA,Reina,2023-10-19T12:10:49.097Z,38.987684,-0.53061,677
594,Beata InesB,N-340A,2023-10-19T12:10:49.097Z,0.0,0.0,386
595,Baixada estacio 2,Republica Argentina,2023-10-19T12:10:49.097Z,38.989955,-0.523503,935
596,Albereda 1,Albereda 2,2023-10-19T12:10:49.097Z,38.990122,-0.519633,447
597,Albereda 2,Cosmografo,2023-10-19T12:10:49.097Z,38.990742,-0.513,643
598,Carme 2,Albereda 2,2023-10-19T12:10:49.097Z,38.990122,-0.519633,507
599,Maulets,Gregorio Molina,2023-10-19T12:10:49.097Z,38.992357,-0.519858,False
600,N-340A,Gregorio Molina,2023-10-19T12:10:49.097Z,38.992357,-0.519858,261
601,Republica Argentina,Carme 2,2023-10-19T12:10:49.097Z,38.99105,-0.519778,010
602,CV-645A,Corts Valencianes 1B,2023-10-19T12:10:59.097Z,38.985252,-0.537441,179
603,CV-645B,Beata InesA,2023-10-19T12:10:59.097Z,0.0,0.0,239
604,Corts Valencianes 2B,Beata InesB,2023-10-19T12:10:59.097Z,38.987684,-0.53061,797
605,PalasietA,Aben FerriA,2023-10-19T12:10:59.097Z,38.985489,-0.534157,152
606,Alfons MagnanimA,Corts Valencianes 1A,2023-10-19T12:10:59.097Z,38.986084,-0.534517,336
607,Aben FerriA,Corts Valencianes 2B,2023-10-19T12:10:59.097Z,38.986084,-0.534517,866
608,Aben FerriB,PalasietB,2023-10-19T12:10:59.097Z,38.985489,-0.534157,487
609,Argenteria,PalasietB,2023-10-19T12:10:59.097Z,38.985489,-0.534157,627
610,Ximen ToviaA,Ausias MarchA,2023-10-19T12:10:59.097Z,38.991913,-0.524291,619
611,Albereda 1,Albereda 2,2023-10-19T12:10:59.097Z,38.990122,-0.519633,475
612,N-340B,N-340A,2023-10-19T12:10:59.097Z,0.0,0.0,666
613,Republica Argentina,Academic Maravall,2023-10-19T12:10:59.097Z,38.99105,-0.519778,769
614,CV-645A,Corts Valencianes 1B,2023-10-19T12:11:09.097Z,38.985252,-0.537441,383
615,CV-645B,Beata InesA,2023-10-19T12:11:09.097Z,0.0,0.0,940
616,Corts Valencianes 2B,Corts Valencianes 2A,2023-10-19T12:11:09.097Z,38.987684,-0.53061,862
617,PalasietA,PalasietB,2023-10-19T12:11:09.097Z,38.985489,-0.534157,799
618,PalasietB,Corts Valencianes 1B,2023-10-19T12:11:09.097Z,38.985252,-0.537441,769
619,Alfons MagnanimA,Corts Valencianes 1A,2023-10-19T12:11:09.097Z,38.986084,-0.534517,699
620,Alfons MagnanimB,9 OctubreB,2023-10-19T12:11:09.097Z,38.987144,-0.535236,098
621,Aben FerriA,Corts Valencianes 2B,2023-10-19T12:11:09.097Z,38.986084,-0.534517,449
622,Argenteria,PalasietB,2023-10-19T12:11:09.097Z,38.985489,-0.534157,False
623,9 OctubreA,9 OctubreB,2023-10-19T12:11:09.097Z,38.987144,-0.535236,459
624,9 OctubreB,Argenteria,2023-10-19T12:11:09.097Z,38.987684,-0.53061,053
625,Ausias MarchB,Ausias MarchA,2023-10-19T12:11:09.097Z,38.991913,-0.524291,186
626,Ximen ToviaB,N-340B,2023-10-19T12:11:09.097Z,38.992357,-0.519858,507
627,Gregorio Molina,Baixada estacio 2,2023-10-19T12:11:09.097Z,38.991213,-0.523787,176
628,Academic Maravall,Maulets,2023-10-19T12:11:09.097Z,38.991249,-0.518678,268
629,Cosmografo,Maulets,2023-10-19T12:11:09.097Z,38.991249,-0.518678,121
630,Maulets,N-340B,2023-10-19T12:11:09.097Z,38.992357,-0.519858,699
631,N-340B,N-340A,2023-10-19T12:11:09.097Z,0.0,0.0,884
632,CV-645A,Corts Valencianes 1B,2023-10-19T12:11:19.097Z,38.985252,-0.537441,287
633,Corts Valencianes 1A,CV-645B,2023-10-19T12:11:19.097Z,38.985252,-0.537441,699
634,Corts Valencianes 1B,Aben FerriB,2023-10-19T12:11:19.097Z,38.986084,-0.534517,False
635,Corts Valencianes 2B,Reina,2023-10-19T12:11:19.097Z,38.987684,-0.53061,485
636,PalasietB,PalasietA,2023-10-19T12:11:19.097Z,38.985252,-0.537441,610
637,Alfons MagnanimB,Alfons MagnanimA,2023-10-19T12:11:19.097Z,38.987144,-0.535236,False
638,Ausias MarchA,Ausias MarchB,2023-10-19T12:11:19.097Z,38.987684,-0.53061,262
639,Ausias MarchB,Ausias MarchA,2023-10-19T12:11:19.097Z,38.991913,-0.524291,218
640,Ximen ToviaA,Ausias MarchA,2023-10-19T12:11:19.097Z,38.991913,-0.524291,771
641,N-340A,Gregorio Molina,2023-10-19T12:11:19.097Z,38.992357,-0.519858,356
642,N-340B,Beata InesA,2023-10-19T12:11:19.097Z,0.0,0.0,018
643,CV-645A,PalasietA,2023-10-19T12:11:29.097Z,38.985252,-0.537441,470
644,Corts Valencianes 2A,Corts Valencianes 1A,2023-10-19T12:11:29.097Z,38.986084,-0.534517,662
645,Corts Valencianes 2B,9 OctubreA,2023-10-19T12:11:29.097Z,38.987684,-0.53061,510
646,PalasietA,Aben FerriA,2023-10-19T12:11:29.097Z,38.985489,-0.534157,983
647,PalasietB,CV-645B,2023-10-19T12:11:29.097Z,38.985252,-0.537441,636
648,Aben FerriB,PalasietB,2023-10-19T12:11:29.097Z,38.985489,-0.534157,False
649,Argenteria,PalasietB,2023-10-19T12:11:29.097Z,38.985489,-0.534157,246
650,9 OctubreB,Argenteria,2023-10-19T12:11:29.097Z,38.987684,-0.53061,355
651,Ausias MarchA,Argenteria,2023-10-19T12:11:29.097Z,38.987684,-0.53061,False
652,Ausias MarchB,Ximen ToviaB,2023-10-19T12:11:29.097Z,38.991913,-0.524291,998
653,Ximen ToviaA,Ausias MarchA,2023-10-19T12:11:29.097Z,38.991913,-0.524291,False
654,Ximen ToviaB,Gregorio Molina,2023-10-19T12:11:29.097Z,38.992357,-0.519858,False
655,Gregorio Molina,Baixada estacio 2,2023-10-19T12:11:29.097Z,38.991213,-0.523787,375
656,N-340B,Beata InesA,2023-10-19T12:11:29.097Z,0.0,0.0,944
657,CV-645B,N-340A,2023-10-19T12:11:39.097Z,0.0,0.0,796
658,Corts Valencianes 1A,CV-645B,2023-10-19T12:11:39.097Z,38.985252,-0.537441,298
659,Corts Valencianes 1B,Alfons MagnanimB,2023-10-19T12:11:39.097Z,38.986084,-0.534517,120
660,Corts Valencianes 2B,Ausias MarchB,2023-10-19T12:11:39.097Z,38.987684,-0.53061,686
661,PalasietA,PalasietB,2023-10-19T12:11:39.097Z,38.985489,-0.534157,919
662,PalasietB,CV-645B,2023-10-19T12:11:39.097Z,38.985252,-0.537441,637
663,Alfons MagnanimB,9 OctubreB,2023-10-19T12:11:39.097Z,38.987144,-0.535236,False
664,Argenteria,PalasietB,2023-10-19T12:11:39.097Z,38.985489,-0.534157,632
665,9 OctubreB,Ausias MarchB,2023-10-19T12:11:39.097Z,38.987684,-0.53061,964
666,Ausias MarchA,Reina,2023-10-19T12:11:39.097Z,38.987684,-0.53061,914
667,Ausias MarchB,Ximen ToviaB,2023-10-19T12:11:39.097Z,38.991913,-0.524291,050
668,Beata InesA,Argenteria,2023-10-19T12:11:39.097Z,38.987684,-0.53061,499
669,Baixada estacio 2,Republica Argentina,2023-10-19T12:11:39.097Z,38.989955,-0.523503,916
670,Gregorio Molina,Baixada estacio 2,2023-10-19T12:11:39.097Z,38.991213,-0.523787,386
671,N-340A,Gregorio Molina,2023-10-19T12:11:39.097Z,38.992357,-0.519858,997
672,N-340B,Beata InesA,2023-10-19T12:11:39.097Z,0.0,0.0,436
673,Corts Valencianes 2B,9 OctubreA,2023-10-19T12:11:49.097Z,38.987684,-0.53061,887
674,PalasietA,Aben FerriA,2023-10-19T12:11:49.097Z,38.985489,-0.534157,567
675,PalasietB,PalasietA,2023-10-19T12:11:49.097Z,38.985252,-0.537441,969
676,Aben FerriA,Alfons MagnanimB,2023-10-19T12:11:49.097Z,38.986084,-0.534517,983
677,Beata InesA,Reina,2023-10-19T12:11:49.097Z,38.987684,-0.53061,905
678,Ximen ToviaA,Ausias MarchA,2023-10-19T12:11:49.097Z,38.991913,-0.524291,692
679,Maulets,N-340B,2023-10-19T12:11:49.097Z,38.992357,-0.519858,897
680,N-340A,Ximen ToviaA,2023-10-19T12:11:49.097Z,38.992357,-0.519858,884
681,N-340B,N-340A,2023-10-19T12:11:49.097Z,0.0,0.0,808
682,CV-645B,CV-645B,2023-10-19T12:11:59.097Z,0.0,0.0,066
683,Corts Valencianes 1A,Corts Valencianes 1B,2023-10-19T12:11:59.097Z,38.985252,-0.537441,364
684,PalasietA,Aben FerriA,2023-10-19T12:11:59.097Z,38.985489,-0.534157,False
685,PalasietB,CV-645B,2023-10-19T12:11:59.097Z,38.985252,-0.537441,False
686,Alfons MagnanimB,Alfons MagnanimA,2023-10-19T12:11:59.097Z,38.987144,-0.535236,328
687,Aben FerriA,Corts Valencianes 2B,2023-10-19T12:11:59.097Z,38.986084,-0.534517,567
688,Argenteria,PalasietB,2023-10-19T12:11:59.097Z,38.985489,-0.534157,100
689,9 OctubreA,9 OctubreB,2023-10-19T12:11:59.097Z,38.987144,-0.535236,753
690,Ausias MarchA,Reina,2023-10-19T12:11:59.097Z,38.987684,-0.53061,XXX
691,Ausias MarchB,Baixada estacio 1,2023-10-19T12:11:59.097Z,38.991913,-0.524291,821
692,Beata InesA,Argenteria,2023-10-19T12:11:59.097Z,38.987684,-0.53061,007
693,Ximen ToviaA,Baixada estacio 1,2023-10-19T12:11:59.097Z,38.991913,-0.524291,816
694,Gregorio Molina,Baixada estacio 2,2023-10-19T12:11:59.097Z,38.991213,-0.523787,799
695,Albereda 2,Cosmografo,2023-10-19T12:11:59.097Z,38.990742,-0.513,952
696,Academic Maravall,Maulets,2023-10-19T12:11:59.097Z,38.991249,-0.518678,300
697,Cosmografo,Maulets,2023-10-19T12:11:59.097Z,38.991249,-0.518678,643
698,Maulets,Gregorio Molina,2023-10-19T12:11:59.097Z,38.992357,-0.519858,919
699,N-340B,Beata InesA,2023-10-19T12:11:59.097Z,0.0,0.0,False
700,Corts Valencianes 2B,Reina,2023-10-19T12:12:09.097Z,38.987684,-0.53061,365
701,Alfons MagnanimA,Corts Valencianes 2B,2023-10-19T12:12:09.097Z,38.986084,-0.534517,120
702,Alfons MagnanimB,9 OctubreB,2023-10-19T12:12:09.097Z,38.987144,-0.535236,983
703,Aben FerriA,Alfons MagnanimB,2023-10-19T12:12:09.097Z,38.986084,-0.534517,False
704,Argenteria,Aben FerriA,2023-10-19T12:12:09.097Z,38.985489,-0.534157,False
705,9 OctubreA,9 OctubreB,2023-10-19T12:12:09.097Z,38.987144,-0.535236,False
706,9 OctubreB,Reina,2023-10-19T12:12:09.097Z,38.987684,-0.53061,499
707,Abu Masaifa,Argenteria,2023-10-19T12:12:09.097Z,38.987684,-0.53061,964
708,Beata InesA,Argenteria,2023-10-19T12:12:09.097Z,38.987684,-0.53061,340
709,Baixada estacio 1,Abu Masaifa,2023-10-19T12:12:09.097Z,38.991213,-0.523787,794
710,Gregorio Molina,Abu Masaifa,2023-10-19T12:12:09.097Z,38.991213,-0.523787,997
711,N-340B,Beata InesA,2023-10-19T12:12:09.097Z,0.0,0.0,False
712,Corts Valencianes 1B,Corts Valencianes 2B,2023-10-19T12:12:19.097Z,38.986084,-0.534517,364
713,Corts Valencianes 2B,Ausias MarchB,2023-10-19T12:12:19.097Z,38.987684,-0.53061,152
714,PalasietA,PalasietB,2023-10-19T12:12:19.097Z,38.985489,-0.534157,470
715,PalasietB,CV-645B,2023-10-19T12:12:19.097Z,38.985252,-0.537441,825
716,Alfons MagnanimB,9 OctubreB,2023-10-19T12:12:19.097Z,38.987144,-0.535236,False
717,Aben FerriA,Alfons MagnanimB,2023-10-19T12:12:19.097Z,38.986084,-0.534517,355
718,9 OctubreB,Argenteria,2023-10-19T12:12:19.097Z,38.987684,-0.53061,False
719,Ausias MarchA,Argenteria,2023-10-19T12:12:19.097Z,38.987684,-0.53061,638
720,Ausias MarchB,Ausias MarchA,2023-10-19T12:12:19.097Z,38.991913,-0.524291,886
721,Beata InesA,Argenteria,2023-10-19T12:12:19.097Z,38.987684,-0.53061,239
722,Baixada estacio 1,Baixada estacio 2,2023-10-19T12:12:19.097Z,38.991213,-0.523787,884
723,Gregorio Molina,Baixada estacio 2,2023-10-19T12:12:19.097Z,38.991213,-0.523787,460
724,Cosmografo,Maulets,2023-10-19T12:12:19.097Z,38.991249,-0.518678,952
725,N-340B,N-340A,2023-10-19T12:12:19.097Z,0.0,0.0,699
726,CV-645B,CV-645A,2023-10-19T12:12:29.097Z,0.0,0.0,085
727,Corts Valencianes 2A,Corts Valencianes 1A,2023-10-19T12:12:29.097Z,38.986084,-0.534517,814
728,Corts Valencianes 2B,Beata InesB,2023-10-19T12:12:29.097Z,38.987684,-0.53061,967
729,PalasietA,Aben FerriA,2023-10-19T12:12:29.097Z,38.985489,-0.534157,367
730,PalasietB,CV-645B,2023-10-19T12:12:29.097Z,38.985252,-0.537441,483
731,Aben FerriA,Corts Valencianes 2B,2023-10-19T12:12:29.097Z,38.986084,-0.534517,969
732,Argenteria,PalasietB,2023-10-19T12:12:29.097Z,38.985489,-0.534157,459
733,9 OctubreB,Corts Valencianes 2A,2023-10-19T12:12:29.097Z,38.987684,-0.53061,005
734,Abu Masaifa,Corts Valencianes 2A,2023-10-19T12:12:29.097Z,38.987684,-0.53061,178
735,Ausias MarchA,Reina,2023-10-19T12:12:29.097Z,38.987684,-0.53061,469
736,Beata InesA,Ausias MarchB,2023-10-19T12:12:29.097Z,38.987684,-0.53061,940
737,Beata InesB,CV-645A,2023-10-19T12:12:29.097Z,0.0,0.0,473
738,Albereda 2,N-340B,2023-10-19T12:12:29.097Z,38.990742,-0.513,275
739,Carme 2,Albereda 2,2023-10-19T12:12:29.097Z,38.990122,-0.519633,232
740,Maulets,Ximen ToviaA,2023-10-19T12:12:29.097Z,38.992357,-0.519858,359
741,N-340B,CV-645A,2023-10-19T12:12:29.097Z,0.0,0.0,959
742,Corts Valencianes 1A,Corts Valencianes 1B,2023-10-19T12:12:39.097Z,38.985252,-0.537441,814
743,PalasietB,CV-645B,2023-10-19T12:12:39.097Z,38.985252,-0.537441,960
744,Alfons MagnanimB,Alfons MagnanimA,2023-10-19T12:12:39.097Z,38.987144,-0.535236,False
745,Abu Masaifa,Reina,2023-10-19T12:12:39.097Z,38.987684,-0.53061,089
746,Ausias MarchA,Corts Valencianes 2A,2023-10-19T12:12:39.097Z,38.987684,-0.53061,619
747,Ausias MarchB,Ximen ToviaB,2023-10-19T12:12:39.097Z,38.991913,-0.524291,152
748,Beata InesA,Argenteria,2023-10-19T12:12:39.097Z,38.987684,-0.53061,016
749,Ximen ToviaB,Gregorio Molina,2023-10-19T12:12:39.097Z,38.992357,-0.519858,998
750,Baixada estacio 2,Republica Argentina,2023-10-19T12:12:39.097Z,38.989955,-0.523503,356
751,Albereda 2,Cosmografo,2023-10-19T12:12:39.097Z,38.990742,-0.513,733
752,Maulets,Ximen ToviaA,2023-10-19T12:12:39.097Z,38.992357,-0.519858,070
753,N-340B,Beata InesA,2023-10-19T12:12:39.097Z,0.0,0.0,stX
754,Republica Argentina,Carme 2,2023-10-19T12:12:39.097Z,38.99105,-0.519778,670
755,CV-645B,CV-645A,2023-10-19T12:12:49.097Z,0.0,0.0,933
756,PalasietB,CV-645B,2023-10-19T12:12:49.097Z,38.985252,-0.537441,487
757,Alfons MagnanimA,Corts Valencianes 1A,2023-10-19T12:12:49.097Z,38.986084,-0.534517,355
758,Aben FerriA,Corts Valencianes 1A,2023-10-19T12:12:49.097Z,38.986084,-0.534517,367
759,Argenteria,PalasietB,2023-10-19T12:12:49.097Z,38.985489,-0.534157,100
760,9 OctubreB,Argenteria,2023-10-19T12:12:49.097Z,38.987684,-0.53061,510
761,Abu Masaifa,9 OctubreA,2023-10-19T12:12:49.097Z,38.987684,-0.53061,080
762,Ausias MarchA,9 OctubreA,2023-10-19T12:12:49.097Z,38.987684,-0.53061,999
763,Beata InesA,Reina,2023-10-19T12:12:49.097Z,38.987684,-0.53061,944
764,Reina,Albereda 1,2023-10-19T12:12:49.097Z,38.989955,-0.523503,922
765,Ximen ToviaA,Ximen ToviaB,2023-10-19T12:12:49.097Z,38.991913,-0.524291,359
766,Ximen ToviaB,Ximen ToviaA,2023-10-19T12:12:49.097Z,38.992357,-0.519858,050
767,Baixada estacio 2,Albereda 1,2023-10-19T12:12:49.097Z,38.989955,-0.523503,False
768,Albereda 1,Albereda 2,2023-10-19T12:12:49.097Z,38.990122,-0.519633,770
769,Albereda 2,N-340B,2023-10-19T12:12:49.097Z,38.990742,-0.513,189
770,Carme 1,Carme 2,2023-10-19T12:12:49.097Z,38.99105,-0.519778,726
771,Carme 2,Albereda 2,2023-10-19T12:12:49.097Z,38.990122,-0.519633,366
772,Academic Maravall,Maulets,2023-10-19T12:12:49.097Z,38.991249,-0.518678,False
773,Maulets,Gregorio Molina,2023-10-19T12:12:49.097Z,38.992357,-0.519858,False
774,N-340B,CV-645A,2023-10-19T12:12:49.097Z,0.0,0.0,036
775,CV-645A,Corts Valencianes 1B,2023-10-19T12:12:59.097Z,38.985252,-0.537441,919
776,Corts Valencianes 1A,CV-645B,2023-10-19T12:12:59.097Z,38.985252,-0.537441,False
777,Corts Valencianes 1B,Alfons MagnanimB,2023-10-19T12:12:59.097Z,38.986084,-0.534517,814
778,Corts Valencianes 2B,Ausias MarchB,2023-10-19T12:12:59.097Z,38.987684,-0.53061,120
779,PalasietB,Corts Valencianes 1B,2023-10-19T12:12:59.097Z,38.985252,-0.537441,271
780,Aben FerriA,Alfons MagnanimB,2023-10-19T12:12:59.097Z,38.986084,-0.534517,819
781,9 OctubreB,Argenteria,2023-10-19T12:12:59.097Z,38.987684,-0.53061,962
782,Abu Masaifa,Beata InesB,2023-10-19T12:12:59.097Z,38.987684,-0.53061,794
783,Ausias MarchA,9 OctubreA,2023-10-19T12:12:59.097Z,38.987684,-0.53061,218
784,Beata InesA,Ausias MarchB,2023-10-19T12:12:59.097Z,38.987684,-0.53061,436
785,Reina,Republica Argentina,2023-10-19T12:12:59.097Z,38.989955,-0.523503,943
786,Baixada estacio 2,Albereda 1,2023-10-19T12:12:59.097Z,38.989955,-0.523503,816
787,Albereda 2,N-340B,2023-10-19T12:12:59.097Z,38.990742,-0.513,144
788,Carme 1,Academic Maravall,2023-10-19T12:12:59.097Z,38.99105,-0.519778,851
789,Academic Maravall,Maulets,2023-10-19T12:12:59.097Z,38.991249,-0.518678,769
790,Cosmografo,Maulets,2023-10-19T12:12:59.097Z,38.991249,-0.518678,713
791,Maulets,Ximen ToviaA,2023-10-19T12:12:59.097Z,38.992357,-0.519858,906
792,N-340B,N-340A,2023-10-19T12:12:59.097Z,0.0,0.0,918
793,CV-645A,Corts Valencianes 1B,2023-10-19T12:13:09.097Z,38.985252,-0.537441,473
794,CV-645B,CV-645A,2023-10-19T12:13:09.097Z,0.0,0.0,649
795,Corts Valencianes 1A,CV-645B,2023-10-19T12:13:09.097Z,38.985252,-0.537441,969
796,Corts Valencianes 1B,Aben FerriB,2023-10-19T12:13:09.097Z,38.986084,-0.534517,664
797,Corts Valencianes 2A,Alfons MagnanimB,2023-10-19T12:13:09.097Z,38.986084,-0.534517,005
798,Corts Valencianes 2B,9 OctubreA,2023-10-19T12:13:09.097Z,38.987684,-0.53061,336
799,Alfons MagnanimB,9 OctubreB,2023-10-19T12:13:09.097Z,38.987144,-0.535236,814
800,Argenteria,PalasietB,2023-10-19T12:13:09.097Z,38.985489,-0.534157,964
801,9 OctubreB,Ausias MarchB,2023-10-19T12:13:09.097Z,38.987684,-0.53061,False
802,Ausias MarchA,Corts Valencianes 2A,2023-10-19T12:13:09.097Z,38.987684,-0.53061,False
803,Beata InesA,Corts Valencianes 2A,2023-10-19T12:13:09.097Z,38.987684,-0.53061,868
804,Reina,Republica Argentina,2023-10-19T12:13:09.097Z,38.989955,-0.523503,908
805,Baixada estacio 2,Albereda 1,2023-10-19T12:13:09.097Z,38.989955,-0.523503,460
806,Albereda 1,Albereda 2,2023-10-19T12:13:09.097Z,38.990122,-0.519633,219
807,Academic Maravall,Maulets,2023-10-19T12:13:09.097Z,38.991249,-0.518678,851
808,Maulets,N-340B,2023-10-19T12:13:09.097Z,38.992357,-0.519858,680
809,N-340B,N-340B,2023-10-19T12:13:09.097Z,0.0,0.0,119
810,Republica Argentina,Academic Maravall,2023-10-19T12:13:09.097Z,38.99105,-0.519778,982
811,CV-645A,Corts Valencianes 1B,2023-10-19T12:13:19.097Z,38.985252,-0.537441,959
812,Corts Valencianes 2A,Corts Valencianes 2B,2023-10-19T12:13:19.097Z,38.986084,-0.534517,778
813,Corts Valencianes 2B,Ausias MarchB,2023-10-19T12:13:19.097Z,38.987684,-0.53061,966
814,PalasietB,CV-645B,2023-10-19T12:13:19.097Z,38.985252,-0.537441,717
815,Aben FerriB,PalasietB,2023-10-19T12:13:19.097Z,38.985489,-0.534157,919
816,9 OctubreB,Corts Valencianes 2A,2023-10-19T12:13:19.097Z,38.987684,-0.53061,False
817,Abu Masaifa,Argenteria,2023-10-19T12:13:19.097Z,38.987684,-0.53061,118
818,Ausias MarchA,Ausias MarchB,2023-10-19T12:13:19.097Z,38.987684,-0.53061,604
819,Beata InesA,Reina,2023-10-19T12:13:19.097Z,38.987684,-0.53061,896
820,Reina,Republica Argentina,2023-10-19T12:13:19.097Z,38.989955,-0.523503,887
821,Gregorio Molina,Abu Masaifa,2023-10-19T12:13:19.097Z,38.991213,-0.523787,False
822,Albereda 2,N-340B,2023-10-19T12:13:19.097Z,38.990742,-0.513,997
823,Maulets,Ximen ToviaA,2023-10-19T12:13:19.097Z,38.992357,-0.519858,914
824,Republica Argentina,Academic Maravall,2023-10-19T12:13:19.097Z,38.99105,-0.519778,False
825,CV-645B,Beata InesA,2023-10-19T12:13:29.097Z,0.0,0.0,769
826,Corts Valencianes 1B,Aben FerriB,2023-10-19T12:13:29.097Z,38.986084,-0.534517,479
827,Corts Valencianes 2B,Beata InesB,2023-10-19T12:13:29.097Z,38.987684,-0.53061,778
828,PalasietB,CV-645B,2023-10-19T12:13:29.097Z,38.985252,-0.537441,552
829,Alfons MagnanimB,9 OctubreB,2023-10-19T12:13:29.097Z,38.987144,-0.535236,819
830,9 OctubreA,9 OctubreB,2023-10-19T12:13:29.097Z,38.987144,-0.535236,080
831,Abu Masaifa,Corts Valencianes 2A,2023-10-19T12:13:29.097Z,38.987684,-0.53061,797
832,Ausias MarchA,Ausias MarchB,2023-10-19T12:13:29.097Z,38.987684,-0.53061,692
833,Beata InesA,9 OctubreA,2023-10-19T12:13:29.097Z,38.987684,-0.53061,977
834,Beata InesB,Beata InesB,2023-10-19T12:13:29.097Z,0.0,0.0,794
835,Ximen ToviaB,N-340B,2023-10-19T12:13:29.097Z,38.992357,-0.519858,896
836,Gregorio Molina,Abu Masaifa,2023-10-19T12:13:29.097Z,38.991213,-0.523787,994
837,Albereda 1,Albereda 2,2023-10-19T12:13:29.097Z,38.990122,-0.519633,083
838,Albereda 2,N-340B,2023-10-19T12:13:29.097Z,38.990742,-0.513,349
839,Maulets,N-340B,2023-10-19T12:13:29.097Z,38.992357,-0.519858,003
840,Republica Argentina,Academic Maravall,2023-10-19T12:13:29.097Z,38.99105,-0.519778,903
841,CV-645A,PalasietA,2023-10-19T12:13:39.097Z,38.985252,-0.537441,933
842,Corts Valencianes 1B,Aben FerriB,2023-10-19T12:13:39.097Z,38.986084,-0.534517,959
843,Corts Valencianes 2A,Alfons MagnanimB,2023-10-19T12:13:39.097Z,38.986084,-0.534517,619
844,PalasietB,PalasietA,2023-10-19T12:13:39.097Z,38.985252,-0.537441,False
845,Argenteria,PalasietB,2023-10-19T12:13:39.097Z,38.985489,-0.534157,340
846,9 OctubreA,9 OctubreB,2023-10-19T12:13:39.097Z,38.987144,-0.535236,186
847,9 OctubreB,Reina,2023-10-19T12:13:39.097Z,38.987684,-0.53061,086
848,Ausias MarchA,Reina,2023-10-19T12:13:39.097Z,38.987684,-0.53061,886
849,Beata InesB,Beata InesA,2023-10-19T12:13:39.097Z,0.0,0.0,633
850,Ximen ToviaA,Ximen ToviaB,2023-10-19T12:13:39.097Z,38.991913,-0.524291,998
851,Albereda 1,Albereda 2,2023-10-19T12:13:39.097Z,38.990122,-0.519633,580
852,Carme 2,Albereda 2,2023-10-19T12:13:39.097Z,38.990122,-0.519633,949
853,Academic Maravall,Maulets,2023-10-19T12:13:39.097Z,38.991249,-0.518678,982
854,N-340B,N-340A,2023-10-19T12:13:39.097Z,0.0,0.0,062
855,CV-645A,Corts Valencianes 1B,2023-10-19T12:13:49.097Z,38.985252,-0.537441,036
856,CV-645B,Beata InesA,2023-10-19T12:13:49.097Z,0.0,0.0,974
857,Corts Valencianes 1A,CV-645B,2023-10-19T12:13:49.097Z,38.985252,-0.537441,717
858,PalasietB,Corts Valencianes 1B,2023-10-19T12:13:49.097Z,38.985252,-0.537441,696
859,Alfons MagnanimB,Alfons MagnanimA,2023-10-19T12:13:49.097Z,38.987144,-0.535236,005
860,Aben FerriB,Aben FerriA,2023-10-19T12:13:49.097Z,38.985489,-0.534157,473
861,Argenteria,PalasietB,2023-10-19T12:13:49.097Z,38.985489,-0.534157,False
862,9 OctubreA,9 OctubreB,2023-10-19T12:13:49.097Z,38.987144,-0.535236,218
863,9 OctubreB,Argenteria,2023-10-19T12:13:49.097Z,38.987684,-0.53061,814
864,Abu Masaifa,Beata InesB,2023-10-19T12:13:49.097Z,38.987684,-0.53061,998
865,Ausias MarchA,Ausias MarchB,2023-10-19T12:13:49.097Z,38.987684,-0.53061,819
866,Beata InesA,Argenteria,2023-10-19T12:13:49.097Z,38.987684,-0.53061,749
867,Beata InesB,CV-645A,2023-10-19T12:13:49.097Z,0.0,0.0,914
868,Reina,Republica Argentina,2023-10-19T12:13:49.097Z,38.989955,-0.523503,440
869,Carme 1,Academic Maravall,2023-10-19T12:13:49.097Z,38.99105,-0.519778,780
870,Carme 2,Albereda 2,2023-10-19T12:13:49.097Z,38.990122,-0.519633,527
871,Academic Maravall,Maulets,2023-10-19T12:13:49.097Z,38.991249,-0.518678,False
872,N-340A,Carme 1,2023-10-19T12:13:49.097Z,38.992357,-0.519858,796
873,Republica Argentina,Carme 2,2023-10-19T12:13:49.097Z,38.99105,-0.519778,969
874,CV-645A,PalasietA,2023-10-19T12:13:59.097Z,38.985252,-0.537441,325
875,CV-645B,Beata InesA,2023-10-19T12:13:59.097Z,0.0,0.0,546
876,Corts Valencianes 1B,Corts Valencianes 2B,2023-10-19T12:13:59.097Z,38.986084,-0.534517,304
877,PalasietB,Corts Valencianes 1B,2023-10-19T12:13:59.097Z,38.985252,-0.537441,819
878,Alfons MagnanimA,Aben FerriB,2023-10-19T12:13:59.097Z,38.986084,-0.534517,005
879,Alfons MagnanimB,Alfons MagnanimA,2023-10-19T12:13:59.097Z,38.987144,-0.535236,619
880,Aben FerriA,Corts Valencianes 2B,2023-10-19T12:13:59.097Z,38.986084,-0.534517,415
881,Aben FerriB,Aben FerriA,2023-10-19T12:13:59.097Z,38.985489,-0.534157,958
882,9 OctubreA,9 OctubreB,2023-10-19T12:13:59.097Z,38.987144,-0.535236,335
883,9 OctubreB,9 OctubreA,2023-10-19T12:13:59.097Z,38.987684,-0.53061,819
884,Beata InesA,9 OctubreA,2023-10-19T12:13:59.097Z,38.987684,-0.53061,893
885,Beata InesB,N-340A,2023-10-19T12:13:59.097Z,0.0,0.0,996
886,Ximen ToviaB,Gregorio Molina,2023-10-19T12:13:59.097Z,38.992357,-0.519858,994
887,N-340A,Ximen ToviaA,2023-10-19T12:13:59.097Z,38.992357,-0.519858,False
888,Corts Valencianes 2A,Corts Valencianes 2B,2023-10-19T12:14:09.097Z,38.986084,-0.534517,709
889,Corts Valencianes 2B,Ausias MarchB,2023-10-19T12:14:09.097Z,38.987684,-0.53061,967
890,Aben FerriA,Alfons MagnanimB,2023-10-19T12:14:09.097Z,38.986084,-0.534517,958
891,Aben FerriB,PalasietB,2023-10-19T12:14:09.097Z,38.985489,-0.534157,005
892,9 OctubreA,Alfons MagnanimA,2023-10-19T12:14:09.097Z,38.987144,-0.535236,697
893,Ausias MarchB,Ausias MarchA,2023-10-19T12:14:09.097Z,38.991913,-0.524291,940
894,Beata InesA,Argenteria,2023-10-19T12:14:09.097Z,38.987684,-0.53061,974
895,Ximen ToviaA,Ausias MarchA,2023-10-19T12:14:09.097Z,38.991913,-0.524291,090
896,N-340A,Gregorio Molina,2023-10-19T12:14:09.097Z,38.992357,-0.519858,095
897,CV-645A,Corts Valencianes 1B,2023-10-19T12:14:19.097Z,38.985252,-0.537441,False
898,CV-645B,CV-645A,2023-10-19T12:14:19.097Z,0.0,0.0,644
899,Corts Valencianes 2A,Alfons MagnanimB,2023-10-19T12:14:19.097Z,38.986084,-0.534517,False
900,Corts Valencianes 2B,Ausias MarchB,2023-10-19T12:14:19.097Z,38.987684,-0.53061,473
901,Argenteria,PalasietB,2023-10-19T12:14:19.097Z,38.985489,-0.534157,838
902,9 OctubreA,Alfons MagnanimA,2023-10-19T12:14:19.097Z,38.987144,-0.535236,819
903,9 OctubreB,Ausias MarchB,2023-10-19T12:14:19.097Z,38.987684,-0.53061,080
904,Abu Masaifa,Ausias MarchB,2023-10-19T12:14:19.097Z,38.987684,-0.53061,False
905,Ausias MarchB,Ausias MarchA,2023-10-19T12:14:19.097Z,38.991913,-0.524291,120
906,Beata InesA,Corts Valencianes 2A,2023-10-19T12:14:19.097Z,38.987684,-0.53061,546
907,Beata InesB,Beata InesA,2023-10-19T12:14:19.097Z,0.0,0.0,282
908,Reina,Albereda 1,2023-10-19T12:14:19.097Z,38.989955,-0.523503,666
909,Ximen ToviaB,Gregorio Molina,2023-10-19T12:14:19.097Z,38.992357,-0.519858,False
910,Gregorio Molina,Abu Masaifa,2023-10-19T12:14:19.097Z,38.991213,-0.523787,False
911,Maulets,N-340B,2023-10-19T12:14:19.097Z,38.992357,-0.519858,False
912,N-340A,Carme 1,2023-10-19T12:14:19.097Z,38.992357,-0.519858,918
913,N-340B,Beata InesA,2023-10-19T12:14:19.097Z,0.0,0.0,881
914,CV-645B,N-340A,2023-10-19T12:14:29.097Z,0.0,0.0,910
915,PalasietB,CV-645B,2023-10-19T12:14:29.097Z,38.985252,-0.537441,632
916,Argenteria,Aben FerriA,2023-10-19T12:14:29.097Z,38.985489,-0.534157,239
917,9 OctubreA,Alfons MagnanimA,2023-10-19T12:14:29.097Z,38.987144,-0.535236,693
918,9 OctubreB,Argenteria,2023-10-19T12:14:29.097Z,38.987684,-0.53061,186
919,Abu Masaifa,Ausias MarchB,2023-10-19T12:14:29.097Z,38.987684,-0.53061,488
920,Ausias MarchB,Ausias MarchA,2023-10-19T12:14:29.097Z,38.991913,-0.524291,436
921,Reina,Republica Argentina,2023-10-19T12:14:29.097Z,38.989955,-0.523503,False
922,Gregorio Molina,Baixada estacio 2,2023-10-19T12:14:29.097Z,38.991213,-0.523787,095
923,Academic Maravall,Maulets,2023-10-19T12:14:29.097Z,38.991249,-0.518678,699
924,N-340A,Carme 1,2023-10-19T12:14:29.097Z,38.992357,-0.519858,052
925,N-340B,Beata InesA,2023-10-19T12:14:29.097Z,0.0,0.0,847
926,Republica Argentina,Academic Maravall,2023-10-19T12:14:29.097Z,38.99105,-0.519778,308
927,Corts Valencianes 1B,Corts Valencianes 1A,2023-10-19T12:14:39.097Z,38.986084,-0.534517,919
928,Corts Valencianes 2A,Corts Valencianes 1A,2023-10-19T12:14:39.097Z,38.986084,-0.534517,797
929,Corts Valencianes 2B,9 OctubreA,2023-10-19T12:14:39.097Z,38.987684,-0.53061,False
930,PalasietA,PalasietB,2023-10-19T12:14:39.097Z,38.985489,-0.534157,933
931,Alfons MagnanimA,Corts Valencianes 2B,2023-10-19T12:14:39.097Z,38.986084,-0.534517,977
932,Alfons MagnanimB,Alfons MagnanimA,2023-10-19T12:14:39.097Z,38.987144,-0.535236,955
933,Argenteria,Aben FerriA,2023-10-19T12:14:39.097Z,38.985489,-0.534157,264
934,9 OctubreB,Reina,2023-10-19T12:14:39.097Z,38.987684,-0.53061,218
935,Ausias MarchB,Ximen ToviaB,2023-10-19T12:14:39.097Z,38.991913,-0.524291,False
936,Beata InesB,N-340A,2023-10-19T12:14:39.097Z,0.0,0.0,934
937,Reina,Republica Argentina,2023-10-19T12:14:39.097Z,38.989955,-0.523503,914
938,Ximen ToviaA,Baixada estacio 1,2023-10-19T12:14:39.097Z,38.991913,-0.524291,906
939,Baixada estacio 2,Albereda 1,2023-10-19T12:14:39.097Z,38.989955,-0.523503,095
940,Albereda 2,N-340B,2023-10-19T12:14:39.097Z,38.990742,-0.513,383
941,Academic Maravall,Maulets,2023-10-19T12:14:39.097Z,38.991249,-0.518678,780
942,Maulets,N-340B,2023-10-19T12:14:39.097Z,38.992357,-0.519858,008
943,N-340B,N-340A,2023-10-19T12:14:39.097Z,0.0,0.0,699
944,CV-645A,Corts Valencianes 1B,2023-10-19T12:14:49.097Z,38.985252,-0.537441,844
945,Corts Valencianes 1A,CV-645B,2023-10-19T12:14:49.097Z,38.985252,-0.537441,819
946,Corts Valencianes 1B,Alfons MagnanimB,2023-10-19T12:14:49.097Z,38.986084,-0.534517,797
947,Corts Valencianes 2A,Alfons MagnanimB,2023-10-19T12:14:49.097Z,38.986084,-0.534517,546
948,PalasietA,PalasietA,2023-10-19T12:14:49.097Z,38.985489,-0.534157,False
949,PalasietB,Corts Valencianes 1B,2023-10-19T12:14:49.097Z,38.985252,-0.537441,100
950,Alfons MagnanimA,Corts Valencianes 1A,2023-10-19T12:14:49.097Z,38.986084,-0.534517,819
951,Aben FerriA,Corts Valencianes 2B,2023-10-19T12:14:49.097Z,38.986084,-0.534517,239
952,Argenteria,Aben FerriA,2023-10-19T12:14:49.097Z,38.985489,-0.534157,019
953,Abu Masaifa,Ausias MarchB,2023-10-19T12:14:49.097Z,38.987684,-0.53061,False
954,Ausias MarchB,Ausias MarchA,2023-10-19T12:14:49.097Z,38.991913,-0.524291,946
955,Reina,Republica Argentina,2023-10-19T12:14:49.097Z,38.989955,-0.523503,666
956,Baixada estacio 1,Abu Masaifa,2023-10-19T12:14:49.097Z,38.991213,-0.523787,906
957,Baixada estacio 2,Republica Argentina,2023-10-19T12:14:49.097Z,38.989955,-0.523503,176
958,Gregorio Molina,Abu Masaifa,2023-10-19T12:14:49.097Z,38.991213,-0.523787,922
959,Albereda 2,Cosmografo,2023-10-19T12:14:49.097Z,38.990742,-0.513,997
960,Academic Maravall,Maulets,2023-10-19T12:14:49.097Z,38.991249,-0.518678,308
961,Maulets,Ximen ToviaA,2023-10-19T12:14:49.097Z,38.992357,-0.519858,389
962,N-340A,Gregorio Molina,2023-10-19T12:14:49.097Z,38.992357,-0.519858,996
963,N-340B,Beata InesA,2023-10-19T12:14:49.097Z,0.0,0.0,False
964,Corts Valencianes 1A,CV-645B,2023-10-19T12:14:59.097Z,38.985252,-0.537441,False
965,Corts Valencianes 1B,Corts Valencianes 2B,2023-10-19T12:14:59.097Z,38.986084,-0.534517,627
966,PalasietA,PalasietB,2023-10-19T12:14:59.097Z,38.985489,-0.534157,325
967,PalasietB,Corts Valencianes 1B,2023-10-19T12:14:59.097Z,38.985252,-0.537441,470
968,Alfons MagnanimA,Alfons MagnanimB,2023-10-19T12:14:59.097Z,38.986084,-0.534517,633
969,Alfons MagnanimB,Alfons MagnanimA,2023-10-19T12:14:59.097Z,38.987144,-0.535236,False
970,Aben FerriA,Alfons MagnanimB,2023-10-19T12:14:59.097Z,38.986084,-0.534517,264
971,Argenteria,PalasietB,2023-10-19T12:14:59.097Z,38.985489,-0.534157,753
972,9 OctubreB,Argenteria,2023-10-19T12:14:59.097Z,38.987684,-0.53061,936
973,Reina,Albereda 1,2023-10-19T12:14:59.097Z,38.989955,-0.523503,False
974,Ximen ToviaA,Ximen ToviaB,2023-10-19T12:14:59.097Z,38.991913,-0.524291,012
975,Ximen ToviaB,Gregorio Molina,2023-10-19T12:14:59.097Z,38.992357,-0.519858,False
976,Maulets,Gregorio Molina,2023-10-19T12:14:59.097Z,38.992357,-0.519858,915
977,N-340B,Beata InesA,2023-10-19T12:14:59.097Z,0.0,0.0,903
978,CV-645B,CV-645B,2023-10-19T12:15:09.097Z,0.0,0.0,199
979,Corts Valencianes 1A,CV-645B,2023-10-19T12:15:09.097Z,38.985252,-0.537441,819
980,Corts Valencianes 1B,Corts Valencianes 1B,2023-10-19T12:15:09.097Z,38.986084,-0.534517,003
981,PalasietA,PalasietB,2023-10-19T12:15:09.097Z,38.985489,-0.534157,179
982,PalasietB,PalasietA,2023-10-19T12:15:09.097Z,38.985252,-0.537441,459
983,Alfons MagnanimA,Corts Valencianes 2B,2023-10-19T12:15:09.097Z,38.986084,-0.534517,955
984,Alfons MagnanimB,9 OctubreB,2023-10-19T12:15:09.097Z,38.987144,-0.535236,546
985,Aben FerriA,Alfons MagnanimB,2023-10-19T12:15:09.097Z,38.986084,-0.534517,018
986,9 OctubreA,9 OctubreB,2023-10-19T12:15:09.097Z,38.987144,-0.535236,771
987,Abu Masaifa,9 OctubreA,2023-10-19T12:15:09.097Z,38.987684,-0.53061,591
988,Ausias MarchB,Ximen ToviaB,2023-10-19T12:15:09.097Z,38.991913,-0.524291,966
989,Beata InesB,N-340A,2023-10-19T12:15:09.097Z,0.0,0.0,178
990,Ximen ToviaA,Ausias MarchA,2023-10-19T12:15:09.097Z,38.991913,-0.524291,808
991,Ximen ToviaB,Gregorio Molina,2023-10-19T12:15:09.097Z,38.992357,-0.519858,012
992,Gregorio Molina,Abu Masaifa,2023-10-19T12:15:09.097Z,38.991213,-0.523787,996
993,Albereda 2,Cosmografo,2023-10-19T12:15:09.097Z,38.990742,-0.513,303
994,Maulets,Ximen ToviaA,2023-10-19T12:15:09.097Z,38.992357,-0.519858,007
995,N-340B,Beata InesA,2023-10-19T12:15:09.097Z,0.0,0.0,False
996,CV-645B,CV-645B,2023-10-19T12:15:19.097Z,0.0,0.0,744
997,Corts Valencianes 1B,Corts Valencianes 2B,2023-10-19T12:15:19.097Z,38.986084,-0.534517,100
998,PalasietB,CV-645B,2023-10-19T12:15:19.097Z,38.985252,-0.537441,999
999,Alfons MagnanimB,9 OctubreB,2023-10-19T12:15:19.097Z,38.987144,-0.535236,893
