,enter,exit,date,latitude,longitude,matricula
0,Ximen ToviaA,Ausias MarchA,2023-09-04T06:35:49.097Z,38.991913,-0.524291,701
1,Baixada estacio 1,Abu Masaifa,2023-09-04T06:35:49.097Z,38.991213,-0.523787,False
2,Gregorio Molina,Baixada estacio 2,2023-09-04T06:35:49.097Z,38.991213,-0.523787,False
3,Maulets,Ximen ToviaA,2023-09-04T06:35:49.097Z,38.992357,-0.519858,999
4,N-340A,Carme 1,2023-09-04T06:35:49.097Z,38.992357,-0.519858,927
5,N-340B,Beata InesA,2023-09-04T06:35:49.097Z,0.0,0.0,020
6,CV-645B,CV-645A,2023-09-04T06:35:59.097Z,0.0,0.0,538
7,Corts Valencianes 1B,Alfons MagnanimB,2023-09-04T06:35:59.097Z,38.986084,-0.534517,919
8,Corts Valencianes 2A,Corts Valencianes 1A,2023-09-04T06:35:59.097Z,38.986084,-0.534517,394
9,Corts Valencianes 2B,Ausias MarchB,2023-09-04T06:35:59.097Z,38.987684,-0.53061,030
10,PalasietB,CV-645B,2023-09-04T06:35:59.097Z,38.985252,-0.537441,False
11,Alfons MagnanimB,9 OctubreB,2023-09-04T06:35:59.097Z,38.987144,-0.535236,240
12,Aben FerriB,Aben FerriA,2023-09-04T06:35:59.097Z,38.985489,-0.534157,002
13,Argenteria,PalasietB,2023-09-04T06:35:59.097Z,38.985489,-0.534157,837
14,Ausias MarchB,Ausias MarchA,2023-09-04T06:35:59.097Z,38.991913,-0.524291,False
15,Beata InesA,Corts Valencianes 2A,2023-09-04T06:35:59.097Z,38.987684,-0.53061,768
16,Ximen ToviaA,Ausias MarchA,2023-09-04T06:35:59.097Z,38.991913,-0.524291,124
17,Baixada estacio 1,Abu Masaifa,2023-09-04T06:35:59.097Z,38.991213,-0.523787,916
18,Baixada estacio 2,Albereda 1,2023-09-04T06:35:59.097Z,38.989955,-0.523503,635
19,Albereda 2,N-340B,2023-09-04T06:35:59.097Z,38.990742,-0.513,817
20,Carme 2,Albereda 2,2023-09-04T06:35:59.097Z,38.990122,-0.519633,806
21,Academic Maravall,Maulets,2023-09-04T06:35:59.097Z,38.991249,-0.518678,179
22,Cosmografo,Maulets,2023-09-04T06:35:59.097Z,38.991249,-0.518678,False
23,Maulets,N-340B,2023-09-04T06:35:59.097Z,38.992357,-0.519858,627
24,N-340B,N-340A,2023-09-04T06:35:59.097Z,0.0,0.0,False
25,Republica Argentina,Academic Maravall,2023-09-04T06:35:59.097Z,38.99105,-0.519778,False
26,CV-645B,Beata InesA,2023-09-04T06:36:09.097Z,0.0,0.0,956
27,Corts Valencianes 1A,Corts Valencianes 1B,2023-09-04T06:36:09.097Z,38.985252,-0.537441,394
28,Corts Valencianes 1B,Corts Valencianes 2B,2023-09-04T06:36:09.097Z,38.986084,-0.534517,383
29,Corts Valencianes 2A,Alfons MagnanimB,2023-09-04T06:36:09.097Z,38.986084,-0.534517,864
30,Corts Valencianes 2B,Reina,2023-09-04T06:36:09.097Z,38.987684,-0.53061,219
31,PalasietB,Corts Valencianes 1B,2023-09-04T06:36:09.097Z,38.985252,-0.537441,953
32,Alfons MagnanimA,Corts Valencianes 2B,2023-09-04T06:36:09.097Z,38.986084,-0.534517,435
33,Alfons MagnanimB,9 OctubreB,2023-09-04T06:36:09.097Z,38.987144,-0.535236,619
34,9 OctubreB,Reina,2023-09-04T06:36:09.097Z,38.987684,-0.53061,971
35,Ausias MarchB,Ximen ToviaB,2023-09-04T06:36:09.097Z,38.991913,-0.524291,963
36,Beata InesA,Argenteria,2023-09-04T06:36:09.097Z,38.987684,-0.53061,149
37,Beata InesB,Beata InesA,2023-09-04T06:36:09.097Z,0.0,0.0,465
38,Ximen ToviaA,Ximen ToviaB,2023-09-04T06:36:09.097Z,38.991913,-0.524291,955
39,Baixada estacio 1,Baixada estacio 2,2023-09-04T06:36:09.097Z,38.991213,-0.523787,312
40,Albereda 2,Cosmografo,2023-09-04T06:36:09.097Z,38.990742,-0.513,349
41,Carme 1,Academic Maravall,2023-09-04T06:36:09.097Z,38.99105,-0.519778,927
42,Carme 2,Albereda 2,2023-09-04T06:36:09.097Z,38.990122,-0.519633,False
43,Cosmografo,Maulets,2023-09-04T06:36:09.097Z,38.991249,-0.518678,600
44,Maulets,Gregorio Molina,2023-09-04T06:36:09.097Z,38.992357,-0.519858,False
45,N-340A,Ximen ToviaA,2023-09-04T06:36:09.097Z,38.992357,-0.519858,False
46,N-340B,Beata InesA,2023-09-04T06:36:09.097Z,0.0,0.0,797
47,Republica Argentina,Academic Maravall,2023-09-04T06:36:09.097Z,38.99105,-0.519778,582
48,CV-645B,CV-645A,2023-09-04T06:36:19.097Z,0.0,0.0,891
49,Corts Valencianes 1B,Aben FerriB,2023-09-04T06:36:19.097Z,38.986084,-0.534517,711
50,Corts Valencianes 2A,Aben FerriB,2023-09-04T06:36:19.097Z,38.986084,-0.534517,768
51,Corts Valencianes 2B,Ausias MarchB,2023-09-04T06:36:19.097Z,38.987684,-0.53061,647
52,PalasietA,PalasietB,2023-09-04T06:36:19.097Z,38.985489,-0.534157,056
53,PalasietB,Corts Valencianes 1B,2023-09-04T06:36:19.097Z,38.985252,-0.537441,075
54,Alfons MagnanimA,Corts Valencianes 1A,2023-09-04T06:36:19.097Z,38.986084,-0.534517,619
55,Alfons MagnanimB,Alfons MagnanimA,2023-09-04T06:36:19.097Z,38.987144,-0.535236,864
56,Aben FerriA,Corts Valencianes 2B,2023-09-04T06:36:19.097Z,38.986084,-0.534517,002
57,9 OctubreB,9 OctubreA,2023-09-04T06:36:19.097Z,38.987684,-0.53061,308
58,Ausias MarchB,Ximen ToviaB,2023-09-04T06:36:19.097Z,38.991913,-0.524291,486
59,Beata InesA,Reina,2023-09-04T06:36:19.097Z,38.987684,-0.53061,944
60,Reina,Albereda 1,2023-09-04T06:36:19.097Z,38.989955,-0.523503,159
61,Baixada estacio 2,Republica Argentina,2023-09-04T06:36:19.097Z,38.989955,-0.523503,912
62,Gregorio Molina,Abu Masaifa,2023-09-04T06:36:19.097Z,38.991213,-0.523787,149
63,Albereda 2,Cosmografo,2023-09-04T06:36:19.097Z,38.990742,-0.513,426
64,Carme 1,Academic Maravall,2023-09-04T06:36:19.097Z,38.99105,-0.519778,337
65,Academic Maravall,Maulets,2023-09-04T06:36:19.097Z,38.991249,-0.518678,False
66,Maulets,N-340B,2023-09-04T06:36:19.097Z,38.992357,-0.519858,False
67,N-340B,Beata InesA,2023-09-04T06:36:19.097Z,0.0,0.0,093
68,Republica Argentina,Academic Maravall,2023-09-04T06:36:19.097Z,38.99105,-0.519778,823
69,Corts Valencianes 1A,Corts Valencianes 1B,2023-09-04T06:36:29.097Z,38.985252,-0.537441,619
70,Alfons MagnanimA,Corts Valencianes 2B,2023-09-04T06:36:29.097Z,38.986084,-0.534517,864
71,Aben FerriB,Aben FerriA,2023-09-04T06:36:29.097Z,38.985489,-0.534157,711
72,Beata InesA,9 OctubreA,2023-09-04T06:36:29.097Z,38.987684,-0.53061,020
73,Albereda 2,Cosmografo,2023-09-04T06:36:29.097Z,38.990742,-0.513,250
74,Maulets,Ximen ToviaA,2023-09-04T06:36:29.097Z,38.992357,-0.519858,717
75,N-340A,Ximen ToviaA,2023-09-04T06:36:29.097Z,38.992357,-0.519858,False
76,Republica Argentina,Carme 2,2023-09-04T06:36:29.097Z,38.99105,-0.519778,076
77,Corts Valencianes 1B,Corts Valencianes 1A,2023-09-04T06:36:39.097Z,38.986084,-0.534517,XXX
78,Corts Valencianes 2B,Ausias MarchB,2023-09-04T06:36:39.097Z,38.987684,-0.53061,383
79,PalasietB,PalasietA,2023-09-04T06:36:39.097Z,38.985252,-0.537441,182
80,Aben FerriA,Alfons MagnanimB,2023-09-04T06:36:39.097Z,38.986084,-0.534517,394
81,Aben FerriB,Aben FerriA,2023-09-04T06:36:39.097Z,38.985489,-0.534157,784
82,9 OctubreA,Alfons MagnanimA,2023-09-04T06:36:39.097Z,38.987144,-0.535236,710
83,9 OctubreB,Ausias MarchB,2023-09-04T06:36:39.097Z,38.987684,-0.53061,384
84,Ausias MarchA,Ausias MarchB,2023-09-04T06:36:39.097Z,38.987684,-0.53061,003
85,Ausias MarchB,Ximen ToviaB,2023-09-04T06:36:39.097Z,38.991913,-0.524291,910
86,Beata InesA,Corts Valencianes 2A,2023-09-04T06:36:39.097Z,38.987684,-0.53061,996
87,Reina,Republica Argentina,2023-09-04T06:36:39.097Z,38.989955,-0.523503,219
88,Albereda 2,Cosmografo,2023-09-04T06:36:39.097Z,38.990742,-0.513,699
89,Carme 2,Albereda 2,2023-09-04T06:36:39.097Z,38.990122,-0.519633,076
90,Maulets,Gregorio Molina,2023-09-04T06:36:39.097Z,38.992357,-0.519858,600
91,N-340B,Beata InesA,2023-09-04T06:36:39.097Z,0.0,0.0,970
92,Republica Argentina,Academic Maravall,2023-09-04T06:36:39.097Z,38.99105,-0.519778,147
93,CV-645A,PalasietA,2023-09-04T06:36:49.097Z,38.985252,-0.537441,597
94,Corts Valencianes 1A,CV-645B,2023-09-04T06:36:49.097Z,38.985252,-0.537441,False
95,Corts Valencianes 1B,Corts Valencianes 2B,2023-09-04T06:36:49.097Z,38.986084,-0.534517,619
96,Corts Valencianes 2A,Alfons MagnanimB,2023-09-04T06:36:49.097Z,38.986084,-0.534517,956
97,PalasietB,CV-645B,2023-09-04T06:36:49.097Z,38.985252,-0.537441,849
98,Alfons MagnanimB,Alfons MagnanimA,2023-09-04T06:36:49.097Z,38.987144,-0.535236,986
99,Aben FerriA,Alfons MagnanimB,2023-09-04T06:36:49.097Z,38.986084,-0.534517,786
100,9 OctubreB,9 OctubreA,2023-09-04T06:36:49.097Z,38.987684,-0.53061,775
101,Ausias MarchA,9 OctubreA,2023-09-04T06:36:49.097Z,38.987684,-0.53061,False
102,Ausias MarchB,Baixada estacio 1,2023-09-04T06:36:49.097Z,38.991913,-0.524291,862
103,Beata InesA,Reina,2023-09-04T06:36:49.097Z,38.987684,-0.53061,466
104,Reina,Republica Argentina,2023-09-04T06:36:49.097Z,38.989955,-0.523503,914
105,Academic Maravall,Maulets,2023-09-04T06:36:49.097Z,38.991249,-0.518678,927
106,Maulets,N-340B,2023-09-04T06:36:49.097Z,38.992357,-0.519858,stX
107,N-340B,CV-645A,2023-09-04T06:36:49.097Z,0.0,0.0,False
108,CV-645B,Beata InesA,2023-09-04T06:36:59.097Z,0.0,0.0,996
109,Corts Valencianes 2B,Ausias MarchB,2023-09-04T06:36:59.097Z,38.987684,-0.53061,435
110,PalasietA,Aben FerriA,2023-09-04T06:36:59.097Z,38.985489,-0.534157,182
111,Alfons MagnanimA,Corts Valencianes 1A,2023-09-04T06:36:59.097Z,38.986084,-0.534517,167
112,Aben FerriA,Corts Valencianes 2B,2023-09-04T06:36:59.097Z,38.986084,-0.534517,913
113,9 OctubreA,9 OctubreB,2023-09-04T06:36:59.097Z,38.987144,-0.535236,020
114,9 OctubreB,Reina,2023-09-04T06:36:59.097Z,38.987684,-0.53061,016
115,Ausias MarchA,Argenteria,2023-09-04T06:36:59.097Z,38.987684,-0.53061,317
116,Ausias MarchB,Ausias MarchA,2023-09-04T06:36:59.097Z,38.991913,-0.524291,False
117,Beata InesA,Reina,2023-09-04T06:36:59.097Z,38.987684,-0.53061,797
118,Beata InesB,CV-645A,2023-09-04T06:36:59.097Z,0.0,0.0,False
119,Reina,Republica Argentina,2023-09-04T06:36:59.097Z,38.989955,-0.523503,944
120,Academic Maravall,Maulets,2023-09-04T06:36:59.097Z,38.991249,-0.518678,582
121,Cosmografo,Maulets,2023-09-04T06:36:59.097Z,38.991249,-0.518678,327
122,Maulets,Ximen ToviaA,2023-09-04T06:36:59.097Z,38.992357,-0.519858,927
123,CV-645A,Corts Valencianes 1B,2023-09-04T06:37:09.097Z,38.985252,-0.537441,779
124,CV-645B,CV-645A,2023-09-04T06:37:09.097Z,0.0,0.0,308
125,Corts Valencianes 1A,CV-645B,2023-09-04T06:37:09.097Z,38.985252,-0.537441,710
126,Corts Valencianes 2B,Argenteria,2023-09-04T06:37:09.097Z,38.987684,-0.53061,002
127,PalasietB,PalasietA,2023-09-04T06:37:09.097Z,38.985252,-0.537441,985
128,Alfons MagnanimB,9 OctubreB,2023-09-04T06:37:09.097Z,38.987144,-0.535236,786
129,Aben FerriA,Corts Valencianes 2B,2023-09-04T06:37:09.097Z,38.986084,-0.534517,182
130,9 OctubreB,Ausias MarchB,2023-09-04T06:37:09.097Z,38.987684,-0.53061,False
131,Ausias MarchA,Argenteria,2023-09-04T06:37:09.097Z,38.987684,-0.53061,759
132,Ausias MarchB,Ausias MarchA,2023-09-04T06:37:09.097Z,38.991913,-0.524291,False
133,Reina,Albereda 1,2023-09-04T06:37:09.097Z,38.989955,-0.523503,466
134,Ximen ToviaB,Ximen ToviaA,2023-09-04T06:37:09.097Z,38.992357,-0.519858,963
135,Gregorio Molina,Abu Masaifa,2023-09-04T06:37:09.097Z,38.991213,-0.523787,600
136,Academic Maravall,Maulets,2023-09-04T06:37:09.097Z,38.991249,-0.518678,337
137,Republica Argentina,Academic Maravall,2023-09-04T06:37:09.097Z,38.99105,-0.519778,810
138,CV-645A,Corts Valencianes 1B,2023-09-04T06:37:19.097Z,38.985252,-0.537441,538
139,CV-645B,Beata InesA,2023-09-04T06:37:19.097Z,0.0,0.0,671
140,Corts Valencianes 2B,Reina,2023-09-04T06:37:19.097Z,38.987684,-0.53061,864
141,PalasietB,CV-645B,2023-09-04T06:37:19.097Z,38.985252,-0.537441,837
142,Alfons MagnanimA,Corts Valencianes 2B,2023-09-04T06:37:19.097Z,38.986084,-0.534517,711
143,9 OctubreB,Argenteria,2023-09-04T06:37:19.097Z,38.987684,-0.53061,240
144,Ausias MarchB,Ximen ToviaB,2023-09-04T06:37:19.097Z,38.991913,-0.524291,647
145,Ximen ToviaA,Ausias MarchA,2023-09-04T06:37:19.097Z,38.991913,-0.524291,False
146,Ximen ToviaB,N-340B,2023-09-04T06:37:19.097Z,38.992357,-0.519858,False
147,Maulets,N-340B,2023-09-04T06:37:19.097Z,38.992357,-0.519858,582
148,N-340B,Beata InesA,2023-09-04T06:37:19.097Z,0.0,0.0,698
149,CV-645A,PalasietA,2023-09-04T06:37:29.097Z,38.985252,-0.537441,891
150,CV-645B,N-340A,2023-09-04T06:37:29.097Z,0.0,0.0,140
151,Corts Valencianes 1B,Corts Valencianes 2B,2023-09-04T06:37:29.097Z,38.986084,-0.534517,False
152,Corts Valencianes 2B,Argenteria,2023-09-04T06:37:29.097Z,38.987684,-0.53061,False
153,PalasietB,CV-645B,2023-09-04T06:37:29.097Z,38.985252,-0.537441,096
154,Alfons MagnanimA,Alfons MagnanimB,2023-09-04T06:37:29.097Z,38.986084,-0.534517,932
155,Ausias MarchA,Ausias MarchB,2023-09-04T06:37:29.097Z,38.987684,-0.53061,696
156,Ximen ToviaA,Baixada estacio 1,2023-09-04T06:37:29.097Z,38.991913,-0.524291,False
157,Ximen ToviaB,Ximen ToviaA,2023-09-04T06:37:29.097Z,38.992357,-0.519858,166
158,Gregorio Molina,Abu Masaifa,2023-09-04T06:37:29.097Z,38.991213,-0.523787,732
159,Cosmografo,Maulets,2023-09-04T06:37:29.097Z,38.991249,-0.518678,200
160,Maulets,N-340B,2023-09-04T06:37:29.097Z,38.992357,-0.519858,426
161,Republica Argentina,Carme 2,2023-09-04T06:37:29.097Z,38.99105,-0.519778,896
162,CV-645A,PalasietA,2023-09-04T06:37:39.097Z,38.985252,-0.537441,697
163,PalasietA,PalasietB,2023-09-04T06:37:39.097Z,38.985489,-0.534157,597
164,9 OctubreB,Corts Valencianes 2A,2023-09-04T06:37:39.097Z,38.987684,-0.53061,610
165,Ausias MarchA,Reina,2023-09-04T06:37:39.097Z,38.987684,-0.53061,313
166,Ausias MarchB,Ximen ToviaB,2023-09-04T06:37:39.097Z,38.991913,-0.524291,966
167,Ximen ToviaA,Ximen ToviaB,2023-09-04T06:37:39.097Z,38.991913,-0.524291,720
168,Ximen ToviaB,Gregorio Molina,2023-09-04T06:37:39.097Z,38.992357,-0.519858,910
169,Albereda 1,Albereda 2,2023-09-04T06:37:39.097Z,38.990122,-0.519633,465
170,Carme 2,Albereda 2,2023-09-04T06:37:39.097Z,38.990122,-0.519633,359
171,Academic Maravall,Maulets,2023-09-04T06:37:39.097Z,38.991249,-0.518678,147
172,Cosmografo,Maulets,2023-09-04T06:37:39.097Z,38.991249,-0.518678,857
173,Maulets,Ximen ToviaA,2023-09-04T06:37:39.097Z,38.992357,-0.519858,337
174,Republica Argentina,Carme 2,2023-09-04T06:37:39.097Z,38.99105,-0.519778,491
175,CV-645A,Corts Valencianes 1B,2023-09-04T06:37:49.097Z,38.985252,-0.537441,446
176,Corts Valencianes 1A,CV-645B,2023-09-04T06:37:49.097Z,38.985252,-0.537441,XXX
177,Corts Valencianes 1B,Corts Valencianes 2B,2023-09-04T06:37:49.097Z,38.986084,-0.534517,538
178,Alfons MagnanimB,9 OctubreB,2023-09-04T06:37:49.097Z,38.987144,-0.535236,932
179,9 OctubreA,Alfons MagnanimA,2023-09-04T06:37:49.097Z,38.987144,-0.535236,955
180,9 OctubreB,Reina,2023-09-04T06:37:49.097Z,38.987684,-0.53061,220
181,Abu Masaifa,Corts Valencianes 2A,2023-09-04T06:37:49.097Z,38.987684,-0.53061,098
182,Ausias MarchB,Ausias MarchA,2023-09-04T06:37:49.097Z,38.991913,-0.524291,384
183,Beata InesA,9 OctubreA,2023-09-04T06:37:49.097Z,38.987684,-0.53061,False
184,Beata InesB,CV-645A,2023-09-04T06:37:49.097Z,0.0,0.0,054
185,Reina,Albereda 1,2023-09-04T06:37:49.097Z,38.989955,-0.523503,016
186,Baixada estacio 1,Abu Masaifa,2023-09-04T06:37:49.097Z,38.991213,-0.523787,717
187,Albereda 1,Albereda 2,2023-09-04T06:37:49.097Z,38.990122,-0.519633,400
188,Academic Maravall,Maulets,2023-09-04T06:37:49.097Z,38.991249,-0.518678,970
189,Maulets,Ximen ToviaA,2023-09-04T06:37:49.097Z,38.992357,-0.519858,250
190,N-340B,CV-645A,2023-09-04T06:37:49.097Z,0.0,0.0,676
191,Republica Argentina,Carme 2,2023-09-04T06:37:49.097Z,38.99105,-0.519778,601
192,CV-645A,PalasietA,2023-09-04T06:37:59.097Z,38.985252,-0.537441,208
193,Corts Valencianes 1B,Corts Valencianes 2B,2023-09-04T06:37:59.097Z,38.986084,-0.534517,False
194,Corts Valencianes 2A,Corts Valencianes 2B,2023-09-04T06:37:59.097Z,38.986084,-0.534517,618
195,PalasietA,Aben FerriA,2023-09-04T06:37:59.097Z,38.985489,-0.534157,988
196,Alfons MagnanimA,Aben FerriB,2023-09-04T06:37:59.097Z,38.986084,-0.534517,955
197,Alfons MagnanimB,9 OctubreB,2023-09-04T06:37:59.097Z,38.987144,-0.535236,556
198,Abu Masaifa,Corts Valencianes 2A,2023-09-04T06:37:59.097Z,38.987684,-0.53061,614
199,Ausias MarchA,Beata InesB,2023-09-04T06:37:59.097Z,38.987684,-0.53061,699
200,Ausias MarchB,Baixada estacio 1,2023-09-04T06:37:59.097Z,38.991913,-0.524291,003
201,Beata InesA,Reina,2023-09-04T06:37:59.097Z,38.987684,-0.53061,575
202,Reina,Republica Argentina,2023-09-04T06:37:59.097Z,38.989955,-0.523503,757
203,Gregorio Molina,Abu Masaifa,2023-09-04T06:37:59.097Z,38.991213,-0.523787,910
204,Albereda 1,Albereda 2,2023-09-04T06:37:59.097Z,38.990122,-0.519633,016
205,Carme 2,Albereda 2,2023-09-04T06:37:59.097Z,38.990122,-0.519633,601
206,Cosmografo,Maulets,2023-09-04T06:37:59.097Z,38.991249,-0.518678,349
207,N-340A,Ximen ToviaA,2023-09-04T06:37:59.097Z,38.992357,-0.519858,140
208,Republica Argentina,Academic Maravall,2023-09-04T06:37:59.097Z,38.99105,-0.519778,982
209,Corts Valencianes 2B,Reina,2023-09-04T06:38:09.097Z,38.987684,-0.53061,913
210,PalasietA,PalasietB,2023-09-04T06:38:09.097Z,38.985489,-0.534157,891
211,Aben FerriA,Corts Valencianes 1A,2023-09-04T06:38:09.097Z,38.986084,-0.534517,766
212,Aben FerriB,PalasietB,2023-09-04T06:38:09.097Z,38.985489,-0.534157,False
213,Beata InesA,9 OctubreA,2023-09-04T06:38:09.097Z,38.987684,-0.53061,994
214,Reina,Republica Argentina,2023-09-04T06:38:09.097Z,38.989955,-0.523503,864
215,Baixada estacio 1,Abu Masaifa,2023-09-04T06:38:09.097Z,38.991213,-0.523787,003
216,Academic Maravall,Maulets,2023-09-04T06:38:09.097Z,38.991249,-0.518678,False
217,Maulets,Gregorio Molina,2023-09-04T06:38:09.097Z,38.992357,-0.519858,147
218,Republica Argentina,Academic Maravall,2023-09-04T06:38:09.097Z,38.99105,-0.519778,126
219,Corts Valencianes 1A,CV-645B,2023-09-04T06:38:19.097Z,38.985252,-0.537441,766
220,Corts Valencianes 2A,Corts Valencianes 2B,2023-09-04T06:38:19.097Z,38.986084,-0.534517,099
221,Corts Valencianes 2B,Ausias MarchB,2023-09-04T06:38:19.097Z,38.987684,-0.53061,182
222,PalasietA,Aben FerriA,2023-09-04T06:38:19.097Z,38.985489,-0.534157,697
223,Abu Masaifa,Beata InesB,2023-09-04T06:38:19.097Z,38.987684,-0.53061,451
224,Ausias MarchA,Argenteria,2023-09-04T06:38:19.097Z,38.987684,-0.53061,False
225,Ausias MarchB,Ximen ToviaB,2023-09-04T06:38:19.097Z,38.991913,-0.524291,435
226,Beata InesA,Corts Valencianes 2A,2023-09-04T06:38:19.097Z,38.987684,-0.53061,967
227,Reina,Republica Argentina,2023-09-04T06:38:19.097Z,38.989955,-0.523503,313
228,Ximen ToviaA,Ausias MarchA,2023-09-04T06:38:19.097Z,38.991913,-0.524291,927
229,Academic Maravall,Maulets,2023-09-04T06:38:19.097Z,38.991249,-0.518678,False
230,Maulets,Ximen ToviaA,2023-09-04T06:38:19.097Z,38.992357,-0.519858,857
231,N-340B,Beata InesA,2023-09-04T06:38:19.097Z,0.0,0.0,False
232,Corts Valencianes 1B,Corts Valencianes 1A,2023-09-04T06:38:29.097Z,38.986084,-0.534517,False
233,Corts Valencianes 2A,Corts Valencianes 2B,2023-09-04T06:38:29.097Z,38.986084,-0.534517,683
234,Corts Valencianes 2B,Reina,2023-09-04T06:38:29.097Z,38.987684,-0.53061,711
235,Aben FerriA,Corts Valencianes 2B,2023-09-04T06:38:29.097Z,38.986084,-0.534517,831
236,Argenteria,PalasietB,2023-09-04T06:38:29.097Z,38.985489,-0.534157,317
237,Abu Masaifa,Argenteria,2023-09-04T06:38:29.097Z,38.987684,-0.53061,626
238,Ausias MarchA,Reina,2023-09-04T06:38:29.097Z,38.987684,-0.53061,False
239,Beata InesA,Ausias MarchB,2023-09-04T06:38:29.097Z,38.987684,-0.53061,936
240,Reina,Albereda 1,2023-09-04T06:38:29.097Z,38.989955,-0.523503,204
241,Ximen ToviaA,Baixada estacio 1,2023-09-04T06:38:29.097Z,38.991913,-0.524291,963
242,Ximen ToviaB,N-340B,2023-09-04T06:38:29.097Z,38.992357,-0.519858,647
243,Gregorio Molina,Baixada estacio 2,2023-09-04T06:38:29.097Z,38.991213,-0.523787,147
244,Maulets,N-340B,2023-09-04T06:38:29.097Z,38.992357,-0.519858,False
245,Republica Argentina,Academic Maravall,2023-09-04T06:38:29.097Z,38.99105,-0.519778,219
246,CV-645A,Corts Valencianes 1B,2023-09-04T06:38:39.097Z,38.985252,-0.537441,094
247,CV-645B,Beata InesA,2023-09-04T06:38:39.097Z,0.0,0.0,264
248,Corts Valencianes 1A,PalasietA,2023-09-04T06:38:39.097Z,38.985252,-0.537441,False
249,Argenteria,PalasietB,2023-09-04T06:38:39.097Z,38.985489,-0.534157,002
250,9 OctubreB,Corts Valencianes 2A,2023-09-04T06:38:39.097Z,38.987684,-0.53061,020
251,Abu Masaifa,Argenteria,2023-09-04T06:38:39.097Z,38.987684,-0.53061,767
252,Ausias MarchA,Beata InesB,2023-09-04T06:38:39.097Z,38.987684,-0.53061,712
253,Ausias MarchB,Baixada estacio 1,2023-09-04T06:38:39.097Z,38.991913,-0.524291,False
254,Beata InesA,Ausias MarchB,2023-09-04T06:38:39.097Z,38.987684,-0.53061,300
255,Reina,Albereda 1,2023-09-04T06:38:39.097Z,38.989955,-0.523503,975
256,Ximen ToviaA,Ausias MarchA,2023-09-04T06:38:39.097Z,38.991913,-0.524291,166
257,Baixada estacio 1,Baixada estacio 2,2023-09-04T06:38:39.097Z,38.991213,-0.523787,161
258,Baixada estacio 2,Albereda 1,2023-09-04T06:38:39.097Z,38.989955,-0.523503,147
259,Academic Maravall,Maulets,2023-09-04T06:38:39.097Z,38.991249,-0.518678,219
260,Maulets,Gregorio Molina,2023-09-04T06:38:39.097Z,38.992357,-0.519858,349
261,Republica Argentina,Academic Maravall,2023-09-04T06:38:39.097Z,38.99105,-0.519778,914
262,CV-645A,Corts Valencianes 1B,2023-09-04T06:38:49.097Z,38.985252,-0.537441,False
263,Corts Valencianes 1B,Aben FerriB,2023-09-04T06:38:49.097Z,38.986084,-0.534517,054
264,Corts Valencianes 2A,Corts Valencianes 2B,2023-09-04T06:38:49.097Z,38.986084,-0.534517,967
265,Corts Valencianes 2B,9 OctubreA,2023-09-04T06:38:49.097Z,38.987684,-0.53061,538
266,PalasietA,Aben FerriA,2023-09-04T06:38:49.097Z,38.985489,-0.534157,eXX
267,9 OctubreA,Alfons MagnanimA,2023-09-04T06:38:49.097Z,38.987144,-0.535236,093
268,Abu Masaifa,Reina,2023-09-04T06:38:49.097Z,38.987684,-0.53061,114
269,Ausias MarchA,Reina,2023-09-04T06:38:49.097Z,38.987684,-0.53061,271
270,Ausias MarchB,Baixada estacio 1,2023-09-04T06:38:49.097Z,38.991913,-0.524291,884
271,Reina,Albereda 1,2023-09-04T06:38:49.097Z,38.989955,-0.523503,913
272,Ximen ToviaB,Gregorio Molina,2023-09-04T06:38:49.097Z,38.992357,-0.519858,304
273,Baixada estacio 1,Abu Masaifa,2023-09-04T06:38:49.097Z,38.991213,-0.523787,749
274,Baixada estacio 2,Republica Argentina,2023-09-04T06:38:49.097Z,38.989955,-0.523503,963
275,Gregorio Molina,Abu Masaifa,2023-09-04T06:38:49.097Z,38.991213,-0.523787,349
276,Albereda 1,Albereda 2,2023-09-04T06:38:49.097Z,38.990122,-0.519633,045
277,Academic Maravall,Maulets,2023-09-04T06:38:49.097Z,38.991249,-0.518678,914
278,Maulets,N-340B,2023-09-04T06:38:49.097Z,38.992357,-0.519858,846
279,N-340B,Beata InesA,2023-09-04T06:38:49.097Z,0.0,0.0,924
280,Republica Argentina,Carme 2,2023-09-04T06:38:49.097Z,38.99105,-0.519778,944
281,PalasietA,PalasietB,2023-09-04T06:38:59.097Z,38.985489,-0.534157,False
282,Alfons MagnanimA,Aben FerriB,2023-09-04T06:38:59.097Z,38.986084,-0.534517,966
283,Aben FerriA,Corts Valencianes 2B,2023-09-04T06:38:59.097Z,38.986084,-0.534517,791
284,Aben FerriB,PalasietB,2023-09-04T06:38:59.097Z,38.985489,-0.534157,054
285,9 OctubreA,Alfons MagnanimA,2023-09-04T06:38:59.097Z,38.987144,-0.535236,False
286,9 OctubreB,Ausias MarchB,2023-09-04T06:38:59.097Z,38.987684,-0.53061,786
287,Abu Masaifa,Corts Valencianes 2A,2023-09-04T06:38:59.097Z,38.987684,-0.53061,999
288,Ausias MarchA,Beata InesB,2023-09-04T06:38:59.097Z,38.987684,-0.53061,False
289,Ausias MarchB,Ximen ToviaB,2023-09-04T06:38:59.097Z,38.991913,-0.524291,171
290,Reina,Republica Argentina,2023-09-04T06:38:59.097Z,38.989955,-0.523503,394
291,Carme 1,Academic Maravall,2023-09-04T06:38:59.097Z,38.99105,-0.519778,385
292,Carme 2,Albereda 2,2023-09-04T06:38:59.097Z,38.990122,-0.519633,944
293,N-340B,CV-645A,2023-09-04T06:38:59.097Z,0.0,0.0,False
294,Republica Argentina,Academic Maravall,2023-09-04T06:38:59.097Z,38.99105,-0.519778,757
295,CV-645B,N-340A,2023-09-04T06:39:09.097Z,0.0,0.0,False
296,Corts Valencianes 1B,Alfons MagnanimB,2023-09-04T06:39:09.097Z,38.986084,-0.534517,911
297,Corts Valencianes 2B,Corts Valencianes 2A,2023-09-04T06:39:09.097Z,38.987684,-0.53061,448
298,Aben FerriB,Aben FerriA,2023-09-04T06:39:09.097Z,38.985489,-0.534157,093
299,Argenteria,PalasietB,2023-09-04T06:39:09.097Z,38.985489,-0.534157,False
300,9 OctubreA,Alfons MagnanimA,2023-09-04T06:39:09.097Z,38.987144,-0.535236,538
301,9 OctubreB,Ausias MarchB,2023-09-04T06:39:09.097Z,38.987684,-0.53061,932
302,Abu Masaifa,Corts Valencianes 2A,2023-09-04T06:39:09.097Z,38.987684,-0.53061,126
303,Ausias MarchA,Ausias MarchB,2023-09-04T06:39:09.097Z,38.987684,-0.53061,998
304,Reina,Albereda 1,2023-09-04T06:39:09.097Z,38.989955,-0.523503,405
305,Ximen ToviaA,Ausias MarchA,2023-09-04T06:39:09.097Z,38.991913,-0.524291,337
306,Ximen ToviaB,Gregorio Molina,2023-09-04T06:39:09.097Z,38.992357,-0.519858,False
307,Baixada estacio 1,Baixada estacio 2,2023-09-04T06:39:09.097Z,38.991213,-0.523787,884
308,Gregorio Molina,Abu Masaifa,2023-09-04T06:39:09.097Z,38.991213,-0.523787,967
309,Academic Maravall,Maulets,2023-09-04T06:39:09.097Z,38.991249,-0.518678,385
310,Maulets,Gregorio Molina,2023-09-04T06:39:09.097Z,38.992357,-0.519858,912
311,Republica Argentina,Academic Maravall,2023-09-04T06:39:09.097Z,38.99105,-0.519778,464
312,CV-645B,CV-645A,2023-09-04T06:39:19.097Z,0.0,0.0,212
313,Corts Valencianes 2B,Argenteria,2023-09-04T06:39:19.097Z,38.987684,-0.53061,610
314,PalasietB,Corts Valencianes 1B,2023-09-04T06:39:19.097Z,38.985252,-0.537441,893
315,Alfons MagnanimA,Corts Valencianes 1A,2023-09-04T06:39:19.097Z,38.986084,-0.534517,538
316,Aben FerriA,Corts Valencianes 2B,2023-09-04T06:39:19.097Z,38.986084,-0.534517,False
317,Aben FerriB,PalasietB,2023-09-04T06:39:19.097Z,38.985489,-0.534157,749
318,Argenteria,PalasietB,2023-09-04T06:39:19.097Z,38.985489,-0.534157,803
319,9 OctubreA,Alfons MagnanimA,2023-09-04T06:39:19.097Z,38.987144,-0.535236,347
320,9 OctubreB,Reina,2023-09-04T06:39:19.097Z,38.987684,-0.53061,956
321,Abu Masaifa,Ausias MarchB,2023-09-04T06:39:19.097Z,38.987684,-0.53061,979
322,Ausias MarchB,Ximen ToviaB,2023-09-04T06:39:19.097Z,38.991913,-0.524291,698
323,Beata InesA,Argenteria,2023-09-04T06:39:19.097Z,38.987684,-0.53061,264
324,Reina,Albereda 1,2023-09-04T06:39:19.097Z,38.989955,-0.523503,False
325,Ximen ToviaB,N-340B,2023-09-04T06:39:19.097Z,38.992357,-0.519858,435
326,Baixada estacio 2,Albereda 1,2023-09-04T06:39:19.097Z,38.989955,-0.523503,884
327,Gregorio Molina,Baixada estacio 2,2023-09-04T06:39:19.097Z,38.991213,-0.523787,False
328,Albereda 1,Albereda 2,2023-09-04T06:39:19.097Z,38.990122,-0.519633,474
329,Maulets,N-340B,2023-09-04T06:39:19.097Z,38.992357,-0.519858,219
330,N-340B,Beata InesA,2023-09-04T06:39:19.097Z,0.0,0.0,False
331,Republica Argentina,Academic Maravall,2023-09-04T06:39:19.097Z,38.99105,-0.519778,313
332,Corts Valencianes 2B,Reina,2023-09-04T06:39:29.097Z,38.987684,-0.53061,098
333,PalasietB,PalasietA,2023-09-04T06:39:29.097Z,38.985252,-0.537441,955
334,Alfons MagnanimA,Corts Valencianes 1A,2023-09-04T06:39:29.097Z,38.986084,-0.534517,347
335,Alfons MagnanimB,Alfons MagnanimA,2023-09-04T06:39:29.097Z,38.987144,-0.535236,769
336,Argenteria,Aben FerriA,2023-09-04T06:39:29.097Z,38.985489,-0.534157,771
337,9 OctubreB,Argenteria,2023-09-04T06:39:29.097Z,38.987684,-0.53061,201
338,Abu Masaifa,9 OctubreA,2023-09-04T06:39:29.097Z,38.987684,-0.53061,880
339,Ausias MarchA,Argenteria,2023-09-04T06:39:29.097Z,38.987684,-0.53061,384
340,Ausias MarchB,Ausias MarchA,2023-09-04T06:39:29.097Z,38.991913,-0.524291,False
341,Ximen ToviaA,Ausias MarchA,2023-09-04T06:39:29.097Z,38.991913,-0.524291,250
342,Ximen ToviaB,Carme 1,2023-09-04T06:39:29.097Z,38.992357,-0.519858,274
343,Baixada estacio 2,Republica Argentina,2023-09-04T06:39:29.097Z,38.989955,-0.523503,720
344,Gregorio Molina,Abu Masaifa,2023-09-04T06:39:29.097Z,38.991213,-0.523787,912
345,Albereda 1,Albereda 2,2023-09-04T06:39:29.097Z,38.990122,-0.519633,565
346,Carme 1,Carme 2,2023-09-04T06:39:29.097Z,38.99105,-0.519778,685
347,Academic Maravall,Maulets,2023-09-04T06:39:29.097Z,38.991249,-0.518678,757
348,Maulets,Carme 1,2023-09-04T06:39:29.097Z,38.992357,-0.519858,914
349,N-340B,Beata InesA,2023-09-04T06:39:29.097Z,0.0,0.0,273
350,Corts Valencianes 2B,9 OctubreA,2023-09-04T06:39:39.097Z,38.987684,-0.53061,863
351,PalasietA,Aben FerriA,2023-09-04T06:39:39.097Z,38.985489,-0.534157,False
352,Alfons MagnanimA,Corts Valencianes 2B,2023-09-04T06:39:39.097Z,38.986084,-0.534517,False
353,Argenteria,PalasietB,2023-09-04T06:39:39.097Z,38.985489,-0.534157,False
354,Abu Masaifa,Reina,2023-09-04T06:39:39.097Z,38.987684,-0.53061,False
355,Ausias MarchA,Argenteria,2023-09-04T06:39:39.097Z,38.987684,-0.53061,927
356,Beata InesA,Argenteria,2023-09-04T06:39:39.097Z,38.987684,-0.53061,926
357,Reina,Republica Argentina,2023-09-04T06:39:39.097Z,38.989955,-0.523503,627
358,Albereda 1,Albereda 2,2023-09-04T06:39:39.097Z,38.990122,-0.519633,813
359,Carme 1,Academic Maravall,2023-09-04T06:39:39.097Z,38.99105,-0.519778,171
360,Carme 2,Albereda 2,2023-09-04T06:39:39.097Z,38.990122,-0.519633,False
361,Academic Maravall,Maulets,2023-09-04T06:39:39.097Z,38.991249,-0.518678,676
362,N-340B,CV-645A,2023-09-04T06:39:39.097Z,0.0,0.0,696
363,Republica Argentina,Carme 2,2023-09-04T06:39:39.097Z,38.99105,-0.519778,963
364,CV-645A,Corts Valencianes 1B,2023-09-04T06:39:49.097Z,38.985252,-0.537441,False
365,CV-645B,Beata InesA,2023-09-04T06:39:49.097Z,0.0,0.0,120
366,Corts Valencianes 2A,Corts Valencianes 2B,2023-09-04T06:39:49.097Z,38.986084,-0.534517,020
367,Corts Valencianes 2B,Reina,2023-09-04T06:39:49.097Z,38.987684,-0.53061,831
368,PalasietB,Corts Valencianes 1B,2023-09-04T06:39:49.097Z,38.985252,-0.537441,317
369,Aben FerriA,Corts Valencianes 2B,2023-09-04T06:39:49.097Z,38.986084,-0.534517,771
370,9 OctubreA,9 OctubreB,2023-09-04T06:39:49.097Z,38.987144,-0.535236,175
371,Abu Masaifa,9 OctubreA,2023-09-04T06:39:49.097Z,38.987684,-0.53061,False
372,Ausias MarchA,Reina,2023-09-04T06:39:49.097Z,38.987684,-0.53061,166
373,Ausias MarchB,Ximen ToviaB,2023-09-04T06:39:49.097Z,38.991913,-0.524291,768
374,Beata InesA,Ausias MarchB,2023-09-04T06:39:49.097Z,38.987684,-0.53061,False
375,Beata InesB,N-340A,2023-09-04T06:39:49.097Z,0.0,0.0,444
376,Reina,Republica Argentina,2023-09-04T06:39:49.097Z,38.989955,-0.523503,556
377,Albereda 1,Albereda 2,2023-09-04T06:39:49.097Z,38.990122,-0.519633,405
378,Carme 1,Carme 2,2023-09-04T06:39:49.097Z,38.99105,-0.519778,971
379,Carme 2,Albereda 2,2023-09-04T06:39:49.097Z,38.990122,-0.519633,963
380,Academic Maravall,Maulets,2023-09-04T06:39:49.097Z,38.991249,-0.518678,313
381,Maulets,N-340B,2023-09-04T06:39:49.097Z,38.992357,-0.519858,395
382,N-340B,Beata InesA,2023-09-04T06:39:49.097Z,0.0,0.0,798
383,Republica Argentina,Carme 2,2023-09-04T06:39:49.097Z,38.99105,-0.519778,711
384,CV-645B,CV-645A,2023-09-04T06:39:59.097Z,0.0,0.0,584
385,Corts Valencianes 1A,Corts Valencianes 1B,2023-09-04T06:39:59.097Z,38.985252,-0.537441,347
386,Corts Valencianes 1B,Alfons MagnanimB,2023-09-04T06:39:59.097Z,38.986084,-0.534517,893
387,Corts Valencianes 2A,Corts Valencianes 2B,2023-09-04T06:39:59.097Z,38.986084,-0.534517,994
388,Corts Valencianes 2B,Argenteria,2023-09-04T06:39:59.097Z,38.987684,-0.53061,997
389,PalasietB,Corts Valencianes 1B,2023-09-04T06:39:59.097Z,38.985252,-0.537441,002
390,Aben FerriA,Corts Valencianes 2B,2023-09-04T06:39:59.097Z,38.986084,-0.534517,False
391,Argenteria,PalasietB,2023-09-04T06:39:59.097Z,38.985489,-0.534157,False
392,Abu Masaifa,Argenteria,2023-09-04T06:39:59.097Z,38.987684,-0.53061,357
393,Ausias MarchA,Corts Valencianes 2A,2023-09-04T06:39:59.097Z,38.987684,-0.53061,337
394,Ausias MarchB,Ausias MarchA,2023-09-04T06:39:59.097Z,38.991913,-0.524291,663
395,Beata InesA,Corts Valencianes 2A,2023-09-04T06:39:59.097Z,38.987684,-0.53061,271
396,Beata InesB,N-340A,2023-09-04T06:39:59.097Z,0.0,0.0,False
397,Ximen ToviaB,Gregorio Molina,2023-09-04T06:39:59.097Z,38.992357,-0.519858,936
398,Carme 1,Carme 2,2023-09-04T06:39:59.097Z,38.99105,-0.519778,656
399,Carme 2,Albereda 2,2023-09-04T06:39:59.097Z,38.990122,-0.519633,974
400,Academic Maravall,Maulets,2023-09-04T06:39:59.097Z,38.991249,-0.518678,469
401,Maulets,Ximen ToviaA,2023-09-04T06:39:59.097Z,38.992357,-0.519858,757
402,N-340B,N-340A,2023-09-04T06:39:59.097Z,0.0,0.0,819
403,Republica Argentina,Academic Maravall,2023-09-04T06:39:59.097Z,38.99105,-0.519778,False
404,CV-645B,Beata InesA,2023-09-04T06:40:09.097Z,0.0,0.0,989
405,Corts Valencianes 2A,Alfons MagnanimB,2023-09-04T06:40:09.097Z,38.986084,-0.534517,496
406,Corts Valencianes 2B,Reina,2023-09-04T06:40:09.097Z,38.987684,-0.53061,917
407,PalasietB,CV-645B,2023-09-04T06:40:09.097Z,38.985252,-0.537441,False
408,Alfons MagnanimB,Alfons MagnanimA,2023-09-04T06:40:09.097Z,38.987144,-0.535236,891
409,9 OctubreB,Argenteria,2023-09-04T06:40:09.097Z,38.987684,-0.53061,775
410,Abu Masaifa,Ausias MarchB,2023-09-04T06:40:09.097Z,38.987684,-0.53061,149
411,Ausias MarchA,Reina,2023-09-04T06:40:09.097Z,38.987684,-0.53061,300
412,Ausias MarchB,Baixada estacio 1,2023-09-04T06:40:09.097Z,38.991913,-0.524291,False
413,Beata InesB,Beata InesA,2023-09-04T06:40:09.097Z,0.0,0.0,688
414,Albereda 1,Albereda 2,2023-09-04T06:40:09.097Z,38.990122,-0.519633,False
415,Carme 2,Albereda 2,2023-09-04T06:40:09.097Z,38.990122,-0.519633,394
416,Maulets,Gregorio Molina,2023-09-04T06:40:09.097Z,38.992357,-0.519858,864
417,N-340B,CV-645A,2023-09-04T06:40:09.097Z,0.0,0.0,662
418,Republica Argentina,Academic Maravall,2023-09-04T06:40:09.097Z,38.99105,-0.519778,627
419,CV-645B,N-340A,2023-09-04T06:40:19.097Z,0.0,0.0,565
420,Corts Valencianes 1B,Alfons MagnanimB,2023-09-04T06:40:19.097Z,38.986084,-0.534517,False
421,Corts Valencianes 2B,Reina,2023-09-04T06:40:19.097Z,38.987684,-0.53061,edi
422,PalasietB,PalasietA,2023-09-04T06:40:19.097Z,38.985252,-0.537441,901
423,Alfons MagnanimA,Corts Valencianes 2B,2023-09-04T06:40:19.097Z,38.986084,-0.534517,891
424,Alfons MagnanimB,Alfons MagnanimA,2023-09-04T06:40:19.097Z,38.987144,-0.535236,446
425,Aben FerriA,Corts Valencianes 2B,2023-09-04T06:40:19.097Z,38.986084,-0.534517,917
426,Abu Masaifa,Beata InesB,2023-09-04T06:40:19.097Z,38.987684,-0.53061,972
427,Ausias MarchA,Reina,2023-09-04T06:40:19.097Z,38.987684,-0.53061,250
428,Ausias MarchB,Ximen ToviaB,2023-09-04T06:40:19.097Z,38.991913,-0.524291,False
429,Ximen ToviaB,Ximen ToviaA,2023-09-04T06:40:19.097Z,38.992357,-0.519858,784
430,Baixada estacio 1,Abu Masaifa,2023-09-04T06:40:19.097Z,38.991213,-0.523787,998
431,Gregorio Molina,Abu Masaifa,2023-09-04T06:40:19.097Z,38.991213,-0.523787,936
432,Albereda 1,Albereda 2,2023-09-04T06:40:19.097Z,38.990122,-0.519633,684
433,Carme 2,Albereda 2,2023-09-04T06:40:19.097Z,38.990122,-0.519633,656
434,Academic Maravall,Maulets,2023-09-04T06:40:19.097Z,38.991249,-0.518678,False
435,N-340B,N-340A,2023-09-04T06:40:19.097Z,0.0,0.0,380
436,Corts Valencianes 1B,Corts Valencianes 1A,2023-09-04T06:40:29.097Z,38.986084,-0.534517,317
437,Corts Valencianes 2A,Corts Valencianes 2B,2023-09-04T06:40:29.097Z,38.986084,-0.534517,916
438,Corts Valencianes 2B,Ausias MarchB,2023-09-04T06:40:29.097Z,38.987684,-0.53061,676
439,PalasietB,CV-645B,2023-09-04T06:40:29.097Z,38.985252,-0.537441,False
440,Alfons MagnanimB,9 OctubreB,2023-09-04T06:40:29.097Z,38.987144,-0.535236,False
441,Argenteria,Aben FerriA,2023-09-04T06:40:29.097Z,38.985489,-0.534157,778
442,Abu Masaifa,Ausias MarchB,2023-09-04T06:40:29.097Z,38.987684,-0.53061,600
443,Gregorio Molina,Abu Masaifa,2023-09-04T06:40:29.097Z,38.991213,-0.523787,464
444,Maulets,N-340B,2023-09-04T06:40:29.097Z,38.992357,-0.519858,313
445,N-340A,Ximen ToviaA,2023-09-04T06:40:29.097Z,38.992357,-0.519858,808
446,Republica Argentina,Carme 2,2023-09-04T06:40:29.097Z,38.99105,-0.519778,996
447,Corts Valencianes 1A,CV-645B,2023-09-04T06:40:39.097Z,38.985252,-0.537441,317
448,Corts Valencianes 1B,Aben FerriB,2023-09-04T06:40:39.097Z,38.986084,-0.534517,False
449,Corts Valencianes 2A,Alfons MagnanimB,2023-09-04T06:40:39.097Z,38.986084,-0.534517,997
450,Corts Valencianes 2B,Ausias MarchB,2023-09-04T06:40:39.097Z,38.987684,-0.53061,020
451,PalasietA,Aben FerriA,2023-09-04T06:40:39.097Z,38.985489,-0.534157,054
452,PalasietB,CV-645B,2023-09-04T06:40:39.097Z,38.985252,-0.537441,975
453,Argenteria,PalasietB,2023-09-04T06:40:39.097Z,38.985489,-0.534157,027
454,9 OctubreA,9 OctubreB,2023-09-04T06:40:39.097Z,38.987144,-0.535236,880
455,Abu Masaifa,9 OctubreA,2023-09-04T06:40:39.097Z,38.987684,-0.53061,969
456,Ausias MarchA,Argenteria,2023-09-04T06:40:39.097Z,38.987684,-0.53061,324
457,Ausias MarchB,Ausias MarchA,2023-09-04T06:40:39.097Z,38.991913,-0.524291,879
458,Beata InesA,Ausias MarchB,2023-09-04T06:40:39.097Z,38.987684,-0.53061,False
459,Reina,Albereda 1,2023-09-04T06:40:39.097Z,38.989955,-0.523503,034
460,Ximen ToviaB,N-340B,2023-09-04T06:40:39.097Z,38.992357,-0.519858,595
461,Academic Maravall,Maulets,2023-09-04T06:40:39.097Z,38.991249,-0.518678,627
462,Maulets,N-340B,2023-09-04T06:40:39.097Z,38.992357,-0.519858,274
463,N-340A,Carme 1,2023-09-04T06:40:39.097Z,38.992357,-0.519858,False
464,N-340B,N-340A,2023-09-04T06:40:39.097Z,0.0,0.0,896
465,CV-645A,PalasietA,2023-09-04T06:40:49.097Z,38.985252,-0.537441,644
466,CV-645B,CV-645A,2023-09-04T06:40:49.097Z,0.0,0.0,860
467,Corts Valencianes 1B,Alfons MagnanimB,2023-09-04T06:40:49.097Z,38.986084,-0.534517,002
468,Corts Valencianes 2A,Alfons MagnanimB,2023-09-04T06:40:49.097Z,38.986084,-0.534517,271
469,Corts Valencianes 2B,Ausias MarchB,2023-09-04T06:40:49.097Z,38.987684,-0.53061,False
470,Alfons MagnanimB,9 OctubreB,2023-09-04T06:40:49.097Z,38.987144,-0.535236,917
471,Aben FerriA,Alfons MagnanimB,2023-09-04T06:40:49.097Z,38.986084,-0.534517,779
472,Argenteria,PalasietB,2023-09-04T06:40:49.097Z,38.985489,-0.534157,334
473,9 OctubreA,9 OctubreB,2023-09-04T06:40:49.097Z,38.987144,-0.535236,683
474,9 OctubreB,Argenteria,2023-09-04T06:40:49.097Z,38.987684,-0.53061,False
475,Ausias MarchB,Baixada estacio 1,2023-09-04T06:40:49.097Z,38.991913,-0.524291,False
476,Beata InesA,Corts Valencianes 2A,2023-09-04T06:40:49.097Z,38.987684,-0.53061,718
477,Ximen ToviaB,Ximen ToviaA,2023-09-04T06:40:49.097Z,38.992357,-0.519858,733
478,Baixada estacio 1,Abu Masaifa,2023-09-04T06:40:49.097Z,38.991213,-0.523787,882
479,Carme 1,Carme 2,2023-09-04T06:40:49.097Z,38.99105,-0.519778,767
480,Carme 2,Albereda 2,2023-09-04T06:40:49.097Z,38.990122,-0.519633,556
481,Maulets,Carme 1,2023-09-04T06:40:49.097Z,38.992357,-0.519858,False
482,N-340A,Carme 1,2023-09-04T06:40:49.097Z,38.992357,-0.519858,False
483,CV-645A,Corts Valencianes 1B,2023-09-04T06:40:59.097Z,38.985252,-0.537441,687
484,CV-645B,Beata InesA,2023-09-04T06:40:59.097Z,0.0,0.0,924
485,PalasietB,CV-645B,2023-09-04T06:40:59.097Z,38.985252,-0.537441,803
486,Aben FerriB,PalasietB,2023-09-04T06:40:59.097Z,38.985489,-0.534157,347
487,Argenteria,Aben FerriA,2023-09-04T06:40:59.097Z,38.985489,-0.534157,927
488,9 OctubreA,Alfons MagnanimA,2023-09-04T06:40:59.097Z,38.987144,-0.535236,False
489,9 OctubreB,Ausias MarchB,2023-09-04T06:40:59.097Z,38.987684,-0.53061,880
490,Beata InesA,Reina,2023-09-04T06:40:59.097Z,38.987684,-0.53061,989
491,Beata InesB,CV-645A,2023-09-04T06:40:59.097Z,0.0,0.0,086
492,Reina,Albereda 1,2023-09-04T06:40:59.097Z,38.989955,-0.523503,166
493,Ximen ToviaA,Ximen ToviaB,2023-09-04T06:40:59.097Z,38.991913,-0.524291,837
494,Baixada estacio 1,Baixada estacio 2,2023-09-04T06:40:59.097Z,38.991213,-0.523787,344
495,Albereda 1,Albereda 2,2023-09-04T06:40:59.097Z,38.990122,-0.519633,False
496,Carme 1,Carme 2,2023-09-04T06:40:59.097Z,38.99105,-0.519778,False
497,Maulets,Ximen ToviaA,2023-09-04T06:40:59.097Z,38.992357,-0.519858,627
498,N-340A,Ximen ToviaA,2023-09-04T06:40:59.097Z,38.992357,-0.519858,679
499,CV-645A,PalasietA,2023-09-04T06:41:09.097Z,38.985252,-0.537441,584
500,Corts Valencianes 2A,Corts Valencianes 1A,2023-09-04T06:41:09.097Z,38.986084,-0.534517,710
501,Corts Valencianes 2B,Corts Valencianes 2A,2023-09-04T06:41:09.097Z,38.987684,-0.53061,False
502,PalasietA,PalasietB,2023-09-04T06:41:09.097Z,38.985489,-0.534157,212
503,PalasietB,Corts Valencianes 1B,2023-09-04T06:41:09.097Z,38.985252,-0.537441,625
504,Alfons MagnanimA,Corts Valencianes 2B,2023-09-04T06:41:09.097Z,38.986084,-0.534517,False
505,Alfons MagnanimB,9 OctubreB,2023-09-04T06:41:09.097Z,38.987144,-0.535236,273
506,Aben FerriA,Alfons MagnanimB,2023-09-04T06:41:09.097Z,38.986084,-0.534517,927
507,Aben FerriB,Aben FerriA,2023-09-04T06:41:09.097Z,38.985489,-0.534157,063
508,Argenteria,Aben FerriA,2023-09-04T06:41:09.097Z,38.985489,-0.534157,924
509,Beata InesA,9 OctubreA,2023-09-04T06:41:09.097Z,38.987684,-0.53061,999
510,Beata InesB,N-340A,2023-09-04T06:41:09.097Z,0.0,0.0,952
511,Reina,Republica Argentina,2023-09-04T06:41:09.097Z,38.989955,-0.523503,099
512,Baixada estacio 2,Republica Argentina,2023-09-04T06:41:09.097Z,38.989955,-0.523503,False
513,Albereda 1,Albereda 2,2023-09-04T06:41:09.097Z,38.990122,-0.519633,486
514,Carme 1,Carme 2,2023-09-04T06:41:09.097Z,38.99105,-0.519778,False
515,Carme 2,Albereda 2,2023-09-04T06:41:09.097Z,38.990122,-0.519633,747
516,CV-645A,Corts Valencianes 1B,2023-09-04T06:41:19.097Z,38.985252,-0.537441,169
517,CV-645B,Beata InesA,2023-09-04T06:41:19.097Z,0.0,0.0,629
518,Corts Valencianes 1A,Corts Valencianes 1B,2023-09-04T06:41:19.097Z,38.985252,-0.537441,738
519,Corts Valencianes 1B,Corts Valencianes 2B,2023-09-04T06:41:19.097Z,38.986084,-0.534517,699
520,Corts Valencianes 2A,Alfons MagnanimB,2023-09-04T06:41:19.097Z,38.986084,-0.534517,False
521,PalasietB,CV-645B,2023-09-04T06:41:19.097Z,38.985252,-0.537441,767
522,Alfons MagnanimB,9 OctubreB,2023-09-04T06:41:19.097Z,38.987144,-0.535236,778
523,Aben FerriA,Corts Valencianes 1A,2023-09-04T06:41:19.097Z,38.986084,-0.534517,063
524,Argenteria,PalasietB,2023-09-04T06:41:19.097Z,38.985489,-0.534157,False
525,9 OctubreB,Beata InesB,2023-09-04T06:41:19.097Z,38.987684,-0.53061,997
526,Beata InesA,Argenteria,2023-09-04T06:41:19.097Z,38.987684,-0.53061,924
527,Reina,Albereda 1,2023-09-04T06:41:19.097Z,38.989955,-0.523503,917
528,Ximen ToviaA,Baixada estacio 1,2023-09-04T06:41:19.097Z,38.991913,-0.524291,786
529,Carme 1,Academic Maravall,2023-09-04T06:41:19.097Z,38.99105,-0.519778,False
530,Carme 2,Albereda 2,2023-09-04T06:41:19.097Z,38.990122,-0.519633,False
531,N-340A,Gregorio Molina,2023-09-04T06:41:19.097Z,38.992357,-0.519858,895
532,Republica Argentina,Carme 2,2023-09-04T06:41:19.097Z,38.99105,-0.519778,869
533,CV-645A,Corts Valencianes 1B,2023-09-04T06:41:29.097Z,38.985252,-0.537441,969
534,Corts Valencianes 1A,CV-645B,2023-09-04T06:41:29.097Z,38.985252,-0.537441,063
535,Corts Valencianes 1B,Alfons MagnanimB,2023-09-04T06:41:29.097Z,38.986084,-0.534517,826
536,Corts Valencianes 2A,Corts Valencianes 2B,2023-09-04T06:41:29.097Z,38.986084,-0.534517,900
537,PalasietB,CV-645B,2023-09-04T06:41:29.097Z,38.985252,-0.537441,679
538,9 OctubreB,Reina,2023-09-04T06:41:29.097Z,38.987684,-0.53061,863
539,Abu Masaifa,Corts Valencianes 2A,2023-09-04T06:41:29.097Z,38.987684,-0.53061,732
540,Ausias MarchA,Beata InesB,2023-09-04T06:41:29.097Z,38.987684,-0.53061,979
541,Ausias MarchB,Ximen ToviaB,2023-09-04T06:41:29.097Z,38.991913,-0.524291,600
542,Ximen ToviaA,Ausias MarchA,2023-09-04T06:41:29.097Z,38.991913,-0.524291,False
543,Baixada estacio 1,Baixada estacio 2,2023-09-04T06:41:29.097Z,38.991213,-0.523787,768
544,N-340A,Ximen ToviaA,2023-09-04T06:41:29.097Z,38.992357,-0.519858,380
545,CV-645A,PalasietA,2023-09-04T06:41:39.097Z,38.985252,-0.537441,086
546,Corts Valencianes 1B,Corts Valencianes 2B,2023-09-04T06:41:39.097Z,38.986084,-0.534517,553
547,Corts Valencianes 2A,Aben FerriB,2023-09-04T06:41:39.097Z,38.986084,-0.534517,732
548,Corts Valencianes 2B,Ausias MarchB,2023-09-04T06:41:39.097Z,38.987684,-0.53061,891
549,PalasietB,CV-645B,2023-09-04T06:41:39.097Z,38.985252,-0.537441,False
550,Alfons MagnanimB,9 OctubreB,2023-09-04T06:41:39.097Z,38.987144,-0.535236,False
551,Aben FerriA,Corts Valencianes 2B,2023-09-04T06:41:39.097Z,38.986084,-0.534517,False
552,Argenteria,PalasietB,2023-09-04T06:41:39.097Z,38.985489,-0.534157,354
553,9 OctubreB,Reina,2023-09-04T06:41:39.097Z,38.987684,-0.53061,719
554,Abu Masaifa,Beata InesB,2023-09-04T06:41:39.097Z,38.987684,-0.53061,False
555,Ximen ToviaA,Ausias MarchA,2023-09-04T06:41:39.097Z,38.991913,-0.524291,233
556,Ximen ToviaB,Gregorio Molina,2023-09-04T06:41:39.097Z,38.992357,-0.519858,857
557,Gregorio Molina,Abu Masaifa,2023-09-04T06:41:39.097Z,38.991213,-0.523787,895
558,Albereda 1,Albereda 2,2023-09-04T06:41:39.097Z,38.990122,-0.519633,797
559,Carme 2,Albereda 2,2023-09-04T06:41:39.097Z,38.990122,-0.519633,859
560,N-340A,Ximen ToviaA,2023-09-04T06:41:39.097Z,38.992357,-0.519858,983
561,N-340B,N-340A,2023-09-04T06:41:39.097Z,0.0,0.0,676
562,Republica Argentina,Academic Maravall,2023-09-04T06:41:39.097Z,38.99105,-0.519778,991
563,CV-645B,CV-645A,2023-09-04T06:41:49.097Z,0.0,0.0,948
564,Corts Valencianes 2B,Argenteria,2023-09-04T06:41:49.097Z,38.987684,-0.53061,917
565,PalasietA,Aben FerriA,2023-09-04T06:41:49.097Z,38.985489,-0.534157,086
566,PalasietB,Corts Valencianes 1B,2023-09-04T06:41:49.097Z,38.985252,-0.537441,384
567,Alfons MagnanimB,Alfons MagnanimA,2023-09-04T06:41:49.097Z,38.987144,-0.535236,False
568,Aben FerriB,Aben FerriA,2023-09-04T06:41:49.097Z,38.985489,-0.534157,732
569,Argenteria,PalasietB,2023-09-04T06:41:49.097Z,38.985489,-0.534157,False
570,9 OctubreA,9 OctubreB,2023-09-04T06:41:49.097Z,38.987144,-0.535236,994
571,9 OctubreB,Reina,2023-09-04T06:41:49.097Z,38.987684,-0.53061,779
572,Ausias MarchA,Ausias MarchB,2023-09-04T06:41:49.097Z,38.987684,-0.53061,606
573,Ausias MarchB,Ximen ToviaB,2023-09-04T06:41:49.097Z,38.991913,-0.524291,020
574,Ximen ToviaA,Baixada estacio 1,2023-09-04T06:41:49.097Z,38.991913,-0.524291,271
575,Academic Maravall,Maulets,2023-09-04T06:41:49.097Z,38.991249,-0.518678,False
576,N-340A,Gregorio Molina,2023-09-04T06:41:49.097Z,38.992357,-0.519858,952
577,N-340B,N-340A,2023-09-04T06:41:49.097Z,0.0,0.0,780
578,Republica Argentina,Academic Maravall,2023-09-04T06:41:49.097Z,38.99105,-0.519778,677
579,Corts Valencianes 1B,Corts Valencianes 2B,2023-09-04T06:41:59.097Z,38.986084,-0.534517,662
580,Alfons MagnanimA,Aben FerriB,2023-09-04T06:41:59.097Z,38.986084,-0.534517,625
581,Aben FerriA,Corts Valencianes 2B,2023-09-04T06:41:59.097Z,38.986084,-0.534517,086
582,Argenteria,PalasietB,2023-09-04T06:41:59.097Z,38.985489,-0.534157,932
583,9 OctubreB,9 OctubreA,2023-09-04T06:41:59.097Z,38.987684,-0.53061,669
584,Abu Masaifa,Argenteria,2023-09-04T06:41:59.097Z,38.987684,-0.53061,003
585,Ausias MarchA,9 OctubreA,2023-09-04T06:41:59.097Z,38.987684,-0.53061,211
586,Ausias MarchB,Baixada estacio 1,2023-09-04T06:41:59.097Z,38.991913,-0.524291,120
587,Ximen ToviaA,Baixada estacio 1,2023-09-04T06:41:59.097Z,38.991913,-0.524291,819
588,Baixada estacio 2,Republica Argentina,2023-09-04T06:41:59.097Z,38.989955,-0.523503,784
589,Maulets,Ximen ToviaA,2023-09-04T06:41:59.097Z,38.992357,-0.519858,False
590,N-340A,Gregorio Molina,2023-09-04T06:41:59.097Z,38.992357,-0.519858,122
591,N-340B,N-340A,2023-09-04T06:41:59.097Z,0.0,0.0,False
592,CV-645A,PalasietA,2023-09-04T06:42:09.097Z,38.985252,-0.537441,948
593,Corts Valencianes 1B,Alfons MagnanimB,2023-09-04T06:42:09.097Z,38.986084,-0.534517,710
594,Corts Valencianes 2B,9 OctubreA,2023-09-04T06:42:09.097Z,38.987684,-0.53061,437
595,PalasietB,CV-645B,2023-09-04T06:42:09.097Z,38.985252,-0.537441,347
596,Aben FerriA,Corts Valencianes 2B,2023-09-04T06:42:09.097Z,38.986084,-0.534517,732
597,Argenteria,PalasietB,2023-09-04T06:42:09.097Z,38.985489,-0.534157,False
598,9 OctubreA,9 OctubreB,2023-09-04T06:42:09.097Z,38.987144,-0.535236,727
599,9 OctubreB,Reina,2023-09-04T06:42:09.097Z,38.987684,-0.53061,False
600,Abu Masaifa,9 OctubreA,2023-09-04T06:42:09.097Z,38.987684,-0.53061,False
601,Ausias MarchB,Ximen ToviaB,2023-09-04T06:42:09.097Z,38.991913,-0.524291,False
602,Ximen ToviaA,Ausias MarchA,2023-09-04T06:42:09.097Z,38.991913,-0.524291,380
603,Baixada estacio 1,Abu Masaifa,2023-09-04T06:42:09.097Z,38.991213,-0.523787,867
604,Academic Maravall,Maulets,2023-09-04T06:42:09.097Z,38.991249,-0.518678,991
605,N-340B,N-340A,2023-09-04T06:42:09.097Z,0.0,0.0,057
606,CV-645B,Beata InesA,2023-09-04T06:42:19.097Z,0.0,0.0,077
607,Corts Valencianes 1B,Alfons MagnanimB,2023-09-04T06:42:19.097Z,38.986084,-0.534517,660
608,Corts Valencianes 2B,Reina,2023-09-04T06:42:19.097Z,38.987684,-0.53061,False
609,PalasietA,PalasietB,2023-09-04T06:42:19.097Z,38.985489,-0.534157,879
610,Alfons MagnanimB,Alfons MagnanimA,2023-09-04T06:42:19.097Z,38.987144,-0.535236,796
611,9 OctubreA,Alfons MagnanimA,2023-09-04T06:42:19.097Z,38.987144,-0.535236,669
612,Abu Masaifa,Corts Valencianes 2A,2023-09-04T06:42:19.097Z,38.987684,-0.53061,349
613,Ausias MarchB,Baixada estacio 1,2023-09-04T06:42:19.097Z,38.991913,-0.524291,880
614,Beata InesA,Reina,2023-09-04T06:42:19.097Z,38.987684,-0.53061,629
615,Beata InesB,N-340A,2023-09-04T06:42:19.097Z,0.0,0.0,118
616,Ximen ToviaA,Baixada estacio 1,2023-09-04T06:42:19.097Z,38.991913,-0.524291,896
617,Baixada estacio 1,Abu Masaifa,2023-09-04T06:42:19.097Z,38.991213,-0.523787,769
618,Gregorio Molina,Abu Masaifa,2023-09-04T06:42:19.097Z,38.991213,-0.523787,837
619,Maulets,N-340B,2023-09-04T06:42:19.097Z,38.992357,-0.519858,991
620,Republica Argentina,Academic Maravall,2023-09-04T06:42:19.097Z,38.99105,-0.519778,786
621,CV-645B,Beata InesA,2023-09-04T06:42:29.097Z,0.0,0.0,878
622,Corts Valencianes 2B,Argenteria,2023-09-04T06:42:29.097Z,38.987684,-0.53061,687
623,PalasietB,CV-645B,2023-09-04T06:42:29.097Z,38.985252,-0.537441,522
624,Alfons MagnanimA,Corts Valencianes 2B,2023-09-04T06:42:29.097Z,38.986084,-0.534517,710
625,Argenteria,Aben FerriA,2023-09-04T06:42:29.097Z,38.985489,-0.534157,619
626,9 OctubreA,9 OctubreB,2023-09-04T06:42:29.097Z,38.987144,-0.535236,233
627,Abu Masaifa,Reina,2023-09-04T06:42:29.097Z,38.987684,-0.53061,966
628,Ausias MarchB,Ausias MarchA,2023-09-04T06:42:29.097Z,38.991913,-0.524291,893
629,Beata InesA,Corts Valencianes 2A,2023-09-04T06:42:29.097Z,38.987684,-0.53061,077
630,Reina,Albereda 1,2023-09-04T06:42:29.097Z,38.989955,-0.523503,207
631,Ximen ToviaA,Ausias MarchA,2023-09-04T06:42:29.097Z,38.991913,-0.524291,False
632,Baixada estacio 1,Baixada estacio 2,2023-09-04T06:42:29.097Z,38.991213,-0.523787,674
633,N-340B,Beata InesA,2023-09-04T06:42:29.097Z,0.0,0.0,886
634,CV-645B,CV-645A,2023-09-04T06:42:39.097Z,0.0,0.0,968
635,Corts Valencianes 1B,Corts Valencianes 2B,2023-09-04T06:42:39.097Z,38.986084,-0.534517,384
636,Corts Valencianes 2A,Alfons MagnanimB,2023-09-04T06:42:39.097Z,38.986084,-0.534517,349
637,Corts Valencianes 2B,9 OctubreA,2023-09-04T06:42:39.097Z,38.987684,-0.53061,900
638,PalasietB,CV-645B,2023-09-04T06:42:39.097Z,38.985252,-0.537441,597
639,Alfons MagnanimA,Corts Valencianes 2B,2023-09-04T06:42:39.097Z,38.986084,-0.534517,716
640,Aben FerriA,Corts Valencianes 1A,2023-09-04T06:42:39.097Z,38.986084,-0.534517,919
641,9 OctubreA,9 OctubreB,2023-09-04T06:42:39.097Z,38.987144,-0.535236,691
642,Beata InesA,Argenteria,2023-09-04T06:42:39.097Z,38.987684,-0.53061,883
643,Ximen ToviaB,N-340B,2023-09-04T06:42:39.097Z,38.992357,-0.519858,600
644,Baixada estacio 1,Baixada estacio 2,2023-09-04T06:42:39.097Z,38.991213,-0.523787,880
645,Baixada estacio 2,Republica Argentina,2023-09-04T06:42:39.097Z,38.989955,-0.523503,819
646,Gregorio Molina,Baixada estacio 2,2023-09-04T06:42:39.097Z,38.991213,-0.523787,122
647,CV-645A,PalasietA,2023-09-04T06:42:49.097Z,38.985252,-0.537441,166
648,CV-645B,Beata InesA,2023-09-04T06:42:49.097Z,0.0,0.0,698
649,Corts Valencianes 1A,Corts Valencianes 1B,2023-09-04T06:42:49.097Z,38.985252,-0.537441,919
650,Corts Valencianes 1B,Corts Valencianes 2B,2023-09-04T06:42:49.097Z,38.986084,-0.534517,094
651,Corts Valencianes 2A,Corts Valencianes 2B,2023-09-04T06:42:49.097Z,38.986084,-0.534517,017
652,PalasietA,Aben FerriA,2023-09-04T06:42:49.097Z,38.985489,-0.534157,948
653,Alfons MagnanimB,9 OctubreB,2023-09-04T06:42:49.097Z,38.987144,-0.535236,False
654,Argenteria,Aben FerriA,2023-09-04T06:42:49.097Z,38.985489,-0.534157,924
655,9 OctubreA,9 OctubreB,2023-09-04T06:42:49.097Z,38.987144,-0.535236,171
656,Abu Masaifa,9 OctubreA,2023-09-04T06:42:49.097Z,38.987684,-0.53061,669
657,Ausias MarchB,Ximen ToviaB,2023-09-04T06:42:49.097Z,38.991913,-0.524291,769
658,Beata InesA,Argenteria,2023-09-04T06:42:49.097Z,38.987684,-0.53061,686
659,Reina,Republica Argentina,2023-09-04T06:42:49.097Z,38.989955,-0.523503,False
660,Ximen ToviaB,Ximen ToviaA,2023-09-04T06:42:49.097Z,38.992357,-0.519858,020
661,Baixada estacio 1,Baixada estacio 2,2023-09-04T06:42:49.097Z,38.991213,-0.523787,850
662,CV-645B,Beata InesA,2023-09-04T06:42:59.097Z,0.0,0.0,938
663,Corts Valencianes 2B,Ausias MarchB,2023-09-04T06:42:59.097Z,38.987684,-0.53061,953
664,PalasietA,PalasietB,2023-09-04T06:42:59.097Z,38.985489,-0.534157,False
665,PalasietB,PalasietA,2023-09-04T06:42:59.097Z,38.985252,-0.537441,775
666,Argenteria,PalasietB,2023-09-04T06:42:59.097Z,38.985489,-0.534157,False
667,9 OctubreA,Alfons MagnanimA,2023-09-04T06:42:59.097Z,38.987144,-0.535236,749
668,Abu Masaifa,Argenteria,2023-09-04T06:42:59.097Z,38.987684,-0.53061,698
669,Ausias MarchA,Corts Valencianes 2A,2023-09-04T06:42:59.097Z,38.987684,-0.53061,380
670,Reina,Republica Argentina,2023-09-04T06:42:59.097Z,38.989955,-0.523503,250
671,Baixada estacio 2,Albereda 1,2023-09-04T06:42:59.097Z,38.989955,-0.523503,122
672,Albereda 1,Albereda 2,2023-09-04T06:42:59.097Z,38.990122,-0.519633,207
673,Academic Maravall,Maulets,2023-09-04T06:42:59.097Z,38.991249,-0.518678,286
674,Cosmografo,Maulets,2023-09-04T06:42:59.097Z,38.991249,-0.518678,702
675,N-340A,Carme 1,2023-09-04T06:42:59.097Z,38.992357,-0.519858,780
676,N-340B,CV-645A,2023-09-04T06:42:59.097Z,0.0,0.0,676
677,CV-645B,Beata InesA,2023-09-04T06:43:09.097Z,0.0,0.0,False
678,Corts Valencianes 1B,Alfons MagnanimB,2023-09-04T06:43:09.097Z,38.986084,-0.534517,618
679,PalasietB,CV-645B,2023-09-04T06:43:09.097Z,38.985252,-0.537441,932
680,Alfons MagnanimA,Aben FerriB,2023-09-04T06:43:09.097Z,38.986084,-0.534517,749
681,Aben FerriA,Corts Valencianes 2B,2023-09-04T06:43:09.097Z,38.986084,-0.534517,948
682,Aben FerriB,PalasietB,2023-09-04T06:43:09.097Z,38.985489,-0.534157,933
683,Argenteria,PalasietB,2023-09-04T06:43:09.097Z,38.985489,-0.534157,003
684,9 OctubreA,9 OctubreB,2023-09-04T06:43:09.097Z,38.987144,-0.535236,False
685,9 OctubreB,Reina,2023-09-04T06:43:09.097Z,38.987684,-0.53061,False
686,Abu Masaifa,Beata InesB,2023-09-04T06:43:09.097Z,38.987684,-0.53061,864
687,Ausias MarchA,9 OctubreA,2023-09-04T06:43:09.097Z,38.987684,-0.53061,853
688,Beata InesA,Ausias MarchB,2023-09-04T06:43:09.097Z,38.987684,-0.53061,698
689,Beata InesB,Beata InesA,2023-09-04T06:43:09.097Z,0.0,0.0,062
690,Reina,Albereda 1,2023-09-04T06:43:09.097Z,38.989955,-0.523503,659
691,Ximen ToviaB,N-340B,2023-09-04T06:43:09.097Z,38.992357,-0.519858,False
692,Albereda 1,Albereda 2,2023-09-04T06:43:09.097Z,38.990122,-0.519633,616
693,Maulets,N-340B,2023-09-04T06:43:09.097Z,38.992357,-0.519858,286
694,N-340A,Gregorio Molina,2023-09-04T06:43:09.097Z,38.992357,-0.519858,False
695,N-340B,N-340A,2023-09-04T06:43:09.097Z,0.0,0.0,921
696,Republica Argentina,Carme 2,2023-09-04T06:43:09.097Z,38.99105,-0.519778,679
697,CV-645A,Corts Valencianes 1B,2023-09-04T06:43:19.097Z,38.985252,-0.537441,164
698,CV-645B,Beata InesA,2023-09-04T06:43:19.097Z,0.0,0.0,026
699,Corts Valencianes 2A,Aben FerriB,2023-09-04T06:43:19.097Z,38.986084,-0.534517,380
700,Corts Valencianes 2B,Ausias MarchB,2023-09-04T06:43:19.097Z,38.987684,-0.53061,False
701,PalasietA,Aben FerriA,2023-09-04T06:43:19.097Z,38.985489,-0.534157,715
702,Alfons MagnanimB,9 OctubreB,2023-09-04T06:43:19.097Z,38.987144,-0.535236,619
703,Aben FerriA,Corts Valencianes 1A,2023-09-04T06:43:19.097Z,38.986084,-0.534517,924
704,9 OctubreA,Alfons MagnanimA,2023-09-04T06:43:19.097Z,38.987144,-0.535236,False
705,Abu Masaifa,Ausias MarchB,2023-09-04T06:43:19.097Z,38.987684,-0.53061,882
706,Ausias MarchA,9 OctubreA,2023-09-04T06:43:19.097Z,38.987684,-0.53061,False
707,Ausias MarchB,Ausias MarchA,2023-09-04T06:43:19.097Z,38.991913,-0.524291,953
708,Beata InesA,Ausias MarchB,2023-09-04T06:43:19.097Z,38.987684,-0.53061,938
709,Reina,Albereda 1,2023-09-04T06:43:19.097Z,38.989955,-0.523503,683
710,Gregorio Molina,Baixada estacio 2,2023-09-04T06:43:19.097Z,38.991213,-0.523787,997
711,Carme 1,Academic Maravall,2023-09-04T06:43:19.097Z,38.99105,-0.519778,780
712,Carme 2,Albereda 2,2023-09-04T06:43:19.097Z,38.990122,-0.519633,619
713,Maulets,Ximen ToviaA,2023-09-04T06:43:19.097Z,38.992357,-0.519858,702
714,N-340B,Beata InesA,2023-09-04T06:43:19.097Z,0.0,0.0,397
715,Republica Argentina,Academic Maravall,2023-09-04T06:43:19.097Z,38.99105,-0.519778,False
716,Corts Valencianes 1A,Corts Valencianes 1B,2023-09-04T06:43:29.097Z,38.985252,-0.537441,924
717,Corts Valencianes 1B,Corts Valencianes 2B,2023-09-04T06:43:29.097Z,38.986084,-0.534517,164
718,Corts Valencianes 2B,9 OctubreA,2023-09-04T06:43:29.097Z,38.987684,-0.53061,662
719,PalasietA,PalasietB,2023-09-04T06:43:29.097Z,38.985489,-0.534157,968
720,PalasietB,PalasietA,2023-09-04T06:43:29.097Z,38.985252,-0.537441,False
721,Aben FerriA,Corts Valencianes 1A,2023-09-04T06:43:29.097Z,38.986084,-0.534517,175
722,Aben FerriB,Aben FerriA,2023-09-04T06:43:29.097Z,38.985489,-0.534157,380
723,9 OctubreB,Ausias MarchB,2023-09-04T06:43:29.097Z,38.987684,-0.53061,221
724,Abu Masaifa,Corts Valencianes 2A,2023-09-04T06:43:29.097Z,38.987684,-0.53061,895
725,Ausias MarchB,Ximen ToviaB,2023-09-04T06:43:29.097Z,38.991913,-0.524291,False
726,Beata InesB,Beata InesA,2023-09-04T06:43:29.097Z,0.0,0.0,345
727,Reina,Albereda 1,2023-09-04T06:43:29.097Z,38.989955,-0.523503,273
728,Ximen ToviaA,Ausias MarchA,2023-09-04T06:43:29.097Z,38.991913,-0.524291,020
729,Baixada estacio 2,Albereda 1,2023-09-04T06:43:29.097Z,38.989955,-0.523503,997
730,Albereda 1,Albereda 2,2023-09-04T06:43:29.097Z,38.990122,-0.519633,122
731,Carme 2,Albereda 2,2023-09-04T06:43:29.097Z,38.990122,-0.519633,076
732,Republica Argentina,Academic Maravall,2023-09-04T06:43:29.097Z,38.99105,-0.519778,200
733,CV-645B,Beata InesA,2023-09-04T06:43:39.097Z,0.0,0.0,976
734,Corts Valencianes 1A,CV-645B,2023-09-04T06:43:39.097Z,38.985252,-0.537441,175
735,Corts Valencianes 1B,Alfons MagnanimB,2023-09-04T06:43:39.097Z,38.986084,-0.534517,924
736,Corts Valencianes 2B,Argenteria,2023-09-04T06:43:39.097Z,38.987684,-0.53061,086
737,PalasietA,Aben FerriA,2023-09-04T06:43:39.097Z,38.985489,-0.534157,False
738,Alfons MagnanimA,Aben FerriB,2023-09-04T06:43:39.097Z,38.986084,-0.534517,False
739,Aben FerriA,Corts Valencianes 1A,2023-09-04T06:43:39.097Z,38.986084,-0.534517,380
740,Argenteria,PalasietB,2023-09-04T06:43:39.097Z,38.985489,-0.534157,759
741,9 OctubreB,Ausias MarchB,2023-09-04T06:43:39.097Z,38.987684,-0.53061,211
742,Abu Masaifa,9 OctubreA,2023-09-04T06:43:39.097Z,38.987684,-0.53061,627
743,Beata InesA,9 OctubreA,2023-09-04T06:43:39.097Z,38.987684,-0.53061,False
744,Reina,Republica Argentina,2023-09-04T06:43:39.097Z,38.989955,-0.523503,718
745,Albereda 1,Albereda 2,2023-09-04T06:43:39.097Z,38.990122,-0.519633,599
746,Carme 1,Carme 2,2023-09-04T06:43:39.097Z,38.99105,-0.519778,389
747,Academic Maravall,Maulets,2023-09-04T06:43:39.097Z,38.991249,-0.518678,780
748,Corts Valencianes 1A,PalasietA,2023-09-04T06:43:49.097Z,38.985252,-0.537441,380
749,Corts Valencianes 2A,Aben FerriB,2023-09-04T06:43:49.097Z,38.986084,-0.534517,895
750,Corts Valencianes 2B,9 OctubreA,2023-09-04T06:43:49.097Z,38.987684,-0.53061,732
751,PalasietB,CV-645B,2023-09-04T06:43:49.097Z,38.985252,-0.537441,879
752,Aben FerriB,PalasietB,2023-09-04T06:43:49.097Z,38.985489,-0.534157,False
753,9 OctubreA,9 OctubreB,2023-09-04T06:43:49.097Z,38.987144,-0.535236,999
754,9 OctubreB,Corts Valencianes 2A,2023-09-04T06:43:49.097Z,38.987684,-0.53061,False
755,Abu Masaifa,Argenteria,2023-09-04T06:43:49.097Z,38.987684,-0.53061,120
756,Ausias MarchA,Ausias MarchB,2023-09-04T06:43:49.097Z,38.987684,-0.53061,633
757,Beata InesA,Ausias MarchB,2023-09-04T06:43:49.097Z,38.987684,-0.53061,922
758,Reina,Republica Argentina,2023-09-04T06:43:49.097Z,38.989955,-0.523503,False
759,Ximen ToviaB,Ximen ToviaA,2023-09-04T06:43:49.097Z,38.992357,-0.519858,False
760,Albereda 1,Albereda 2,2023-09-04T06:43:49.097Z,38.990122,-0.519633,683
761,Carme 2,Albereda 2,2023-09-04T06:43:49.097Z,38.990122,-0.519633,389
762,N-340A,Ximen ToviaA,2023-09-04T06:43:49.097Z,38.992357,-0.519858,057
763,N-340B,N-340A,2023-09-04T06:43:49.097Z,0.0,0.0,994
764,Corts Valencianes 2B,Reina,2023-09-04T06:43:59.097Z,38.987684,-0.53061,738
765,PalasietB,CV-645B,2023-09-04T06:43:59.097Z,38.985252,-0.537441,584
766,Aben FerriB,PalasietB,2023-09-04T06:43:59.097Z,38.985489,-0.534157,565
767,9 OctubreA,9 OctubreB,2023-09-04T06:43:59.097Z,38.987144,-0.535236,False
768,Beata InesA,9 OctubreA,2023-09-04T06:43:59.097Z,38.987684,-0.53061,649
769,Beata InesB,N-340A,2023-09-04T06:43:59.097Z,0.0,0.0,851
770,Reina,Albereda 1,2023-09-04T06:43:59.097Z,38.989955,-0.523503,False
771,Albereda 1,Albereda 2,2023-09-04T06:43:59.097Z,38.990122,-0.519633,273
772,Academic Maravall,Maulets,2023-09-04T06:43:59.097Z,38.991249,-0.518678,744
773,N-340A,Gregorio Molina,2023-09-04T06:43:59.097Z,38.992357,-0.519858,118
774,Corts Valencianes 2A,Corts Valencianes 1A,2023-09-04T06:44:09.097Z,38.986084,-0.534517,482
775,Corts Valencianes 2B,Reina,2023-09-04T06:44:09.097Z,38.987684,-0.53061,384
776,PalasietB,CV-645B,2023-09-04T06:44:09.097Z,38.985252,-0.537441,917
777,Argenteria,PalasietB,2023-09-04T06:44:09.097Z,38.985489,-0.534157,886
778,9 OctubreB,Reina,2023-09-04T06:44:09.097Z,38.987684,-0.53061,349
779,Abu Masaifa,Beata InesB,2023-09-04T06:44:09.097Z,38.987684,-0.53061,897
780,Ausias MarchA,Beata InesB,2023-09-04T06:44:09.097Z,38.987684,-0.53061,953
781,Ausias MarchB,Ausias MarchA,2023-09-04T06:44:09.097Z,38.991913,-0.524291,False
782,Beata InesA,Ausias MarchB,2023-09-04T06:44:09.097Z,38.987684,-0.53061,166
783,Reina,Republica Argentina,2023-09-04T06:44:09.097Z,38.989955,-0.523503,False
784,Ximen ToviaA,Ximen ToviaB,2023-09-04T06:44:09.097Z,38.991913,-0.524291,699
785,Albereda 1,Albereda 2,2023-09-04T06:44:09.097Z,38.990122,-0.519633,False
786,Albereda 2,N-340B,2023-09-04T06:44:09.097Z,38.990742,-0.513,918
787,N-340B,N-340A,2023-09-04T06:44:09.097Z,0.0,0.0,902
788,CV-645B,CV-645A,2023-09-04T06:44:19.097Z,0.0,0.0,False
789,Corts Valencianes 1A,CV-645B,2023-09-04T06:44:19.097Z,38.985252,-0.537441,482
790,Corts Valencianes 2B,Ausias MarchB,2023-09-04T06:44:19.097Z,38.987684,-0.53061,711
791,PalasietA,PalasietB,2023-09-04T06:44:19.097Z,38.985489,-0.534157,380
792,PalasietB,CV-645B,2023-09-04T06:44:19.097Z,38.985252,-0.537441,933
793,9 OctubreB,Argenteria,2023-09-04T06:44:19.097Z,38.987684,-0.53061,437
794,Beata InesA,9 OctubreA,2023-09-04T06:44:19.097Z,38.987684,-0.53061,979
795,Reina,Republica Argentina,2023-09-04T06:44:19.097Z,38.989955,-0.523503,383
796,Ximen ToviaA,Ausias MarchA,2023-09-04T06:44:19.097Z,38.991913,-0.524291,890
797,Gregorio Molina,Abu Masaifa,2023-09-04T06:44:19.097Z,38.991213,-0.523787,118
798,Albereda 2,N-340B,2023-09-04T06:44:19.097Z,38.990742,-0.513,049
799,Maulets,N-340B,2023-09-04T06:44:19.097Z,38.992357,-0.519858,False
800,N-340B,N-340A,2023-09-04T06:44:19.097Z,0.0,0.0,082
801,Republica Argentina,Academic Maravall,2023-09-04T06:44:19.097Z,38.99105,-0.519778,779
802,CV-645B,CV-645A,2023-09-04T06:44:29.097Z,0.0,0.0,955
803,Corts Valencianes 2A,Corts Valencianes 2B,2023-09-04T06:44:29.097Z,38.986084,-0.534517,672
804,Corts Valencianes 2B,Reina,2023-09-04T06:44:29.097Z,38.987684,-0.53061,094
805,PalasietA,PalasietB,2023-09-04T06:44:29.097Z,38.985489,-0.534157,False
806,PalasietB,PalasietA,2023-09-04T06:44:29.097Z,38.985252,-0.537441,003
807,Alfons MagnanimB,Alfons MagnanimA,2023-09-04T06:44:29.097Z,38.987144,-0.535236,924
808,Argenteria,Aben FerriA,2023-09-04T06:44:29.097Z,38.985489,-0.534157,996
809,9 OctubreB,Reina,2023-09-04T06:44:29.097Z,38.987684,-0.53061,False
810,Ausias MarchB,Ximen ToviaB,2023-09-04T06:44:29.097Z,38.991913,-0.524291,882
811,Reina,Albereda 1,2023-09-04T06:44:29.097Z,38.989955,-0.523503,994
812,Ximen ToviaA,Baixada estacio 1,2023-09-04T06:44:29.097Z,38.991913,-0.524291,097
813,Albereda 1,Albereda 2,2023-09-04T06:44:29.097Z,38.990122,-0.519633,159
814,Albereda 2,N-340B,2023-09-04T06:44:29.097Z,38.990742,-0.513,994
815,Academic Maravall,Maulets,2023-09-04T06:44:29.097Z,38.991249,-0.518678,779
816,N-340A,Ximen ToviaA,2023-09-04T06:44:29.097Z,38.992357,-0.519858,971
817,N-340B,N-340A,2023-09-04T06:44:29.097Z,0.0,0.0,022
818,CV-645A,PalasietA,2023-09-04T06:44:39.097Z,38.985252,-0.537441,False
819,Corts Valencianes 2B,Argenteria,2023-09-04T06:44:39.097Z,38.987684,-0.53061,077
820,Alfons MagnanimA,Corts Valencianes 2B,2023-09-04T06:44:39.097Z,38.986084,-0.534517,924
821,Aben FerriA,Corts Valencianes 2B,2023-09-04T06:44:39.097Z,38.986084,-0.534517,936
822,Aben FerriB,Aben FerriA,2023-09-04T06:44:39.097Z,38.985489,-0.534157,239
823,Beata InesA,Reina,2023-09-04T06:44:39.097Z,38.987684,-0.53061,978
824,Ximen ToviaA,Ausias MarchA,2023-09-04T06:44:39.097Z,38.991913,-0.524291,140
825,Baixada estacio 1,Baixada estacio 2,2023-09-04T06:44:39.097Z,38.991213,-0.523787,057
826,Albereda 1,Albereda 2,2023-09-04T06:44:39.097Z,38.990122,-0.519633,False
827,Albereda 2,Cosmografo,2023-09-04T06:44:39.097Z,38.990742,-0.513,860
828,N-340A,Ximen ToviaA,2023-09-04T06:44:39.097Z,38.992357,-0.519858,717
829,N-340B,Beata InesA,2023-09-04T06:44:39.097Z,0.0,0.0,971
830,Republica Argentina,Academic Maravall,2023-09-04T06:44:39.097Z,38.99105,-0.519778,955
831,CV-645A,PalasietA,2023-09-04T06:44:49.097Z,38.985252,-0.537441,False
832,CV-645B,CV-645A,2023-09-04T06:44:49.097Z,0.0,0.0,197
833,Corts Valencianes 2B,Corts Valencianes 2A,2023-09-04T06:44:49.097Z,38.987684,-0.53061,948
834,PalasietA,Aben FerriA,2023-09-04T06:44:49.097Z,38.985489,-0.534157,007
835,PalasietB,CV-645B,2023-09-04T06:44:49.097Z,38.985252,-0.537441,166
836,Argenteria,PalasietB,2023-09-04T06:44:49.097Z,38.985489,-0.534157,086
837,9 OctubreB,Ausias MarchB,2023-09-04T06:44:49.097Z,38.987684,-0.53061,967
838,Reina,Republica Argentina,2023-09-04T06:44:49.097Z,38.989955,-0.523503,718
839,Albereda 2,N-340B,2023-09-04T06:44:49.097Z,38.990742,-0.513,709
840,Academic Maravall,Maulets,2023-09-04T06:44:49.097Z,38.991249,-0.518678,False
841,Maulets,N-340B,2023-09-04T06:44:49.097Z,38.992357,-0.519858,718
842,N-340A,Carme 1,2023-09-04T06:44:49.097Z,38.992357,-0.519858,851
843,N-340B,CV-645A,2023-09-04T06:44:49.097Z,0.0,0.0,508
844,CV-645B,CV-645A,2023-09-04T06:44:59.097Z,0.0,0.0,False
845,Corts Valencianes 2B,Reina,2023-09-04T06:44:59.097Z,38.987684,-0.53061,764
846,PalasietB,CV-645B,2023-09-04T06:44:59.097Z,38.985252,-0.537441,759
847,Alfons MagnanimB,9 OctubreB,2023-09-04T06:44:59.097Z,38.987144,-0.535236,002
848,Aben FerriA,Corts Valencianes 2B,2023-09-04T06:44:59.097Z,38.986084,-0.534517,239
849,Argenteria,Aben FerriA,2023-09-04T06:44:59.097Z,38.985489,-0.534157,769
850,9 OctubreA,9 OctubreB,2023-09-04T06:44:59.097Z,38.987144,-0.535236,429
851,9 OctubreB,Ausias MarchB,2023-09-04T06:44:59.097Z,38.987684,-0.53061,619
852,Reina,Albereda 1,2023-09-04T06:44:59.097Z,38.989955,-0.523503,384
853,Ximen ToviaB,N-340B,2023-09-04T06:44:59.097Z,38.992357,-0.519858,699
854,Albereda 1,Albereda 2,2023-09-04T06:44:59.097Z,38.990122,-0.519633,969
855,Academic Maravall,Maulets,2023-09-04T06:44:59.097Z,38.991249,-0.518678,823
856,Maulets,Carme 1,2023-09-04T06:44:59.097Z,38.992357,-0.519858,False
857,N-340A,Ximen ToviaA,2023-09-04T06:44:59.097Z,38.992357,-0.519858,False
858,Corts Valencianes 2A,Alfons MagnanimB,2023-09-04T06:45:09.097Z,38.986084,-0.534517,948
859,Corts Valencianes 2B,Argenteria,2023-09-04T06:45:09.097Z,38.987684,-0.53061,672
860,Aben FerriA,Corts Valencianes 2B,2023-09-04T06:45:09.097Z,38.986084,-0.534517,007
861,Argenteria,PalasietB,2023-09-04T06:45:09.097Z,38.985489,-0.534157,171
862,9 OctubreA,Alfons MagnanimA,2023-09-04T06:45:09.097Z,38.987144,-0.535236,627
863,Abu Masaifa,Reina,2023-09-04T06:45:09.097Z,38.987684,-0.53061,910
864,Ausias MarchA,Reina,2023-09-04T06:45:09.097Z,38.987684,-0.53061,False
865,Beata InesB,Beata InesA,2023-09-04T06:45:09.097Z,0.0,0.0,459
866,Ximen ToviaB,N-340B,2023-09-04T06:45:09.097Z,38.992357,-0.519858,699
867,Albereda 1,Albereda 2,2023-09-04T06:45:09.097Z,38.990122,-0.519633,773
868,Albereda 2,Cosmografo,2023-09-04T06:45:09.097Z,38.990742,-0.513,465
869,Maulets,Ximen ToviaA,2023-09-04T06:45:09.097Z,38.992357,-0.519858,823
870,N-340A,Carme 1,2023-09-04T06:45:09.097Z,38.992357,-0.519858,082
871,Corts Valencianes 2B,Corts Valencianes 2A,2023-09-04T06:45:19.097Z,38.987684,-0.53061,135
872,PalasietA,PalasietB,2023-09-04T06:45:19.097Z,38.985489,-0.534157,False
873,PalasietB,PalasietA,2023-09-04T06:45:19.097Z,38.985252,-0.537441,895
874,Alfons MagnanimA,Aben FerriB,2023-09-04T06:45:19.097Z,38.986084,-0.534517,False
875,Alfons MagnanimB,Alfons MagnanimA,2023-09-04T06:45:19.097Z,38.987144,-0.535236,948
876,Aben FerriA,Alfons MagnanimB,2023-09-04T06:45:19.097Z,38.986084,-0.534517,False
877,Aben FerriB,PalasietB,2023-09-04T06:45:19.097Z,38.985489,-0.534157,False
878,9 OctubreA,9 OctubreB,2023-09-04T06:45:19.097Z,38.987144,-0.535236,XXX
879,Ausias MarchB,Ausias MarchA,2023-09-04T06:45:19.097Z,38.991913,-0.524291,038
880,Beata InesA,Corts Valencianes 2A,2023-09-04T06:45:19.097Z,38.987684,-0.53061,False
881,Beata InesB,Beata InesA,2023-09-04T06:45:19.097Z,0.0,0.0,035
882,Ximen ToviaA,Ximen ToviaB,2023-09-04T06:45:19.097Z,38.991913,-0.524291,921
883,Albereda 2,N-340B,2023-09-04T06:45:19.097Z,38.990742,-0.513,359
884,Carme 1,Academic Maravall,2023-09-04T06:45:19.097Z,38.99105,-0.519778,False
885,Academic Maravall,Maulets,2023-09-04T06:45:19.097Z,38.991249,-0.518678,200
886,Republica Argentina,Carme 2,2023-09-04T06:45:19.097Z,38.99105,-0.519778,383
887,CV-645A,PalasietA,2023-09-04T06:45:29.097Z,38.985252,-0.537441,474
888,Corts Valencianes 1B,Alfons MagnanimB,2023-09-04T06:45:29.097Z,38.986084,-0.534517,False
889,Alfons MagnanimB,9 OctubreB,2023-09-04T06:45:29.097Z,38.987144,-0.535236,120
890,Argenteria,PalasietB,2023-09-04T06:45:29.097Z,38.985489,-0.534157,672
891,9 OctubreA,9 OctubreB,2023-09-04T06:45:29.097Z,38.987144,-0.535236,732
892,Ausias MarchA,9 OctubreA,2023-09-04T06:45:29.097Z,38.987684,-0.53061,False
893,Ausias MarchB,Baixada estacio 1,2023-09-04T06:45:29.097Z,38.991913,-0.524291,221
894,Albereda 2,N-340B,2023-09-04T06:45:29.097Z,38.990742,-0.513,400
895,Carme 1,Carme 2,2023-09-04T06:45:29.097Z,38.99105,-0.519778,False
896,Carme 2,Albereda 2,2023-09-04T06:45:29.097Z,38.990122,-0.519633,304
897,Academic Maravall,Maulets,2023-09-04T06:45:29.097Z,38.991249,-0.518678,False
898,N-340B,Beata InesA,2023-09-04T06:45:29.097Z,0.0,0.0,234
899,Republica Argentina,Carme 2,2023-09-04T06:45:29.097Z,38.99105,-0.519778,798
900,CV-645A,PalasietA,2023-09-04T06:45:39.097Z,38.985252,-0.537441,508
901,Corts Valencianes 1B,Corts Valencianes 2B,2023-09-04T06:45:39.097Z,38.986084,-0.534517,745
902,Corts Valencianes 2B,Argenteria,2023-09-04T06:45:39.097Z,38.987684,-0.53061,924
903,PalasietA,Aben FerriA,2023-09-04T06:45:39.097Z,38.985489,-0.534157,565
904,PalasietB,Corts Valencianes 1B,2023-09-04T06:45:39.097Z,38.985252,-0.537441,886
905,Alfons MagnanimB,9 OctubreB,2023-09-04T06:45:39.097Z,38.987144,-0.535236,False
906,Aben FerriB,PalasietB,2023-09-04T06:45:39.097Z,38.985489,-0.534157,627
907,9 OctubreA,Alfons MagnanimA,2023-09-04T06:45:39.097Z,38.987144,-0.535236,026
908,9 OctubreB,Beata InesB,2023-09-04T06:45:39.097Z,38.987684,-0.53061,002
909,Ausias MarchB,Baixada estacio 1,2023-09-04T06:45:39.097Z,38.991913,-0.524291,233
910,Reina,Albereda 1,2023-09-04T06:45:39.097Z,38.989955,-0.523503,349
911,Baixada estacio 1,Abu Masaifa,2023-09-04T06:45:39.097Z,38.991213,-0.523787,221
912,Albereda 1,Albereda 2,2023-09-04T06:45:39.097Z,38.990122,-0.519633,334
913,Albereda 2,N-340B,2023-09-04T06:45:39.097Z,38.990742,-0.513,018
914,Carme 1,Carme 2,2023-09-04T06:45:39.097Z,38.99105,-0.519778,082
915,Carme 2,Albereda 2,2023-09-04T06:45:39.097Z,38.990122,-0.519633,False
916,Cosmografo,Maulets,2023-09-04T06:45:39.097Z,38.991249,-0.518678,465
917,Maulets,N-340B,2023-09-04T06:45:39.097Z,38.992357,-0.519858,200
918,N-340B,N-340A,2023-09-04T06:45:39.097Z,0.0,0.0,691
919,CV-645A,PalasietA,2023-09-04T06:45:49.097Z,38.985252,-0.537441,False
920,CV-645B,CV-645A,2023-09-04T06:45:49.097Z,0.0,0.0,463
921,Corts Valencianes 1B,Alfons MagnanimB,2023-09-04T06:45:49.097Z,38.986084,-0.534517,686
922,Corts Valencianes 2A,Alfons MagnanimB,2023-09-04T06:45:49.097Z,38.986084,-0.534517,135
923,Corts Valencianes 2B,Corts Valencianes 2A,2023-09-04T06:45:49.097Z,38.987684,-0.53061,996
924,PalasietB,Corts Valencianes 1B,2023-09-04T06:45:49.097Z,38.985252,-0.537441,380
925,Aben FerriA,Corts Valencianes 2B,2023-09-04T06:45:49.097Z,38.986084,-0.534517,565
926,9 OctubreB,Beata InesB,2023-09-04T06:45:49.097Z,38.987684,-0.53061,429
927,Reina,Albereda 1,2023-09-04T06:45:49.097Z,38.989955,-0.523503,411
928,Ximen ToviaA,Ximen ToviaB,2023-09-04T06:45:49.097Z,38.991913,-0.524291,823
929,Ximen ToviaB,Carme 1,2023-09-04T06:45:49.097Z,38.992357,-0.519858,921
930,Baixada estacio 1,Abu Masaifa,2023-09-04T06:45:49.097Z,38.991213,-0.523787,233
931,Albereda 2,N-340B,2023-09-04T06:45:49.097Z,38.990742,-0.513,601
932,Carme 2,Albereda 2,2023-09-04T06:45:49.097Z,38.990122,-0.519633,710
933,CV-645B,CV-645A,2023-09-04T06:45:59.097Z,0.0,0.0,False
934,Corts Valencianes 2A,Corts Valencianes 2B,2023-09-04T06:45:59.097Z,38.986084,-0.534517,False
935,Corts Valencianes 2B,Beata InesB,2023-09-04T06:45:59.097Z,38.987684,-0.53061,239
936,PalasietB,CV-645B,2023-09-04T06:45:59.097Z,38.985252,-0.537441,False
937,Alfons MagnanimB,9 OctubreB,2023-09-04T06:45:59.097Z,38.987144,-0.535236,686
938,9 OctubreB,Corts Valencianes 2A,2023-09-04T06:45:59.097Z,38.987684,-0.53061,XXX
939,Ausias MarchA,Argenteria,2023-09-04T06:45:59.097Z,38.987684,-0.53061,140
940,Ausias MarchB,Baixada estacio 1,2023-09-04T06:45:59.097Z,38.991913,-0.524291,693
941,Reina,Republica Argentina,2023-09-04T06:45:59.097Z,38.989955,-0.523503,094
942,Albereda 2,N-340B,2023-09-04T06:45:59.097Z,38.990742,-0.513,220
943,Carme 1,Academic Maravall,2023-09-04T06:45:59.097Z,38.99105,-0.519778,921
944,Maulets,Gregorio Molina,2023-09-04T06:45:59.097Z,38.992357,-0.519858,851
945,N-340B,N-340A,2023-09-04T06:45:59.097Z,0.0,0.0,391
946,CV-645B,CV-645A,2023-09-04T06:46:09.097Z,0.0,0.0,eXX
947,Corts Valencianes 2A,Aben FerriB,2023-09-04T06:46:09.097Z,38.986084,-0.534517,698
948,Corts Valencianes 2B,Corts Valencianes 2A,2023-09-04T06:46:09.097Z,38.987684,-0.53061,007
949,PalasietB,Corts Valencianes 1B,2023-09-04T06:46:09.097Z,38.985252,-0.537441,086
950,Alfons MagnanimA,Alfons MagnanimB,2023-09-04T06:46:09.097Z,38.986084,-0.534517,669
951,Argenteria,PalasietB,2023-09-04T06:46:09.097Z,38.985489,-0.534157,924
952,9 OctubreA,Alfons MagnanimA,2023-09-04T06:46:09.097Z,38.987144,-0.535236,979
953,9 OctubreB,Corts Valencianes 2A,2023-09-04T06:46:09.097Z,38.987684,-0.53061,328
954,Ausias MarchA,Beata InesB,2023-09-04T06:46:09.097Z,38.987684,-0.53061,False
955,Ausias MarchB,Ximen ToviaB,2023-09-04T06:46:09.097Z,38.991913,-0.524291,922
956,Beata InesB,Beata InesA,2023-09-04T06:46:09.097Z,0.0,0.0,503
957,Ximen ToviaA,Ausias MarchA,2023-09-04T06:46:09.097Z,38.991913,-0.524291,False
958,Ximen ToviaB,N-340B,2023-09-04T06:46:09.097Z,38.992357,-0.519858,823
959,Baixada estacio 1,Abu Masaifa,2023-09-04T06:46:09.097Z,38.991213,-0.523787,499
960,Albereda 1,Albereda 2,2023-09-04T06:46:09.097Z,38.990122,-0.519633,349
961,Albereda 2,Cosmografo,2023-09-04T06:46:09.097Z,38.990742,-0.513,944
962,Academic Maravall,Maulets,2023-09-04T06:46:09.097Z,38.991249,-0.518678,971
963,Maulets,Gregorio Molina,2023-09-04T06:46:09.097Z,38.992357,-0.519858,465
964,N-340B,N-340A,2023-09-04T06:46:09.097Z,0.0,0.0,480
965,Republica Argentina,Carme 2,2023-09-04T06:46:09.097Z,38.99105,-0.519778,094
966,Corts Valencianes 1B,Alfons MagnanimB,2023-09-04T06:46:19.097Z,38.986084,-0.534517,380
967,Corts Valencianes 2B,Argenteria,2023-09-04T06:46:19.097Z,38.987684,-0.53061,745
968,PalasietA,PalasietB,2023-09-04T06:46:19.097Z,38.985489,-0.534157,197
969,PalasietB,CV-645B,2023-09-04T06:46:19.097Z,38.985252,-0.537441,171
970,Alfons MagnanimB,9 OctubreB,2023-09-04T06:46:19.097Z,38.987144,-0.535236,135
971,Aben FerriB,PalasietB,2023-09-04T06:46:19.097Z,38.985489,-0.534157,936
972,9 OctubreA,9 OctubreB,2023-09-04T06:46:19.097Z,38.987144,-0.535236,200
973,9 OctubreB,Argenteria,2023-09-04T06:46:19.097Z,38.987684,-0.53061,732
974,Abu Masaifa,Argenteria,2023-09-04T06:46:19.097Z,38.987684,-0.53061,727
975,Ausias MarchA,Argenteria,2023-09-04T06:46:19.097Z,38.987684,-0.53061,999
976,Ausias MarchB,Ausias MarchA,2023-09-04T06:46:19.097Z,38.991913,-0.524291,397
977,Beata InesB,CV-645A,2023-09-04T06:46:19.097Z,0.0,0.0,609
978,Reina,Albereda 1,2023-09-04T06:46:19.097Z,38.989955,-0.523503,False
979,Ximen ToviaB,N-340B,2023-09-04T06:46:19.097Z,38.992357,-0.519858,724
980,Gregorio Molina,Abu Masaifa,2023-09-04T06:46:19.097Z,38.991213,-0.523787,897
981,Albereda 1,Albereda 2,2023-09-04T06:46:19.097Z,38.990122,-0.519633,411
982,Albereda 2,N-340B,2023-09-04T06:46:19.097Z,38.990742,-0.513,474
983,Carme 2,Albereda 2,2023-09-04T06:46:19.097Z,38.990122,-0.519633,166
984,Maulets,Gregorio Molina,2023-09-04T06:46:19.097Z,38.992357,-0.519858,971
985,N-340B,N-340A,2023-09-04T06:46:19.097Z,0.0,0.0,540
986,CV-645B,Beata InesA,2023-09-04T06:46:29.097Z,0.0,0.0,989
987,Corts Valencianes 1B,Alfons MagnanimB,2023-09-04T06:46:29.097Z,38.986084,-0.534517,086
988,Corts Valencianes 2B,Ausias MarchB,2023-09-04T06:46:29.097Z,38.987684,-0.53061,895
989,PalasietA,Aben FerriA,2023-09-04T06:46:29.097Z,38.985489,-0.534157,508
990,PalasietB,CV-645B,2023-09-04T06:46:29.097Z,38.985252,-0.537441,276
991,Alfons MagnanimA,Corts Valencianes 2B,2023-09-04T06:46:29.097Z,38.986084,-0.534517,979
992,Alfons MagnanimB,9 OctubreB,2023-09-04T06:46:29.097Z,38.987144,-0.535236,649
993,Argenteria,PalasietB,2023-09-04T06:46:29.097Z,38.985489,-0.534157,140
994,9 OctubreA,Alfons MagnanimA,2023-09-04T06:46:29.097Z,38.987144,-0.535236,698
995,9 OctubreB,Reina,2023-09-04T06:46:29.097Z,38.987684,-0.53061,False
996,Abu Masaifa,Corts Valencianes 2A,2023-09-04T06:46:29.097Z,38.987684,-0.53061,233
997,Ausias MarchB,Ximen ToviaB,2023-09-04T06:46:29.097Z,38.991913,-0.524291,171
998,Reina,Republica Argentina,2023-09-04T06:46:29.097Z,38.989955,-0.523503,138
999,Baixada estacio 2,Republica Argentina,2023-09-04T06:46:29.097Z,38.989955,-0.523503,896
