,enter,exit,date,latitude,longitude,matricula
0,PalasietB,CV-645B,2023-12-02T12:53:49.097Z,38.985252,-0.537441,965
1,Argenteria,Aben FerriA,2023-12-02T12:53:49.097Z,38.985489,-0.534157,659
2,9 OctubreB,Ausias MarchB,2023-12-02T12:53:49.097Z,38.987684,-0.53061,919
3,Ausias MarchA,Corts Valencianes 2A,2023-12-02T12:53:49.097Z,38.987684,-0.53061,641
4,Ausias MarchB,Ximen ToviaB,2023-12-02T12:53:49.097Z,38.991913,-0.524291,False
5,Beata InesA,Corts Valencianes 2A,2023-12-02T12:53:49.097Z,38.987684,-0.53061,066
6,Beata InesB,Beata InesA,2023-12-02T12:53:49.097Z,0.0,0.0,967
7,Reina,Albereda 1,2023-12-02T12:53:49.097Z,38.989955,-0.523503,952
8,Ximen ToviaA,Ausias MarchA,2023-12-02T12:53:49.097Z,38.991913,-0.524291,699
9,Ximen ToviaB,N-340B,2023-12-02T12:53:49.097Z,38.992357,-0.519858,876
10,Gregorio Molina,Baixada estacio 2,2023-12-02T12:53:49.097Z,38.991213,-0.523787,527
11,Carme 2,Albereda 2,2023-12-02T12:53:49.097Z,38.990122,-0.519633,066
12,N-340A,Ximen ToviaA,2023-12-02T12:53:49.097Z,38.992357,-0.519858,710
13,CV-645B,CV-645A,2023-12-02T12:53:59.097Z,0.0,0.0,817
14,Corts Valencianes 2B,Ausias MarchB,2023-12-02T12:53:59.097Z,38.987684,-0.53061,931
15,PalasietB,Corts Valencianes 1B,2023-12-02T12:53:59.097Z,38.985252,-0.537441,False
16,Alfons MagnanimB,9 OctubreB,2023-12-02T12:53:59.097Z,38.987144,-0.535236,777
17,Aben FerriA,Corts Valencianes 1A,2023-12-02T12:53:59.097Z,38.986084,-0.534517,989
18,Argenteria,Aben FerriA,2023-12-02T12:53:59.097Z,38.985489,-0.534157,481
19,9 OctubreB,Argenteria,2023-12-02T12:53:59.097Z,38.987684,-0.53061,166
20,Ausias MarchB,Ausias MarchA,2023-12-02T12:53:59.097Z,38.991913,-0.524291,False
21,Reina,Republica Argentina,2023-12-02T12:53:59.097Z,38.989955,-0.523503,809
22,Baixada estacio 2,Republica Argentina,2023-12-02T12:53:59.097Z,38.989955,-0.523503,927
23,Gregorio Molina,Abu Masaifa,2023-12-02T12:53:59.097Z,38.991213,-0.523787,418
24,Albereda 2,Cosmografo,2023-12-02T12:53:59.097Z,38.990742,-0.513,135
25,CV-645B,N-340A,2023-12-02T12:54:09.097Z,0.0,0.0,617
26,Corts Valencianes 1A,CV-645B,2023-12-02T12:54:09.097Z,38.985252,-0.537441,550
27,Corts Valencianes 1B,Alfons MagnanimB,2023-12-02T12:54:09.097Z,38.986084,-0.534517,821
28,Corts Valencianes 2A,Aben FerriB,2023-12-02T12:54:09.097Z,38.986084,-0.534517,997
29,PalasietB,CV-645B,2023-12-02T12:54:09.097Z,38.985252,-0.537441,649
30,Aben FerriA,Corts Valencianes 2B,2023-12-02T12:54:09.097Z,38.986084,-0.534517,481
31,Argenteria,PalasietB,2023-12-02T12:54:09.097Z,38.985489,-0.534157,459
32,9 OctubreB,Argenteria,2023-12-02T12:54:09.097Z,38.987684,-0.53061,618
33,Ausias MarchB,Ximen ToviaB,2023-12-02T12:54:09.097Z,38.991913,-0.524291,982
34,Reina,Republica Argentina,2023-12-02T12:54:09.097Z,38.989955,-0.523503,696
35,Ximen ToviaA,Baixada estacio 1,2023-12-02T12:54:09.097Z,38.991913,-0.524291,622
36,Gregorio Molina,Abu Masaifa,2023-12-02T12:54:09.097Z,38.991213,-0.523787,999
37,Albereda 1,Albereda 2,2023-12-02T12:54:09.097Z,38.990122,-0.519633,952
38,N-340A,Carme 1,2023-12-02T12:54:09.097Z,38.992357,-0.519858,372
39,N-340B,N-340A,2023-12-02T12:54:09.097Z,0.0,0.0,918
40,Republica Argentina,Academic Maravall,2023-12-02T12:54:09.097Z,38.99105,-0.519778,877
41,CV-645A,Corts Valencianes 1B,2023-12-02T12:54:19.097Z,38.985252,-0.537441,415
42,CV-645B,Beata InesA,2023-12-02T12:54:19.097Z,0.0,0.0,766
43,Corts Valencianes 2B,Ausias MarchB,2023-12-02T12:54:19.097Z,38.987684,-0.53061,False
44,Alfons MagnanimB,9 OctubreB,2023-12-02T12:54:19.097Z,38.987144,-0.535236,616
45,Aben FerriB,PalasietB,2023-12-02T12:54:19.097Z,38.985489,-0.534157,557
46,Argenteria,PalasietB,2023-12-02T12:54:19.097Z,38.985489,-0.534157,094
47,9 OctubreB,Ausias MarchB,2023-12-02T12:54:19.097Z,38.987684,-0.53061,796
48,Ausias MarchA,9 OctubreA,2023-12-02T12:54:19.097Z,38.987684,-0.53061,609
49,Ausias MarchB,Ausias MarchA,2023-12-02T12:54:19.097Z,38.991913,-0.524291,305
50,Beata InesA,9 OctubreA,2023-12-02T12:54:19.097Z,38.987684,-0.53061,970
51,Reina,Republica Argentina,2023-12-02T12:54:19.097Z,38.989955,-0.523503,False
52,Ximen ToviaB,N-340B,2023-12-02T12:54:19.097Z,38.992357,-0.519858,029
53,Baixada estacio 1,Abu Masaifa,2023-12-02T12:54:19.097Z,38.991213,-0.523787,622
54,Albereda 2,Cosmografo,2023-12-02T12:54:19.097Z,38.990742,-0.513,False
55,N-340A,Gregorio Molina,2023-12-02T12:54:19.097Z,38.992357,-0.519858,997
56,Republica Argentina,Academic Maravall,2023-12-02T12:54:19.097Z,38.99105,-0.519778,697
57,CV-645A,Corts Valencianes 1B,2023-12-02T12:54:29.097Z,38.985252,-0.537441,677
58,CV-645B,Beata InesA,2023-12-02T12:54:29.097Z,0.0,0.0,False
59,Corts Valencianes 2A,Corts Valencianes 2B,2023-12-02T12:54:29.097Z,38.986084,-0.534517,816
60,Corts Valencianes 2B,9 OctubreA,2023-12-02T12:54:29.097Z,38.987684,-0.53061,481
61,Argenteria,Aben FerriA,2023-12-02T12:54:29.097Z,38.985489,-0.534157,618
62,9 OctubreA,9 OctubreB,2023-12-02T12:54:29.097Z,38.987144,-0.535236,994
63,Ausias MarchA,Beata InesB,2023-12-02T12:54:29.097Z,38.987684,-0.53061,False
64,Beata InesA,Ausias MarchB,2023-12-02T12:54:29.097Z,38.987684,-0.53061,849
65,Ximen ToviaA,Ausias MarchA,2023-12-02T12:54:29.097Z,38.991913,-0.524291,948
66,Albereda 2,Cosmografo,2023-12-02T12:54:29.097Z,38.990742,-0.513,False
67,N-340A,Gregorio Molina,2023-12-02T12:54:29.097Z,38.992357,-0.519858,036
68,Corts Valencianes 1B,Aben FerriB,2023-12-02T12:54:39.097Z,38.986084,-0.534517,473
69,Aben FerriA,Corts Valencianes 1A,2023-12-02T12:54:39.097Z,38.986084,-0.534517,666
70,Aben FerriB,PalasietB,2023-12-02T12:54:39.097Z,38.985489,-0.534157,460
71,Argenteria,Aben FerriA,2023-12-02T12:54:39.097Z,38.985489,-0.534157,835
72,9 OctubreA,9 OctubreB,2023-12-02T12:54:39.097Z,38.987144,-0.535236,345
73,9 OctubreB,Argenteria,2023-12-02T12:54:39.097Z,38.987684,-0.53061,235
74,Abu Masaifa,Ausias MarchB,2023-12-02T12:54:39.097Z,38.987684,-0.53061,343
75,Ausias MarchA,Argenteria,2023-12-02T12:54:39.097Z,38.987684,-0.53061,444
76,Ausias MarchB,Ximen ToviaB,2023-12-02T12:54:39.097Z,38.991913,-0.524291,False
77,Beata InesA,Corts Valencianes 2A,2023-12-02T12:54:39.097Z,38.987684,-0.53061,766
78,Reina,Republica Argentina,2023-12-02T12:54:39.097Z,38.989955,-0.523503,064
79,Ximen ToviaA,Ausias MarchA,2023-12-02T12:54:39.097Z,38.991913,-0.524291,710
80,Gregorio Molina,Abu Masaifa,2023-12-02T12:54:39.097Z,38.991213,-0.523787,866
81,Albereda 2,Cosmografo,2023-12-02T12:54:39.097Z,38.990742,-0.513,723
82,Carme 1,Academic Maravall,2023-12-02T12:54:39.097Z,38.99105,-0.519778,372
83,Cosmografo,Maulets,2023-12-02T12:54:39.097Z,38.991249,-0.518678,135
84,Republica Argentina,Academic Maravall,2023-12-02T12:54:39.097Z,38.99105,-0.519778,080
85,CV-645B,CV-645A,2023-12-02T12:54:49.097Z,0.0,0.0,669
86,Corts Valencianes 1B,Corts Valencianes 1A,2023-12-02T12:54:49.097Z,38.986084,-0.534517,699
87,Corts Valencianes 2B,Argenteria,2023-12-02T12:54:49.097Z,38.987684,-0.53061,816
88,Aben FerriA,Corts Valencianes 2B,2023-12-02T12:54:49.097Z,38.986084,-0.534517,849
89,Aben FerriB,Aben FerriA,2023-12-02T12:54:49.097Z,38.985489,-0.534157,473
90,9 OctubreB,Ausias MarchB,2023-12-02T12:54:49.097Z,38.987684,-0.53061,970
91,Abu Masaifa,Ausias MarchB,2023-12-02T12:54:49.097Z,38.987684,-0.53061,861
92,Ausias MarchB,Ausias MarchA,2023-12-02T12:54:49.097Z,38.991913,-0.524291,False
93,Gregorio Molina,Abu Masaifa,2023-12-02T12:54:49.097Z,38.991213,-0.523787,666
94,Academic Maravall,Maulets,2023-12-02T12:54:49.097Z,38.991249,-0.518678,877
95,Republica Argentina,Carme 2,2023-12-02T12:54:49.097Z,38.99105,-0.519778,057
96,Corts Valencianes 1A,CV-645B,2023-12-02T12:54:59.097Z,38.985252,-0.537441,616
97,Corts Valencianes 2A,Alfons MagnanimB,2023-12-02T12:54:59.097Z,38.986084,-0.534517,988
98,Alfons MagnanimA,Aben FerriB,2023-12-02T12:54:59.097Z,38.986084,-0.534517,602
99,Aben FerriA,Corts Valencianes 2B,2023-12-02T12:54:59.097Z,38.986084,-0.534517,473
100,9 OctubreB,9 OctubreA,2023-12-02T12:54:59.097Z,38.987684,-0.53061,777
101,Abu Masaifa,Beata InesB,2023-12-02T12:54:59.097Z,38.987684,-0.53061,997
102,Ausias MarchA,9 OctubreA,2023-12-02T12:54:59.097Z,38.987684,-0.53061,449
103,Ausias MarchB,Ximen ToviaB,2023-12-02T12:54:59.097Z,38.991913,-0.524291,919
104,Beata InesB,CV-645A,2023-12-02T12:54:59.097Z,0.0,0.0,False
105,Reina,Republica Argentina,2023-12-02T12:54:59.097Z,38.989955,-0.523503,303
106,Gregorio Molina,Abu Masaifa,2023-12-02T12:54:59.097Z,38.991213,-0.523787,035
107,Carme 2,Albereda 2,2023-12-02T12:54:59.097Z,38.990122,-0.519633,057
108,Academic Maravall,Maulets,2023-12-02T12:54:59.097Z,38.991249,-0.518678,451
109,N-340B,CV-645A,2023-12-02T12:54:59.097Z,0.0,0.0,184
110,Republica Argentina,Carme 2,2023-12-02T12:54:59.097Z,38.99105,-0.519778,304
111,Corts Valencianes 1A,PalasietA,2023-12-02T12:55:09.097Z,38.985252,-0.537441,699
112,PalasietB,CV-645B,2023-12-02T12:55:09.097Z,38.985252,-0.537441,459
113,Aben FerriB,PalasietB,2023-12-02T12:55:09.097Z,38.985489,-0.534157,070
114,9 OctubreB,Reina,2023-12-02T12:55:09.097Z,38.987684,-0.53061,999
115,Ausias MarchA,Corts Valencianes 2A,2023-12-02T12:55:09.097Z,38.987684,-0.53061,205
116,Beata InesA,Ausias MarchB,2023-12-02T12:55:09.097Z,38.987684,-0.53061,338
117,Reina,Albereda 1,2023-12-02T12:55:09.097Z,38.989955,-0.523503,777
118,Ximen ToviaA,Ausias MarchA,2023-12-02T12:55:09.097Z,38.991913,-0.524291,902
119,Albereda 1,Albereda 2,2023-12-02T12:55:09.097Z,38.990122,-0.519633,967
120,Carme 2,Albereda 2,2023-12-02T12:55:09.097Z,38.990122,-0.519633,304
121,Academic Maravall,Maulets,2023-12-02T12:55:09.097Z,38.991249,-0.518678,372
122,Maulets,N-340B,2023-12-02T12:55:09.097Z,38.992357,-0.519858,135
123,Republica Argentina,Carme 2,2023-12-02T12:55:09.097Z,38.99105,-0.519778,406
124,CV-645B,N-340A,2023-12-02T12:55:19.097Z,0.0,0.0,997
125,Corts Valencianes 2A,Corts Valencianes 1A,2023-12-02T12:55:19.097Z,38.986084,-0.534517,305
126,Corts Valencianes 2B,Ausias MarchB,2023-12-02T12:55:19.097Z,38.987684,-0.53061,849
127,PalasietB,Corts Valencianes 1B,2023-12-02T12:55:19.097Z,38.985252,-0.537441,997
128,Argenteria,Aben FerriA,2023-12-02T12:55:19.097Z,38.985489,-0.534157,255
129,9 OctubreB,Argenteria,2023-12-02T12:55:19.097Z,38.987684,-0.53061,616
130,Abu Masaifa,Reina,2023-12-02T12:55:19.097Z,38.987684,-0.53061,610
131,Beata InesB,Beata InesA,2023-12-02T12:55:19.097Z,0.0,0.0,False
132,Reina,Albereda 1,2023-12-02T12:55:19.097Z,38.989955,-0.523503,753
133,Albereda 1,Albereda 2,2023-12-02T12:55:19.097Z,38.990122,-0.519633,661
134,Academic Maravall,Maulets,2023-12-02T12:55:19.097Z,38.991249,-0.518678,802
135,Maulets,Gregorio Molina,2023-12-02T12:55:19.097Z,38.992357,-0.519858,677
136,Republica Argentina,Carme 2,2023-12-02T12:55:19.097Z,38.99105,-0.519778,293
137,CV-645A,PalasietA,2023-12-02T12:55:29.097Z,38.985252,-0.537441,026
138,Corts Valencianes 2B,Ausias MarchB,2023-12-02T12:55:29.097Z,38.987684,-0.53061,474
139,PalasietB,CV-645B,2023-12-02T12:55:29.097Z,38.985252,-0.537441,094
140,Aben FerriA,Corts Valencianes 1A,2023-12-02T12:55:29.097Z,38.986084,-0.534517,235
141,9 OctubreB,Reina,2023-12-02T12:55:29.097Z,38.987684,-0.53061,False
142,Abu Masaifa,Ausias MarchB,2023-12-02T12:55:29.097Z,38.987684,-0.53061,622
143,Ausias MarchA,Reina,2023-12-02T12:55:29.097Z,38.987684,-0.53061,948
144,Ausias MarchB,Ximen ToviaB,2023-12-02T12:55:29.097Z,38.991913,-0.524291,100
145,Beata InesB,CV-645A,2023-12-02T12:55:29.097Z,0.0,0.0,False
146,Reina,Albereda 1,2023-12-02T12:55:29.097Z,38.989955,-0.523503,798
147,Ximen ToviaB,N-340B,2023-12-02T12:55:29.097Z,38.992357,-0.519858,962
148,Albereda 1,Albereda 2,2023-12-02T12:55:29.097Z,38.990122,-0.519633,510
149,Carme 2,Albereda 2,2023-12-02T12:55:29.097Z,38.990122,-0.519633,408
150,Cosmografo,Maulets,2023-12-02T12:55:29.097Z,38.991249,-0.518678,False
151,Corts Valencianes 1B,Corts Valencianes 1A,2023-12-02T12:55:39.097Z,38.986084,-0.534517,557
152,Corts Valencianes 2A,Corts Valencianes 1A,2023-12-02T12:55:39.097Z,38.986084,-0.534517,437
153,PalasietA,PalasietB,2023-12-02T12:55:39.097Z,38.985489,-0.534157,649
154,PalasietB,CV-645B,2023-12-02T12:55:39.097Z,38.985252,-0.537441,460
155,Argenteria,PalasietB,2023-12-02T12:55:39.097Z,38.985489,-0.534157,736
156,Ausias MarchB,Ximen ToviaB,2023-12-02T12:55:39.097Z,38.991913,-0.524291,940
157,Reina,Republica Argentina,2023-12-02T12:55:39.097Z,38.989955,-0.523503,866
158,Ximen ToviaB,N-340B,2023-12-02T12:55:39.097Z,38.992357,-0.519858,854
159,Albereda 2,Cosmografo,2023-12-02T12:55:39.097Z,38.990742,-0.513,045
160,Maulets,N-340B,2023-12-02T12:55:39.097Z,38.992357,-0.519858,697
161,N-340B,N-340A,2023-12-02T12:55:39.097Z,0.0,0.0,982
162,Republica Argentina,Academic Maravall,2023-12-02T12:55:39.097Z,38.99105,-0.519778,619
163,CV-645A,PalasietA,2023-12-02T12:55:49.097Z,38.985252,-0.537441,XXX
164,CV-645B,N-340A,2023-12-02T12:55:49.097Z,0.0,0.0,240
165,Corts Valencianes 1A,PalasietA,2023-12-02T12:55:49.097Z,38.985252,-0.537441,305
166,PalasietB,CV-645B,2023-12-02T12:55:49.097Z,38.985252,-0.537441,920
167,Argenteria,PalasietB,2023-12-02T12:55:49.097Z,38.985489,-0.534157,969
168,9 OctubreA,Alfons MagnanimA,2023-12-02T12:55:49.097Z,38.987144,-0.535236,609
169,9 OctubreB,Ausias MarchB,2023-12-02T12:55:49.097Z,38.987684,-0.53061,686
170,Abu Masaifa,Ausias MarchB,2023-12-02T12:55:49.097Z,38.987684,-0.53061,866
171,Ausias MarchB,Baixada estacio 1,2023-12-02T12:55:49.097Z,38.991913,-0.524291,390
172,Beata InesB,Beata InesA,2023-12-02T12:55:49.097Z,0.0,0.0,249
173,Reina,Albereda 1,2023-12-02T12:55:49.097Z,38.989955,-0.523503,847
174,Ximen ToviaB,Gregorio Molina,2023-12-02T12:55:49.097Z,38.992357,-0.519858,False
175,Albereda 2,N-340B,2023-12-02T12:55:49.097Z,38.990742,-0.513,226
176,Academic Maravall,Maulets,2023-12-02T12:55:49.097Z,38.991249,-0.518678,574
177,Cosmografo,Maulets,2023-12-02T12:55:49.097Z,38.991249,-0.518678,723
178,Maulets,Ximen ToviaA,2023-12-02T12:55:49.097Z,38.992357,-0.519858,372
179,Republica Argentina,Academic Maravall,2023-12-02T12:55:49.097Z,38.99105,-0.519778,809
180,CV-645A,Corts Valencianes 1B,2023-12-02T12:55:59.097Z,38.985252,-0.537441,184
181,CV-645B,Beata InesA,2023-12-02T12:55:59.097Z,0.0,0.0,960
182,Corts Valencianes 1A,PalasietA,2023-12-02T12:55:59.097Z,38.985252,-0.537441,255
183,PalasietA,PalasietB,2023-12-02T12:55:59.097Z,38.985489,-0.534157,XXX
184,PalasietB,PalasietA,2023-12-02T12:55:59.097Z,38.985252,-0.537441,602
185,9 OctubreA,9 OctubreB,2023-12-02T12:55:59.097Z,38.987144,-0.535236,970
186,Ausias MarchB,Ausias MarchA,2023-12-02T12:55:59.097Z,38.991913,-0.524291,736
187,Beata InesB,CV-645A,2023-12-02T12:55:59.097Z,0.0,0.0,750
188,Reina,Albereda 1,2023-12-02T12:55:59.097Z,38.989955,-0.523503,735
189,Ximen ToviaB,Carme 1,2023-12-02T12:55:59.097Z,38.992357,-0.519858,False
190,Baixada estacio 1,Abu Masaifa,2023-12-02T12:55:59.097Z,38.991213,-0.523787,330
191,Albereda 2,N-340B,2023-12-02T12:55:59.097Z,38.990742,-0.513,826
192,N-340A,Gregorio Molina,2023-12-02T12:55:59.097Z,38.992357,-0.519858,617
193,Republica Argentina,Carme 2,2023-12-02T12:55:59.097Z,38.99105,-0.519778,927
194,CV-645A,PalasietA,2023-12-02T12:56:09.097Z,38.985252,-0.537441,False
195,PalasietA,PalasietB,2023-12-02T12:56:09.097Z,38.985489,-0.534157,False
196,PalasietB,PalasietA,2023-12-02T12:56:09.097Z,38.985252,-0.537441,263
197,Argenteria,Aben FerriA,2023-12-02T12:56:09.097Z,38.985489,-0.534157,False
198,9 OctubreA,9 OctubreB,2023-12-02T12:56:09.097Z,38.987144,-0.535236,481
199,Abu Masaifa,9 OctubreA,2023-12-02T12:56:09.097Z,38.987684,-0.53061,036
200,Ausias MarchB,Ausias MarchA,2023-12-02T12:56:09.097Z,38.991913,-0.524291,False
201,Reina,Albereda 1,2023-12-02T12:56:09.097Z,38.989955,-0.523503,893
202,Albereda 1,Albereda 2,2023-12-02T12:56:09.097Z,38.990122,-0.519633,796
203,Albereda 2,Cosmografo,2023-12-02T12:56:09.097Z,38.990742,-0.513,088
204,Carme 1,Academic Maravall,2023-12-02T12:56:09.097Z,38.99105,-0.519778,False
205,Carme 2,Albereda 2,2023-12-02T12:56:09.097Z,38.990122,-0.519633,False
206,Republica Argentina,Carme 2,2023-12-02T12:56:09.097Z,38.99105,-0.519778,False
207,Corts Valencianes 1A,Corts Valencianes 1B,2023-12-02T12:56:19.097Z,38.985252,-0.537441,437
208,Corts Valencianes 1B,Corts Valencianes 2B,2023-12-02T12:56:19.097Z,38.986084,-0.534517,184
209,PalasietA,PalasietB,2023-12-02T12:56:19.097Z,38.985489,-0.534157,235
210,PalasietB,Corts Valencianes 1B,2023-12-02T12:56:19.097Z,38.985252,-0.537441,649
211,Alfons MagnanimA,Corts Valencianes 1A,2023-12-02T12:56:19.097Z,38.986084,-0.534517,609
212,9 OctubreA,Alfons MagnanimA,2023-12-02T12:56:19.097Z,38.987144,-0.535236,717
213,9 OctubreB,Ausias MarchB,2023-12-02T12:56:19.097Z,38.987684,-0.53061,570
214,Abu Masaifa,9 OctubreA,2023-12-02T12:56:19.097Z,38.987684,-0.53061,273
215,Ausias MarchB,Ximen ToviaB,2023-12-02T12:56:19.097Z,38.991913,-0.524291,874
216,Reina,Albereda 1,2023-12-02T12:56:19.097Z,38.989955,-0.523503,999
217,Albereda 2,N-340B,2023-12-02T12:56:19.097Z,38.990742,-0.513,952
218,Carme 2,Albereda 2,2023-12-02T12:56:19.097Z,38.990122,-0.519633,969
219,Academic Maravall,Maulets,2023-12-02T12:56:19.097Z,38.991249,-0.518678,809
220,Cosmografo,Maulets,2023-12-02T12:56:19.097Z,38.991249,-0.518678,045
221,Republica Argentina,Academic Maravall,2023-12-02T12:56:19.097Z,38.99105,-0.519778,974
222,Corts Valencianes 1B,Corts Valencianes 2B,2023-12-02T12:56:29.097Z,38.986084,-0.534517,171
223,PalasietA,Aben FerriA,2023-12-02T12:56:29.097Z,38.985489,-0.534157,602
224,PalasietB,CV-645B,2023-12-02T12:56:29.097Z,38.985252,-0.537441,699
225,Alfons MagnanimA,Corts Valencianes 2B,2023-12-02T12:56:29.097Z,38.986084,-0.534517,777
226,Aben FerriA,Corts Valencianes 2B,2023-12-02T12:56:29.097Z,38.986084,-0.534517,821
227,9 OctubreA,9 OctubreB,2023-12-02T12:56:29.097Z,38.987144,-0.535236,996
228,Abu Masaifa,Corts Valencianes 2A,2023-12-02T12:56:29.097Z,38.987684,-0.53061,390
229,Ausias MarchB,Ausias MarchA,2023-12-02T12:56:29.097Z,38.991913,-0.524291,196
230,Ximen ToviaB,Ximen ToviaA,2023-12-02T12:56:29.097Z,38.992357,-0.519858,974
231,Albereda 1,Albereda 2,2023-12-02T12:56:29.097Z,38.990122,-0.519633,847
232,Academic Maravall,Maulets,2023-12-02T12:56:29.097Z,38.991249,-0.518678,763
233,Maulets,Ximen ToviaA,2023-12-02T12:56:29.097Z,38.992357,-0.519858,080
234,CV-645A,Corts Valencianes 1B,2023-12-02T12:56:39.097Z,38.985252,-0.537441,976
235,Corts Valencianes 1B,Alfons MagnanimB,2023-12-02T12:56:39.097Z,38.986084,-0.534517,649
236,Corts Valencianes 2B,Reina,2023-12-02T12:56:39.097Z,38.987684,-0.53061,184
237,Aben FerriA,Corts Valencianes 2B,2023-12-02T12:56:39.097Z,38.986084,-0.534517,602
238,9 OctubreA,9 OctubreB,2023-12-02T12:56:39.097Z,38.987144,-0.535236,036
239,9 OctubreB,Ausias MarchB,2023-12-02T12:56:39.097Z,38.987684,-0.53061,489
240,Ausias MarchA,9 OctubreA,2023-12-02T12:56:39.097Z,38.987684,-0.53061,710
241,Ausias MarchB,Baixada estacio 1,2023-12-02T12:56:39.097Z,38.991913,-0.524291,604
242,Beata InesA,Reina,2023-12-02T12:56:39.097Z,38.987684,-0.53061,484
243,Ximen ToviaB,Ximen ToviaA,2023-12-02T12:56:39.097Z,38.992357,-0.519858,999
244,Albereda 1,Albereda 2,2023-12-02T12:56:39.097Z,38.990122,-0.519633,159
245,Albereda 2,Cosmografo,2023-12-02T12:56:39.097Z,38.990742,-0.513,057
246,Academic Maravall,Maulets,2023-12-02T12:56:39.097Z,38.991249,-0.518678,False
247,Corts Valencianes 1A,Corts Valencianes 1B,2023-12-02T12:56:49.097Z,38.985252,-0.537441,609
248,Corts Valencianes 2A,Corts Valencianes 1A,2023-12-02T12:56:49.097Z,38.986084,-0.534517,390
249,PalasietB,PalasietA,2023-12-02T12:56:49.097Z,38.985252,-0.537441,367
250,Alfons MagnanimB,9 OctubreB,2023-12-02T12:56:49.097Z,38.987144,-0.535236,649
251,Aben FerriA,Aben FerriB,2023-12-02T12:56:49.097Z,38.986084,-0.534517,edi
252,9 OctubreA,9 OctubreB,2023-12-02T12:56:49.097Z,38.987144,-0.535236,273
253,9 OctubreB,Argenteria,2023-12-02T12:56:49.097Z,38.987684,-0.53061,False
254,Ausias MarchB,Ximen ToviaB,2023-12-02T12:56:49.097Z,38.991913,-0.524291,998
255,Beata InesA,Argenteria,2023-12-02T12:56:49.097Z,38.987684,-0.53061,072
256,Ximen ToviaA,Ausias MarchA,2023-12-02T12:56:49.097Z,38.991913,-0.524291,372
257,Ximen ToviaB,Carme 1,2023-12-02T12:56:49.097Z,38.992357,-0.519858,140
258,Baixada estacio 1,Abu Masaifa,2023-12-02T12:56:49.097Z,38.991213,-0.523787,604
259,Albereda 1,Albereda 2,2023-12-02T12:56:49.097Z,38.990122,-0.519633,735
260,Albereda 2,N-340B,2023-12-02T12:56:49.097Z,38.990742,-0.513,967
261,Cosmografo,Maulets,2023-12-02T12:56:49.097Z,38.991249,-0.518678,066
262,Maulets,N-340B,2023-12-02T12:56:49.097Z,38.992357,-0.519858,474
263,Republica Argentina,Carme 2,2023-12-02T12:56:49.097Z,38.99105,-0.519778,048
264,CV-645B,Beata InesA,2023-12-02T12:56:59.097Z,0.0,0.0,False
265,Corts Valencianes 1B,Corts Valencianes 2B,2023-12-02T12:56:59.097Z,38.986084,-0.534517,750
266,Corts Valencianes 2B,Reina,2023-12-02T12:56:59.097Z,38.987684,-0.53061,974
267,PalasietB,PalasietA,2023-12-02T12:56:59.097Z,38.985252,-0.537441,019
268,Aben FerriB,PalasietB,2023-12-02T12:56:59.097Z,38.985489,-0.534157,False
269,9 OctubreB,Ausias MarchB,2023-12-02T12:56:59.097Z,38.987684,-0.53061,036
270,Ausias MarchA,Beata InesB,2023-12-02T12:56:59.097Z,38.987684,-0.53061,902
271,Ausias MarchB,Ausias MarchA,2023-12-02T12:56:59.097Z,38.991913,-0.524291,False
272,Reina,Albereda 1,2023-12-02T12:56:59.097Z,38.989955,-0.523503,994
273,Ximen ToviaB,N-340B,2023-12-02T12:56:59.097Z,38.992357,-0.519858,874
274,Albereda 1,Albereda 2,2023-12-02T12:56:59.097Z,38.990122,-0.519633,891
275,Albereda 2,Cosmografo,2023-12-02T12:56:59.097Z,38.990742,-0.513,676
276,Maulets,Carme 1,2023-12-02T12:56:59.097Z,38.992357,-0.519858,574
277,N-340B,CV-645A,2023-12-02T12:56:59.097Z,0.0,0.0,False
278,Republica Argentina,Carme 2,2023-12-02T12:56:59.097Z,38.99105,-0.519778,103
279,Corts Valencianes 1A,PalasietA,2023-12-02T12:57:09.097Z,38.985252,-0.537441,390
280,Corts Valencianes 2B,Argenteria,2023-12-02T12:57:09.097Z,38.987684,-0.53061,437
281,PalasietA,Aben FerriA,2023-12-02T12:57:09.097Z,38.985489,-0.534157,263
282,PalasietB,Corts Valencianes 1B,2023-12-02T12:57:09.097Z,38.985252,-0.537441,XXX
283,Argenteria,Aben FerriA,2023-12-02T12:57:09.097Z,38.985489,-0.534157,996
284,Ausias MarchA,Beata InesB,2023-12-02T12:57:09.097Z,38.987684,-0.53061,736
285,Beata InesA,Argenteria,2023-12-02T12:57:09.097Z,38.987684,-0.53061,960
286,Reina,Republica Argentina,2023-12-02T12:57:09.097Z,38.989955,-0.523503,948
287,Ximen ToviaA,Ausias MarchA,2023-12-02T12:57:09.097Z,38.991913,-0.524291,914
288,Albereda 1,Albereda 2,2023-12-02T12:57:09.097Z,38.990122,-0.519633,199
289,Albereda 2,N-340B,2023-12-02T12:57:09.097Z,38.990742,-0.513,661
290,Carme 1,Academic Maravall,2023-12-02T12:57:09.097Z,38.99105,-0.519778,940
291,Carme 2,Albereda 2,2023-12-02T12:57:09.097Z,38.990122,-0.519633,064
292,CV-645A,PalasietA,2023-12-02T12:57:19.097Z,38.985252,-0.537441,False
293,Corts Valencianes 1B,Alfons MagnanimB,2023-12-02T12:57:19.097Z,38.986084,-0.534517,977
294,Corts Valencianes 2B,Corts Valencianes 2A,2023-12-02T12:57:19.097Z,38.987684,-0.53061,799
295,PalasietB,CV-645B,2023-12-02T12:57:19.097Z,38.985252,-0.537441,305
296,Argenteria,PalasietB,2023-12-02T12:57:19.097Z,38.985489,-0.534157,072
297,9 OctubreA,9 OctubreB,2023-12-02T12:57:19.097Z,38.987144,-0.535236,715
298,Ausias MarchA,Corts Valencianes 2A,2023-12-02T12:57:19.097Z,38.987684,-0.53061,False
299,Ausias MarchB,Ximen ToviaB,2023-12-02T12:57:19.097Z,38.991913,-0.524291,003
300,Beata InesA,9 OctubreA,2023-12-02T12:57:19.097Z,38.987684,-0.53061,False
301,Reina,Albereda 1,2023-12-02T12:57:19.097Z,38.989955,-0.523503,184
302,Ximen ToviaA,Ausias MarchA,2023-12-02T12:57:19.097Z,38.991913,-0.524291,802
303,Ximen ToviaB,Ximen ToviaA,2023-12-02T12:57:19.097Z,38.992357,-0.519858,003
304,Gregorio Molina,Baixada estacio 2,2023-12-02T12:57:19.097Z,38.991213,-0.523787,877
305,Albereda 2,N-340B,2023-12-02T12:57:19.097Z,38.990742,-0.513,753
306,Carme 1,Carme 2,2023-12-02T12:57:19.097Z,38.99105,-0.519778,961
307,Cosmografo,Maulets,2023-12-02T12:57:19.097Z,38.991249,-0.518678,057
308,Maulets,N-340B,2023-12-02T12:57:19.097Z,38.992357,-0.519858,723
309,N-340B,Beata InesA,2023-12-02T12:57:19.097Z,0.0,0.0,729
310,CV-645B,N-340A,2023-12-02T12:57:29.097Z,0.0,0.0,419
311,Corts Valencianes 1B,Aben FerriB,2023-12-02T12:57:29.097Z,38.986084,-0.534517,077
312,Corts Valencianes 2B,Reina,2023-12-02T12:57:29.097Z,38.987684,-0.53061,821
313,PalasietA,Aben FerriA,2023-12-02T12:57:29.097Z,38.985489,-0.534157,367
314,Abu Masaifa,9 OctubreA,2023-12-02T12:57:29.097Z,38.987684,-0.53061,604
315,Ausias MarchA,Reina,2023-12-02T12:57:29.097Z,38.987684,-0.53061,396
316,Ausias MarchB,Ximen ToviaB,2023-12-02T12:57:29.097Z,38.991913,-0.524291,931
317,Ximen ToviaA,Baixada estacio 1,2023-12-02T12:57:29.097Z,38.991913,-0.524291,999
318,Gregorio Molina,Baixada estacio 2,2023-12-02T12:57:29.097Z,38.991213,-0.523787,799
319,Albereda 1,Albereda 2,2023-12-02T12:57:29.097Z,38.990122,-0.519633,False
320,Albereda 2,N-340B,2023-12-02T12:57:29.097Z,38.990742,-0.513,408
321,Cosmografo,Maulets,2023-12-02T12:57:29.097Z,38.991249,-0.518678,304
322,Maulets,Carme 1,2023-12-02T12:57:29.097Z,38.992357,-0.519858,449
323,CV-645B,Beata InesA,2023-12-02T12:57:39.097Z,0.0,0.0,False
324,Corts Valencianes 2B,Reina,2023-12-02T12:57:39.097Z,38.987684,-0.53061,070
325,PalasietB,Corts Valencianes 1B,2023-12-02T12:57:39.097Z,38.985252,-0.537441,edi
326,Alfons MagnanimB,9 OctubreB,2023-12-02T12:57:39.097Z,38.987144,-0.535236,609
327,9 OctubreA,9 OctubreB,2023-12-02T12:57:39.097Z,38.987144,-0.535236,710
328,Ausias MarchB,Ausias MarchA,2023-12-02T12:57:39.097Z,38.991913,-0.524291,717
329,Beata InesA,Argenteria,2023-12-02T12:57:39.097Z,38.987684,-0.53061,729
330,Beata InesB,Beata InesA,2023-12-02T12:57:39.097Z,0.0,0.0,955
331,Albereda 2,N-340B,2023-12-02T12:57:39.097Z,38.990742,-0.513,798
332,Carme 1,Carme 2,2023-12-02T12:57:39.097Z,38.99105,-0.519778,809
333,Carme 2,Albereda 2,2023-12-02T12:57:39.097Z,38.990122,-0.519633,303
334,Maulets,N-340B,2023-12-02T12:57:39.097Z,38.992357,-0.519858,045
335,CV-645B,Beata InesA,2023-12-02T12:57:49.097Z,0.0,0.0,292
336,Corts Valencianes 1B,Corts Valencianes 2B,2023-12-02T12:57:49.097Z,38.986084,-0.534517,744
337,Corts Valencianes 2B,Corts Valencianes 2A,2023-12-02T12:57:49.097Z,38.987684,-0.53061,010
338,PalasietA,Aben FerriA,2023-12-02T12:57:49.097Z,38.985489,-0.534157,035
339,PalasietB,Corts Valencianes 1B,2023-12-02T12:57:49.097Z,38.985252,-0.537441,072
340,Aben FerriA,Corts Valencianes 2B,2023-12-02T12:57:49.097Z,38.986084,-0.534517,263
341,Aben FerriB,Aben FerriA,2023-12-02T12:57:49.097Z,38.985489,-0.534157,077
342,9 OctubreB,Beata InesB,2023-12-02T12:57:49.097Z,38.987684,-0.53061,273
343,Ausias MarchB,Ausias MarchA,2023-12-02T12:57:49.097Z,38.991913,-0.524291,710
344,Beata InesB,CV-645A,2023-12-02T12:57:49.097Z,0.0,0.0,890
345,Baixada estacio 2,Albereda 1,2023-12-02T12:57:49.097Z,38.989955,-0.523503,False
346,Gregorio Molina,Abu Masaifa,2023-12-02T12:57:49.097Z,38.991213,-0.523787,817
347,Carme 2,Albereda 2,2023-12-02T12:57:49.097Z,38.990122,-0.519633,619
348,Academic Maravall,Maulets,2023-12-02T12:57:49.097Z,38.991249,-0.518678,940
349,N-340B,N-340A,2023-12-02T12:57:49.097Z,0.0,0.0,749
350,CV-645B,N-340A,2023-12-02T12:57:59.097Z,0.0,0.0,109
351,Corts Valencianes 1B,Aben FerriB,2023-12-02T12:57:59.097Z,38.986084,-0.534517,072
352,Corts Valencianes 2B,9 OctubreA,2023-12-02T12:57:59.097Z,38.987684,-0.53061,744
353,Aben FerriA,Aben FerriB,2023-12-02T12:57:59.097Z,38.986084,-0.534517,False
354,Argenteria,PalasietB,2023-12-02T12:57:59.097Z,38.985489,-0.534157,171
355,9 OctubreB,Reina,2023-12-02T12:57:59.097Z,38.987684,-0.53061,775
356,Ausias MarchB,Baixada estacio 1,2023-12-02T12:57:59.097Z,38.991913,-0.524291,967
357,Beata InesA,Argenteria,2023-12-02T12:57:59.097Z,38.987684,-0.53061,False
358,Ximen ToviaA,Ausias MarchA,2023-12-02T12:57:59.097Z,38.991913,-0.524291,007
359,Albereda 1,Albereda 2,2023-12-02T12:57:59.097Z,38.990122,-0.519633,184
360,Albereda 2,Cosmografo,2023-12-02T12:57:59.097Z,38.990742,-0.513,False
361,Carme 1,Academic Maravall,2023-12-02T12:57:59.097Z,38.99105,-0.519778,997
362,Maulets,Gregorio Molina,2023-12-02T12:57:59.097Z,38.992357,-0.519858,974
363,N-340B,N-340B,2023-12-02T12:57:59.097Z,0.0,0.0,206
364,Corts Valencianes 2B,Ausias MarchB,2023-12-02T12:58:09.097Z,38.987684,-0.53061,692
365,PalasietA,PalasietB,2023-12-02T12:58:09.097Z,38.985489,-0.534157,390
366,PalasietB,CV-645B,2023-12-02T12:58:09.097Z,38.985252,-0.537441,171
367,Aben FerriB,Aben FerriA,2023-12-02T12:58:09.097Z,38.985489,-0.534157,072
368,Argenteria,PalasietB,2023-12-02T12:58:09.097Z,38.985489,-0.534157,618
369,9 OctubreA,Alfons MagnanimA,2023-12-02T12:58:09.097Z,38.987144,-0.535236,False
370,Abu Masaifa,Ausias MarchB,2023-12-02T12:58:09.097Z,38.987684,-0.53061,617
371,Ausias MarchB,Baixada estacio 1,2023-12-02T12:58:09.097Z,38.991913,-0.524291,343
372,Baixada estacio 1,Baixada estacio 2,2023-12-02T12:58:09.097Z,38.991213,-0.523787,849
373,Albereda 2,N-340B,2023-12-02T12:58:09.097Z,38.990742,-0.513,696
374,Academic Maravall,Maulets,2023-12-02T12:58:09.097Z,38.991249,-0.518678,997
375,Maulets,Ximen ToviaA,2023-12-02T12:58:09.097Z,38.992357,-0.519858,066
376,CV-645B,CV-645A,2023-12-02T12:58:19.097Z,0.0,0.0,108
377,PalasietA,Aben FerriA,2023-12-02T12:58:19.097Z,38.985489,-0.534157,False
378,Aben FerriA,Corts Valencianes 2B,2023-12-02T12:58:19.097Z,38.986084,-0.534517,075
379,Aben FerriB,PalasietB,2023-12-02T12:58:19.097Z,38.985489,-0.534157,False
380,Argenteria,PalasietB,2023-12-02T12:58:19.097Z,38.985489,-0.534157,803
381,9 OctubreA,9 OctubreB,2023-12-02T12:58:19.097Z,38.987144,-0.535236,604
382,Ausias MarchB,Ausias MarchA,2023-12-02T12:58:19.097Z,38.991913,-0.524291,False
383,Beata InesA,Corts Valencianes 2A,2023-12-02T12:58:19.097Z,38.987684,-0.53061,False
384,Reina,Albereda 1,2023-12-02T12:58:19.097Z,38.989955,-0.523503,484
385,Ximen ToviaB,Gregorio Molina,2023-12-02T12:58:19.097Z,38.992357,-0.519858,919
386,Gregorio Molina,Abu Masaifa,2023-12-02T12:58:19.097Z,38.991213,-0.523787,997
387,Albereda 1,Albereda 2,2023-12-02T12:58:19.097Z,38.990122,-0.519633,False
388,Albereda 2,N-340B,2023-12-02T12:58:19.097Z,38.990742,-0.513,847
389,Cosmografo,Maulets,2023-12-02T12:58:19.097Z,38.991249,-0.518678,527
390,Maulets,Ximen ToviaA,2023-12-02T12:58:19.097Z,38.992357,-0.519858,057
391,CV-645B,CV-645A,2023-12-02T12:58:29.097Z,0.0,0.0,910
392,PalasietB,Corts Valencianes 1B,2023-12-02T12:58:29.097Z,38.985252,-0.537441,390
393,Alfons MagnanimA,Aben FerriB,2023-12-02T12:58:29.097Z,38.986084,-0.534517,False
394,Aben FerriA,Corts Valencianes 1A,2023-12-02T12:58:29.097Z,38.986084,-0.534517,367
395,Argenteria,Aben FerriA,2023-12-02T12:58:29.097Z,38.985489,-0.534157,729
396,Ausias MarchB,Ximen ToviaB,2023-12-02T12:58:29.097Z,38.991913,-0.524291,861
397,Beata InesA,Argenteria,2023-12-02T12:58:29.097Z,38.987684,-0.53061,292
398,Reina,Republica Argentina,2023-12-02T12:58:29.097Z,38.989955,-0.523503,499
399,Ximen ToviaB,Ximen ToviaA,2023-12-02T12:58:29.097Z,38.992357,-0.519858,981
400,Albereda 2,N-340B,2023-12-02T12:58:29.097Z,38.990742,-0.513,106
401,N-340B,N-340A,2023-12-02T12:58:29.097Z,0.0,0.0,394
402,CV-645B,CV-645A,2023-12-02T12:58:39.097Z,0.0,0.0,797
403,Corts Valencianes 1A,CV-645B,2023-12-02T12:58:39.097Z,38.985252,-0.537441,641
404,PalasietA,PalasietB,2023-12-02T12:58:39.097Z,38.985489,-0.534157,699
405,Aben FerriA,Corts Valencianes 1A,2023-12-02T12:58:39.097Z,38.986084,-0.534517,False
406,Aben FerriB,Aben FerriA,2023-12-02T12:58:39.097Z,38.985489,-0.534157,False
407,Argenteria,Aben FerriA,2023-12-02T12:58:39.097Z,38.985489,-0.534157,196
408,9 OctubreA,9 OctubreB,2023-12-02T12:58:39.097Z,38.987144,-0.535236,False
409,9 OctubreB,Reina,2023-12-02T12:58:39.097Z,38.987684,-0.53061,977
410,Ausias MarchB,Ximen ToviaB,2023-12-02T12:58:39.097Z,38.991913,-0.524291,False
411,Baixada estacio 2,Republica Argentina,2023-12-02T12:58:39.097Z,38.989955,-0.523503,849
412,Gregorio Molina,Abu Masaifa,2023-12-02T12:58:39.097Z,38.991213,-0.523787,919
413,Albereda 2,Cosmografo,2023-12-02T12:58:39.097Z,38.990742,-0.513,159
414,Maulets,Ximen ToviaA,2023-12-02T12:58:39.097Z,38.992357,-0.519858,140
415,N-340B,N-340A,2023-12-02T12:58:39.097Z,0.0,0.0,097
416,CV-645A,Corts Valencianes 1B,2023-12-02T12:58:49.097Z,38.985252,-0.537441,890
417,Corts Valencianes 1A,PalasietA,2023-12-02T12:58:49.097Z,38.985252,-0.537441,False
418,PalasietB,Corts Valencianes 1B,2023-12-02T12:58:49.097Z,38.985252,-0.537441,449
419,Aben FerriA,Corts Valencianes 2B,2023-12-02T12:58:49.097Z,38.986084,-0.534517,035
420,Aben FerriB,PalasietB,2023-12-02T12:58:49.097Z,38.985489,-0.534157,974
421,9 OctubreB,Ausias MarchB,2023-12-02T12:58:49.097Z,38.987684,-0.53061,710
422,Ausias MarchA,Ausias MarchB,2023-12-02T12:58:49.097Z,38.987684,-0.53061,912
423,Ausias MarchB,Ausias MarchA,2023-12-02T12:58:49.097Z,38.991913,-0.524291,815
424,Reina,Albereda 1,2023-12-02T12:58:49.097Z,38.989955,-0.523503,974
425,Ximen ToviaA,Ximen ToviaB,2023-12-02T12:58:49.097Z,38.991913,-0.524291,066
426,Ximen ToviaB,Ximen ToviaA,2023-12-02T12:58:49.097Z,38.992357,-0.519858,861
427,Albereda 1,Albereda 2,2023-12-02T12:58:49.097Z,38.990122,-0.519633,False
428,Albereda 2,Cosmografo,2023-12-02T12:58:49.097Z,38.990742,-0.513,735
429,Cosmografo,Maulets,2023-12-02T12:58:49.097Z,38.991249,-0.518678,159
430,Maulets,N-340B,2023-12-02T12:58:49.097Z,38.992357,-0.519858,997
431,CV-645A,Corts Valencianes 1B,2023-12-02T12:58:59.097Z,38.985252,-0.537441,108
432,CV-645B,N-340A,2023-12-02T12:58:59.097Z,0.0,0.0,717
433,PalasietB,CV-645B,2023-12-02T12:58:59.097Z,38.985252,-0.537441,803
434,Aben FerriA,Corts Valencianes 2B,2023-12-02T12:58:59.097Z,38.986084,-0.534517,796
435,9 OctubreB,Beata InesB,2023-12-02T12:58:59.097Z,38.987684,-0.53061,604
436,Ausias MarchA,Argenteria,2023-12-02T12:58:59.097Z,38.987684,-0.53061,False
437,Ausias MarchB,Ausias MarchA,2023-12-02T12:58:59.097Z,38.991913,-0.524291,474
438,Reina,Republica Argentina,2023-12-02T12:58:59.097Z,38.989955,-0.523503,821
439,Albereda 2,N-340B,2023-12-02T12:58:59.097Z,38.990742,-0.513,891
440,Maulets,Ximen ToviaA,2023-12-02T12:58:59.097Z,38.992357,-0.519858,False
441,CV-645B,Beata InesA,2023-12-02T12:59:09.097Z,0.0,0.0,849
442,Corts Valencianes 1B,Corts Valencianes 2B,2023-12-02T12:59:09.097Z,38.986084,-0.534517,390
443,Corts Valencianes 2A,Alfons MagnanimB,2023-12-02T12:59:09.097Z,38.986084,-0.534517,False
444,Corts Valencianes 2B,Reina,2023-12-02T12:59:09.097Z,38.987684,-0.53061,XXX
445,PalasietA,PalasietB,2023-12-02T12:59:09.097Z,38.985489,-0.534157,False
446,Aben FerriA,Corts Valencianes 2B,2023-12-02T12:59:09.097Z,38.986084,-0.534517,072
447,Argenteria,Aben FerriA,2023-12-02T12:59:09.097Z,38.985489,-0.534157,292
448,9 OctubreA,9 OctubreB,2023-12-02T12:59:09.097Z,38.987144,-0.535236,False
449,9 OctubreB,Beata InesB,2023-12-02T12:59:09.097Z,38.987684,-0.53061,False
450,Abu Masaifa,Argenteria,2023-12-02T12:59:09.097Z,38.987684,-0.53061,661
451,Ausias MarchA,Reina,2023-12-02T12:59:09.097Z,38.987684,-0.53061,914
452,Ausias MarchB,Ximen ToviaB,2023-12-02T12:59:09.097Z,38.991913,-0.524291,622
453,Reina,Republica Argentina,2023-12-02T12:59:09.097Z,38.989955,-0.523503,999
454,Ximen ToviaA,Ximen ToviaB,2023-12-02T12:59:09.097Z,38.991913,-0.524291,057
455,Ximen ToviaB,Gregorio Molina,2023-12-02T12:59:09.097Z,38.992357,-0.519858,330
456,Albereda 2,N-340B,2023-12-02T12:59:09.097Z,38.990742,-0.513,999
457,Maulets,N-340B,2023-12-02T12:59:09.097Z,38.992357,-0.519858,699
458,CV-645A,Corts Valencianes 1B,2023-12-02T12:59:19.097Z,38.985252,-0.537441,449
459,CV-645B,Beata InesA,2023-12-02T12:59:19.097Z,0.0,0.0,851
460,Corts Valencianes 2A,Alfons MagnanimB,2023-12-02T12:59:19.097Z,38.986084,-0.534517,010
461,Corts Valencianes 2B,Ausias MarchB,2023-12-02T12:59:19.097Z,38.987684,-0.53061,035
462,PalasietB,CV-645B,2023-12-02T12:59:19.097Z,38.985252,-0.537441,197
463,Alfons MagnanimB,9 OctubreB,2023-12-02T12:59:19.097Z,38.987144,-0.535236,False
464,Aben FerriA,Alfons MagnanimB,2023-12-02T12:59:19.097Z,38.986084,-0.534517,False
465,Abu Masaifa,Beata InesB,2023-12-02T12:59:19.097Z,38.987684,-0.53061,009
466,Ausias MarchA,Argenteria,2023-12-02T12:59:19.097Z,38.987684,-0.53061,080
467,Ximen ToviaB,Gregorio Molina,2023-12-02T12:59:19.097Z,38.992357,-0.519858,066
468,Albereda 1,Albereda 2,2023-12-02T12:59:19.097Z,38.990122,-0.519633,False
469,Albereda 2,N-340B,2023-12-02T12:59:19.097Z,38.990742,-0.513,044
470,Academic Maravall,Maulets,2023-12-02T12:59:19.097Z,38.991249,-0.518678,268
471,Cosmografo,Maulets,2023-12-02T12:59:19.097Z,38.991249,-0.518678,719
472,CV-645A,Corts Valencianes 1B,2023-12-02T12:59:29.097Z,38.985252,-0.537441,False
473,Corts Valencianes 1B,Alfons MagnanimB,2023-12-02T12:59:29.097Z,38.986084,-0.534517,False
474,Corts Valencianes 2B,Reina,2023-12-02T12:59:29.097Z,38.987684,-0.53061,oeX
475,PalasietB,CV-645B,2023-12-02T12:59:29.097Z,38.985252,-0.537441,903
476,Alfons MagnanimB,9 OctubreB,2023-12-02T12:59:29.097Z,38.987144,-0.535236,010
477,Aben FerriA,Alfons MagnanimB,2023-12-02T12:59:29.097Z,38.986084,-0.534517,729
478,9 OctubreB,Reina,2023-12-02T12:59:29.097Z,38.987684,-0.53061,False
479,Ausias MarchA,9 OctubreA,2023-12-02T12:59:29.097Z,38.987684,-0.53061,False
480,Ausias MarchB,Ximen ToviaB,2023-12-02T12:59:29.097Z,38.991913,-0.524291,886
481,Beata InesA,9 OctubreA,2023-12-02T12:59:29.097Z,38.987684,-0.53061,649
482,Reina,Republica Argentina,2023-12-02T12:59:29.097Z,38.989955,-0.523503,602
483,Albereda 2,Cosmografo,2023-12-02T12:59:29.097Z,38.990742,-0.513,969
484,Cosmografo,Maulets,2023-12-02T12:59:29.097Z,38.991249,-0.518678,121
485,Maulets,Ximen ToviaA,2023-12-02T12:59:29.097Z,38.992357,-0.519858,193
486,N-340B,Beata InesA,2023-12-02T12:59:29.097Z,0.0,0.0,330
487,CV-645B,Beata InesA,2023-12-02T12:59:39.097Z,0.0,0.0,954
488,Corts Valencianes 2B,Argenteria,2023-12-02T12:59:39.097Z,38.987684,-0.53061,390
489,PalasietB,CV-645B,2023-12-02T12:59:39.097Z,38.985252,-0.537441,239
490,Alfons MagnanimB,9 OctubreB,2023-12-02T12:59:39.097Z,38.987144,-0.535236,False
491,Ausias MarchA,Reina,2023-12-02T12:59:39.097Z,38.987684,-0.53061,False
492,Ausias MarchB,Ximen ToviaB,2023-12-02T12:59:39.097Z,38.991913,-0.524291,866
493,Beata InesA,Argenteria,2023-12-02T12:59:39.097Z,38.987684,-0.53061,False
494,Reina,Albereda 1,2023-12-02T12:59:39.097Z,38.989955,-0.523503,775
495,Ximen ToviaA,Ausias MarchA,2023-12-02T12:59:39.097Z,38.991913,-0.524291,981
496,Gregorio Molina,Baixada estacio 2,2023-12-02T12:59:39.097Z,38.991213,-0.523787,338
497,Corts Valencianes 1B,Alfons MagnanimB,2023-12-02T12:59:49.097Z,38.986084,-0.534517,108
498,Corts Valencianes 2A,Alfons MagnanimB,2023-12-02T12:59:49.097Z,38.986084,-0.534517,False
499,Corts Valencianes 2B,Ausias MarchB,2023-12-02T12:59:49.097Z,38.987684,-0.53061,072
500,PalasietB,CV-645B,2023-12-02T12:59:49.097Z,38.985252,-0.537441,False
501,Alfons MagnanimB,Alfons MagnanimA,2023-12-02T12:59:49.097Z,38.987144,-0.535236,False
502,Aben FerriA,Corts Valencianes 1A,2023-12-02T12:59:49.097Z,38.986084,-0.534517,False
503,Argenteria,PalasietB,2023-12-02T12:59:49.097Z,38.985489,-0.534157,False
504,Ausias MarchB,Baixada estacio 1,2023-12-02T12:59:49.097Z,38.991913,-0.524291,970
505,Beata InesA,Ausias MarchB,2023-12-02T12:59:49.097Z,38.987684,-0.53061,330
506,Ximen ToviaB,Gregorio Molina,2023-12-02T12:59:49.097Z,38.992357,-0.519858,499
507,Baixada estacio 2,Albereda 1,2023-12-02T12:59:49.097Z,38.989955,-0.523503,False
508,Gregorio Molina,Baixada estacio 2,2023-12-02T12:59:49.097Z,38.991213,-0.523787,088
509,Albereda 1,Albereda 2,2023-12-02T12:59:49.097Z,38.990122,-0.519633,False
510,Albereda 2,N-340B,2023-12-02T12:59:49.097Z,38.990742,-0.513,303
511,Maulets,Ximen ToviaA,2023-12-02T12:59:49.097Z,38.992357,-0.519858,768
512,CV-645B,CV-645A,2023-12-02T12:59:59.097Z,0.0,0.0,971
513,Corts Valencianes 1A,Corts Valencianes 1B,2023-12-02T12:59:59.097Z,38.985252,-0.537441,False
514,Corts Valencianes 1B,Aben FerriB,2023-12-02T12:59:59.097Z,38.986084,-0.534517,919
515,Alfons MagnanimB,9 OctubreB,2023-12-02T12:59:59.097Z,38.987144,-0.535236,724
516,Ausias MarchA,Beata InesB,2023-12-02T12:59:59.097Z,38.987684,-0.53061,007
517,Ausias MarchB,Baixada estacio 1,2023-12-02T12:59:59.097Z,38.991913,-0.524291,481
518,Beata InesA,Corts Valencianes 2A,2023-12-02T12:59:59.097Z,38.987684,-0.53061,994
519,Reina,Albereda 1,2023-12-02T12:59:59.097Z,38.989955,-0.523503,False
520,Ximen ToviaA,Baixada estacio 1,2023-12-02T12:59:59.097Z,38.991913,-0.524291,940
521,Baixada estacio 2,Republica Argentina,2023-12-02T12:59:59.097Z,38.989955,-0.523503,066
522,Albereda 2,Cosmografo,2023-12-02T12:59:59.097Z,38.990742,-0.513,961
523,Maulets,Ximen ToviaA,2023-12-02T12:59:59.097Z,38.992357,-0.519858,769
524,N-340B,N-340A,2023-12-02T12:59:59.097Z,0.0,0.0,False
525,CV-645B,CV-645A,2023-12-02T13:00:09.097Z,0.0,0.0,999
526,Alfons MagnanimA,Corts Valencianes 2B,2023-12-02T13:00:09.097Z,38.986084,-0.534517,False
527,Alfons MagnanimB,Alfons MagnanimA,2023-12-02T13:00:09.097Z,38.987144,-0.535236,108
528,Aben FerriA,Corts Valencianes 2B,2023-12-02T13:00:09.097Z,38.986084,-0.534517,491
529,Ausias MarchA,Beata InesB,2023-12-02T13:00:09.097Z,38.987684,-0.53061,False
530,Ausias MarchB,Ximen ToviaB,2023-12-02T13:00:09.097Z,38.991913,-0.524291,035
531,Beata InesB,CV-645A,2023-12-02T13:00:09.097Z,0.0,0.0,502
532,Reina,Albereda 1,2023-12-02T13:00:09.097Z,38.989955,-0.523503,XXX
533,Ximen ToviaA,Ausias MarchA,2023-12-02T13:00:09.097Z,38.991913,-0.524291,861
534,Ximen ToviaB,N-340B,2023-12-02T13:00:09.097Z,38.992357,-0.519858,886
535,Baixada estacio 1,Abu Masaifa,2023-12-02T13:00:09.097Z,38.991213,-0.523787,481
536,Gregorio Molina,Baixada estacio 2,2023-12-02T13:00:09.097Z,38.991213,-0.523787,097
537,Cosmografo,Maulets,2023-12-02T13:00:09.097Z,38.991249,-0.518678,False
538,Maulets,N-340B,2023-12-02T13:00:09.097Z,38.992357,-0.519858,121
539,Corts Valencianes 1B,Alfons MagnanimB,2023-12-02T13:00:19.097Z,38.986084,-0.534517,False
540,Corts Valencianes 2A,Aben FerriB,2023-12-02T13:00:19.097Z,38.986084,-0.534517,954
541,Corts Valencianes 2B,Beata InesB,2023-12-02T13:00:19.097Z,38.987684,-0.53061,False
542,PalasietB,CV-645B,2023-12-02T13:00:19.097Z,38.985252,-0.537441,661
543,Alfons MagnanimA,Corts Valencianes 2B,2023-12-02T13:00:19.097Z,38.986084,-0.534517,108
544,Alfons MagnanimB,Alfons MagnanimA,2023-12-02T13:00:19.097Z,38.987144,-0.535236,999
545,Aben FerriB,PalasietB,2023-12-02T13:00:19.097Z,38.985489,-0.534157,919
546,9 OctubreA,9 OctubreB,2023-12-02T13:00:19.097Z,38.987144,-0.535236,676
547,Ausias MarchA,Corts Valencianes 2A,2023-12-02T13:00:19.097Z,38.987684,-0.53061,False
548,Ausias MarchB,Ausias MarchA,2023-12-02T13:00:19.097Z,38.991913,-0.524291,263
549,Reina,Republica Argentina,2023-12-02T13:00:19.097Z,38.989955,-0.523503,914
550,Ximen ToviaA,Baixada estacio 1,2023-12-02T13:00:19.097Z,38.991913,-0.524291,527
551,Ximen ToviaB,Ximen ToviaA,2023-12-02T13:00:19.097Z,38.992357,-0.519858,934
552,Baixada estacio 1,Abu Masaifa,2023-12-02T13:00:19.097Z,38.991213,-0.523787,940
553,Albereda 1,Albereda 2,2023-12-02T13:00:19.097Z,38.990122,-0.519633,330
554,Albereda 2,Cosmografo,2023-12-02T13:00:19.097Z,38.990742,-0.513,699
555,CV-645B,Beata InesA,2023-12-02T13:00:29.097Z,0.0,0.0,098
556,Corts Valencianes 2B,9 OctubreA,2023-12-02T13:00:29.097Z,38.987684,-0.53061,587
557,Alfons MagnanimA,Corts Valencianes 2B,2023-12-02T13:00:29.097Z,38.986084,-0.534517,999
558,Alfons MagnanimB,9 OctubreB,2023-12-02T13:00:29.097Z,38.987144,-0.535236,False
559,9 OctubreB,Argenteria,2023-12-02T13:00:29.097Z,38.987684,-0.53061,False
560,Ausias MarchA,Argenteria,2023-12-02T13:00:29.097Z,38.987684,-0.53061,895
561,Ausias MarchB,Ausias MarchA,2023-12-02T13:00:29.097Z,38.991913,-0.524291,817
562,Reina,Republica Argentina,2023-12-02T13:00:29.097Z,38.989955,-0.523503,796
563,Ximen ToviaA,Ximen ToviaB,2023-12-02T13:00:29.097Z,38.991913,-0.524291,193
564,Baixada estacio 1,Abu Masaifa,2023-12-02T13:00:29.097Z,38.991213,-0.523787,527
565,Gregorio Molina,Abu Masaifa,2023-12-02T13:00:29.097Z,38.991213,-0.523787,684
566,Albereda 1,Albereda 2,2023-12-02T13:00:29.097Z,38.990122,-0.519633,609
567,Albereda 2,Cosmografo,2023-12-02T13:00:29.097Z,38.990742,-0.513,484
568,Maulets,N-340B,2023-12-02T13:00:29.097Z,38.992357,-0.519858,969
569,N-340B,CV-645A,2023-12-02T13:00:29.097Z,0.0,0.0,False
570,CV-645A,PalasietA,2023-12-02T13:00:39.097Z,38.985252,-0.537441,161
571,Corts Valencianes 1A,CV-645B,2023-12-02T13:00:39.097Z,38.985252,-0.537441,997
572,PalasietB,CV-645B,2023-12-02T13:00:39.097Z,38.985252,-0.537441,919
573,Argenteria,Aben FerriA,2023-12-02T13:00:39.097Z,38.985489,-0.534157,080
574,9 OctubreB,Reina,2023-12-02T13:00:39.097Z,38.987684,-0.53061,976
575,Ausias MarchA,Reina,2023-12-02T13:00:39.097Z,38.987684,-0.53061,996
576,Beata InesA,Ausias MarchB,2023-12-02T13:00:39.097Z,38.987684,-0.53061,056
577,Ximen ToviaA,Ausias MarchA,2023-12-02T13:00:39.097Z,38.991913,-0.524291,768
578,Ximen ToviaB,Ximen ToviaA,2023-12-02T13:00:39.097Z,38.992357,-0.519858,035
579,Albereda 1,Albereda 2,2023-12-02T13:00:39.097Z,38.990122,-0.519633,XXX
580,Albereda 2,N-340B,2023-12-02T13:00:39.097Z,38.990742,-0.513,False
581,CV-645A,PalasietA,2023-12-02T13:00:49.097Z,38.985252,-0.537441,265
582,Corts Valencianes 2A,Corts Valencianes 2B,2023-12-02T13:00:49.097Z,38.986084,-0.534517,970
583,Corts Valencianes 2B,Argenteria,2023-12-02T13:00:49.097Z,38.987684,-0.53061,108
584,PalasietB,PalasietA,2023-12-02T13:00:49.097Z,38.985252,-0.537441,449
585,Argenteria,Aben FerriA,2023-12-02T13:00:49.097Z,38.985489,-0.534157,330
586,9 OctubreA,Alfons MagnanimA,2023-12-02T13:00:49.097Z,38.987144,-0.535236,491
587,9 OctubreB,Beata InesB,2023-12-02T13:00:49.097Z,38.987684,-0.53061,665
588,Ausias MarchA,Reina,2023-12-02T13:00:49.097Z,38.987684,-0.53061,479
589,Reina,Albereda 1,2023-12-02T13:00:49.097Z,38.989955,-0.523503,686
590,Ximen ToviaA,Baixada estacio 1,2023-12-02T13:00:49.097Z,38.991913,-0.524291,735
591,Ximen ToviaB,N-340B,2023-12-02T13:00:49.097Z,38.992357,-0.519858,193
592,Albereda 2,N-340B,2023-12-02T13:00:49.097Z,38.990742,-0.513,175
593,CV-645A,PalasietA,2023-12-02T13:00:59.097Z,38.985252,-0.537441,502
594,PalasietA,Aben FerriA,2023-12-02T13:00:59.097Z,38.985489,-0.534157,971
595,Aben FerriA,Corts Valencianes 2B,2023-12-02T13:00:59.097Z,38.986084,-0.534517,802
596,9 OctubreB,Reina,2023-12-02T13:00:59.097Z,38.987684,-0.53061,False
597,Abu Masaifa,Reina,2023-12-02T13:00:59.097Z,38.987684,-0.53061,481
598,Ausias MarchB,Ximen ToviaB,2023-12-02T13:00:59.097Z,38.991913,-0.524291,710
599,Reina,Republica Argentina,2023-12-02T13:00:59.097Z,38.989955,-0.523503,717
600,Albereda 2,Cosmografo,2023-12-02T13:00:59.097Z,38.990742,-0.513,False
601,N-340B,N-340A,2023-12-02T13:00:59.097Z,0.0,0.0,047
602,CV-645A,Corts Valencianes 1B,2023-12-02T13:01:09.097Z,38.985252,-0.537441,466
603,CV-645B,Beata InesA,2023-12-02T13:01:09.097Z,0.0,0.0,mel
604,Corts Valencianes 2A,Corts Valencianes 1A,2023-12-02T13:01:09.097Z,38.986084,-0.534517,False
605,Corts Valencianes 2B,Ausias MarchB,2023-12-02T13:01:09.097Z,38.987684,-0.53061,955
606,PalasietA,Aben FerriA,2023-12-02T13:01:09.097Z,38.985489,-0.534157,699
607,Argenteria,PalasietB,2023-12-02T13:01:09.097Z,38.985489,-0.534157,False
608,9 OctubreB,Reina,2023-12-02T13:01:09.097Z,38.987684,-0.53061,729
609,Abu Masaifa,Ausias MarchB,2023-12-02T13:01:09.097Z,38.987684,-0.53061,186
610,Ausias MarchA,Reina,2023-12-02T13:01:09.097Z,38.987684,-0.53061,981
611,Reina,Republica Argentina,2023-12-02T13:01:09.097Z,38.989955,-0.523503,750
612,Albereda 1,Albereda 2,2023-12-02T13:01:09.097Z,38.990122,-0.519633,686
613,Corts Valencianes 1B,Corts Valencianes 2B,2023-12-02T13:01:19.097Z,38.986084,-0.534517,466
614,Corts Valencianes 2B,Argenteria,2023-12-02T13:01:19.097Z,38.987684,-0.53061,979
615,Alfons MagnanimB,Alfons MagnanimA,2023-12-02T13:01:19.097Z,38.987144,-0.535236,643
616,Argenteria,PalasietB,2023-12-02T13:01:19.097Z,38.985489,-0.534157,696
617,9 OctubreB,Argenteria,2023-12-02T13:01:19.097Z,38.987684,-0.53061,380
618,Ausias MarchB,Baixada estacio 1,2023-12-02T13:01:19.097Z,38.991913,-0.524291,372
619,Reina,Republica Argentina,2023-12-02T13:01:19.097Z,38.989955,-0.523503,960
620,Ximen ToviaB,Gregorio Molina,2023-12-02T13:01:19.097Z,38.992357,-0.519858,710
621,Baixada estacio 1,Abu Masaifa,2023-12-02T13:01:19.097Z,38.991213,-0.523787,735
622,Cosmografo,Maulets,2023-12-02T13:01:19.097Z,38.991249,-0.518678,False
623,N-340B,N-340A,2023-12-02T13:01:19.097Z,0.0,0.0,136
624,Corts Valencianes 1A,CV-645B,2023-12-02T13:01:29.097Z,38.985252,-0.537441,False
625,PalasietA,Aben FerriA,2023-12-02T13:01:29.097Z,38.985489,-0.534157,069
626,Alfons MagnanimA,Corts Valencianes 1A,2023-12-02T13:01:29.097Z,38.986084,-0.534517,False
627,Argenteria,Aben FerriA,2023-12-02T13:01:29.097Z,38.985489,-0.534157,108
628,9 OctubreB,Beata InesB,2023-12-02T13:01:29.097Z,38.987684,-0.53061,False
629,Ausias MarchB,Ausias MarchA,2023-12-02T13:01:29.097Z,38.991913,-0.524291,035
630,Beata InesA,Argenteria,2023-12-02T13:01:29.097Z,38.987684,-0.53061,mel
631,Baixada estacio 1,Abu Masaifa,2023-12-02T13:01:29.097Z,38.991213,-0.523787,372
632,Carme 2,Albereda 2,2023-12-02T13:01:29.097Z,38.990122,-0.519633,666
633,Cosmografo,Maulets,2023-12-02T13:01:29.097Z,38.991249,-0.518678,484
634,CV-645B,Beata InesA,2023-12-02T13:01:39.097Z,0.0,0.0,996
635,Corts Valencianes 1A,PalasietA,2023-12-02T13:01:39.097Z,38.985252,-0.537441,446
636,PalasietA,Aben FerriA,2023-12-02T13:01:39.097Z,38.985489,-0.534157,502
637,PalasietB,PalasietA,2023-12-02T13:01:39.097Z,38.985252,-0.537441,False
638,Aben FerriA,Corts Valencianes 2B,2023-12-02T13:01:39.097Z,38.986084,-0.534517,916
639,Argenteria,PalasietB,2023-12-02T13:01:39.097Z,38.985489,-0.534157,970
640,Abu Masaifa,Corts Valencianes 2A,2023-12-02T13:01:39.097Z,38.987684,-0.53061,940
641,Ausias MarchA,Argenteria,2023-12-02T13:01:39.097Z,38.987684,-0.53061,667
642,Ausias MarchB,Ximen ToviaB,2023-12-02T13:01:39.097Z,38.991913,-0.524291,072
643,Ximen ToviaA,Ausias MarchA,2023-12-02T13:01:39.097Z,38.991913,-0.524291,866
644,Cosmografo,Maulets,2023-12-02T13:01:39.097Z,38.991249,-0.518678,338
645,Maulets,Ximen ToviaA,2023-12-02T13:01:39.097Z,38.992357,-0.519858,699
646,N-340B,Beata InesA,2023-12-02T13:01:39.097Z,0.0,0.0,268
647,PalasietB,CV-645B,2023-12-02T13:01:49.097Z,38.985252,-0.537441,895
648,Alfons MagnanimA,Corts Valencianes 1A,2023-12-02T13:01:49.097Z,38.986084,-0.534517,643
649,Aben FerriA,Alfons MagnanimB,2023-12-02T13:01:49.097Z,38.986084,-0.534517,265
650,Abu Masaifa,9 OctubreA,2023-12-02T13:01:49.097Z,38.987684,-0.53061,False
651,Ausias MarchA,Reina,2023-12-02T13:01:49.097Z,38.987684,-0.53061,692
652,Beata InesA,Argenteria,2023-12-02T13:01:49.097Z,38.987684,-0.53061,936
653,Reina,Republica Argentina,2023-12-02T13:01:49.097Z,38.989955,-0.523503,473
654,Cosmografo,Maulets,2023-12-02T13:01:49.097Z,38.991249,-0.518678,894
655,Maulets,Gregorio Molina,2023-12-02T13:01:49.097Z,38.992357,-0.519858,484
656,N-340B,N-340A,2023-12-02T13:01:49.097Z,0.0,0.0,691
657,CV-645B,N-340A,2023-12-02T13:01:59.097Z,0.0,0.0,419
658,PalasietA,PalasietB,2023-12-02T13:01:59.097Z,38.985489,-0.534157,False
659,PalasietB,CV-645B,2023-12-02T13:01:59.097Z,38.985252,-0.537441,False
660,Alfons MagnanimB,Alfons MagnanimA,2023-12-02T13:01:59.097Z,38.987144,-0.535236,582
661,Aben FerriA,Corts Valencianes 2B,2023-12-02T13:01:59.097Z,38.986084,-0.534517,530
662,9 OctubreB,Ausias MarchB,2023-12-02T13:01:59.097Z,38.987684,-0.53061,026
663,Ausias MarchB,Baixada estacio 1,2023-12-02T13:01:59.097Z,38.991913,-0.524291,330
664,Beata InesA,Reina,2023-12-02T13:01:59.097Z,38.987684,-0.53061,288
665,Reina,Albereda 1,2023-12-02T13:01:59.097Z,38.989955,-0.523503,False
666,Ximen ToviaA,Ausias MarchA,2023-12-02T13:01:59.097Z,38.991913,-0.524291,035
667,N-340B,CV-645A,2023-12-02T13:01:59.097Z,0.0,0.0,493
668,Corts Valencianes 2A,Corts Valencianes 2B,2023-12-02T13:02:09.097Z,38.986084,-0.534517,940
669,Corts Valencianes 2B,9 OctubreA,2023-12-02T13:02:09.097Z,38.987684,-0.53061,802
670,Alfons MagnanimA,Corts Valencianes 2B,2023-12-02T13:02:09.097Z,38.986084,-0.534517,999
671,Aben FerriA,Corts Valencianes 1A,2023-12-02T13:02:09.097Z,38.986084,-0.534517,108
672,Abu Masaifa,Beata InesB,2023-12-02T13:02:09.097Z,38.987684,-0.53061,684
673,Ausias MarchA,Beata InesB,2023-12-02T13:02:09.097Z,38.987684,-0.53061,268
674,Beata InesB,Beata InesA,2023-12-02T13:02:09.097Z,0.0,0.0,False
675,Reina,Albereda 1,2023-12-02T13:02:09.097Z,38.989955,-0.523503,481
676,Ximen ToviaA,Baixada estacio 1,2023-12-02T13:02:09.097Z,38.991913,-0.524291,False
677,Ximen ToviaB,Ximen ToviaA,2023-12-02T13:02:09.097Z,38.992357,-0.519858,077
678,Maulets,Ximen ToviaA,2023-12-02T13:02:09.097Z,38.992357,-0.519858,338
679,CV-645A,PalasietA,2023-12-02T13:02:19.097Z,38.985252,-0.537441,493
680,Corts Valencianes 1A,Corts Valencianes 1B,2023-12-02T13:02:19.097Z,38.985252,-0.537441,643
681,Corts Valencianes 2B,Reina,2023-12-02T13:02:19.097Z,38.987684,-0.53061,707
682,PalasietA,Aben FerriA,2023-12-02T13:02:19.097Z,38.985489,-0.534157,False
683,PalasietB,CV-645B,2023-12-02T13:02:19.097Z,38.985252,-0.537441,False
684,Alfons MagnanimB,Alfons MagnanimA,2023-12-02T13:02:19.097Z,38.987144,-0.535236,958
685,Aben FerriA,Alfons MagnanimB,2023-12-02T13:02:19.097Z,38.986084,-0.534517,502
686,Abu Masaifa,Corts Valencianes 2A,2023-12-02T13:02:19.097Z,38.987684,-0.53061,735
687,Ausias MarchA,Beata InesB,2023-12-02T13:02:19.097Z,38.987684,-0.53061,910
688,Beata InesB,Beata InesA,2023-12-02T13:02:19.097Z,0.0,0.0,619
689,Ximen ToviaA,Ausias MarchA,2023-12-02T13:02:19.097Z,38.991913,-0.524291,261
690,Baixada estacio 1,Baixada estacio 2,2023-12-02T13:02:19.097Z,38.991213,-0.523787,330
691,Gregorio Molina,Baixada estacio 2,2023-12-02T13:02:19.097Z,38.991213,-0.523787,710
692,Maulets,Gregorio Molina,2023-12-02T13:02:19.097Z,38.992357,-0.519858,694
693,CV-645B,Beata InesA,2023-12-02T13:02:29.097Z,0.0,0.0,018
694,Corts Valencianes 1B,Corts Valencianes 2B,2023-12-02T13:02:29.097Z,38.986084,-0.534517,643
695,Corts Valencianes 2B,Corts Valencianes 2A,2023-12-02T13:02:29.097Z,38.987684,-0.53061,916
696,Alfons MagnanimB,Alfons MagnanimA,2023-12-02T13:02:29.097Z,38.987144,-0.535236,507
697,Aben FerriA,Corts Valencianes 1A,2023-12-02T13:02:29.097Z,38.986084,-0.534517,489
698,Ausias MarchA,Argenteria,2023-12-02T13:02:29.097Z,38.987684,-0.53061,647
699,Baixada estacio 2,Republica Argentina,2023-12-02T13:02:29.097Z,38.989955,-0.523503,330
700,Albereda 1,Albereda 2,2023-12-02T13:02:29.097Z,38.990122,-0.519633,481
701,N-340B,N-340A,2023-12-02T13:02:29.097Z,0.0,0.0,941
702,CV-645B,N-340A,2023-12-02T13:02:39.097Z,0.0,0.0,128
703,Corts Valencianes 2A,Aben FerriB,2023-12-02T13:02:39.097Z,38.986084,-0.534517,719
704,Corts Valencianes 2B,Corts Valencianes 2A,2023-12-02T13:02:39.097Z,38.987684,-0.53061,919
705,Alfons MagnanimA,Corts Valencianes 1A,2023-12-02T13:02:39.097Z,38.986084,-0.534517,159
706,Aben FerriA,Corts Valencianes 2B,2023-12-02T13:02:39.097Z,38.986084,-0.534517,False
707,Argenteria,PalasietB,2023-12-02T13:02:39.097Z,38.985489,-0.534157,380
708,Ausias MarchA,Argenteria,2023-12-02T13:02:39.097Z,38.987684,-0.53061,035
709,Ausias MarchB,Ausias MarchA,2023-12-02T13:02:39.097Z,38.991913,-0.524291,186
710,Beata InesA,Reina,2023-12-02T13:02:39.097Z,38.987684,-0.53061,False
711,Reina,Albereda 1,2023-12-02T13:02:39.097Z,38.989955,-0.523503,941
712,N-340B,CV-645A,2023-12-02T13:02:39.097Z,0.0,0.0,395
713,CV-645B,Beata InesA,2023-12-02T13:02:49.097Z,0.0,0.0,644
714,Corts Valencianes 1A,CV-645B,2023-12-02T13:02:49.097Z,38.985252,-0.537441,489
715,Corts Valencianes 2B,Argenteria,2023-12-02T13:02:49.097Z,38.987684,-0.53061,940
716,Alfons MagnanimA,Aben FerriB,2023-12-02T13:02:49.097Z,38.986084,-0.534517,502
717,Aben FerriB,PalasietB,2023-12-02T13:02:49.097Z,38.985489,-0.534157,769
718,Ausias MarchA,Reina,2023-12-02T13:02:49.097Z,38.987684,-0.53061,261
719,Ausias MarchB,Ausias MarchA,2023-12-02T13:02:49.097Z,38.991913,-0.524291,669
720,Beata InesA,Ausias MarchB,2023-12-02T13:02:49.097Z,38.987684,-0.53061,547
721,Reina,Albereda 1,2023-12-02T13:02:49.097Z,38.989955,-0.523503,263
722,Baixada estacio 2,Republica Argentina,2023-12-02T13:02:49.097Z,38.989955,-0.523503,710
723,Albereda 2,Cosmografo,2023-12-02T13:02:49.097Z,38.990742,-0.513,977
724,CV-645B,Beata InesA,2023-12-02T13:02:59.097Z,0.0,0.0,054
725,Corts Valencianes 1A,PalasietA,2023-12-02T13:02:59.097Z,38.985252,-0.537441,959
726,Corts Valencianes 1B,Corts Valencianes 1A,2023-12-02T13:02:59.097Z,38.986084,-0.534517,792
727,Corts Valencianes 2B,Argenteria,2023-12-02T13:02:59.097Z,38.987684,-0.53061,265
728,PalasietA,PalasietB,2023-12-02T13:02:59.097Z,38.985489,-0.534157,493
729,Argenteria,Aben FerriA,2023-12-02T13:02:59.097Z,38.985489,-0.534157,667
730,9 OctubreA,9 OctubreB,2023-12-02T13:02:59.097Z,38.987144,-0.535236,802
731,Reina,Albereda 1,2023-12-02T13:02:59.097Z,38.989955,-0.523503,268
732,Gregorio Molina,Abu Masaifa,2023-12-02T13:02:59.097Z,38.991213,-0.523787,894
733,Albereda 1,Albereda 2,2023-12-02T13:02:59.097Z,38.990122,-0.519633,941
734,Albereda 2,N-340B,2023-12-02T13:02:59.097Z,38.990742,-0.513,False
735,CV-645A,PalasietA,2023-12-02T13:03:09.097Z,38.985252,-0.537441,395
736,Corts Valencianes 2B,Beata InesB,2023-12-02T13:03:09.097Z,38.987684,-0.53061,487
737,PalasietA,PalasietB,2023-12-02T13:03:09.097Z,38.985489,-0.534157,959
738,Alfons MagnanimA,Corts Valencianes 1A,2023-12-02T13:03:09.097Z,38.986084,-0.534517,False
739,Aben FerriA,Corts Valencianes 2B,2023-12-02T13:03:09.097Z,38.986084,-0.534517,861
740,Aben FerriB,Aben FerriA,2023-12-02T13:03:09.097Z,38.985489,-0.534157,817
741,Argenteria,PalasietB,2023-12-02T13:03:09.097Z,38.985489,-0.534157,936
742,Abu Masaifa,Reina,2023-12-02T13:03:09.097Z,38.987684,-0.53061,372
743,Ausias MarchA,9 OctubreA,2023-12-02T13:03:09.097Z,38.987684,-0.53061,186
744,Beata InesA,Ausias MarchB,2023-12-02T13:03:09.097Z,38.987684,-0.53061,019
745,Reina,Albereda 1,2023-12-02T13:03:09.097Z,38.989955,-0.523503,991
746,Ximen ToviaA,Baixada estacio 1,2023-12-02T13:03:09.097Z,38.991913,-0.524291,249
747,Albereda 1,Albereda 2,2023-12-02T13:03:09.097Z,38.990122,-0.519633,692
748,CV-645B,CV-645A,2023-12-02T13:03:19.097Z,0.0,0.0,945
749,Corts Valencianes 1A,CV-645B,2023-12-02T13:03:19.097Z,38.985252,-0.537441,False
750,Corts Valencianes 2B,Ausias MarchB,2023-12-02T13:03:19.097Z,38.987684,-0.53061,843
751,PalasietB,PalasietA,2023-12-02T13:03:19.097Z,38.985252,-0.537441,380
752,Aben FerriA,Alfons MagnanimB,2023-12-02T13:03:19.097Z,38.986084,-0.534517,817
753,Argenteria,PalasietB,2023-12-02T13:03:19.097Z,38.985489,-0.534157,False
754,Ausias MarchA,Reina,2023-12-02T13:03:19.097Z,38.987684,-0.53061,026
755,Beata InesA,Argenteria,2023-12-02T13:03:19.097Z,38.987684,-0.53061,844
756,Beata InesB,N-340A,2023-12-02T13:03:19.097Z,0.0,0.0,483
757,Reina,Republica Argentina,2023-12-02T13:03:19.097Z,38.989955,-0.523503,285
758,Ximen ToviaA,Ausias MarchA,2023-12-02T13:03:19.097Z,38.991913,-0.524291,338
759,Baixada estacio 1,Abu Masaifa,2023-12-02T13:03:19.097Z,38.991213,-0.523787,072
760,Albereda 2,N-340B,2023-12-02T13:03:19.097Z,38.990742,-0.513,False
761,Cosmografo,Maulets,2023-12-02T13:03:19.097Z,38.991249,-0.518678,609
762,N-340B,N-340A,2023-12-02T13:03:19.097Z,0.0,0.0,879
763,Corts Valencianes 2A,Alfons MagnanimB,2023-12-02T13:03:29.097Z,38.986084,-0.534517,971
764,Corts Valencianes 2B,9 OctubreA,2023-12-02T13:03:29.097Z,38.987684,-0.53061,987
765,PalasietB,Corts Valencianes 1B,2023-12-02T13:03:29.097Z,38.985252,-0.537441,735
766,Alfons MagnanimB,Alfons MagnanimA,2023-12-02T13:03:29.097Z,38.987144,-0.535236,837
767,Argenteria,PalasietB,2023-12-02T13:03:29.097Z,38.985489,-0.534157,035
768,9 OctubreB,Beata InesB,2023-12-02T13:03:29.097Z,38.987684,-0.53061,802
769,Beata InesA,Ausias MarchB,2023-12-02T13:03:29.097Z,38.987684,-0.53061,094
770,Reina,Albereda 1,2023-12-02T13:03:29.097Z,38.989955,-0.523503,False
771,Albereda 1,Albereda 2,2023-12-02T13:03:29.097Z,38.990122,-0.519633,991
772,Albereda 2,Cosmografo,2023-12-02T13:03:29.097Z,38.990742,-0.513,666
773,Maulets,Gregorio Molina,2023-12-02T13:03:29.097Z,38.992357,-0.519858,False
774,CV-645B,N-340A,2023-12-02T13:03:39.097Z,0.0,0.0,205
775,Corts Valencianes 1B,Alfons MagnanimB,2023-12-02T13:03:39.097Z,38.986084,-0.534517,769
776,Corts Valencianes 2A,Corts Valencianes 1A,2023-12-02T13:03:39.097Z,38.986084,-0.534517,919
777,Corts Valencianes 2B,9 OctubreA,2023-12-02T13:03:39.097Z,38.987684,-0.53061,861
778,PalasietA,PalasietB,2023-12-02T13:03:39.097Z,38.985489,-0.534157,982
779,PalasietB,Corts Valencianes 1B,2023-12-02T13:03:39.097Z,38.985252,-0.537441,493
780,Alfons MagnanimA,Corts Valencianes 1A,2023-12-02T13:03:39.097Z,38.986084,-0.534517,817
781,Alfons MagnanimB,9 OctubreB,2023-12-02T13:03:39.097Z,38.987144,-0.535236,149
782,Aben FerriA,Corts Valencianes 2B,2023-12-02T13:03:39.097Z,38.986084,-0.534517,390
783,Aben FerriB,PalasietB,2023-12-02T13:03:39.097Z,38.985489,-0.534157,063
784,Argenteria,PalasietB,2023-12-02T13:03:39.097Z,38.985489,-0.534157,140
785,9 OctubreA,9 OctubreB,2023-12-02T13:03:39.097Z,38.987144,-0.535236,999
786,Abu Masaifa,Corts Valencianes 2A,2023-12-02T13:03:39.097Z,38.987684,-0.53061,894
787,Ausias MarchB,Ximen ToviaB,2023-12-02T13:03:39.097Z,38.991913,-0.524291,016
788,Reina,Republica Argentina,2023-12-02T13:03:39.097Z,38.989955,-0.523503,999
789,Corts Valencianes 2A,Corts Valencianes 2B,2023-12-02T13:03:49.097Z,38.986084,-0.534517,799
790,Corts Valencianes 2B,Argenteria,2023-12-02T13:03:49.097Z,38.987684,-0.53061,390
791,Alfons MagnanimB,9 OctubreB,2023-12-02T13:03:49.097Z,38.987144,-0.535236,719
792,Ausias MarchB,Ausias MarchA,2023-12-02T13:03:49.097Z,38.991913,-0.524291,643
793,Reina,Republica Argentina,2023-12-02T13:03:49.097Z,38.989955,-0.523503,261
794,Gregorio Molina,Baixada estacio 2,2023-12-02T13:03:49.097Z,38.991213,-0.523787,609
795,Albereda 2,N-340B,2023-12-02T13:03:49.097Z,38.990742,-0.513,981
796,N-340B,Beata InesA,2023-12-02T13:03:49.097Z,0.0,0.0,881
797,CV-645A,PalasietA,2023-12-02T13:03:59.097Z,38.985252,-0.537441,945
798,CV-645B,Beata InesA,2023-12-02T13:03:59.097Z,0.0,0.0,969
799,Corts Valencianes 1A,CV-645B,2023-12-02T13:03:59.097Z,38.985252,-0.537441,False
800,Corts Valencianes 1B,Aben FerriB,2023-12-02T13:03:59.097Z,38.986084,-0.534517,493
801,Corts Valencianes 2A,Corts Valencianes 1A,2023-12-02T13:03:59.097Z,38.986084,-0.534517,894
802,PalasietA,Aben FerriA,2023-12-02T13:03:59.097Z,38.985489,-0.534157,380
803,PalasietB,Corts Valencianes 1B,2023-12-02T13:03:59.097Z,38.985252,-0.537441,959
804,Alfons MagnanimB,9 OctubreB,2023-12-02T13:03:59.097Z,38.987144,-0.535236,486
805,Argenteria,PalasietB,2023-12-02T13:03:59.097Z,38.985489,-0.534157,003
806,9 OctubreB,Reina,2023-12-02T13:03:59.097Z,38.987684,-0.53061,161
807,Ausias MarchB,Baixada estacio 1,2023-12-02T13:03:59.097Z,38.991913,-0.524291,054
808,Beata InesA,Ausias MarchB,2023-12-02T13:03:59.097Z,38.987684,-0.53061,881
809,Reina,Republica Argentina,2023-12-02T13:03:59.097Z,38.989955,-0.523503,372
810,Ximen ToviaB,Ximen ToviaA,2023-12-02T13:03:59.097Z,38.992357,-0.519858,016
811,Albereda 2,N-340B,2023-12-02T13:03:59.097Z,38.990742,-0.513,263
812,Cosmografo,Maulets,2023-12-02T13:03:59.097Z,38.991249,-0.518678,398
813,Corts Valencianes 1B,Aben FerriB,2023-12-02T13:04:09.097Z,38.986084,-0.534517,959
814,PalasietA,PalasietB,2023-12-02T13:04:09.097Z,38.985489,-0.534157,False
815,Alfons MagnanimA,Corts Valencianes 2B,2023-12-02T13:04:09.097Z,38.986084,-0.534517,435
816,Aben FerriB,Aben FerriA,2023-12-02T13:04:09.097Z,38.985489,-0.534157,493
817,Argenteria,PalasietB,2023-12-02T13:04:09.097Z,38.985489,-0.534157,390
818,Reina,Albereda 1,2023-12-02T13:04:09.097Z,38.989955,-0.523503,724
819,Baixada estacio 1,Abu Masaifa,2023-12-02T13:04:09.097Z,38.991213,-0.523787,094
820,Albereda 1,Albereda 2,2023-12-02T13:04:09.097Z,38.990122,-0.519633,False
821,Albereda 2,Cosmografo,2023-12-02T13:04:09.097Z,38.990742,-0.513,991
822,CV-645B,Beata InesA,2023-12-02T13:04:19.097Z,0.0,0.0,719
823,Corts Valencianes 1A,CV-645B,2023-12-02T13:04:19.097Z,38.985252,-0.537441,837
824,Corts Valencianes 2B,9 OctubreA,2023-12-02T13:04:19.097Z,38.987684,-0.53061,717
825,PalasietA,Aben FerriA,2023-12-02T13:04:19.097Z,38.985489,-0.534157,945
826,PalasietB,PalasietA,2023-12-02T13:04:19.097Z,38.985252,-0.537441,866
827,Alfons MagnanimA,Alfons MagnanimB,2023-12-02T13:04:19.097Z,38.986084,-0.534517,932
828,Aben FerriA,Corts Valencianes 2B,2023-12-02T13:04:19.097Z,38.986084,-0.534517,380
829,Aben FerriB,Aben FerriA,2023-12-02T13:04:19.097Z,38.985489,-0.534157,159
830,Argenteria,PalasietB,2023-12-02T13:04:19.097Z,38.985489,-0.534157,582
831,9 OctubreB,Argenteria,2023-12-02T13:04:19.097Z,38.987684,-0.53061,186
832,Beata InesB,CV-645A,2023-12-02T13:04:19.097Z,0.0,0.0,487
833,Reina,Albereda 1,2023-12-02T13:04:19.097Z,38.989955,-0.523503,026
834,Ximen ToviaA,Ausias MarchA,2023-12-02T13:04:19.097Z,38.991913,-0.524291,018
835,Albereda 1,Albereda 2,2023-12-02T13:04:19.097Z,38.990122,-0.519633,159
836,Albereda 2,N-340B,2023-12-02T13:04:19.097Z,38.990742,-0.513,481
837,Maulets,N-340B,2023-12-02T13:04:19.097Z,38.992357,-0.519858,398
838,N-340B,N-340A,2023-12-02T13:04:19.097Z,0.0,0.0,907
839,CV-645B,Beata InesA,2023-12-02T13:04:29.097Z,0.0,0.0,056
840,PalasietB,Corts Valencianes 1B,2023-12-02T13:04:29.097Z,38.985252,-0.537441,036
841,Alfons MagnanimB,9 OctubreB,2023-12-02T13:04:29.097Z,38.987144,-0.535236,324
842,9 OctubreB,9 OctubreA,2023-12-02T13:04:29.097Z,38.987684,-0.53061,735
843,Ausias MarchA,9 OctubreA,2023-12-02T13:04:29.097Z,38.987684,-0.53061,643
844,Beata InesA,Argenteria,2023-12-02T13:04:29.097Z,38.987684,-0.53061,996
845,Cosmografo,Maulets,2023-12-02T13:04:29.097Z,38.991249,-0.518678,269
846,N-340B,N-340B,2023-12-02T13:04:29.097Z,0.0,0.0,False
847,CV-645B,N-340A,2023-12-02T13:04:39.097Z,0.0,0.0,759
848,Corts Valencianes 1A,CV-645B,2023-12-02T13:04:39.097Z,38.985252,-0.537441,694
849,Corts Valencianes 2B,Corts Valencianes 2A,2023-12-02T13:04:39.097Z,38.987684,-0.53061,435
850,PalasietA,Aben FerriA,2023-12-02T13:04:39.097Z,38.985489,-0.534157,936
851,PalasietB,CV-645B,2023-12-02T13:04:39.097Z,38.985252,-0.537441,982
852,Aben FerriA,Corts Valencianes 1A,2023-12-02T13:04:39.097Z,38.986084,-0.534517,152
853,9 OctubreB,Ausias MarchB,2023-12-02T13:04:39.097Z,38.987684,-0.53061,486
854,Ausias MarchA,Corts Valencianes 2A,2023-12-02T13:04:39.097Z,38.987684,-0.53061,019
855,Beata InesB,Beata InesA,2023-12-02T13:04:39.097Z,0.0,0.0,716
856,Albereda 1,Albereda 2,2023-12-02T13:04:39.097Z,38.990122,-0.519633,724
857,Maulets,N-340B,2023-12-02T13:04:39.097Z,38.992357,-0.519858,696
858,N-340B,Beata InesA,2023-12-02T13:04:39.097Z,0.0,0.0,899
859,CV-645A,PalasietA,2023-12-02T13:04:49.097Z,38.985252,-0.537441,487
860,Corts Valencianes 1A,CV-645B,2023-12-02T13:04:49.097Z,38.985252,-0.537441,162
861,Corts Valencianes 1B,Alfons MagnanimB,2023-12-02T13:04:49.097Z,38.986084,-0.534517,False
862,Corts Valencianes 2B,Reina,2023-12-02T13:04:49.097Z,38.987684,-0.53061,380
863,PalasietB,Corts Valencianes 1B,2023-12-02T13:04:49.097Z,38.985252,-0.537441,063
864,Aben FerriA,Alfons MagnanimB,2023-12-02T13:04:49.097Z,38.986084,-0.534517,849
865,9 OctubreA,Alfons MagnanimA,2023-12-02T13:04:49.097Z,38.987144,-0.535236,False
866,9 OctubreB,Argenteria,2023-12-02T13:04:49.097Z,38.987684,-0.53061,932
867,Beata InesA,Argenteria,2023-12-02T13:04:49.097Z,38.987684,-0.53061,719
868,Albereda 1,Albereda 2,2023-12-02T13:04:49.097Z,38.990122,-0.519633,649
869,Albereda 2,N-340B,2023-12-02T13:04:49.097Z,38.990742,-0.513,784
870,CV-645B,Beata InesA,2023-12-02T13:04:59.097Z,0.0,0.0,280
871,Corts Valencianes 1B,Corts Valencianes 1A,2023-12-02T13:04:59.097Z,38.986084,-0.534517,063
872,PalasietA,Aben FerriA,2023-12-02T13:04:59.097Z,38.985489,-0.534157,976
873,PalasietB,CV-645B,2023-12-02T13:04:59.097Z,38.985252,-0.537441,940
874,Alfons MagnanimB,9 OctubreB,2023-12-02T13:04:59.097Z,38.987144,-0.535236,False
875,Aben FerriA,Corts Valencianes 2B,2023-12-02T13:04:59.097Z,38.986084,-0.534517,959
876,9 OctubreA,9 OctubreB,2023-12-02T13:04:59.097Z,38.987144,-0.535236,861
877,Reina,Republica Argentina,2023-12-02T13:04:59.097Z,38.989955,-0.523503,161
878,Academic Maravall,Maulets,2023-12-02T13:04:59.097Z,38.991249,-0.518678,823
879,CV-645B,Beata InesA,2023-12-02T13:05:09.097Z,0.0,0.0,264
880,Corts Valencianes 1A,CV-645B,2023-12-02T13:05:09.097Z,38.985252,-0.537441,063
881,Corts Valencianes 2A,Corts Valencianes 1A,2023-12-02T13:05:09.097Z,38.986084,-0.534517,435
882,PalasietB,Corts Valencianes 1B,2023-12-02T13:05:09.097Z,38.985252,-0.537441,844
883,Alfons MagnanimA,Corts Valencianes 1A,2023-12-02T13:05:09.097Z,38.986084,-0.534517,987
884,Aben FerriA,Alfons MagnanimB,2023-12-02T13:05:09.097Z,38.986084,-0.534517,False
885,Argenteria,Aben FerriA,2023-12-02T13:05:09.097Z,38.985489,-0.534157,999
886,Ausias MarchB,Baixada estacio 1,2023-12-02T13:05:09.097Z,38.991913,-0.524291,486
887,Beata InesA,Corts Valencianes 2A,2023-12-02T13:05:09.097Z,38.987684,-0.53061,990
888,Beata InesB,N-340A,2023-12-02T13:05:09.097Z,0.0,0.0,625
889,Albereda 2,Cosmografo,2023-12-02T13:05:09.097Z,38.990742,-0.513,159
890,Maulets,N-340B,2023-12-02T13:05:09.097Z,38.992357,-0.519858,823
891,N-340B,Beata InesA,2023-12-02T13:05:09.097Z,0.0,0.0,699
892,Corts Valencianes 2A,Corts Valencianes 1A,2023-12-02T13:05:19.097Z,38.986084,-0.534517,018
893,Corts Valencianes 2B,9 OctubreA,2023-12-02T13:05:19.097Z,38.987684,-0.53061,959
894,PalasietB,CV-645B,2023-12-02T13:05:19.097Z,38.985252,-0.537441,False
895,Alfons MagnanimB,Alfons MagnanimA,2023-12-02T13:05:19.097Z,38.987144,-0.535236,849
896,Argenteria,Aben FerriA,2023-12-02T13:05:19.097Z,38.985489,-0.534157,969
897,Ausias MarchB,Ausias MarchA,2023-12-02T13:05:19.097Z,38.991913,-0.524291,094
898,Baixada estacio 1,Abu Masaifa,2023-12-02T13:05:19.097Z,38.991213,-0.523787,486
899,Albereda 2,N-340B,2023-12-02T13:05:19.097Z,38.990742,-0.513,729
900,CV-645B,N-340A,2023-12-02T13:05:29.097Z,0.0,0.0,False
901,Corts Valencianes 2A,Corts Valencianes 1A,2023-12-02T13:05:29.097Z,38.986084,-0.534517,990
902,Alfons MagnanimA,Aben FerriB,2023-12-02T13:05:29.097Z,38.986084,-0.534517,845
903,Alfons MagnanimB,9 OctubreB,2023-12-02T13:05:29.097Z,38.987144,-0.535236,936
904,Aben FerriA,Aben FerriB,2023-12-02T13:05:29.097Z,38.986084,-0.534517,False
905,Argenteria,Aben FerriA,2023-12-02T13:05:29.097Z,38.985489,-0.534157,663
906,CV-645B,N-340A,2023-12-02T13:05:39.097Z,0.0,0.0,050
907,PalasietB,Corts Valencianes 1B,2023-12-02T13:05:39.097Z,38.985252,-0.537441,390
908,Aben FerriA,Corts Valencianes 1A,2023-12-02T13:05:39.097Z,38.986084,-0.534517,186
909,Aben FerriB,PalasietB,2023-12-02T13:05:39.097Z,38.985489,-0.534157,945
910,9 OctubreA,Alfons MagnanimA,2023-12-02T13:05:39.097Z,38.987144,-0.535236,717
911,9 OctubreB,Argenteria,2023-12-02T13:05:39.097Z,38.987684,-0.53061,890
912,Beata InesB,Beata InesA,2023-12-02T13:05:39.097Z,0.0,0.0,064
913,Albereda 2,N-340B,2023-12-02T13:05:39.097Z,38.990742,-0.513,669
914,N-340B,Beata InesA,2023-12-02T13:05:39.097Z,0.0,0.0,742
915,CV-645B,CV-645A,2023-12-02T13:05:49.097Z,0.0,0.0,204
916,Corts Valencianes 1B,Alfons MagnanimB,2023-12-02T13:05:49.097Z,38.986084,-0.534517,390
917,PalasietB,PalasietA,2023-12-02T13:05:49.097Z,38.985252,-0.537441,265
918,Aben FerriA,Corts Valencianes 1A,2023-12-02T13:05:49.097Z,38.986084,-0.534517,965
919,Aben FerriB,PalasietB,2023-12-02T13:05:49.097Z,38.985489,-0.534157,False
920,Argenteria,PalasietB,2023-12-02T13:05:49.097Z,38.985489,-0.534157,154
921,9 OctubreA,Alfons MagnanimA,2023-12-02T13:05:49.097Z,38.987144,-0.535236,719
922,9 OctubreB,Reina,2023-12-02T13:05:49.097Z,38.987684,-0.53061,667
923,Abu Masaifa,9 OctubreA,2023-12-02T13:05:49.097Z,38.987684,-0.53061,False
924,Ausias MarchA,Argenteria,2023-12-02T13:05:49.097Z,38.987684,-0.53061,False
925,Beata InesA,Ausias MarchB,2023-12-02T13:05:49.097Z,38.987684,-0.53061,713
926,Beata InesB,N-340A,2023-12-02T13:05:49.097Z,0.0,0.0,689
927,N-340B,Beata InesA,2023-12-02T13:05:49.097Z,0.0,0.0,False
928,Republica Argentina,Carme 2,2023-12-02T13:05:49.097Z,38.99105,-0.519778,507
929,Corts Valencianes 1A,CV-645B,2023-12-02T13:05:59.097Z,38.985252,-0.537441,435
930,Alfons MagnanimB,9 OctubreB,2023-12-02T13:05:59.097Z,38.987144,-0.535236,390
931,9 OctubreA,9 OctubreB,2023-12-02T13:05:59.097Z,38.987144,-0.535236,643
932,Abu Masaifa,Beata InesB,2023-12-02T13:05:59.097Z,38.987684,-0.53061,166
933,Beata InesB,Beata InesA,2023-12-02T13:05:59.097Z,0.0,0.0,669
934,Reina,Republica Argentina,2023-12-02T13:05:59.097Z,38.989955,-0.523503,380
935,Carme 2,Albereda 2,2023-12-02T13:05:59.097Z,38.990122,-0.519633,507
936,N-340B,N-340A,2023-12-02T13:05:59.097Z,0.0,0.0,796
937,Republica Argentina,Academic Maravall,2023-12-02T13:05:59.097Z,38.99105,-0.519778,999
938,CV-645B,Beata InesA,2023-12-02T13:06:09.097Z,0.0,0.0,364
939,Corts Valencianes 1A,CV-645B,2023-12-02T13:06:09.097Z,38.985252,-0.537441,False
940,PalasietA,Aben FerriA,2023-12-02T13:06:09.097Z,38.985489,-0.534157,265
941,PalasietB,Corts Valencianes 1B,2023-12-02T13:06:09.097Z,38.985252,-0.537441,False
942,Alfons MagnanimA,Corts Valencianes 1A,2023-12-02T13:06:09.097Z,38.986084,-0.534517,777
943,Aben FerriA,Corts Valencianes 2B,2023-12-02T13:06:09.097Z,38.986084,-0.534517,663
944,Aben FerriB,PalasietB,2023-12-02T13:06:09.097Z,38.985489,-0.534157,False
945,9 OctubreA,9 OctubreB,2023-12-02T13:06:09.097Z,38.987144,-0.535236,603
946,Beata InesA,Corts Valencianes 2A,2023-12-02T13:06:09.097Z,38.987684,-0.53061,859
947,Reina,Republica Argentina,2023-12-02T13:06:09.097Z,38.989955,-0.523503,667
948,Ximen ToviaA,Ximen ToviaB,2023-12-02T13:06:09.097Z,38.991913,-0.524291,944
949,Academic Maravall,Maulets,2023-12-02T13:06:09.097Z,38.991249,-0.518678,False
950,N-340A,Carme 1,2023-12-02T13:06:09.097Z,38.992357,-0.519858,699
951,N-340B,Beata InesA,2023-12-02T13:06:09.097Z,0.0,0.0,796
952,Republica Argentina,Academic Maravall,2023-12-02T13:06:09.097Z,38.99105,-0.519778,083
953,PalasietB,PalasietA,2023-12-02T13:06:19.097Z,38.985252,-0.537441,719
954,Aben FerriA,Corts Valencianes 2B,2023-12-02T13:06:19.097Z,38.986084,-0.534517,265
955,9 OctubreA,9 OctubreB,2023-12-02T13:06:19.097Z,38.987144,-0.535236,159
956,Abu Masaifa,9 OctubreA,2023-12-02T13:06:19.097Z,38.987684,-0.53061,080
957,Carme 1,Academic Maravall,2023-12-02T13:06:19.097Z,38.99105,-0.519778,918
958,Cosmografo,Maulets,2023-12-02T13:06:19.097Z,38.991249,-0.518678,False
959,N-340A,Gregorio Molina,2023-12-02T13:06:19.097Z,38.992357,-0.519858,679
960,N-340B,Beata InesA,2023-12-02T13:06:19.097Z,0.0,0.0,679
961,Republica Argentina,Academic Maravall,2023-12-02T13:06:19.097Z,38.99105,-0.519778,948
962,Corts Valencianes 1A,Corts Valencianes 1B,2023-12-02T13:06:29.097Z,38.985252,-0.537441,990
963,Corts Valencianes 1B,Corts Valencianes 2B,2023-12-02T13:06:29.097Z,38.986084,-0.534517,False
964,PalasietB,CV-645B,2023-12-02T13:06:29.097Z,38.985252,-0.537441,916
965,Alfons MagnanimA,Corts Valencianes 1A,2023-12-02T13:06:29.097Z,38.986084,-0.534517,735
966,Argenteria,PalasietB,2023-12-02T13:06:29.097Z,38.985489,-0.534157,False
967,Beata InesA,Corts Valencianes 2A,2023-12-02T13:06:29.097Z,38.987684,-0.53061,280
968,Beata InesB,Beata InesA,2023-12-02T13:06:29.097Z,0.0,0.0,200
969,Academic Maravall,Maulets,2023-12-02T13:06:29.097Z,38.991249,-0.518678,508
970,Maulets,N-340B,2023-12-02T13:06:29.097Z,38.992357,-0.519858,866
971,N-340A,Ximen ToviaA,2023-12-02T13:06:29.097Z,38.992357,-0.519858,False
972,N-340B,N-340A,2023-12-02T13:06:29.097Z,0.0,0.0,905
973,Republica Argentina,Academic Maravall,2023-12-02T13:06:29.097Z,38.99105,-0.519778,469
974,Corts Valencianes 1A,CV-645B,2023-12-02T13:06:39.097Z,38.985252,-0.537441,186
975,Corts Valencianes 2B,Beata InesB,2023-12-02T13:06:39.097Z,38.987684,-0.53061,932
976,PalasietA,Aben FerriA,2023-12-02T13:06:39.097Z,38.985489,-0.534157,719
977,PalasietB,Corts Valencianes 1B,2023-12-02T13:06:39.097Z,38.985252,-0.537441,070
978,Academic Maravall,Maulets,2023-12-02T13:06:39.097Z,38.991249,-0.518678,699
979,Maulets,Gregorio Molina,2023-12-02T13:06:39.097Z,38.992357,-0.519858,False
980,N-340A,Ximen ToviaA,2023-12-02T13:06:39.097Z,38.992357,-0.519858,240
981,Republica Argentina,Academic Maravall,2023-12-02T13:06:39.097Z,38.99105,-0.519778,849
982,CV-645B,CV-645A,2023-12-02T13:06:49.097Z,0.0,0.0,137
983,Corts Valencianes 1A,PalasietA,2023-12-02T13:06:49.097Z,38.985252,-0.537441,965
984,Corts Valencianes 1B,Corts Valencianes 2B,2023-12-02T13:06:49.097Z,38.986084,-0.534517,950
985,Corts Valencianes 2B,Beata InesB,2023-12-02T13:06:49.097Z,38.987684,-0.53061,265
986,Aben FerriA,Corts Valencianes 1A,2023-12-02T13:06:49.097Z,38.986084,-0.534517,199
987,Ximen ToviaA,Ximen ToviaB,2023-12-02T13:06:49.097Z,38.991913,-0.524291,699
988,Baixada estacio 1,Abu Masaifa,2023-12-02T13:06:49.097Z,38.991213,-0.523787,882
989,Gregorio Molina,Abu Masaifa,2023-12-02T13:06:49.097Z,38.991213,-0.523787,597
990,Albereda 2,N-340B,2023-12-02T13:06:49.097Z,38.990742,-0.513,507
991,Academic Maravall,Maulets,2023-12-02T13:06:49.097Z,38.991249,-0.518678,348
992,Cosmografo,Maulets,2023-12-02T13:06:49.097Z,38.991249,-0.518678,False
993,Maulets,Ximen ToviaA,2023-12-02T13:06:49.097Z,38.992357,-0.519858,680
994,N-340A,Ximen ToviaA,2023-12-02T13:06:49.097Z,38.992357,-0.519858,False
995,N-340B,N-340A,2023-12-02T13:06:49.097Z,0.0,0.0,671
996,CV-645A,PalasietA,2023-12-02T13:06:59.097Z,38.985252,-0.537441,220
997,Corts Valencianes 1A,Corts Valencianes 1B,2023-12-02T13:06:59.097Z,38.985252,-0.537441,777
998,Corts Valencianes 2A,Corts Valencianes 2B,2023-12-02T13:06:59.097Z,38.986084,-0.534517,899
999,PalasietB,PalasietA,2023-12-02T13:06:59.097Z,38.985252,-0.537441,890
