,enter,exit,date,latitude,longitude,matricula
0,Aben FerriB,PalasietB,2023-12-17T11:22:39.097Z,38.985489,-0.534157,959
1,Argenteria,PalasietB,2023-12-17T11:22:39.097Z,38.985489,-0.534157,574
2,9 OctubreB,Reina,2023-12-17T11:22:39.097Z,38.987684,-0.53061,665
3,Ausias MarchA,Corts Valencianes 2A,2023-12-17T11:22:39.097Z,38.987684,-0.53061,419
4,Beata InesA,Corts Valencianes 2A,2023-12-17T11:22:39.097Z,38.987684,-0.53061,068
5,Ximen ToviaA,Ximen ToviaB,2023-12-17T11:22:39.097Z,38.991913,-0.524291,320
6,Baixada estacio 1,Abu Masaifa,2023-12-17T11:22:39.097Z,38.991213,-0.523787,422
7,N-340A,Carme 1,2023-12-17T11:22:39.097Z,38.992357,-0.519858,029
8,CV-645A,Corts Valencianes 1B,2023-12-17T11:22:49.097Z,38.985252,-0.537441,False
9,CV-645B,Beata InesA,2023-12-17T11:22:49.097Z,0.0,0.0,False
10,Corts Valencianes 1B,Aben FerriB,2023-12-17T11:22:49.097Z,38.986084,-0.534517,109
11,PalasietB,CV-645B,2023-12-17T11:22:49.097Z,38.985252,-0.537441,912
12,Alfons MagnanimB,Alfons MagnanimA,2023-12-17T11:22:49.097Z,38.987144,-0.535236,894
13,Aben FerriA,Alfons MagnanimB,2023-12-17T11:22:49.097Z,38.986084,-0.534517,970
14,9 OctubreB,9 OctubreA,2023-12-17T11:22:49.097Z,38.987684,-0.53061,686
15,Beata InesA,9 OctubreA,2023-12-17T11:22:49.097Z,38.987684,-0.53061,649
16,N-340A,Ximen ToviaA,2023-12-17T11:22:49.097Z,38.992357,-0.519858,470
17,CV-645B,Beata InesA,2023-12-17T11:22:59.097Z,0.0,0.0,448
18,Corts Valencianes 1B,Aben FerriB,2023-12-17T11:22:59.097Z,38.986084,-0.534517,False
19,Alfons MagnanimA,Corts Valencianes 1A,2023-12-17T11:22:59.097Z,38.986084,-0.534517,699
20,Aben FerriA,Corts Valencianes 2B,2023-12-17T11:22:59.097Z,38.986084,-0.534517,050
21,9 OctubreA,Alfons MagnanimA,2023-12-17T11:22:59.097Z,38.987144,-0.535236,686
22,9 OctubreB,Beata InesB,2023-12-17T11:22:59.097Z,38.987684,-0.53061,False
23,Ausias MarchA,Argenteria,2023-12-17T11:22:59.097Z,38.987684,-0.53061,False
24,Ausias MarchB,Ausias MarchA,2023-12-17T11:22:59.097Z,38.991913,-0.524291,841
25,Beata InesA,Argenteria,2023-12-17T11:22:59.097Z,38.987684,-0.53061,447
26,Ximen ToviaA,Baixada estacio 1,2023-12-17T11:22:59.097Z,38.991913,-0.524291,851
27,N-340B,Beata InesA,2023-12-17T11:22:59.097Z,0.0,0.0,406
28,Corts Valencianes 2B,9 OctubreA,2023-12-17T11:23:09.097Z,38.987684,-0.53061,False
29,PalasietB,CV-645B,2023-12-17T11:23:09.097Z,38.985252,-0.537441,717
30,Alfons MagnanimA,Corts Valencianes 2B,2023-12-17T11:23:09.097Z,38.986084,-0.534517,686
31,Aben FerriB,Aben FerriA,2023-12-17T11:23:09.097Z,38.985489,-0.534157,False
32,Argenteria,PalasietB,2023-12-17T11:23:09.097Z,38.985489,-0.534157,007
33,9 OctubreB,Ausias MarchB,2023-12-17T11:23:09.097Z,38.987684,-0.53061,866
34,Ausias MarchA,Reina,2023-12-17T11:23:09.097Z,38.987684,-0.53061,686
35,Baixada estacio 1,Baixada estacio 2,2023-12-17T11:23:09.097Z,38.991213,-0.523787,965
36,N-340B,Beata InesA,2023-12-17T11:23:09.097Z,0.0,0.0,697
37,CV-645B,N-340A,2023-12-17T11:23:19.097Z,0.0,0.0,880
38,Corts Valencianes 1A,Corts Valencianes 1B,2023-12-17T11:23:19.097Z,38.985252,-0.537441,699
39,Corts Valencianes 2B,Ausias MarchB,2023-12-17T11:23:19.097Z,38.987684,-0.53061,False
40,Abu Masaifa,Ausias MarchB,2023-12-17T11:23:19.097Z,38.987684,-0.53061,529
41,Ausias MarchB,Ausias MarchA,2023-12-17T11:23:19.097Z,38.991913,-0.524291,677
42,Beata InesA,Corts Valencianes 2A,2023-12-17T11:23:19.097Z,38.987684,-0.53061,448
43,Ximen ToviaA,Ximen ToviaB,2023-12-17T11:23:19.097Z,38.991913,-0.524291,470
44,Baixada estacio 2,Albereda 1,2023-12-17T11:23:19.097Z,38.989955,-0.523503,965
45,Albereda 1,Albereda 2,2023-12-17T11:23:19.097Z,38.990122,-0.519633,718
46,N-340A,Gregorio Molina,2023-12-17T11:23:19.097Z,38.992357,-0.519858,404
47,N-340B,N-340A,2023-12-17T11:23:19.097Z,0.0,0.0,False
48,Corts Valencianes 1B,Corts Valencianes 2B,2023-12-17T11:23:29.097Z,38.986084,-0.534517,894
49,Corts Valencianes 2A,Corts Valencianes 1A,2023-12-17T11:23:29.097Z,38.986084,-0.534517,666
50,PalasietB,CV-645B,2023-12-17T11:23:29.097Z,38.985252,-0.537441,047
51,Abu Masaifa,Ausias MarchB,2023-12-17T11:23:29.097Z,38.987684,-0.53061,687
52,Ausias MarchB,Baixada estacio 1,2023-12-17T11:23:29.097Z,38.991913,-0.524291,523
53,Beata InesA,Reina,2023-12-17T11:23:29.097Z,38.987684,-0.53061,406
54,Reina,Albereda 1,2023-12-17T11:23:29.097Z,38.989955,-0.523503,716
55,Gregorio Molina,Baixada estacio 2,2023-12-17T11:23:29.097Z,38.991213,-0.523787,404
56,N-340A,Ximen ToviaA,2023-12-17T11:23:29.097Z,38.992357,-0.519858,066
57,N-340B,N-340A,2023-12-17T11:23:29.097Z,0.0,0.0,130
58,CV-645B,N-340A,2023-12-17T11:23:39.097Z,0.0,0.0,777
59,Corts Valencianes 2A,Corts Valencianes 1A,2023-12-17T11:23:39.097Z,38.986084,-0.534517,616
60,PalasietB,Corts Valencianes 1B,2023-12-17T11:23:39.097Z,38.985252,-0.537441,460
61,Argenteria,Aben FerriA,2023-12-17T11:23:39.097Z,38.985489,-0.534157,False
62,9 OctubreA,9 OctubreB,2023-12-17T11:23:39.097Z,38.987144,-0.535236,False
63,Ausias MarchB,Baixada estacio 1,2023-12-17T11:23:39.097Z,38.991913,-0.524291,220
64,Beata InesB,CV-645A,2023-12-17T11:23:39.097Z,0.0,0.0,954
65,Reina,Albereda 1,2023-12-17T11:23:39.097Z,38.989955,-0.523503,092
66,Baixada estacio 1,Abu Masaifa,2023-12-17T11:23:39.097Z,38.991213,-0.523787,523
67,Baixada estacio 2,Republica Argentina,2023-12-17T11:23:39.097Z,38.989955,-0.523503,707
68,Corts Valencianes 1A,Corts Valencianes 1B,2023-12-17T11:23:49.097Z,38.985252,-0.537441,166
69,PalasietB,CV-645B,2023-12-17T11:23:49.097Z,38.985252,-0.537441,063
70,Aben FerriA,Alfons MagnanimB,2023-12-17T11:23:49.097Z,38.986084,-0.534517,False
71,Argenteria,PalasietB,2023-12-17T11:23:49.097Z,38.985489,-0.534157,False
72,Reina,Republica Argentina,2023-12-17T11:23:49.097Z,38.989955,-0.523503,997
73,Ximen ToviaA,Ausias MarchA,2023-12-17T11:23:49.097Z,38.991913,-0.524291,996
74,Baixada estacio 1,Abu Masaifa,2023-12-17T11:23:49.097Z,38.991213,-0.523787,204
75,CV-645B,Beata InesA,2023-12-17T11:23:59.097Z,0.0,0.0,967
76,Corts Valencianes 1A,CV-645B,2023-12-17T11:23:59.097Z,38.985252,-0.537441,819
77,Corts Valencianes 2A,Corts Valencianes 2B,2023-12-17T11:23:59.097Z,38.986084,-0.534517,969
78,Corts Valencianes 2B,Beata InesB,2023-12-17T11:23:59.097Z,38.987684,-0.53061,886
79,PalasietB,Corts Valencianes 1B,2023-12-17T11:23:59.097Z,38.985252,-0.537441,166
80,Ausias MarchB,Ausias MarchA,2023-12-17T11:23:59.097Z,38.991913,-0.524291,947
81,Beata InesB,CV-645A,2023-12-17T11:23:59.097Z,0.0,0.0,070
82,Reina,Albereda 1,2023-12-17T11:23:59.097Z,38.989955,-0.523503,695
83,Albereda 1,Albereda 2,2023-12-17T11:23:59.097Z,38.990122,-0.519633,716
84,CV-645B,Beata InesA,2023-12-17T11:24:09.097Z,0.0,0.0,False
85,Corts Valencianes 1B,Corts Valencianes 1A,2023-12-17T11:24:09.097Z,38.986084,-0.534517,False
86,Corts Valencianes 2B,Reina,2023-12-17T11:24:09.097Z,38.987684,-0.53061,699
87,Alfons MagnanimA,Aben FerriB,2023-12-17T11:24:09.097Z,38.986084,-0.534517,717
88,9 OctubreB,Reina,2023-12-17T11:24:09.097Z,38.987684,-0.53061,False
89,Reina,Republica Argentina,2023-12-17T11:24:09.097Z,38.989955,-0.523503,115
90,N-340B,N-340A,2023-12-17T11:24:09.097Z,0.0,0.0,False
91,Republica Argentina,Academic Maravall,2023-12-17T11:24:09.097Z,38.99105,-0.519778,404
92,CV-645A,PalasietA,2023-12-17T11:24:19.097Z,38.985252,-0.537441,994
93,CV-645B,N-340A,2023-12-17T11:24:19.097Z,0.0,0.0,676
94,Corts Valencianes 1A,CV-645B,2023-12-17T11:24:19.097Z,38.985252,-0.537441,False
95,Corts Valencianes 2B,9 OctubreA,2023-12-17T11:24:19.097Z,38.987684,-0.53061,448
96,Alfons MagnanimB,Alfons MagnanimA,2023-12-17T11:24:19.097Z,38.987144,-0.535236,False
97,Aben FerriB,PalasietB,2023-12-17T11:24:19.097Z,38.985489,-0.534157,797
98,Ausias MarchB,Baixada estacio 1,2023-12-17T11:24:19.097Z,38.991913,-0.524291,999
99,Beata InesA,9 OctubreA,2023-12-17T11:24:19.097Z,38.987684,-0.53061,848
100,Reina,Republica Argentina,2023-12-17T11:24:19.097Z,38.989955,-0.523503,665
101,Academic Maravall,Maulets,2023-12-17T11:24:19.097Z,38.991249,-0.518678,999
102,N-340B,Beata InesA,2023-12-17T11:24:19.097Z,0.0,0.0,771
103,Corts Valencianes 1B,Alfons MagnanimB,2023-12-17T11:24:29.097Z,38.986084,-0.534517,166
104,PalasietB,Corts Valencianes 1B,2023-12-17T11:24:29.097Z,38.985252,-0.537441,234
105,Alfons MagnanimA,Aben FerriB,2023-12-17T11:24:29.097Z,38.986084,-0.534517,667
106,Ausias MarchB,Ximen ToviaB,2023-12-17T11:24:29.097Z,38.991913,-0.524291,889
107,Beata InesA,Argenteria,2023-12-17T11:24:29.097Z,38.987684,-0.53061,957
108,Reina,Albereda 1,2023-12-17T11:24:29.097Z,38.989955,-0.523503,False
109,Baixada estacio 1,Abu Masaifa,2023-12-17T11:24:29.097Z,38.991213,-0.523787,999
110,Republica Argentina,Academic Maravall,2023-12-17T11:24:29.097Z,38.99105,-0.519778,997
111,CV-645B,CV-645A,2023-12-17T11:24:39.097Z,0.0,0.0,616
112,PalasietB,PalasietA,2023-12-17T11:24:39.097Z,38.985252,-0.537441,False
113,Aben FerriB,PalasietB,2023-12-17T11:24:39.097Z,38.985489,-0.534157,667
114,9 OctubreA,Alfons MagnanimA,2023-12-17T11:24:39.097Z,38.987144,-0.535236,448
115,Beata InesB,Beata InesA,2023-12-17T11:24:39.097Z,0.0,0.0,False
116,Reina,Albereda 1,2023-12-17T11:24:39.097Z,38.989955,-0.523503,694
117,Academic Maravall,Maulets,2023-12-17T11:24:39.097Z,38.991249,-0.518678,768
118,Republica Argentina,Academic Maravall,2023-12-17T11:24:39.097Z,38.99105,-0.519778,115
119,CV-645A,PalasietA,2023-12-17T11:24:49.097Z,38.985252,-0.537441,False
120,Corts Valencianes 1B,Alfons MagnanimB,2023-12-17T11:24:49.097Z,38.986084,-0.534517,234
121,PalasietA,PalasietB,2023-12-17T11:24:49.097Z,38.985489,-0.534157,954
122,PalasietB,Corts Valencianes 1B,2023-12-17T11:24:49.097Z,38.985252,-0.537441,975
123,Alfons MagnanimA,Alfons MagnanimB,2023-12-17T11:24:49.097Z,38.986084,-0.534517,448
124,Alfons MagnanimB,9 OctubreB,2023-12-17T11:24:49.097Z,38.987144,-0.535236,666
125,9 OctubreA,9 OctubreB,2023-12-17T11:24:49.097Z,38.987144,-0.535236,697
126,Abu Masaifa,Argenteria,2023-12-17T11:24:49.097Z,38.987684,-0.53061,976
127,Ausias MarchB,Ausias MarchA,2023-12-17T11:24:49.097Z,38.991913,-0.524291,False
128,Beata InesB,N-340A,2023-12-17T11:24:49.097Z,0.0,0.0,495
129,Academic Maravall,Maulets,2023-12-17T11:24:49.097Z,38.991249,-0.518678,997
130,N-340A,Gregorio Molina,2023-12-17T11:24:49.097Z,38.992357,-0.519858,550
131,Republica Argentina,Carme 2,2023-12-17T11:24:49.097Z,38.99105,-0.519778,665
132,Corts Valencianes 2B,Argenteria,2023-12-17T11:24:59.097Z,38.987684,-0.53061,949
133,PalasietA,Aben FerriA,2023-12-17T11:24:59.097Z,38.985489,-0.534157,False
134,PalasietB,PalasietA,2023-12-17T11:24:59.097Z,38.985252,-0.537441,956
135,Alfons MagnanimB,9 OctubreB,2023-12-17T11:24:59.097Z,38.987144,-0.535236,234
136,Aben FerriB,PalasietB,2023-12-17T11:24:59.097Z,38.985489,-0.534157,356
137,Argenteria,PalasietB,2023-12-17T11:24:59.097Z,38.985489,-0.534157,426
138,Abu Masaifa,9 OctubreA,2023-12-17T11:24:59.097Z,38.987684,-0.53061,007
139,Ausias MarchA,Reina,2023-12-17T11:24:59.097Z,38.987684,-0.53061,841
140,Beata InesA,Argenteria,2023-12-17T11:24:59.097Z,38.987684,-0.53061,False
141,Beata InesB,Beata InesA,2023-12-17T11:24:59.097Z,0.0,0.0,False
142,Albereda 1,Albereda 2,2023-12-17T11:24:59.097Z,38.990122,-0.519633,260
143,N-340A,Ximen ToviaA,2023-12-17T11:24:59.097Z,38.992357,-0.519858,982
144,N-340B,Beata InesA,2023-12-17T11:24:59.097Z,0.0,0.0,False
145,CV-645B,Beata InesA,2023-12-17T11:25:09.097Z,0.0,0.0,557
146,PalasietB,Corts Valencianes 1B,2023-12-17T11:25:09.097Z,38.985252,-0.537441,696
147,Alfons MagnanimB,9 OctubreB,2023-12-17T11:25:09.097Z,38.987144,-0.535236,969
148,9 OctubreB,Reina,2023-12-17T11:25:09.097Z,38.987684,-0.53061,616
149,Abu Masaifa,Corts Valencianes 2A,2023-12-17T11:25:09.097Z,38.987684,-0.53061,831
150,Ausias MarchA,Reina,2023-12-17T11:25:09.097Z,38.987684,-0.53061,440
151,Gregorio Molina,Abu Masaifa,2023-12-17T11:25:09.097Z,38.991213,-0.523787,660
152,Carme 2,Albereda 2,2023-12-17T11:25:09.097Z,38.990122,-0.519633,665
153,N-340A,Carme 1,2023-12-17T11:25:09.097Z,38.992357,-0.519858,130
154,N-340B,CV-645A,2023-12-17T11:25:09.097Z,0.0,0.0,667
155,CV-645A,PalasietA,2023-12-17T11:25:19.097Z,38.985252,-0.537441,883
156,CV-645B,CV-645A,2023-12-17T11:25:19.097Z,0.0,0.0,229
157,9 OctubreA,9 OctubreB,2023-12-17T11:25:19.097Z,38.987144,-0.535236,007
158,Abu Masaifa,Ausias MarchB,2023-12-17T11:25:19.097Z,38.987684,-0.53061,422
159,Ausias MarchA,9 OctubreA,2023-12-17T11:25:19.097Z,38.987684,-0.53061,066
160,Beata InesA,Ausias MarchB,2023-12-17T11:25:19.097Z,38.987684,-0.53061,676
161,Ximen ToviaA,Ximen ToviaB,2023-12-17T11:25:19.097Z,38.991913,-0.524291,846
162,Albereda 1,Albereda 2,2023-12-17T11:25:19.097Z,38.990122,-0.519633,288
163,N-340A,Ximen ToviaA,2023-12-17T11:25:19.097Z,38.992357,-0.519858,False
164,N-340B,CV-645A,2023-12-17T11:25:19.097Z,0.0,0.0,False
165,Corts Valencianes 1B,Corts Valencianes 2B,2023-12-17T11:25:29.097Z,38.986084,-0.534517,879
166,Corts Valencianes 2A,Alfons MagnanimB,2023-12-17T11:25:29.097Z,38.986084,-0.534517,831
167,PalasietA,Aben FerriA,2023-12-17T11:25:29.097Z,38.985489,-0.534157,556
168,PalasietB,PalasietA,2023-12-17T11:25:29.097Z,38.985252,-0.537441,418
169,9 OctubreB,Ausias MarchB,2023-12-17T11:25:29.097Z,38.987684,-0.53061,848
170,Abu Masaifa,Argenteria,2023-12-17T11:25:29.097Z,38.987684,-0.53061,923
171,Beata InesA,Argenteria,2023-12-17T11:25:29.097Z,38.987684,-0.53061,846
172,Reina,Republica Argentina,2023-12-17T11:25:29.097Z,38.989955,-0.523503,694
173,Albereda 1,Albereda 2,2023-12-17T11:25:29.097Z,38.990122,-0.519633,False
174,N-340A,Carme 1,2023-12-17T11:25:29.097Z,38.992357,-0.519858,False
175,Corts Valencianes 1B,Alfons MagnanimB,2023-12-17T11:25:39.097Z,38.986084,-0.534517,False
176,PalasietA,Aben FerriA,2023-12-17T11:25:39.097Z,38.985489,-0.534157,883
177,PalasietB,PalasietA,2023-12-17T11:25:39.097Z,38.985252,-0.537441,XXX
178,Aben FerriA,Alfons MagnanimB,2023-12-17T11:25:39.097Z,38.986084,-0.534517,996
179,Aben FerriB,PalasietB,2023-12-17T11:25:39.097Z,38.985489,-0.534157,550
180,Argenteria,PalasietB,2023-12-17T11:25:39.097Z,38.985489,-0.534157,360
181,Abu Masaifa,Argenteria,2023-12-17T11:25:39.097Z,38.987684,-0.53061,220
182,Ausias MarchA,Beata InesB,2023-12-17T11:25:39.097Z,38.987684,-0.53061,171
183,Ausias MarchB,Ximen ToviaB,2023-12-17T11:25:39.097Z,38.991913,-0.524291,625
184,Beata InesA,Corts Valencianes 2A,2023-12-17T11:25:39.097Z,38.987684,-0.53061,False
185,Reina,Albereda 1,2023-12-17T11:25:39.097Z,38.989955,-0.523503,696
186,Albereda 1,Albereda 2,2023-12-17T11:25:39.097Z,38.990122,-0.519633,False
187,N-340A,Gregorio Molina,2023-12-17T11:25:39.097Z,38.992357,-0.519858,676
188,CV-645B,Beata InesA,2023-12-17T11:25:49.097Z,0.0,0.0,586
189,Corts Valencianes 1A,CV-645B,2023-12-17T11:25:49.097Z,38.985252,-0.537441,530
190,PalasietA,Aben FerriA,2023-12-17T11:25:49.097Z,38.985489,-0.534157,418
191,PalasietB,Corts Valencianes 1B,2023-12-17T11:25:49.097Z,38.985252,-0.537441,False
192,Aben FerriA,Corts Valencianes 2B,2023-12-17T11:25:49.097Z,38.986084,-0.534517,616
193,9 OctubreA,Alfons MagnanimA,2023-12-17T11:25:49.097Z,38.987144,-0.535236,066
194,9 OctubreB,Argenteria,2023-12-17T11:25:49.097Z,38.987684,-0.53061,234
195,Abu Masaifa,Beata InesB,2023-12-17T11:25:49.097Z,38.987684,-0.53061,908
196,Ausias MarchA,Beata InesB,2023-12-17T11:25:49.097Z,38.987684,-0.53061,636
197,N-340A,Ximen ToviaA,2023-12-17T11:25:49.097Z,38.992357,-0.519858,495
198,Republica Argentina,Carme 2,2023-12-17T11:25:49.097Z,38.99105,-0.519778,894
199,CV-645A,Corts Valencianes 1B,2023-12-17T11:25:59.097Z,38.985252,-0.537441,667
200,Corts Valencianes 1B,Corts Valencianes 2B,2023-12-17T11:25:59.097Z,38.986084,-0.534517,False
201,PalasietA,Aben FerriA,2023-12-17T11:25:59.097Z,38.985489,-0.534157,eXX
202,Alfons MagnanimA,Corts Valencianes 2B,2023-12-17T11:25:59.097Z,38.986084,-0.534517,066
203,Alfons MagnanimB,9 OctubreB,2023-12-17T11:25:59.097Z,38.987144,-0.535236,False
204,Aben FerriA,Corts Valencianes 2B,2023-12-17T11:25:59.097Z,38.986084,-0.534517,718
205,Abu Masaifa,Argenteria,2023-12-17T11:25:59.097Z,38.987684,-0.53061,660
206,Ausias MarchB,Baixada estacio 1,2023-12-17T11:25:59.097Z,38.991913,-0.524291,449
207,Beata InesA,Ausias MarchB,2023-12-17T11:25:59.097Z,38.987684,-0.53061,False
208,Reina,Albereda 1,2023-12-17T11:25:59.097Z,38.989955,-0.523503,416
209,Ximen ToviaA,Baixada estacio 1,2023-12-17T11:25:59.097Z,38.991913,-0.524291,False
210,Baixada estacio 2,Republica Argentina,2023-12-17T11:25:59.097Z,38.989955,-0.523503,057
211,Albereda 1,Albereda 2,2023-12-17T11:25:59.097Z,38.990122,-0.519633,095
212,N-340B,Beata InesA,2023-12-17T11:25:59.097Z,0.0,0.0,False
213,CV-645A,Corts Valencianes 1B,2023-12-17T11:26:09.097Z,38.985252,-0.537441,225
214,CV-645B,CV-645A,2023-12-17T11:26:09.097Z,0.0,0.0,285
215,Corts Valencianes 1B,Aben FerriB,2023-12-17T11:26:09.097Z,38.986084,-0.534517,906
216,Corts Valencianes 2A,Corts Valencianes 1A,2023-12-17T11:26:09.097Z,38.986084,-0.534517,496
217,Alfons MagnanimB,9 OctubreB,2023-12-17T11:26:09.097Z,38.987144,-0.535236,False
218,9 OctubreA,9 OctubreB,2023-12-17T11:26:09.097Z,38.987144,-0.535236,False
219,9 OctubreB,Ausias MarchB,2023-12-17T11:26:09.097Z,38.987684,-0.53061,969
220,Ausias MarchB,Ximen ToviaB,2023-12-17T11:26:09.097Z,38.991913,-0.524291,422
221,Beata InesA,Argenteria,2023-12-17T11:26:09.097Z,38.987684,-0.53061,557
222,Reina,Albereda 1,2023-12-17T11:26:09.097Z,38.989955,-0.523503,616
223,Baixada estacio 1,Baixada estacio 2,2023-12-17T11:26:09.097Z,38.991213,-0.523787,449
224,Gregorio Molina,Abu Masaifa,2023-12-17T11:26:09.097Z,38.991213,-0.523787,919
225,Albereda 1,Albereda 2,2023-12-17T11:26:09.097Z,38.990122,-0.519633,851
226,Carme 2,Albereda 2,2023-12-17T11:26:09.097Z,38.990122,-0.519633,694
227,N-340B,Beata InesA,2023-12-17T11:26:09.097Z,0.0,0.0,699
228,Republica Argentina,Carme 2,2023-12-17T11:26:09.097Z,38.99105,-0.519778,499
229,CV-645A,Corts Valencianes 1B,2023-12-17T11:26:19.097Z,38.985252,-0.537441,700
230,Corts Valencianes 1A,CV-645B,2023-12-17T11:26:19.097Z,38.985252,-0.537441,496
231,PalasietB,CV-645B,2023-12-17T11:26:19.097Z,38.985252,-0.537441,797
232,Aben FerriB,PalasietB,2023-12-17T11:26:19.097Z,38.985489,-0.534157,False
233,Reina,Republica Argentina,2023-12-17T11:26:19.097Z,38.989955,-0.523503,440
234,Ximen ToviaA,Ausias MarchA,2023-12-17T11:26:19.097Z,38.991913,-0.524291,255
235,Baixada estacio 1,Baixada estacio 2,2023-12-17T11:26:19.097Z,38.991213,-0.523787,777
236,Baixada estacio 2,Albereda 1,2023-12-17T11:26:19.097Z,38.989955,-0.523503,False
237,Albereda 1,Albereda 2,2023-12-17T11:26:19.097Z,38.990122,-0.519633,731
238,Carme 2,Albereda 2,2023-12-17T11:26:19.097Z,38.990122,-0.519633,057
239,CV-645A,PalasietA,2023-12-17T11:26:29.097Z,38.985252,-0.537441,345
240,CV-645B,CV-645A,2023-12-17T11:26:29.097Z,0.0,0.0,False
241,Corts Valencianes 2B,Beata InesB,2023-12-17T11:26:29.097Z,38.987684,-0.53061,919
242,PalasietB,CV-645B,2023-12-17T11:26:29.097Z,38.985252,-0.537441,367
243,Aben FerriA,Corts Valencianes 2B,2023-12-17T11:26:29.097Z,38.986084,-0.534517,False
244,Argenteria,PalasietB,2023-12-17T11:26:29.097Z,38.985489,-0.534157,949
245,9 OctubreB,Argenteria,2023-12-17T11:26:29.097Z,38.987684,-0.53061,999
246,Abu Masaifa,9 OctubreA,2023-12-17T11:26:29.097Z,38.987684,-0.53061,676
247,Baixada estacio 2,Albereda 1,2023-12-17T11:26:29.097Z,38.989955,-0.523503,714
248,CV-645B,Beata InesA,2023-12-17T11:26:39.097Z,0.0,0.0,699
249,Corts Valencianes 1B,Alfons MagnanimB,2023-12-17T11:26:39.097Z,38.986084,-0.534517,700
250,Corts Valencianes 2B,Argenteria,2023-12-17T11:26:39.097Z,38.987684,-0.53061,616
251,PalasietB,CV-645B,2023-12-17T11:26:39.097Z,38.985252,-0.537441,False
252,Argenteria,PalasietB,2023-12-17T11:26:39.097Z,38.985489,-0.534157,998
253,9 OctubreB,Reina,2023-12-17T11:26:39.097Z,38.987684,-0.53061,697
254,Ausias MarchB,Ausias MarchA,2023-12-17T11:26:39.097Z,38.991913,-0.524291,False
255,Beata InesA,Corts Valencianes 2A,2023-12-17T11:26:39.097Z,38.987684,-0.53061,988
256,Baixada estacio 2,Republica Argentina,2023-12-17T11:26:39.097Z,38.989955,-0.523503,XXX
257,Albereda 1,Albereda 2,2023-12-17T11:26:39.097Z,38.990122,-0.519633,123
258,N-340B,N-340A,2023-12-17T11:26:39.097Z,0.0,0.0,211
259,Republica Argentina,Carme 2,2023-12-17T11:26:39.097Z,38.99105,-0.519778,440
260,CV-645B,CV-645A,2023-12-17T11:26:49.097Z,0.0,0.0,949
261,PalasietA,Aben FerriA,2023-12-17T11:26:49.097Z,38.985489,-0.534157,345
262,Alfons MagnanimB,9 OctubreB,2023-12-17T11:26:49.097Z,38.987144,-0.535236,False
263,Aben FerriA,Corts Valencianes 2B,2023-12-17T11:26:49.097Z,38.986084,-0.534517,False
264,9 OctubreA,9 OctubreB,2023-12-17T11:26:49.097Z,38.987144,-0.535236,876
265,Ausias MarchA,Argenteria,2023-12-17T11:26:49.097Z,38.987684,-0.53061,495
266,Ausias MarchB,Ximen ToviaB,2023-12-17T11:26:49.097Z,38.991913,-0.524291,848
267,Beata InesA,Argenteria,2023-12-17T11:26:49.097Z,38.987684,-0.53061,696
268,Beata InesB,CV-645A,2023-12-17T11:26:49.097Z,0.0,0.0,486
269,Gregorio Molina,Abu Masaifa,2023-12-17T11:26:49.097Z,38.991213,-0.523787,089
270,Carme 2,Albereda 2,2023-12-17T11:26:49.097Z,38.990122,-0.519633,440
271,N-340B,Beata InesA,2023-12-17T11:26:49.097Z,0.0,0.0,261
272,CV-645A,PalasietA,2023-12-17T11:26:59.097Z,38.985252,-0.537441,799
273,Corts Valencianes 2A,Alfons MagnanimB,2023-12-17T11:26:59.097Z,38.986084,-0.534517,985
274,Corts Valencianes 2B,Reina,2023-12-17T11:26:59.097Z,38.987684,-0.53061,571
275,PalasietB,CV-645B,2023-12-17T11:26:59.097Z,38.985252,-0.537441,680
276,Alfons MagnanimB,9 OctubreB,2023-12-17T11:26:59.097Z,38.987144,-0.535236,996
277,Argenteria,PalasietB,2023-12-17T11:26:59.097Z,38.985489,-0.534157,803
278,Ausias MarchB,Baixada estacio 1,2023-12-17T11:26:59.097Z,38.991913,-0.524291,False
279,Beata InesA,Ausias MarchB,2023-12-17T11:26:59.097Z,38.987684,-0.53061,950
280,Carme 1,Academic Maravall,2023-12-17T11:26:59.097Z,38.99105,-0.519778,130
281,Republica Argentina,Carme 2,2023-12-17T11:26:59.097Z,38.99105,-0.519778,777
282,Aben FerriA,Aben FerriB,2023-12-17T11:27:09.097Z,38.986084,-0.534517,345
283,Aben FerriB,PalasietB,2023-12-17T11:27:09.097Z,38.985489,-0.534157,059
284,Argenteria,Aben FerriA,2023-12-17T11:27:09.097Z,38.985489,-0.534157,523
285,9 OctubreA,Alfons MagnanimA,2023-12-17T11:27:09.097Z,38.987144,-0.535236,937
286,9 OctubreB,Ausias MarchB,2023-12-17T11:27:09.097Z,38.987684,-0.53061,696
287,Ausias MarchB,Baixada estacio 1,2023-12-17T11:27:09.097Z,38.991913,-0.524291,448
288,Beata InesA,Corts Valencianes 2A,2023-12-17T11:27:09.097Z,38.987684,-0.53061,False
289,Baixada estacio 1,Abu Masaifa,2023-12-17T11:27:09.097Z,38.991213,-0.523787,887
290,Carme 1,Academic Maravall,2023-12-17T11:27:09.097Z,38.99105,-0.519778,False
291,Carme 2,Albereda 2,2023-12-17T11:27:09.097Z,38.990122,-0.519633,777
292,Academic Maravall,Maulets,2023-12-17T11:27:09.097Z,38.991249,-0.518678,130
293,CV-645A,Corts Valencianes 1B,2023-12-17T11:27:19.097Z,38.985252,-0.537441,949
294,Corts Valencianes 2A,Corts Valencianes 1A,2023-12-17T11:27:19.097Z,38.986084,-0.534517,699
295,Corts Valencianes 2B,Beata InesB,2023-12-17T11:27:19.097Z,38.987684,-0.53061,716
296,PalasietB,CV-645B,2023-12-17T11:27:19.097Z,38.985252,-0.537441,868
297,Alfons MagnanimA,Alfons MagnanimB,2023-12-17T11:27:19.097Z,38.986084,-0.534517,794
298,Aben FerriA,Corts Valencianes 2B,2023-12-17T11:27:19.097Z,38.986084,-0.534517,523
299,Aben FerriB,PalasietB,2023-12-17T11:27:19.097Z,38.985489,-0.534157,345
300,9 OctubreB,Reina,2023-12-17T11:27:19.097Z,38.987684,-0.53061,False
301,Abu Masaifa,9 OctubreA,2023-12-17T11:27:19.097Z,38.987684,-0.53061,089
302,Ausias MarchB,Ausias MarchA,2023-12-17T11:27:19.097Z,38.991913,-0.524291,NXX
303,Beata InesA,9 OctubreA,2023-12-17T11:27:19.097Z,38.987684,-0.53061,375
304,Ximen ToviaB,N-340B,2023-12-17T11:27:19.097Z,38.992357,-0.519858,960
305,Albereda 1,Albereda 2,2023-12-17T11:27:19.097Z,38.990122,-0.519633,416
306,Albereda 2,N-340B,2023-12-17T11:27:19.097Z,38.990742,-0.513,733
307,CV-645A,PalasietA,2023-12-17T11:27:29.097Z,38.985252,-0.537441,486
308,Corts Valencianes 1A,Corts Valencianes 1B,2023-12-17T11:27:29.097Z,38.985252,-0.537441,False
309,Corts Valencianes 2B,Argenteria,2023-12-17T11:27:29.097Z,38.987684,-0.53061,135
310,PalasietB,Corts Valencianes 1B,2023-12-17T11:27:29.097Z,38.985252,-0.537441,False
311,Argenteria,PalasietB,2023-12-17T11:27:29.097Z,38.985489,-0.534157,220
312,9 OctubreA,Alfons MagnanimA,2023-12-17T11:27:29.097Z,38.987144,-0.535236,601
313,9 OctubreB,Ausias MarchB,2023-12-17T11:27:29.097Z,38.987684,-0.53061,700
314,Beata InesB,Beata InesA,2023-12-17T11:27:29.097Z,0.0,0.0,686
315,Ximen ToviaB,Carme 1,2023-12-17T11:27:29.097Z,38.992357,-0.519858,769
316,Albereda 1,Albereda 2,2023-12-17T11:27:29.097Z,38.990122,-0.519633,166
317,Carme 2,Albereda 2,2023-12-17T11:27:29.097Z,38.990122,-0.519633,949
318,N-340B,N-340A,2023-12-17T11:27:29.097Z,0.0,0.0,582
319,Corts Valencianes 1B,Corts Valencianes 2B,2023-12-17T11:27:39.097Z,38.986084,-0.534517,618
320,Corts Valencianes 2B,Reina,2023-12-17T11:27:39.097Z,38.987684,-0.53061,eXX
321,PalasietA,Aben FerriA,2023-12-17T11:27:39.097Z,38.985489,-0.534157,476
322,PalasietB,Corts Valencianes 1B,2023-12-17T11:27:39.097Z,38.985252,-0.537441,False
323,Alfons MagnanimA,Corts Valencianes 2B,2023-12-17T11:27:39.097Z,38.986084,-0.534517,089
324,Alfons MagnanimB,9 OctubreB,2023-12-17T11:27:39.097Z,38.987144,-0.535236,794
325,Argenteria,Aben FerriA,2023-12-17T11:27:39.097Z,38.985489,-0.534157,234
326,9 OctubreB,Ausias MarchB,2023-12-17T11:27:39.097Z,38.987684,-0.53061,876
327,Abu Masaifa,9 OctubreA,2023-12-17T11:27:39.097Z,38.987684,-0.53061,False
328,Reina,Republica Argentina,2023-12-17T11:27:39.097Z,38.989955,-0.523503,971
329,Carme 1,Carme 2,2023-12-17T11:27:39.097Z,38.99105,-0.519778,789
330,N-340A,Gregorio Molina,2023-12-17T11:27:39.097Z,38.992357,-0.519858,211
331,N-340B,CV-645A,2023-12-17T11:27:39.097Z,0.0,0.0,770
332,CV-645B,Beata InesA,2023-12-17T11:27:49.097Z,0.0,0.0,235
333,PalasietA,PalasietB,2023-12-17T11:27:49.097Z,38.985489,-0.534157,486
334,PalasietB,PalasietA,2023-12-17T11:27:49.097Z,38.985252,-0.537441,False
335,Alfons MagnanimA,Corts Valencianes 2B,2023-12-17T11:27:49.097Z,38.986084,-0.534517,902
336,Aben FerriA,Corts Valencianes 2B,2023-12-17T11:27:49.097Z,38.986084,-0.534517,476
337,9 OctubreA,9 OctubreB,2023-12-17T11:27:49.097Z,38.987144,-0.535236,916
338,Beata InesA,9 OctubreA,2023-12-17T11:27:49.097Z,38.987684,-0.53061,886
339,Albereda 1,Albereda 2,2023-12-17T11:27:49.097Z,38.990122,-0.519633,071
340,Albereda 2,N-340B,2023-12-17T11:27:49.097Z,38.990742,-0.513,451
341,CV-645B,Beata InesA,2023-12-17T11:27:59.097Z,0.0,0.0,819
342,Corts Valencianes 2B,9 OctubreA,2023-12-17T11:27:59.097Z,38.987684,-0.53061,False
343,PalasietA,Aben FerriA,2023-12-17T11:27:59.097Z,38.985489,-0.534157,False
344,PalasietB,CV-645B,2023-12-17T11:27:59.097Z,38.985252,-0.537441,968
345,Argenteria,Aben FerriA,2023-12-17T11:27:59.097Z,38.985489,-0.534157,557
346,9 OctubreB,Corts Valencianes 2A,2023-12-17T11:27:59.097Z,38.987684,-0.53061,996
347,Ausias MarchA,Beata InesB,2023-12-17T11:27:59.097Z,38.987684,-0.53061,False
348,Beata InesA,Argenteria,2023-12-17T11:27:59.097Z,38.987684,-0.53061,235
349,Reina,Albereda 1,2023-12-17T11:27:59.097Z,38.989955,-0.523503,False
350,Albereda 2,Cosmografo,2023-12-17T11:27:59.097Z,38.990742,-0.513,694
351,CV-645B,N-340A,2023-12-17T11:28:09.097Z,0.0,0.0,240
352,Corts Valencianes 1B,Corts Valencianes 2B,2023-12-17T11:28:09.097Z,38.986084,-0.534517,276
353,Corts Valencianes 2A,Corts Valencianes 2B,2023-12-17T11:28:09.097Z,38.986084,-0.534517,556
354,Corts Valencianes 2B,Ausias MarchB,2023-12-17T11:28:09.097Z,38.987684,-0.53061,503
355,PalasietB,CV-645B,2023-12-17T11:28:09.097Z,38.985252,-0.537441,882
356,Aben FerriA,Corts Valencianes 2B,2023-12-17T11:28:09.097Z,38.986084,-0.534517,999
357,Argenteria,PalasietB,2023-12-17T11:28:09.097Z,38.985489,-0.534157,100
358,9 OctubreA,9 OctubreB,2023-12-17T11:28:09.097Z,38.987144,-0.535236,979
359,Gregorio Molina,Baixada estacio 2,2023-12-17T11:28:09.097Z,38.991213,-0.523787,211
360,Albereda 2,Cosmografo,2023-12-17T11:28:09.097Z,38.990742,-0.513,668
361,N-340A,Carme 1,2023-12-17T11:28:09.097Z,38.992357,-0.519858,582
362,Republica Argentina,Carme 2,2023-12-17T11:28:09.097Z,38.99105,-0.519778,971
363,Corts Valencianes 1B,Alfons MagnanimB,2023-12-17T11:28:19.097Z,38.986084,-0.534517,False
364,Corts Valencianes 2A,Corts Valencianes 2B,2023-12-17T11:28:19.097Z,38.986084,-0.534517,676
365,PalasietB,CV-645B,2023-12-17T11:28:19.097Z,38.985252,-0.537441,254
366,Aben FerriA,Corts Valencianes 1A,2023-12-17T11:28:19.097Z,38.986084,-0.534517,False
367,Argenteria,PalasietB,2023-12-17T11:28:19.097Z,38.985489,-0.534157,100
368,9 OctubreA,9 OctubreB,2023-12-17T11:28:19.097Z,38.987144,-0.535236,686
369,9 OctubreB,Reina,2023-12-17T11:28:19.097Z,38.987684,-0.53061,794
370,Beata InesA,Corts Valencianes 2A,2023-12-17T11:28:19.097Z,38.987684,-0.53061,819
371,Beata InesB,Beata InesA,2023-12-17T11:28:19.097Z,0.0,0.0,862
372,Ximen ToviaB,N-340B,2023-12-17T11:28:19.097Z,38.992357,-0.519858,False
373,Albereda 1,Albereda 2,2023-12-17T11:28:19.097Z,38.990122,-0.519633,603
374,Albereda 2,N-340B,2023-12-17T11:28:19.097Z,38.990742,-0.513,False
375,Carme 2,Albereda 2,2023-12-17T11:28:19.097Z,38.990122,-0.519633,971
376,Cosmografo,Maulets,2023-12-17T11:28:19.097Z,38.991249,-0.518678,979
377,Maulets,N-340B,2023-12-17T11:28:19.097Z,38.992357,-0.519858,999
378,Corts Valencianes 1A,CV-645B,2023-12-17T11:28:29.097Z,38.985252,-0.537441,False
379,PalasietB,PalasietA,2023-12-17T11:28:29.097Z,38.985252,-0.537441,146
380,Alfons MagnanimA,Corts Valencianes 2B,2023-12-17T11:28:29.097Z,38.986084,-0.534517,635
381,Aben FerriA,Alfons MagnanimB,2023-12-17T11:28:29.097Z,38.986084,-0.534517,557
382,Albereda 2,Cosmografo,2023-12-17T11:28:29.097Z,38.990742,-0.513,081
383,N-340A,Ximen ToviaA,2023-12-17T11:28:29.097Z,38.992357,-0.519858,240
384,N-340B,Beata InesA,2023-12-17T11:28:29.097Z,0.0,0.0,503
385,CV-645A,Corts Valencianes 1B,2023-12-17T11:28:39.097Z,38.985252,-0.537441,770
386,CV-645B,CV-645A,2023-12-17T11:28:39.097Z,0.0,0.0,936
387,Corts Valencianes 2A,Corts Valencianes 2B,2023-12-17T11:28:39.097Z,38.986084,-0.534517,674
388,Corts Valencianes 2B,9 OctubreA,2023-12-17T11:28:39.097Z,38.987684,-0.53061,960
389,PalasietA,PalasietB,2023-12-17T11:28:39.097Z,38.985489,-0.534157,056
390,PalasietB,Corts Valencianes 1B,2023-12-17T11:28:39.097Z,38.985252,-0.537441,274
391,Alfons MagnanimB,Alfons MagnanimA,2023-12-17T11:28:39.097Z,38.987144,-0.535236,False
392,Argenteria,Aben FerriA,2023-12-17T11:28:39.097Z,38.985489,-0.534157,495
393,9 OctubreA,Alfons MagnanimA,2023-12-17T11:28:39.097Z,38.987144,-0.535236,093
394,Albereda 2,Cosmografo,2023-12-17T11:28:39.097Z,38.990742,-0.513,499
395,CV-645B,Beata InesA,2023-12-17T11:28:49.097Z,0.0,0.0,919
396,Corts Valencianes 1A,CV-645B,2023-12-17T11:28:49.097Z,38.985252,-0.537441,968
397,PalasietA,Aben FerriA,2023-12-17T11:28:49.097Z,38.985489,-0.534157,146
398,Aben FerriA,Alfons MagnanimB,2023-12-17T11:28:49.097Z,38.986084,-0.534517,495
399,Argenteria,Aben FerriA,2023-12-17T11:28:49.097Z,38.985489,-0.534157,False
400,9 OctubreB,Reina,2023-12-17T11:28:49.097Z,38.987684,-0.53061,916
401,Beata InesA,9 OctubreA,2023-12-17T11:28:49.097Z,38.987684,-0.53061,662
402,Reina,Republica Argentina,2023-12-17T11:28:49.097Z,38.989955,-0.523503,kXX
403,Ximen ToviaA,Ausias MarchA,2023-12-17T11:28:49.097Z,38.991913,-0.524291,240
404,Albereda 2,Cosmografo,2023-12-17T11:28:49.097Z,38.990742,-0.513,714
405,N-340B,CV-645A,2023-12-17T11:28:49.097Z,0.0,0.0,003
406,Corts Valencianes 1B,Alfons MagnanimB,2023-12-17T11:28:59.097Z,38.986084,-0.534517,770
407,Corts Valencianes 2B,Beata InesB,2023-12-17T11:28:59.097Z,38.987684,-0.53061,680
408,Alfons MagnanimA,Corts Valencianes 1A,2023-12-17T11:28:59.097Z,38.986084,-0.534517,093
409,Aben FerriA,Corts Valencianes 1A,2023-12-17T11:28:59.097Z,38.986084,-0.534517,746
410,Argenteria,PalasietB,2023-12-17T11:28:59.097Z,38.985489,-0.534157,135
411,Beata InesA,Ausias MarchB,2023-12-17T11:28:59.097Z,38.987684,-0.53061,503
412,N-340B,N-340A,2023-12-17T11:28:59.097Z,0.0,0.0,858
413,Corts Valencianes 1B,Alfons MagnanimB,2023-12-17T11:29:09.097Z,38.986084,-0.534517,274
414,Corts Valencianes 2B,Reina,2023-12-17T11:29:09.097Z,38.987684,-0.53061,434
415,PalasietB,CV-645B,2023-12-17T11:29:09.097Z,38.985252,-0.537441,877
416,Alfons MagnanimB,Alfons MagnanimA,2023-12-17T11:29:09.097Z,38.987144,-0.535236,557
417,Aben FerriA,Corts Valencianes 2B,2023-12-17T11:29:09.097Z,38.986084,-0.534517,False
418,Argenteria,Aben FerriA,2023-12-17T11:29:09.097Z,38.985489,-0.534157,264
419,Beata InesA,Argenteria,2023-12-17T11:29:09.097Z,38.987684,-0.53061,919
420,CV-645A,Corts Valencianes 1B,2023-12-17T11:29:19.097Z,38.985252,-0.537441,936
421,CV-645B,Beata InesA,2023-12-17T11:29:19.097Z,0.0,0.0,False
422,Corts Valencianes 1A,Corts Valencianes 1B,2023-12-17T11:29:19.097Z,38.985252,-0.537441,093
423,Corts Valencianes 1B,Corts Valencianes 2B,2023-12-17T11:29:19.097Z,38.986084,-0.534517,699
424,Corts Valencianes 2B,Ausias MarchB,2023-12-17T11:29:19.097Z,38.987684,-0.53061,911
425,PalasietB,PalasietA,2023-12-17T11:29:19.097Z,38.985252,-0.537441,910
426,Alfons MagnanimA,Corts Valencianes 2B,2023-12-17T11:29:19.097Z,38.986084,-0.534517,557
427,Alfons MagnanimB,9 OctubreB,2023-12-17T11:29:19.097Z,38.987144,-0.535236,495
428,Aben FerriA,Corts Valencianes 1A,2023-12-17T11:29:19.097Z,38.986084,-0.534517,735
429,Argenteria,Aben FerriA,2023-12-17T11:29:19.097Z,38.985489,-0.534157,235
430,9 OctubreA,Alfons MagnanimA,2023-12-17T11:29:19.097Z,38.987144,-0.535236,618
431,9 OctubreB,Argenteria,2023-12-17T11:29:19.097Z,38.987684,-0.53061,592
432,Ausias MarchB,Ausias MarchA,2023-12-17T11:29:19.097Z,38.991913,-0.524291,950
433,Beata InesB,CV-645A,2023-12-17T11:29:19.097Z,0.0,0.0,924
434,N-340A,Gregorio Molina,2023-12-17T11:29:19.097Z,38.992357,-0.519858,099
435,Republica Argentina,Academic Maravall,2023-12-17T11:29:19.097Z,38.99105,-0.519778,False
436,CV-645A,Corts Valencianes 1B,2023-12-17T11:29:29.097Z,38.985252,-0.537441,919
437,Corts Valencianes 1B,Corts Valencianes 1A,2023-12-17T11:29:29.097Z,38.986084,-0.534517,996
438,Corts Valencianes 2B,Ausias MarchB,2023-12-17T11:29:29.097Z,38.987684,-0.53061,276
439,Alfons MagnanimA,Aben FerriB,2023-12-17T11:29:29.097Z,38.986084,-0.534517,618
440,Alfons MagnanimB,9 OctubreB,2023-12-17T11:29:29.097Z,38.987144,-0.535236,770
441,Aben FerriA,Alfons MagnanimB,2023-12-17T11:29:29.097Z,38.986084,-0.534517,264
442,Ausias MarchB,Ximen ToviaB,2023-12-17T11:29:29.097Z,38.991913,-0.524291,False
443,Republica Argentina,Academic Maravall,2023-12-17T11:29:29.097Z,38.99105,-0.519778,047
444,CV-645A,Corts Valencianes 1B,2023-12-17T11:29:39.097Z,38.985252,-0.537441,924
445,Corts Valencianes 1A,CV-645B,2023-12-17T11:29:39.097Z,38.985252,-0.537441,146
446,Corts Valencianes 1B,Aben FerriB,2023-12-17T11:29:39.097Z,38.986084,-0.534517,False
447,PalasietB,Corts Valencianes 1B,2023-12-17T11:29:39.097Z,38.985252,-0.537441,317
448,Aben FerriA,Alfons MagnanimB,2023-12-17T11:29:39.097Z,38.986084,-0.534517,235
449,Aben FerriB,PalasietB,2023-12-17T11:29:39.097Z,38.985489,-0.534157,949
450,Argenteria,PalasietB,2023-12-17T11:29:39.097Z,38.985489,-0.534157,460
451,9 OctubreA,Alfons MagnanimA,2023-12-17T11:29:39.097Z,38.987144,-0.535236,862
452,9 OctubreB,Corts Valencianes 2A,2023-12-17T11:29:39.097Z,38.987684,-0.53061,887
453,Ausias MarchB,Ausias MarchA,2023-12-17T11:29:39.097Z,38.991913,-0.524291,700
454,Gregorio Molina,Abu Masaifa,2023-12-17T11:29:39.097Z,38.991213,-0.523787,858
455,Albereda 2,N-340B,2023-12-17T11:29:39.097Z,38.990742,-0.513,820
456,CV-645B,N-340A,2023-12-17T11:29:49.097Z,0.0,0.0,485
457,Corts Valencianes 1B,Corts Valencianes 2B,2023-12-17T11:29:49.097Z,38.986084,-0.534517,600
458,Corts Valencianes 2A,Alfons MagnanimB,2023-12-17T11:29:49.097Z,38.986084,-0.534517,887
459,PalasietA,Aben FerriA,2023-12-17T11:29:49.097Z,38.985489,-0.534157,035
460,PalasietB,CV-645B,2023-12-17T11:29:49.097Z,38.985252,-0.537441,368
461,Alfons MagnanimB,9 OctubreB,2023-12-17T11:29:49.097Z,38.987144,-0.535236,674
462,Aben FerriA,Alfons MagnanimB,2023-12-17T11:29:49.097Z,38.986084,-0.534517,819
463,Argenteria,PalasietB,2023-12-17T11:29:49.097Z,38.985489,-0.534157,592
464,9 OctubreA,9 OctubreB,2023-12-17T11:29:49.097Z,38.987144,-0.535236,346
465,9 OctubreB,9 OctubreB,2023-12-17T11:29:49.097Z,38.987684,-0.53061,886
466,Ausias MarchA,9 OctubreA,2023-12-17T11:29:49.097Z,38.987684,-0.53061,240
467,Ausias MarchB,Baixada estacio 1,2023-12-17T11:29:49.097Z,38.991913,-0.524291,False
468,CV-645B,CV-645A,2023-12-17T11:29:59.097Z,0.0,0.0,919
469,Corts Valencianes 1A,CV-645B,2023-12-17T11:29:59.097Z,38.985252,-0.537441,793
470,Corts Valencianes 1B,Aben FerriB,2023-12-17T11:29:59.097Z,38.986084,-0.534517,974
471,PalasietB,PalasietA,2023-12-17T11:29:59.097Z,38.985252,-0.537441,528
472,Alfons MagnanimA,Corts Valencianes 1A,2023-12-17T11:29:59.097Z,38.986084,-0.534517,419
473,Alfons MagnanimB,9 OctubreB,2023-12-17T11:29:59.097Z,38.987144,-0.535236,264
474,Aben FerriA,Corts Valencianes 2B,2023-12-17T11:29:59.097Z,38.986084,-0.534517,035
475,Aben FerriB,Aben FerriA,2023-12-17T11:29:59.097Z,38.985489,-0.534157,837
476,9 OctubreB,Ausias MarchB,2023-12-17T11:29:59.097Z,38.987684,-0.53061,495
477,Ximen ToviaB,N-340B,2023-12-17T11:29:59.097Z,38.992357,-0.519858,741
478,Baixada estacio 1,Abu Masaifa,2023-12-17T11:29:59.097Z,38.991213,-0.523787,604
479,Albereda 2,N-340B,2023-12-17T11:29:59.097Z,38.990742,-0.513,772
480,Maulets,N-340B,2023-12-17T11:29:59.097Z,38.992357,-0.519858,904
481,N-340B,Beata InesA,2023-12-17T11:29:59.097Z,0.0,0.0,207
482,CV-645B,Beata InesA,2023-12-17T11:30:09.097Z,0.0,0.0,965
483,Corts Valencianes 1A,CV-645B,2023-12-17T11:30:09.097Z,38.985252,-0.537441,735
484,Corts Valencianes 1B,Corts Valencianes 2B,2023-12-17T11:30:09.097Z,38.986084,-0.534517,317
485,Corts Valencianes 2B,Beata InesB,2023-12-17T11:30:09.097Z,38.987684,-0.53061,996
486,PalasietB,CV-645B,2023-12-17T11:30:09.097Z,38.985252,-0.537441,953
487,Alfons MagnanimA,Aben FerriB,2023-12-17T11:30:09.097Z,38.986084,-0.534517,862
488,Alfons MagnanimB,Alfons MagnanimA,2023-12-17T11:30:09.097Z,38.987144,-0.535236,235
489,Aben FerriA,Corts Valencianes 2B,2023-12-17T11:30:09.097Z,38.986084,-0.534517,837
490,Aben FerriB,PalasietB,2023-12-17T11:30:09.097Z,38.985489,-0.534157,093
491,9 OctubreB,9 OctubreA,2023-12-17T11:30:09.097Z,38.987684,-0.53061,770
492,Ausias MarchB,Ausias MarchA,2023-12-17T11:30:09.097Z,38.991913,-0.524291,508
493,Beata InesA,Ausias MarchB,2023-12-17T11:30:09.097Z,38.987684,-0.53061,XXX
494,Reina,Republica Argentina,2023-12-17T11:30:09.097Z,38.989955,-0.523503,937
495,N-340A,Ximen ToviaA,2023-12-17T11:30:09.097Z,38.992357,-0.519858,489
496,N-340B,Beata InesA,2023-12-17T11:30:09.097Z,0.0,0.0,914
497,CV-645B,CV-645B,2023-12-17T11:30:19.097Z,0.0,0.0,836
498,Corts Valencianes 1A,PalasietA,2023-12-17T11:30:19.097Z,38.985252,-0.537441,916
499,Corts Valencianes 2B,Reina,2023-12-17T11:30:19.097Z,38.987684,-0.53061,999
500,PalasietB,PalasietA,2023-12-17T11:30:19.097Z,38.985252,-0.537441,693
501,Alfons MagnanimA,Aben FerriB,2023-12-17T11:30:19.097Z,38.986084,-0.534517,235
502,Aben FerriB,PalasietB,2023-12-17T11:30:19.097Z,38.985489,-0.534157,974
503,9 OctubreA,Alfons MagnanimA,2023-12-17T11:30:19.097Z,38.987144,-0.535236,200
504,Ausias MarchB,Baixada estacio 1,2023-12-17T11:30:19.097Z,38.991913,-0.524291,119
505,Beata InesA,Reina,2023-12-17T11:30:19.097Z,38.987684,-0.53061,207
506,Reina,Albereda 1,2023-12-17T11:30:19.097Z,38.989955,-0.523503,375
507,Ximen ToviaA,Ausias MarchA,2023-12-17T11:30:19.097Z,38.991913,-0.524291,666
508,Gregorio Molina,Abu Masaifa,2023-12-17T11:30:19.097Z,38.991213,-0.523787,925
509,N-340B,Beata InesA,2023-12-17T11:30:19.097Z,0.0,0.0,098
510,CV-645A,Corts Valencianes 1B,2023-12-17T11:30:29.097Z,38.985252,-0.537441,069
511,Corts Valencianes 1A,CV-645B,2023-12-17T11:30:29.097Z,38.985252,-0.537441,419
512,Corts Valencianes 2B,9 OctubreA,2023-12-17T11:30:29.097Z,38.987684,-0.53061,864
513,Alfons MagnanimA,Alfons MagnanimB,2023-12-17T11:30:29.097Z,38.986084,-0.534517,240
514,Alfons MagnanimB,Alfons MagnanimA,2023-12-17T11:30:29.097Z,38.987144,-0.535236,False
515,Aben FerriB,PalasietB,2023-12-17T11:30:29.097Z,38.985489,-0.534157,862
516,9 OctubreB,Corts Valencianes 2A,2023-12-17T11:30:29.097Z,38.987684,-0.53061,274
517,Ausias MarchB,Ausias MarchA,2023-12-17T11:30:29.097Z,38.991913,-0.524291,503
518,Beata InesA,9 OctubreA,2023-12-17T11:30:29.097Z,38.987684,-0.53061,965
519,Reina,Republica Argentina,2023-12-17T11:30:29.097Z,38.989955,-0.523503,434
520,N-340B,CV-645A,2023-12-17T11:30:29.097Z,0.0,0.0,983
521,Republica Argentina,Academic Maravall,2023-12-17T11:30:29.097Z,38.99105,-0.519778,794
522,CV-645B,Beata InesA,2023-12-17T11:30:39.097Z,0.0,0.0,868
523,Corts Valencianes 1B,Aben FerriB,2023-12-17T11:30:39.097Z,38.986084,-0.534517,919
524,Corts Valencianes 2B,Ausias MarchB,2023-12-17T11:30:39.097Z,38.987684,-0.53061,635
525,Alfons MagnanimA,Aben FerriB,2023-12-17T11:30:39.097Z,38.986084,-0.534517,979
526,Alfons MagnanimB,9 OctubreB,2023-12-17T11:30:39.097Z,38.987144,-0.535236,819
527,Aben FerriB,PalasietB,2023-12-17T11:30:39.097Z,38.985489,-0.534157,235
528,Argenteria,PalasietB,2023-12-17T11:30:39.097Z,38.985489,-0.534157,077
529,9 OctubreA,Alfons MagnanimA,2023-12-17T11:30:39.097Z,38.987144,-0.535236,770
530,Ausias MarchB,Ausias MarchA,2023-12-17T11:30:39.097Z,38.991913,-0.524291,476
531,Beata InesA,Corts Valencianes 2A,2023-12-17T11:30:39.097Z,38.987684,-0.53061,974
532,Reina,Republica Argentina,2023-12-17T11:30:39.097Z,38.989955,-0.523503,234
533,Baixada estacio 1,Abu Masaifa,2023-12-17T11:30:39.097Z,38.991213,-0.523787,915
534,Albereda 1,Albereda 2,2023-12-17T11:30:39.097Z,38.990122,-0.519633,916
535,CV-645A,PalasietA,2023-12-17T11:30:49.097Z,38.985252,-0.537441,962
536,Corts Valencianes 1B,Corts Valencianes 2B,2023-12-17T11:30:49.097Z,38.986084,-0.534517,False
537,Corts Valencianes 2A,Corts Valencianes 2B,2023-12-17T11:30:49.097Z,38.986084,-0.534517,224
538,Corts Valencianes 2B,Reina,2023-12-17T11:30:49.097Z,38.987684,-0.53061,949
539,PalasietA,Aben FerriA,2023-12-17T11:30:49.097Z,38.985489,-0.534157,936
540,PalasietB,CV-645B,2023-12-17T11:30:49.097Z,38.985252,-0.537441,121
541,Aben FerriB,PalasietB,2023-12-17T11:30:49.097Z,38.985489,-0.534157,530
542,9 OctubreA,9 OctubreB,2023-12-17T11:30:49.097Z,38.987144,-0.535236,864
543,9 OctubreB,Reina,2023-12-17T11:30:49.097Z,38.987684,-0.53061,346
544,Beata InesA,Ausias MarchB,2023-12-17T11:30:49.097Z,38.987684,-0.53061,964
545,Beata InesB,Beata InesA,2023-12-17T11:30:49.097Z,0.0,0.0,636
546,N-340B,N-340A,2023-12-17T11:30:49.097Z,0.0,0.0,False
547,Corts Valencianes 2A,Corts Valencianes 2B,2023-12-17T11:30:59.097Z,38.986084,-0.534517,060
548,PalasietA,Aben FerriA,2023-12-17T11:30:59.097Z,38.985489,-0.534157,893
549,PalasietB,CV-645B,2023-12-17T11:30:59.097Z,38.985252,-0.537441,718
550,Alfons MagnanimB,9 OctubreB,2023-12-17T11:30:59.097Z,38.987144,-0.535236,240
551,Aben FerriA,Alfons MagnanimB,2023-12-17T11:30:59.097Z,38.986084,-0.534517,936
552,Aben FerriB,PalasietB,2023-12-17T11:30:59.097Z,38.985489,-0.534157,979
553,9 OctubreA,9 OctubreB,2023-12-17T11:30:59.097Z,38.987144,-0.535236,969
554,9 OctubreB,Corts Valencianes 2A,2023-12-17T11:30:59.097Z,38.987684,-0.53061,686
555,Ausias MarchB,Baixada estacio 1,2023-12-17T11:30:59.097Z,38.991913,-0.524291,276
556,Beata InesA,Ausias MarchB,2023-12-17T11:30:59.097Z,38.987684,-0.53061,903
557,Beata InesB,Beata InesA,2023-12-17T11:30:59.097Z,0.0,0.0,583
558,Reina,Republica Argentina,2023-12-17T11:30:59.097Z,38.989955,-0.523503,469
559,N-340B,CV-645A,2023-12-17T11:30:59.097Z,0.0,0.0,074
560,Republica Argentina,Academic Maravall,2023-12-17T11:30:59.097Z,38.99105,-0.519778,902
561,CV-645B,N-340A,2023-12-17T11:31:09.097Z,0.0,0.0,140
562,Corts Valencianes 2A,Alfons MagnanimB,2023-12-17T11:31:09.097Z,38.986084,-0.534517,974
563,PalasietA,PalasietB,2023-12-17T11:31:09.097Z,38.985489,-0.534157,962
564,Abu Masaifa,Corts Valencianes 2A,2023-12-17T11:31:09.097Z,38.987684,-0.53061,False
565,Ausias MarchB,Baixada estacio 1,2023-12-17T11:31:09.097Z,38.991913,-0.524291,495
566,Reina,Republica Argentina,2023-12-17T11:31:09.097Z,38.989955,-0.523503,996
567,CV-645A,Corts Valencianes 1B,2023-12-17T11:31:19.097Z,38.985252,-0.537441,674
568,Corts Valencianes 2A,Alfons MagnanimB,2023-12-17T11:31:19.097Z,38.986084,-0.534517,886
569,Corts Valencianes 2B,Ausias MarchB,2023-12-17T11:31:19.097Z,38.987684,-0.53061,619
570,PalasietB,Corts Valencianes 1B,2023-12-17T11:31:19.097Z,38.985252,-0.537441,443
571,Alfons MagnanimB,Alfons MagnanimA,2023-12-17T11:31:19.097Z,38.987144,-0.535236,996
572,Aben FerriA,Alfons MagnanimB,2023-12-17T11:31:19.097Z,38.986084,-0.534517,693
573,9 OctubreB,Reina,2023-12-17T11:31:19.097Z,38.987684,-0.53061,264
574,Ausias MarchB,Ximen ToviaB,2023-12-17T11:31:19.097Z,38.991913,-0.524291,iXX
575,Beata InesA,Argenteria,2023-12-17T11:31:19.097Z,38.987684,-0.53061,636
576,Beata InesB,N-340A,2023-12-17T11:31:19.097Z,0.0,0.0,215
577,Reina,Albereda 1,2023-12-17T11:31:19.097Z,38.989955,-0.523503,996
578,Baixada estacio 1,Abu Masaifa,2023-12-17T11:31:19.097Z,38.991213,-0.523787,697
579,N-340B,CV-645A,2023-12-17T11:31:19.097Z,0.0,0.0,False
580,Republica Argentina,Carme 2,2023-12-17T11:31:19.097Z,38.99105,-0.519778,469
581,CV-645B,CV-645A,2023-12-17T11:31:29.097Z,0.0,0.0,False
582,Corts Valencianes 2A,Corts Valencianes 2B,2023-12-17T11:31:29.097Z,38.986084,-0.534517,604
583,Corts Valencianes 2B,Ausias MarchB,2023-12-17T11:31:29.097Z,38.987684,-0.53061,696
584,PalasietB,CV-645B,2023-12-17T11:31:29.097Z,38.985252,-0.537441,966
585,Alfons MagnanimA,Aben FerriB,2023-12-17T11:31:29.097Z,38.986084,-0.534517,936
586,9 OctubreB,9 OctubreA,2023-12-17T11:31:29.097Z,38.987684,-0.53061,819
587,Ausias MarchB,Ximen ToviaB,2023-12-17T11:31:29.097Z,38.991913,-0.524291,435
588,Beata InesA,Argenteria,2023-12-17T11:31:29.097Z,38.987684,-0.53061,583
589,Beata InesB,N-340A,2023-12-17T11:31:29.097Z,0.0,0.0,380
590,Ximen ToviaB,N-340B,2023-12-17T11:31:29.097Z,38.992357,-0.519858,448
591,Baixada estacio 1,Baixada estacio 1,2023-12-17T11:31:29.097Z,38.991213,-0.523787,255
592,Albereda 2,N-340B,2023-12-17T11:31:29.097Z,38.990742,-0.513,898
593,Carme 2,Albereda 2,2023-12-17T11:31:29.097Z,38.990122,-0.519633,469
594,Maulets,N-340B,2023-12-17T11:31:29.097Z,38.992357,-0.519858,919
595,N-340B,CV-645A,2023-12-17T11:31:29.097Z,0.0,0.0,390
596,Republica Argentina,Academic Maravall,2023-12-17T11:31:29.097Z,38.99105,-0.519778,949
597,Corts Valencianes 1B,Corts Valencianes 2B,2023-12-17T11:31:39.097Z,38.986084,-0.534517,074
598,PalasietB,PalasietA,2023-12-17T11:31:39.097Z,38.985252,-0.537441,959
599,Alfons MagnanimB,Alfons MagnanimA,2023-12-17T11:31:39.097Z,38.987144,-0.535236,974
600,Aben FerriB,PalasietB,2023-12-17T11:31:39.097Z,38.985489,-0.534157,996
601,Beata InesB,CV-645A,2023-12-17T11:31:39.097Z,0.0,0.0,False
602,Ximen ToviaB,Ximen ToviaA,2023-12-17T11:31:39.097Z,38.992357,-0.519858,020
603,Baixada estacio 1,Abu Masaifa,2023-12-17T11:31:39.097Z,38.991213,-0.523787,255
604,Albereda 1,Albereda 2,2023-12-17T11:31:39.097Z,38.990122,-0.519633,996
605,Maulets,Ximen ToviaA,2023-12-17T11:31:39.097Z,38.992357,-0.519858,870
606,Corts Valencianes 1B,Alfons MagnanimB,2023-12-17T11:31:49.097Z,38.986084,-0.534517,666
607,Corts Valencianes 2B,Ausias MarchB,2023-12-17T11:31:49.097Z,38.987684,-0.53061,996
608,PalasietA,Aben FerriA,2023-12-17T11:31:49.097Z,38.985489,-0.534157,959
609,PalasietB,CV-645B,2023-12-17T11:31:49.097Z,38.985252,-0.537441,574
610,Alfons MagnanimA,Aben FerriB,2023-12-17T11:31:49.097Z,38.986084,-0.534517,914
611,Alfons MagnanimB,Alfons MagnanimA,2023-12-17T11:31:49.097Z,38.987144,-0.535236,886
612,9 OctubreA,Alfons MagnanimA,2023-12-17T11:31:49.097Z,38.987144,-0.535236,819
613,9 OctubreB,Reina,2023-12-17T11:31:49.097Z,38.987684,-0.53061,864
614,Ausias MarchB,Ausias MarchA,2023-12-17T11:31:49.097Z,38.991913,-0.524291,868
615,Reina,Albereda 1,2023-12-17T11:31:49.097Z,38.989955,-0.523503,264
616,Ximen ToviaB,Ximen ToviaA,2023-12-17T11:31:49.097Z,38.992357,-0.519858,False
617,Maulets,Ximen ToviaA,2023-12-17T11:31:49.097Z,38.992357,-0.519858,696
618,N-340A,Carme 1,2023-12-17T11:31:49.097Z,38.992357,-0.519858,191
619,N-340B,N-340A,2023-12-17T11:31:49.097Z,0.0,0.0,971
620,CV-645B,Beata InesA,2023-12-17T11:31:59.097Z,0.0,0.0,851
621,Corts Valencianes 1B,Corts Valencianes 2B,2023-12-17T11:31:59.097Z,38.986084,-0.534517,745
622,Corts Valencianes 2B,9 OctubreA,2023-12-17T11:31:59.097Z,38.987684,-0.53061,557
623,PalasietA,PalasietB,2023-12-17T11:31:59.097Z,38.985489,-0.534157,528
624,PalasietB,CV-645B,2023-12-17T11:31:59.097Z,38.985252,-0.537441,007
625,Alfons MagnanimA,Corts Valencianes 1A,2023-12-17T11:31:59.097Z,38.986084,-0.534517,938
626,Alfons MagnanimB,Alfons MagnanimA,2023-12-17T11:31:59.097Z,38.987144,-0.535236,499
627,Aben FerriA,Corts Valencianes 1A,2023-12-17T11:31:59.097Z,38.986084,-0.534517,159
628,9 OctubreB,Argenteria,2023-12-17T11:31:59.097Z,38.987684,-0.53061,240
629,Ausias MarchB,Baixada estacio 1,2023-12-17T11:31:59.097Z,38.991913,-0.524291,679
630,Beata InesB,N-340A,2023-12-17T11:31:59.097Z,0.0,0.0,556
631,N-340A,Ximen ToviaA,2023-12-17T11:31:59.097Z,38.992357,-0.519858,740
632,CV-645B,CV-645A,2023-12-17T11:32:09.097Z,0.0,0.0,836
633,Corts Valencianes 2B,Argenteria,2023-12-17T11:32:09.097Z,38.987684,-0.53061,009
634,PalasietB,PalasietA,2023-12-17T11:32:09.097Z,38.985252,-0.537441,False
635,Alfons MagnanimA,Corts Valencianes 1A,2023-12-17T11:32:09.097Z,38.986084,-0.534517,686
636,Alfons MagnanimB,9 OctubreB,2023-12-17T11:32:09.097Z,38.987144,-0.535236,449
637,Argenteria,PalasietB,2023-12-17T11:32:09.097Z,38.985489,-0.534157,960
638,9 OctubreB,Argenteria,2023-12-17T11:32:09.097Z,38.987684,-0.53061,965
639,Ausias MarchB,Ximen ToviaB,2023-12-17T11:32:09.097Z,38.991913,-0.524291,False
640,Beata InesB,Beata InesA,2023-12-17T11:32:09.097Z,0.0,0.0,437
641,Ximen ToviaB,Ximen ToviaA,2023-12-17T11:32:09.097Z,38.992357,-0.519858,090
642,Carme 2,Albereda 2,2023-12-17T11:32:09.097Z,38.990122,-0.519633,789
643,Maulets,N-340B,2023-12-17T11:32:09.097Z,38.992357,-0.519858,722
644,CV-645A,PalasietA,2023-12-17T11:32:19.097Z,38.985252,-0.537441,False
645,Corts Valencianes 1A,CV-645B,2023-12-17T11:32:19.097Z,38.985252,-0.537441,938
646,Corts Valencianes 2B,Ausias MarchB,2023-12-17T11:32:19.097Z,38.987684,-0.53061,035
647,PalasietB,CV-645B,2023-12-17T11:32:19.097Z,38.985252,-0.537441,717
648,Alfons MagnanimA,Corts Valencianes 2B,2023-12-17T11:32:19.097Z,38.986084,-0.534517,819
649,Aben FerriB,Aben FerriA,2023-12-17T11:32:19.097Z,38.985489,-0.534157,914
650,Ausias MarchA,Corts Valencianes 2A,2023-12-17T11:32:19.097Z,38.987684,-0.53061,950
651,Ausias MarchB,Ximen ToviaB,2023-12-17T11:32:19.097Z,38.991913,-0.524291,False
652,Baixada estacio 1,Baixada estacio 2,2023-12-17T11:32:19.097Z,38.991213,-0.523787,819
653,Albereda 1,Albereda 2,2023-12-17T11:32:19.097Z,38.990122,-0.519633,264
654,Carme 1,Academic Maravall,2023-12-17T11:32:19.097Z,38.99105,-0.519778,582
655,Cosmografo,Maulets,2023-12-17T11:32:19.097Z,38.991249,-0.518678,893
656,Maulets,Ximen ToviaA,2023-12-17T11:32:19.097Z,38.992357,-0.519858,340
657,N-340B,N-340A,2023-12-17T11:32:19.097Z,0.0,0.0,740
658,CV-645A,Corts Valencianes 1B,2023-12-17T11:32:29.097Z,38.985252,-0.537441,792
659,CV-645B,Beata InesA,2023-12-17T11:32:29.097Z,0.0,0.0,336
660,Corts Valencianes 1A,CV-645B,2023-12-17T11:32:29.097Z,38.985252,-0.537441,159
661,Corts Valencianes 2A,Corts Valencianes 2B,2023-12-17T11:32:29.097Z,38.986084,-0.534517,068
662,Corts Valencianes 2B,9 OctubreA,2023-12-17T11:32:29.097Z,38.987684,-0.53061,317
663,PalasietB,Corts Valencianes 1B,2023-12-17T11:32:29.097Z,38.985252,-0.537441,False
664,Alfons MagnanimA,Corts Valencianes 1A,2023-12-17T11:32:29.097Z,38.986084,-0.534517,633
665,Aben FerriA,Corts Valencianes 2B,2023-12-17T11:32:29.097Z,38.986084,-0.534517,914
666,9 OctubreB,Ausias MarchB,2023-12-17T11:32:29.097Z,38.987684,-0.53061,169
667,Ausias MarchA,9 OctubreA,2023-12-17T11:32:29.097Z,38.987684,-0.53061,700
668,Beata InesA,Ausias MarchB,2023-12-17T11:32:29.097Z,38.987684,-0.53061,851
669,Beata InesB,N-340A,2023-12-17T11:32:29.097Z,0.0,0.0,False
670,Reina,Albereda 1,2023-12-17T11:32:29.097Z,38.989955,-0.523503,864
671,Albereda 1,Albereda 2,2023-12-17T11:32:29.097Z,38.990122,-0.519633,206
672,Albereda 2,Cosmografo,2023-12-17T11:32:29.097Z,38.990742,-0.513,False
673,Carme 1,Academic Maravall,2023-12-17T11:32:29.097Z,38.99105,-0.519778,696
674,Academic Maravall,Maulets,2023-12-17T11:32:29.097Z,38.991249,-0.518678,XXX
675,Cosmografo,Maulets,2023-12-17T11:32:29.097Z,38.991249,-0.518678,081
676,N-340A,Ximen ToviaA,2023-12-17T11:32:29.097Z,38.992357,-0.519858,215
677,CV-645A,Corts Valencianes 1B,2023-12-17T11:32:39.097Z,38.985252,-0.537441,390
678,Corts Valencianes 1A,PalasietA,2023-12-17T11:32:39.097Z,38.985252,-0.537441,686
679,Corts Valencianes 2B,Argenteria,2023-12-17T11:32:39.097Z,38.987684,-0.53061,837
680,PalasietB,Corts Valencianes 1B,2023-12-17T11:32:39.097Z,38.985252,-0.537441,954
681,Argenteria,PalasietB,2023-12-17T11:32:39.097Z,38.985489,-0.534157,919
682,Abu Masaifa,9 OctubreA,2023-12-17T11:32:39.097Z,38.987684,-0.53061,925
683,Ausias MarchB,Ausias MarchA,2023-12-17T11:32:39.097Z,38.991913,-0.524291,910
684,Beata InesA,Corts Valencianes 2A,2023-12-17T11:32:39.097Z,38.987684,-0.53061,437
685,Baixada estacio 2,Albereda 1,2023-12-17T11:32:39.097Z,38.989955,-0.523503,819
686,Maulets,Ximen ToviaA,2023-12-17T11:32:39.097Z,38.992357,-0.519858,292
687,N-340A,Ximen ToviaA,2023-12-17T11:32:39.097Z,38.992357,-0.519858,380
688,N-340B,Beata InesA,2023-12-17T11:32:39.097Z,0.0,0.0,False
689,CV-645A,PalasietA,2023-12-17T11:32:49.097Z,38.985252,-0.537441,974
690,Corts Valencianes 1A,CV-645B,2023-12-17T11:32:49.097Z,38.985252,-0.537441,893
691,Corts Valencianes 2B,Corts Valencianes 2A,2023-12-17T11:32:49.097Z,38.987684,-0.53061,330
692,PalasietB,PalasietA,2023-12-17T11:32:49.097Z,38.985252,-0.537441,356
693,Argenteria,Aben FerriA,2023-12-17T11:32:49.097Z,38.985489,-0.534157,969
694,Ausias MarchA,9 OctubreA,2023-12-17T11:32:49.097Z,38.987684,-0.53061,906
695,Beata InesA,9 OctubreA,2023-12-17T11:32:49.097Z,38.987684,-0.53061,336
696,Albereda 1,Albereda 2,2023-12-17T11:32:49.097Z,38.990122,-0.519633,864
697,N-340A,Ximen ToviaA,2023-12-17T11:32:49.097Z,38.992357,-0.519858,971
698,CV-645A,Corts Valencianes 1B,2023-12-17T11:32:59.097Z,38.985252,-0.537441,968
699,CV-645B,Beata InesA,2023-12-17T11:32:59.097Z,0.0,0.0,799
700,Corts Valencianes 1B,Corts Valencianes 2B,2023-12-17T11:32:59.097Z,38.986084,-0.534517,False
701,PalasietA,Aben FerriA,2023-12-17T11:32:59.097Z,38.985489,-0.534157,706
702,Aben FerriA,Corts Valencianes 1A,2023-12-17T11:32:59.097Z,38.986084,-0.534517,965
703,Abu Masaifa,9 OctubreA,2023-12-17T11:32:59.097Z,38.987684,-0.53061,119
704,Ausias MarchB,Baixada estacio 1,2023-12-17T11:32:59.097Z,38.991913,-0.524291,851
705,Beata InesA,9 OctubreA,2023-12-17T11:32:59.097Z,38.987684,-0.53061,999
706,Corts Valencianes 1A,PalasietA,2023-12-17T11:33:09.097Z,38.985252,-0.537441,969
707,Corts Valencianes 1B,Alfons MagnanimB,2023-12-17T11:33:09.097Z,38.986084,-0.534517,390
708,Corts Valencianes 2B,Ausias MarchB,2023-12-17T11:33:09.097Z,38.987684,-0.53061,271
709,PalasietA,PalasietB,2023-12-17T11:33:09.097Z,38.985489,-0.534157,886
710,PalasietB,CV-645B,2023-12-17T11:33:09.097Z,38.985252,-0.537441,426
711,Argenteria,PalasietB,2023-12-17T11:33:09.097Z,38.985489,-0.534157,837
712,9 OctubreA,9 OctubreB,2023-12-17T11:33:09.097Z,38.987144,-0.535236,997
713,Abu Masaifa,9 OctubreA,2023-12-17T11:33:09.097Z,38.987684,-0.53061,False
714,Ausias MarchA,9 OctubreA,2023-12-17T11:33:09.097Z,38.987684,-0.53061,666
715,Baixada estacio 1,Baixada estacio 2,2023-12-17T11:33:09.097Z,38.991213,-0.523787,851
716,Albereda 1,Albereda 2,2023-12-17T11:33:09.097Z,38.990122,-0.519633,674
717,N-340A,Ximen ToviaA,2023-12-17T11:33:09.097Z,38.992357,-0.519858,556
718,N-340B,N-340A,2023-12-17T11:33:09.097Z,0.0,0.0,666
719,Corts Valencianes 1A,CV-645B,2023-12-17T11:33:19.097Z,38.985252,-0.537441,545
720,Corts Valencianes 1B,Aben FerriB,2023-12-17T11:33:19.097Z,38.986084,-0.534517,954
721,Corts Valencianes 2B,Reina,2023-12-17T11:33:19.097Z,38.987684,-0.53061,224
722,PalasietA,Aben FerriA,2023-12-17T11:33:19.097Z,38.985489,-0.534157,974
723,PalasietB,CV-645B,2023-12-17T11:33:19.097Z,38.985252,-0.537441,849
724,Alfons MagnanimB,Alfons MagnanimA,2023-12-17T11:33:19.097Z,38.987144,-0.535236,390
725,Aben FerriA,Corts Valencianes 1A,2023-12-17T11:33:19.097Z,38.986084,-0.534517,706
726,9 OctubreA,9 OctubreB,2023-12-17T11:33:19.097Z,38.987144,-0.535236,317
727,Abu Masaifa,Corts Valencianes 2A,2023-12-17T11:33:19.097Z,38.987684,-0.53061,858
728,Beata InesA,Corts Valencianes 2A,2023-12-17T11:33:19.097Z,38.987684,-0.53061,777
729,Beata InesB,Beata InesA,2023-12-17T11:33:19.097Z,0.0,0.0,908
730,Baixada estacio 1,Abu Masaifa,2023-12-17T11:33:19.097Z,38.991213,-0.523787,948
731,Baixada estacio 2,Republica Argentina,2023-12-17T11:33:19.097Z,38.989955,-0.523503,851
732,Albereda 1,Albereda 2,2023-12-17T11:33:19.097Z,38.990122,-0.519633,886
733,N-340A,Carme 1,2023-12-17T11:33:19.097Z,38.992357,-0.519858,740
734,N-340B,CV-645A,2023-12-17T11:33:19.097Z,0.0,0.0,978
735,CV-645B,CV-645A,2023-12-17T11:33:29.097Z,0.0,0.0,094
736,Corts Valencianes 1A,Corts Valencianes 1B,2023-12-17T11:33:29.097Z,38.985252,-0.537441,False
737,Corts Valencianes 1B,Corts Valencianes 1A,2023-12-17T11:33:29.097Z,38.986084,-0.534517,836
738,Corts Valencianes 2B,Ausias MarchB,2023-12-17T11:33:29.097Z,38.987684,-0.53061,060
739,PalasietA,Aben FerriA,2023-12-17T11:33:29.097Z,38.985489,-0.534157,356
740,PalasietB,CV-645B,2023-12-17T11:33:29.097Z,38.985252,-0.537441,550
741,Alfons MagnanimA,Corts Valencianes 2B,2023-12-17T11:33:29.097Z,38.986084,-0.534517,390
742,Aben FerriA,Corts Valencianes 1A,2023-12-17T11:33:29.097Z,38.986084,-0.534517,974
743,Aben FerriB,Aben FerriB,2023-12-17T11:33:29.097Z,38.985489,-0.534157,994
744,Abu Masaifa,9 OctubreA,2023-12-17T11:33:29.097Z,38.987684,-0.53061,495
745,Ausias MarchA,Reina,2023-12-17T11:33:29.097Z,38.987684,-0.53061,310
746,Ausias MarchB,Ausias MarchA,2023-12-17T11:33:29.097Z,38.991913,-0.524291,867
747,Beata InesA,9 OctubreA,2023-12-17T11:33:29.097Z,38.987684,-0.53061,908
748,Ximen ToviaA,Ausias MarchA,2023-12-17T11:33:29.097Z,38.991913,-0.524291,020
749,N-340A,Gregorio Molina,2023-12-17T11:33:29.097Z,38.992357,-0.519858,False
750,N-340B,Beata InesA,2023-12-17T11:33:29.097Z,0.0,0.0,997
751,Corts Valencianes 1B,Aben FerriB,2023-12-17T11:33:39.097Z,38.986084,-0.534517,False
752,Corts Valencianes 2B,Beata InesB,2023-12-17T11:33:39.097Z,38.987684,-0.53061,604
753,PalasietB,CV-645B,2023-12-17T11:33:39.097Z,38.985252,-0.537441,365
754,Aben FerriA,Corts Valencianes 1A,2023-12-17T11:33:39.097Z,38.986084,-0.534517,356
755,Aben FerriB,PalasietB,2023-12-17T11:33:39.097Z,38.985489,-0.534157,954
756,9 OctubreA,Alfons MagnanimA,2023-12-17T11:33:39.097Z,38.987144,-0.535236,700
757,Abu Masaifa,Ausias MarchB,2023-12-17T11:33:39.097Z,38.987684,-0.53061,448
758,Ausias MarchA,9 OctubreA,2023-12-17T11:33:39.097Z,38.987684,-0.53061,868
759,Beata InesA,9 OctubreA,2023-12-17T11:33:39.097Z,38.987684,-0.53061,949
760,Beata InesB,Beata InesA,2023-12-17T11:33:39.097Z,0.0,0.0,339
761,N-340B,N-340A,2023-12-17T11:33:39.097Z,0.0,0.0,False
762,CV-645A,Corts Valencianes 1B,2023-12-17T11:33:49.097Z,38.985252,-0.537441,976
763,Corts Valencianes 2A,Alfons MagnanimB,2023-12-17T11:33:49.097Z,38.986084,-0.534517,950
764,Corts Valencianes 2B,Reina,2023-12-17T11:33:49.097Z,38.987684,-0.53061,074
765,PalasietB,PalasietA,2023-12-17T11:33:49.097Z,38.985252,-0.537441,False
766,Alfons MagnanimA,Corts Valencianes 1A,2023-12-17T11:33:49.097Z,38.986084,-0.534517,False
767,Aben FerriB,PalasietB,2023-12-17T11:33:49.097Z,38.985489,-0.534157,669
768,9 OctubreA,9 OctubreB,2023-12-17T11:33:49.097Z,38.987144,-0.535236,549
769,9 OctubreB,Corts Valencianes 2A,2023-12-17T11:33:49.097Z,38.987684,-0.53061,557
770,Ausias MarchA,Beata InesB,2023-12-17T11:33:49.097Z,38.987684,-0.53061,035
771,Gregorio Molina,Baixada estacio 2,2023-12-17T11:33:49.097Z,38.991213,-0.523787,659
772,N-340B,Beata InesA,2023-12-17T11:33:49.097Z,0.0,0.0,427
773,CV-645A,PalasietA,2023-12-17T11:33:59.097Z,38.985252,-0.537441,054
774,Corts Valencianes 2B,Argenteria,2023-12-17T11:33:59.097Z,38.987684,-0.53061,166
775,PalasietB,CV-645B,2023-12-17T11:33:59.097Z,38.985252,-0.537441,946
776,9 OctubreA,9 OctubreB,2023-12-17T11:33:59.097Z,38.987144,-0.535236,508
777,9 OctubreB,Reina,2023-12-17T11:33:59.097Z,38.987684,-0.53061,317
778,Beata InesA,Ausias MarchB,2023-12-17T11:33:59.097Z,38.987684,-0.53061,339
779,Baixada estacio 2,Albereda 1,2023-12-17T11:33:59.097Z,38.989955,-0.523503,False
780,N-340B,Beata InesA,2023-12-17T11:33:59.097Z,0.0,0.0,125
781,Corts Valencianes 2A,Alfons MagnanimB,2023-12-17T11:34:09.097Z,38.986084,-0.534517,330
782,Corts Valencianes 2B,Beata InesB,2023-12-17T11:34:09.097Z,38.987684,-0.53061,050
783,PalasietA,Aben FerriA,2023-12-17T11:34:09.097Z,38.985489,-0.534157,False
784,Argenteria,PalasietB,2023-12-17T11:34:09.097Z,38.985489,-0.534157,969
785,9 OctubreA,9 OctubreB,2023-12-17T11:34:09.097Z,38.987144,-0.535236,335
786,Beata InesA,Ausias MarchB,2023-12-17T11:34:09.097Z,38.987684,-0.53061,427
787,Beata InesB,CV-645A,2023-12-17T11:34:09.097Z,0.0,0.0,175
788,Ximen ToviaA,Ximen ToviaB,2023-12-17T11:34:09.097Z,38.991913,-0.524291,767
789,Albereda 1,Albereda 2,2023-12-17T11:34:09.097Z,38.990122,-0.519633,False
790,CV-645A,Corts Valencianes 1B,2023-12-17T11:34:19.097Z,38.985252,-0.537441,175
791,CV-645B,CV-645A,2023-12-17T11:34:19.097Z,0.0,0.0,963
792,Corts Valencianes 1A,Corts Valencianes 1B,2023-12-17T11:34:19.097Z,38.985252,-0.537441,974
793,Corts Valencianes 2A,Corts Valencianes 2B,2023-12-17T11:34:19.097Z,38.986084,-0.534517,858
794,Corts Valencianes 2B,Ausias MarchB,2023-12-17T11:34:19.097Z,38.987684,-0.53061,819
795,PalasietA,Aben FerriA,2023-12-17T11:34:19.097Z,38.985489,-0.534157,054
796,PalasietB,Corts Valencianes 1B,2023-12-17T11:34:19.097Z,38.985252,-0.537441,803
797,Alfons MagnanimB,9 OctubreB,2023-12-17T11:34:19.097Z,38.987144,-0.535236,699
798,Aben FerriA,Corts Valencianes 2B,2023-12-17T11:34:19.097Z,38.986084,-0.534517,906
799,Ausias MarchA,Argenteria,2023-12-17T11:34:19.097Z,38.987684,-0.53061,False
800,Reina,Republica Argentina,2023-12-17T11:34:19.097Z,38.989955,-0.523503,911
801,Corts Valencianes 2B,Ausias MarchB,2023-12-17T11:34:29.097Z,38.987684,-0.53061,669
802,PalasietB,CV-645B,2023-12-17T11:34:29.097Z,38.985252,-0.537441,109
803,Alfons MagnanimB,9 OctubreB,2023-12-17T11:34:29.097Z,38.987144,-0.535236,330
804,Beata InesA,Argenteria,2023-12-17T11:34:29.097Z,38.987684,-0.53061,125
805,Reina,Albereda 1,2023-12-17T11:34:29.097Z,38.989955,-0.523503,074
806,Ximen ToviaA,Baixada estacio 1,2023-12-17T11:34:29.097Z,38.991913,-0.524291,False
807,Baixada estacio 1,Abu Masaifa,2023-12-17T11:34:29.097Z,38.991213,-0.523787,False
808,Albereda 2,Cosmografo,2023-12-17T11:34:29.097Z,38.990742,-0.513,False
809,Maulets,N-340B,2023-12-17T11:34:29.097Z,38.992357,-0.519858,574
810,N-340B,N-340A,2023-12-17T11:34:29.097Z,0.0,0.0,407
811,Corts Valencianes 1A,Corts Valencianes 1B,2023-12-17T11:34:39.097Z,38.985252,-0.537441,499
812,Corts Valencianes 1B,Alfons MagnanimB,2023-12-17T11:34:39.097Z,38.986084,-0.534517,775
813,Corts Valencianes 2B,Ausias MarchB,2023-12-17T11:34:39.097Z,38.987684,-0.53061,914
814,PalasietB,Corts Valencianes 1B,2023-12-17T11:34:39.097Z,38.985252,-0.537441,285
815,Argenteria,PalasietB,2023-12-17T11:34:39.097Z,38.985489,-0.534157,867
816,9 OctubreA,9 OctubreB,2023-12-17T11:34:39.097Z,38.987144,-0.535236,915
817,Albereda 1,Albereda 2,2023-12-17T11:34:39.097Z,38.990122,-0.519633,074
818,Albereda 2,Cosmografo,2023-12-17T11:34:39.097Z,38.990742,-0.513,411
819,Carme 1,Academic Maravall,2023-12-17T11:34:39.097Z,38.99105,-0.519778,191
820,Cosmografo,Maulets,2023-12-17T11:34:39.097Z,38.991249,-0.518678,119
821,Maulets,N-340B,2023-12-17T11:34:39.097Z,38.992357,-0.519858,973
822,Republica Argentina,Academic Maravall,2023-12-17T11:34:39.097Z,38.99105,-0.519778,False
823,Corts Valencianes 1A,PalasietA,2023-12-17T11:34:49.097Z,38.985252,-0.537441,700
824,Corts Valencianes 1B,Corts Valencianes 2B,2023-12-17T11:34:49.097Z,38.986084,-0.534517,974
825,Corts Valencianes 2B,9 OctubreA,2023-12-17T11:34:49.097Z,38.987684,-0.53061,False
826,PalasietB,Corts Valencianes 1B,2023-12-17T11:34:49.097Z,38.985252,-0.537441,204
827,Argenteria,Aben FerriA,2023-12-17T11:34:49.097Z,38.985489,-0.534157,125
828,9 OctubreA,9 OctubreB,2023-12-17T11:34:49.097Z,38.987144,-0.535236,896
829,Beata InesB,N-340A,2023-12-17T11:34:49.097Z,0.0,0.0,290
830,Ximen ToviaA,Ausias MarchA,2023-12-17T11:34:49.097Z,38.991913,-0.524291,False
831,Ximen ToviaB,N-340B,2023-12-17T11:34:49.097Z,38.992357,-0.519858,935
832,Baixada estacio 1,Baixada estacio 2,2023-12-17T11:34:49.097Z,38.991213,-0.523787,159
833,Carme 1,Carme 2,2023-12-17T11:34:49.097Z,38.99105,-0.519778,740
834,Academic Maravall,Maulets,2023-12-17T11:34:49.097Z,38.991249,-0.518678,341
835,Cosmografo,Maulets,2023-12-17T11:34:49.097Z,38.991249,-0.518678,817
836,Maulets,N-340B,2023-12-17T11:34:49.097Z,38.992357,-0.519858,896
837,Republica Argentina,Academic Maravall,2023-12-17T11:34:49.097Z,38.99105,-0.519778,802
838,Corts Valencianes 1B,Corts Valencianes 1A,2023-12-17T11:34:59.097Z,38.986084,-0.534517,803
839,Corts Valencianes 2A,Aben FerriB,2023-12-17T11:34:59.097Z,38.986084,-0.534517,997
840,Corts Valencianes 2B,Corts Valencianes 2A,2023-12-17T11:34:59.097Z,38.987684,-0.53061,330
841,PalasietB,Corts Valencianes 1B,2023-12-17T11:34:59.097Z,38.985252,-0.537441,486
842,Alfons MagnanimA,Alfons MagnanimB,2023-12-17T11:34:59.097Z,38.986084,-0.534517,False
843,Alfons MagnanimB,9 OctubreB,2023-12-17T11:34:59.097Z,38.987144,-0.535236,775
844,9 OctubreA,9 OctubreB,2023-12-17T11:34:59.097Z,38.987144,-0.535236,riw
845,Beata InesB,N-340A,2023-12-17T11:34:59.097Z,0.0,0.0,190
846,Carme 2,Albereda 2,2023-12-17T11:34:59.097Z,38.990122,-0.519633,False
847,Cosmografo,Maulets,2023-12-17T11:34:59.097Z,38.991249,-0.518678,527
848,N-340B,CV-645A,2023-12-17T11:34:59.097Z,0.0,0.0,480
849,Republica Argentina,Carme 2,2023-12-17T11:34:59.097Z,38.99105,-0.519778,476
850,Corts Valencianes 1A,CV-645B,2023-12-17T11:35:09.097Z,38.985252,-0.537441,803
851,Corts Valencianes 1B,Corts Valencianes 2B,2023-12-17T11:35:09.097Z,38.986084,-0.534517,356
852,Corts Valencianes 2A,Aben FerriB,2023-12-17T11:35:09.097Z,38.986084,-0.534517,330
853,Corts Valencianes 2B,Beata InesB,2023-12-17T11:35:09.097Z,38.987684,-0.53061,989
854,PalasietB,CV-645B,2023-12-17T11:35:09.097Z,38.985252,-0.537441,263
855,Aben FerriA,Corts Valencianes 2B,2023-12-17T11:35:09.097Z,38.986084,-0.534517,493
856,Aben FerriB,PalasietB,2023-12-17T11:35:09.097Z,38.985489,-0.534157,557
857,9 OctubreB,Ausias MarchB,2023-12-17T11:35:09.097Z,38.987684,-0.53061,925
858,Ausias MarchA,Argenteria,2023-12-17T11:35:09.097Z,38.987684,-0.53061,779
859,Beata InesB,N-340A,2023-12-17T11:35:09.097Z,0.0,0.0,297
860,Ximen ToviaA,Baixada estacio 1,2023-12-17T11:35:09.097Z,38.991913,-0.524291,090
861,Baixada estacio 2,Albereda 1,2023-12-17T11:35:09.097Z,38.989955,-0.523503,False
862,N-340B,Beata InesA,2023-12-17T11:35:09.097Z,0.0,0.0,947
863,Republica Argentina,Carme 2,2023-12-17T11:35:09.097Z,38.99105,-0.519778,False
864,Corts Valencianes 1B,Alfons MagnanimB,2023-12-17T11:35:19.097Z,38.986084,-0.534517,345
865,Corts Valencianes 2A,Corts Valencianes 1A,2023-12-17T11:35:19.097Z,38.986084,-0.534517,926
866,Corts Valencianes 2B,Reina,2023-12-17T11:35:19.097Z,38.987684,-0.53061,667
867,PalasietB,Corts Valencianes 1B,2023-12-17T11:35:19.097Z,38.985252,-0.537441,109
868,Alfons MagnanimB,9 OctubreB,2023-12-17T11:35:19.097Z,38.987144,-0.535236,816
869,Aben FerriB,Aben FerriA,2023-12-17T11:35:19.097Z,38.985489,-0.534157,390
870,9 OctubreA,9 OctubreB,2023-12-17T11:35:19.097Z,38.987144,-0.535236,489
871,Ximen ToviaA,Ausias MarchA,2023-12-17T11:35:19.097Z,38.991913,-0.524291,464
872,Ximen ToviaB,N-340B,2023-12-17T11:35:19.097Z,38.992357,-0.519858,412
873,Baixada estacio 1,Abu Masaifa,2023-12-17T11:35:19.097Z,38.991213,-0.523787,090
874,Carme 2,Albereda 2,2023-12-17T11:35:19.097Z,38.990122,-0.519633,476
875,Maulets,N-340B,2023-12-17T11:35:19.097Z,38.992357,-0.519858,False
876,N-340A,Carme 1,2023-12-17T11:35:19.097Z,38.992357,-0.519858,696
877,N-340B,Beata InesA,2023-12-17T11:35:19.097Z,0.0,0.0,False
878,Corts Valencianes 1A,CV-645B,2023-12-17T11:35:29.097Z,38.985252,-0.537441,126
879,Corts Valencianes 1B,Alfons MagnanimB,2023-12-17T11:35:29.097Z,38.986084,-0.534517,204
880,PalasietB,CV-645B,2023-12-17T11:35:29.097Z,38.985252,-0.537441,999
881,Alfons MagnanimB,9 OctubreB,2023-12-17T11:35:29.097Z,38.987144,-0.535236,345
882,Argenteria,PalasietB,2023-12-17T11:35:29.097Z,38.985489,-0.534157,799
883,9 OctubreA,Alfons MagnanimA,2023-12-17T11:35:29.097Z,38.987144,-0.535236,255
884,9 OctubreB,Reina,2023-12-17T11:35:29.097Z,38.987684,-0.53061,508
885,Ausias MarchB,Ausias MarchA,2023-12-17T11:35:29.097Z,38.991913,-0.524291,060
886,Ximen ToviaA,Ausias MarchA,2023-12-17T11:35:29.097Z,38.991913,-0.524291,513
887,Carme 2,Albereda 2,2023-12-17T11:35:29.097Z,38.990122,-0.519633,918
888,N-340A,Ximen ToviaA,2023-12-17T11:35:29.097Z,38.992357,-0.519858,False
889,CV-645B,Beata InesA,2023-12-17T11:35:39.097Z,0.0,0.0,166
890,Corts Valencianes 1B,Aben FerriB,2023-12-17T11:35:39.097Z,38.986084,-0.534517,486
891,Corts Valencianes 2B,Beata InesB,2023-12-17T11:35:39.097Z,38.987684,-0.53061,356
892,PalasietB,CV-645B,2023-12-17T11:35:39.097Z,38.985252,-0.537441,056
893,Alfons MagnanimA,Corts Valencianes 2B,2023-12-17T11:35:39.097Z,38.986084,-0.534517,495
894,Alfons MagnanimB,9 OctubreB,2023-12-17T11:35:39.097Z,38.987144,-0.535236,045
895,9 OctubreA,Alfons MagnanimA,2023-12-17T11:35:39.097Z,38.987144,-0.535236,108
896,9 OctubreB,Corts Valencianes 2A,2023-12-17T11:35:39.097Z,38.987684,-0.53061,336
897,Ausias MarchA,9 OctubreA,2023-12-17T11:35:39.097Z,38.987684,-0.53061,484
898,Ausias MarchB,Ximen ToviaB,2023-12-17T11:35:39.097Z,38.991913,-0.524291,969
899,Beata InesA,Corts Valencianes 2A,2023-12-17T11:35:39.097Z,38.987684,-0.53061,479
900,Ximen ToviaA,Ausias MarchA,2023-12-17T11:35:39.097Z,38.991913,-0.524291,491
901,Ximen ToviaB,Gregorio Molina,2023-12-17T11:35:39.097Z,38.992357,-0.519858,997
902,Carme 1,Carme 2,2023-12-17T11:35:39.097Z,38.99105,-0.519778,994
903,Maulets,Ximen ToviaA,2023-12-17T11:35:39.097Z,38.992357,-0.519858,624
904,N-340A,Gregorio Molina,2023-12-17T11:35:39.097Z,38.992357,-0.519858,407
905,CV-645A,PalasietA,2023-12-17T11:35:49.097Z,38.985252,-0.537441,963
906,CV-645B,Beata InesA,2023-12-17T11:35:49.097Z,0.0,0.0,719
907,Corts Valencianes 1B,Corts Valencianes 2B,2023-12-17T11:35:49.097Z,38.986084,-0.534517,109
908,Corts Valencianes 2B,Beata InesB,2023-12-17T11:35:49.097Z,38.987684,-0.53061,693
909,PalasietB,CV-645B,2023-12-17T11:35:49.097Z,38.985252,-0.537441,135
910,Alfons MagnanimA,Aben FerriB,2023-12-17T11:35:49.097Z,38.986084,-0.534517,908
911,Alfons MagnanimB,9 OctubreB,2023-12-17T11:35:49.097Z,38.987144,-0.535236,False
912,Aben FerriB,Aben FerriA,2023-12-17T11:35:49.097Z,38.985489,-0.534157,486
913,9 OctubreB,Argenteria,2023-12-17T11:35:49.097Z,38.987684,-0.53061,990
914,Abu Masaifa,9 OctubreA,2023-12-17T11:35:49.097Z,38.987684,-0.53061,False
915,Beata InesA,Ausias MarchB,2023-12-17T11:35:49.097Z,38.987684,-0.53061,126
916,Ximen ToviaA,Ausias MarchA,2023-12-17T11:35:49.097Z,38.991913,-0.524291,380
917,Baixada estacio 2,Republica Argentina,2023-12-17T11:35:49.097Z,38.989955,-0.523503,880
918,Albereda 2,N-340B,2023-12-17T11:35:49.097Z,38.990742,-0.513,854
919,Carme 1,Carme 2,2023-12-17T11:35:49.097Z,38.99105,-0.519778,474
920,Academic Maravall,Maulets,2023-12-17T11:35:49.097Z,38.991249,-0.518678,937
921,Cosmografo,Maulets,2023-12-17T11:35:49.097Z,38.991249,-0.518678,471
922,Maulets,Ximen ToviaA,2023-12-17T11:35:49.097Z,38.992357,-0.519858,786
923,N-340A,Carme 1,2023-12-17T11:35:49.097Z,38.992357,-0.519858,290
924,CV-645A,PalasietA,2023-12-17T11:35:59.097Z,38.985252,-0.537441,480
925,Corts Valencianes 2A,Corts Valencianes 1A,2023-12-17T11:35:59.097Z,38.986084,-0.534517,336
926,Corts Valencianes 2B,Argenteria,2023-12-17T11:35:59.097Z,38.987684,-0.53061,495
927,Aben FerriA,Alfons MagnanimB,2023-12-17T11:35:59.097Z,38.986084,-0.534517,166
928,Aben FerriB,PalasietB,2023-12-17T11:35:59.097Z,38.985489,-0.534157,908
929,9 OctubreA,Alfons MagnanimA,2023-12-17T11:35:59.097Z,38.987144,-0.535236,949
930,9 OctubreB,Reina,2023-12-17T11:35:59.097Z,38.987684,-0.53061,330
931,Ausias MarchB,Ximen ToviaB,2023-12-17T11:35:59.097Z,38.991913,-0.524291,427
932,Beata InesA,Ausias MarchB,2023-12-17T11:35:59.097Z,38.987684,-0.53061,968
933,Ximen ToviaA,Baixada estacio 1,2023-12-17T11:35:59.097Z,38.991913,-0.524291,492
934,Ximen ToviaB,Carme 1,2023-12-17T11:35:59.097Z,38.992357,-0.519858,492
935,Gregorio Molina,Abu Masaifa,2023-12-17T11:35:59.097Z,38.991213,-0.523787,False
936,Maulets,Ximen ToviaA,2023-12-17T11:35:59.097Z,38.992357,-0.519858,914
937,N-340A,Ximen ToviaA,2023-12-17T11:35:59.097Z,38.992357,-0.519858,190
938,CV-645B,CV-645A,2023-12-17T11:36:09.097Z,0.0,0.0,933
939,Corts Valencianes 2B,Corts Valencianes 2A,2023-12-17T11:36:09.097Z,38.987684,-0.53061,100
940,PalasietB,PalasietA,2023-12-17T11:36:09.097Z,38.985252,-0.537441,919
941,Alfons MagnanimA,Aben FerriB,2023-12-17T11:36:09.097Z,38.986084,-0.534517,997
942,9 OctubreB,Reina,2023-12-17T11:36:09.097Z,38.987684,-0.53061,915
943,Ausias MarchB,Ausias MarchA,2023-12-17T11:36:09.097Z,38.991913,-0.524291,819
944,Beata InesA,Corts Valencianes 2A,2023-12-17T11:36:09.097Z,38.987684,-0.53061,719
945,Reina,Albereda 1,2023-12-17T11:36:09.097Z,38.989955,-0.523503,508
946,Ximen ToviaA,Ximen ToviaB,2023-12-17T11:36:09.097Z,38.991913,-0.524291,956
947,Ximen ToviaB,Gregorio Molina,2023-12-17T11:36:09.097Z,38.992357,-0.519858,470
948,Baixada estacio 1,Baixada estacio 2,2023-12-17T11:36:09.097Z,38.991213,-0.523787,492
949,Carme 1,Carme 2,2023-12-17T11:36:09.097Z,38.99105,-0.519778,295
950,Academic Maravall,Maulets,2023-12-17T11:36:09.097Z,38.991249,-0.518678,653
951,Republica Argentina,Academic Maravall,2023-12-17T11:36:09.097Z,38.99105,-0.519778,880
952,CV-645B,Beata InesA,2023-12-17T11:36:19.097Z,0.0,0.0,938
953,Corts Valencianes 1B,Corts Valencianes 1A,2023-12-17T11:36:19.097Z,38.986084,-0.534517,False
954,Corts Valencianes 2A,Aben FerriB,2023-12-17T11:36:19.097Z,38.986084,-0.534517,479
955,PalasietB,PalasietA,2023-12-17T11:36:19.097Z,38.985252,-0.537441,592
956,9 OctubreA,Alfons MagnanimA,2023-12-17T11:36:19.097Z,38.987144,-0.535236,340
957,9 OctubreB,Ausias MarchB,2023-12-17T11:36:19.097Z,38.987684,-0.53061,999
958,Ausias MarchB,Ausias MarchA,2023-12-17T11:36:19.097Z,38.991913,-0.524291,066
959,Reina,Albereda 1,2023-12-17T11:36:19.097Z,38.989955,-0.523503,330
960,Ximen ToviaA,Baixada estacio 1,2023-12-17T11:36:19.097Z,38.991913,-0.524291,474
961,Ximen ToviaB,N-340B,2023-12-17T11:36:19.097Z,38.992357,-0.519858,889
962,Baixada estacio 2,Republica Argentina,2023-12-17T11:36:19.097Z,38.989955,-0.523503,492
963,Carme 2,Albereda 2,2023-12-17T11:36:19.097Z,38.990122,-0.519633,262
964,Maulets,N-340B,2023-12-17T11:36:19.097Z,38.992357,-0.519858,503
965,N-340A,Gregorio Molina,2023-12-17T11:36:19.097Z,38.992357,-0.519858,297
966,Corts Valencianes 2A,Alfons MagnanimB,2023-12-17T11:36:29.097Z,38.986084,-0.534517,864
967,PalasietA,PalasietB,2023-12-17T11:36:29.097Z,38.985489,-0.534157,488
968,PalasietB,CV-645B,2023-12-17T11:36:29.097Z,38.985252,-0.537441,053
969,Aben FerriB,Aben FerriA,2023-12-17T11:36:29.097Z,38.985489,-0.534157,397
970,9 OctubreA,9 OctubreB,2023-12-17T11:36:29.097Z,38.987144,-0.535236,112
971,9 OctubreB,9 OctubreA,2023-12-17T11:36:29.097Z,38.987684,-0.53061,175
972,Ausias MarchB,Ximen ToviaB,2023-12-17T11:36:29.097Z,38.991913,-0.524291,914
973,Carme 1,Carme 2,2023-12-17T11:36:29.097Z,38.99105,-0.519778,492
974,Carme 2,Albereda 2,2023-12-17T11:36:29.097Z,38.990122,-0.519633,290
975,Academic Maravall,Maulets,2023-12-17T11:36:29.097Z,38.991249,-0.518678,949
976,Maulets,Ximen ToviaA,2023-12-17T11:36:29.097Z,38.992357,-0.519858,False
977,PalasietA,Aben FerriA,2023-12-17T11:36:39.097Z,38.985489,-0.534157,460
978,PalasietB,CV-645B,2023-12-17T11:36:39.097Z,38.985252,-0.537441,966
979,Alfons MagnanimA,Corts Valencianes 1A,2023-12-17T11:36:39.097Z,38.986084,-0.534517,999
980,Alfons MagnanimB,9 OctubreB,2023-12-17T11:36:39.097Z,38.987144,-0.535236,109
981,Aben FerriA,Corts Valencianes 1A,2023-12-17T11:36:39.097Z,38.986084,-0.534517,997
982,Aben FerriB,PalasietB,2023-12-17T11:36:39.097Z,38.985489,-0.534157,947
983,Argenteria,Aben FerriA,2023-12-17T11:36:39.097Z,38.985489,-0.534157,507
984,9 OctubreB,Argenteria,2023-12-17T11:36:39.097Z,38.987684,-0.53061,False
985,Ausias MarchB,Ausias MarchA,2023-12-17T11:36:39.097Z,38.991913,-0.524291,925
986,Ximen ToviaA,Ausias MarchA,2023-12-17T11:36:39.097Z,38.991913,-0.524291,False
987,Ximen ToviaB,N-340B,2023-12-17T11:36:39.097Z,38.992357,-0.519858,282
988,Baixada estacio 1,Abu Masaifa,2023-12-17T11:36:39.097Z,38.991213,-0.523787,473
989,Maulets,N-340B,2023-12-17T11:36:39.097Z,38.992357,-0.519858,879
990,N-340B,Beata InesA,2023-12-17T11:36:39.097Z,0.0,0.0,258
991,Republica Argentina,Academic Maravall,2023-12-17T11:36:39.097Z,38.99105,-0.519778,492
992,CV-645A,PalasietA,2023-12-17T11:36:49.097Z,38.985252,-0.537441,933
993,CV-645B,Beata InesA,2023-12-17T11:36:49.097Z,0.0,0.0,849
994,Corts Valencianes 1A,CV-645B,2023-12-17T11:36:49.097Z,38.985252,-0.537441,False
995,PalasietB,PalasietA,2023-12-17T11:36:49.097Z,38.985252,-0.537441,926
996,Aben FerriA,Alfons MagnanimB,2023-12-17T11:36:49.097Z,38.986084,-0.534517,460
997,Argenteria,Aben FerriA,2023-12-17T11:36:49.097Z,38.985489,-0.534157,495
998,9 OctubreB,Corts Valencianes 2A,2023-12-17T11:36:49.097Z,38.987684,-0.53061,767
999,Ausias MarchA,Beata InesB,2023-12-17T11:36:49.097Z,38.987684,-0.53061,060
