,enter,exit,date,latitude,longitude,matricula
0,Albereda 2,N-340B,2023-08-10T17:50:59.097Z,38.990742,-0.513,490
1,Carme 2,Albereda 2,2023-08-10T17:50:59.097Z,38.990122,-0.519633,632
2,Cosmografo,Maulets,2023-08-10T17:50:59.097Z,38.991249,-0.518678,920
3,Maulets,Ximen ToviaA,2023-08-10T17:50:59.097Z,38.992357,-0.519858,False
4,N-340A,Gregorio Molina,2023-08-10T17:50:59.097Z,38.992357,-0.519858,857
5,N-340B,Beata InesA,2023-08-10T17:50:59.097Z,0.0,0.0,786
6,Republica Argentina,Carme 2,2023-08-10T17:50:59.097Z,38.99105,-0.519778,False
7,CV-645B,CV-645B,2023-08-10T17:51:09.097Z,0.0,0.0,eXX
8,Corts Valencianes 2A,Alfons MagnanimB,2023-08-10T17:51:09.097Z,38.986084,-0.534517,616
9,Corts Valencianes 2B,Corts Valencianes 2A,2023-08-10T17:51:09.097Z,38.987684,-0.53061,iXX
10,PalasietB,Corts Valencianes 1B,2023-08-10T17:51:09.097Z,38.985252,-0.537441,797
11,Argenteria,PalasietB,2023-08-10T17:51:09.097Z,38.985489,-0.534157,410
12,Abu Masaifa,Corts Valencianes 2A,2023-08-10T17:51:09.097Z,38.987684,-0.53061,276
13,Ausias MarchA,Ausias MarchB,2023-08-10T17:51:09.097Z,38.987684,-0.53061,eXX
14,Ausias MarchB,Ximen ToviaB,2023-08-10T17:51:09.097Z,38.991913,-0.524291,633
15,Reina,Republica Argentina,2023-08-10T17:51:09.097Z,38.989955,-0.523503,181
16,Ximen ToviaA,Ximen ToviaB,2023-08-10T17:51:09.097Z,38.991913,-0.524291,249
17,Baixada estacio 1,Abu Masaifa,2023-08-10T17:51:09.097Z,38.991213,-0.523787,842
18,Albereda 2,Cosmografo,2023-08-10T17:51:09.097Z,38.990742,-0.513,fXX
19,Carme 2,Albereda 2,2023-08-10T17:51:09.097Z,38.990122,-0.519633,038
20,Maulets,Ximen ToviaA,2023-08-10T17:51:09.097Z,38.992357,-0.519858,403
21,N-340A,Carme 1,2023-08-10T17:51:09.097Z,38.992357,-0.519858,116
22,N-340B,CV-645A,2023-08-10T17:51:09.097Z,0.0,0.0,718
23,Republica Argentina,Carme 2,2023-08-10T17:51:09.097Z,38.99105,-0.519778,742
24,CV-645B,N-340A,2023-08-10T17:51:19.097Z,0.0,0.0,980
25,Corts Valencianes 1A,PalasietA,2023-08-10T17:51:19.097Z,38.985252,-0.537441,False
26,Corts Valencianes 2A,Corts Valencianes 2A,2023-08-10T17:51:19.097Z,38.986084,-0.534517,226
27,Corts Valencianes 2B,Beata InesB,2023-08-10T17:51:19.097Z,38.987684,-0.53061,364
28,PalasietA,Aben FerriA,2023-08-10T17:51:19.097Z,38.985489,-0.534157,False
29,PalasietB,PalasietA,2023-08-10T17:51:19.097Z,38.985252,-0.537441,192
30,Alfons MagnanimA,Corts Valencianes 2B,2023-08-10T17:51:19.097Z,38.986084,-0.534517,False
31,Aben FerriB,PalasietB,2023-08-10T17:51:19.097Z,38.985489,-0.534157,False
32,9 OctubreB,Beata InesB,2023-08-10T17:51:19.097Z,38.987684,-0.53061,971
33,Abu Masaifa,Corts Valencianes 2A,2023-08-10T17:51:19.097Z,38.987684,-0.53061,False
34,Beata InesA,Argenteria,2023-08-10T17:51:19.097Z,38.987684,-0.53061,962
35,Reina,Republica Argentina,2023-08-10T17:51:19.097Z,38.989955,-0.523503,635
36,Ximen ToviaA,Ximen ToviaA,2023-08-10T17:51:19.097Z,38.991913,-0.524291,994
37,Ximen ToviaB,N-340B,2023-08-10T17:51:19.097Z,38.992357,-0.519858,958
38,Baixada estacio 1,Abu Masaifa,2023-08-10T17:51:19.097Z,38.991213,-0.523787,799
39,Albereda 2,Cosmografo,2023-08-10T17:51:19.097Z,38.990742,-0.513,False
40,Cosmografo,Maulets,2023-08-10T17:51:19.097Z,38.991249,-0.518678,601
41,Maulets,Ximen ToviaA,2023-08-10T17:51:19.097Z,38.992357,-0.519858,969
42,N-340B,N-340A,2023-08-10T17:51:19.097Z,0.0,0.0,858
43,Republica Argentina,Academic Maravall,2023-08-10T17:51:19.097Z,38.99105,-0.519778,271
44,CV-645A,Corts Valencianes 1B,2023-08-10T17:51:29.097Z,38.985252,-0.537441,796
45,CV-645B,Beata InesA,2023-08-10T17:51:29.097Z,0.0,0.0,679
46,Corts Valencianes 1A,CV-645B,2023-08-10T17:51:29.097Z,38.985252,-0.537441,863
47,Corts Valencianes 1B,Alfons MagnanimB,2023-08-10T17:51:29.097Z,38.986084,-0.534517,108
48,Corts Valencianes 2B,Ausias MarchB,2023-08-10T17:51:29.097Z,38.987684,-0.53061,False
49,PalasietA,PalasietB,2023-08-10T17:51:29.097Z,38.985489,-0.534157,877
50,Alfons MagnanimB,9 OctubreB,2023-08-10T17:51:29.097Z,38.987144,-0.535236,878
51,Aben FerriA,Alfons MagnanimB,2023-08-10T17:51:29.097Z,38.986084,-0.534517,060
52,Argenteria,Aben FerriA,2023-08-10T17:51:29.097Z,38.985489,-0.534157,912
53,Ausias MarchB,Ausias MarchA,2023-08-10T17:51:29.097Z,38.991913,-0.524291,695
54,Beata InesA,Corts Valencianes 2A,2023-08-10T17:51:29.097Z,38.987684,-0.53061,994
55,Reina,Republica Argentina,2023-08-10T17:51:29.097Z,38.989955,-0.523503,043
56,Ximen ToviaA,Ausias MarchA,2023-08-10T17:51:29.097Z,38.991913,-0.524291,False
57,Ximen ToviaB,Gregorio Molina,2023-08-10T17:51:29.097Z,38.992357,-0.519858,756
58,Albereda 1,Albereda 2,2023-08-10T17:51:29.097Z,38.990122,-0.519633,842
59,Albereda 2,Cosmografo,2023-08-10T17:51:29.097Z,38.990742,-0.513,322
60,Carme 2,Albereda 2,2023-08-10T17:51:29.097Z,38.990122,-0.519633,971
61,Cosmografo,Maulets,2023-08-10T17:51:29.097Z,38.991249,-0.518678,669
62,Maulets,Gregorio Molina,2023-08-10T17:51:29.097Z,38.992357,-0.519858,028
63,N-340B,N-340A,2023-08-10T17:51:29.097Z,0.0,0.0,False
64,Republica Argentina,Republica Argentina,2023-08-10T17:51:29.097Z,38.99105,-0.519778,978
65,Corts Valencianes 1B,Alfons MagnanimB,2023-08-10T17:51:39.097Z,38.986084,-0.534517,987
66,Corts Valencianes 2A,Alfons MagnanimB,2023-08-10T17:51:39.097Z,38.986084,-0.534517,048
67,Corts Valencianes 2B,9 OctubreA,2023-08-10T17:51:39.097Z,38.987684,-0.53061,294
68,PalasietA,Aben FerriA,2023-08-10T17:51:39.097Z,38.985489,-0.534157,676
69,PalasietB,Corts Valencianes 1B,2023-08-10T17:51:39.097Z,38.985252,-0.537441,825
70,Alfons MagnanimB,9 OctubreB,2023-08-10T17:51:39.097Z,38.987144,-0.535236,108
71,Aben FerriA,Alfons MagnanimB,2023-08-10T17:51:39.097Z,38.986084,-0.534517,872
72,Argenteria,PalasietB,2023-08-10T17:51:39.097Z,38.985489,-0.534157,963
73,Beata InesA,Reina,2023-08-10T17:51:39.097Z,38.987684,-0.53061,928
74,Beata InesB,Beata InesB,2023-08-10T17:51:39.097Z,0.0,0.0,237
75,Reina,Albereda 1,2023-08-10T17:51:39.097Z,38.989955,-0.523503,910
76,Ximen ToviaA,Baixada estacio 1,2023-08-10T17:51:39.097Z,38.991913,-0.524291,916
77,Albereda 1,Albereda 2,2023-08-10T17:51:39.097Z,38.990122,-0.519633,732
78,Albereda 2,N-340B,2023-08-10T17:51:39.097Z,38.990742,-0.513,False
79,Academic Maravall,Maulets,2023-08-10T17:51:39.097Z,38.991249,-0.518678,719
80,Cosmografo,Maulets,2023-08-10T17:51:39.097Z,38.991249,-0.518678,914
81,Maulets,Ximen ToviaA,2023-08-10T17:51:39.097Z,38.992357,-0.519858,923
82,N-340A,Ximen ToviaA,2023-08-10T17:51:39.097Z,38.992357,-0.519858,699
83,N-340B,N-340A,2023-08-10T17:51:39.097Z,0.0,0.0,959
84,Corts Valencianes 2B,Ausias MarchB,2023-08-10T17:51:49.097Z,38.987684,-0.53061,159
85,PalasietA,PalasietA,2023-08-10T17:51:49.097Z,38.985489,-0.534157,791
86,PalasietB,Corts Valencianes 1B,2023-08-10T17:51:49.097Z,38.985252,-0.537441,120
87,Alfons MagnanimB,9 OctubreB,2023-08-10T17:51:49.097Z,38.987144,-0.535236,False
88,Aben FerriA,Alfons MagnanimB,2023-08-10T17:51:49.097Z,38.986084,-0.534517,676
89,Argenteria,PalasietB,2023-08-10T17:51:49.097Z,38.985489,-0.534157,979
90,9 OctubreB,Argenteria,2023-08-10T17:51:49.097Z,38.987684,-0.53061,883
91,Abu Masaifa,9 OctubreA,2023-08-10T17:51:49.097Z,38.987684,-0.53061,610
92,Ausias MarchB,Baixada estacio 1,2023-08-10T17:51:49.097Z,38.991913,-0.524291,714
93,Beata InesA,Argenteria,2023-08-10T17:51:49.097Z,38.987684,-0.53061,786
94,Reina,Republica Argentina,2023-08-10T17:51:49.097Z,38.989955,-0.523503,971
95,Ximen ToviaA,Baixada estacio 1,2023-08-10T17:51:49.097Z,38.991913,-0.524291,618
96,Ximen ToviaB,Carme 1,2023-08-10T17:51:49.097Z,38.992357,-0.519858,919
97,Gregorio Molina,Abu Masaifa,2023-08-10T17:51:49.097Z,38.991213,-0.523787,857
98,Albereda 1,Albereda 2,2023-08-10T17:51:49.097Z,38.990122,-0.519633,False
99,Albereda 2,N-340B,2023-08-10T17:51:49.097Z,38.990742,-0.513,749
100,Maulets,Gregorio Molina,2023-08-10T17:51:49.097Z,38.992357,-0.519858,957
101,N-340A,Ximen ToviaA,2023-08-10T17:51:49.097Z,38.992357,-0.519858,400
102,N-340B,N-340A,2023-08-10T17:51:49.097Z,0.0,0.0,127
103,Republica Argentina,Carme 2,2023-08-10T17:51:49.097Z,38.99105,-0.519778,810
104,Corts Valencianes 1B,Alfons MagnanimB,2023-08-10T17:51:59.097Z,38.986084,-0.534517,718
105,Corts Valencianes 2A,Corts Valencianes 2B,2023-08-10T17:51:59.097Z,38.986084,-0.534517,False
106,Corts Valencianes 2B,Beata InesB,2023-08-10T17:51:59.097Z,38.987684,-0.53061,686
107,PalasietA,PalasietB,2023-08-10T17:51:59.097Z,38.985489,-0.534157,497
108,PalasietB,Corts Valencianes 1B,2023-08-10T17:51:59.097Z,38.985252,-0.537441,794
109,Alfons MagnanimB,Alfons MagnanimA,2023-08-10T17:51:59.097Z,38.987144,-0.535236,797
110,Argenteria,Aben FerriA,2023-08-10T17:51:59.097Z,38.985489,-0.534157,669
111,Abu Masaifa,9 OctubreA,2023-08-10T17:51:59.097Z,38.987684,-0.53061,627
112,Ausias MarchA,9 OctubreA,2023-08-10T17:51:59.097Z,38.987684,-0.53061,695
113,Ausias MarchB,Ximen ToviaB,2023-08-10T17:51:59.097Z,38.991913,-0.524291,357
114,Beata InesB,Beata InesA,2023-08-10T17:51:59.097Z,0.0,0.0,486
115,Reina,Albereda 1,2023-08-10T17:51:59.097Z,38.989955,-0.523503,128
116,Ximen ToviaA,Ausias MarchA,2023-08-10T17:51:59.097Z,38.991913,-0.524291,False
117,Ximen ToviaB,N-340B,2023-08-10T17:51:59.097Z,38.992357,-0.519858,967
118,Baixada estacio 1,Baixada estacio 2,2023-08-10T17:51:59.097Z,38.991213,-0.523787,740
119,Carme 1,Carme 2,2023-08-10T17:51:59.097Z,38.99105,-0.519778,688
120,Maulets,Maulets,2023-08-10T17:51:59.097Z,38.992357,-0.519858,947
121,N-340A,Carme 1,2023-08-10T17:51:59.097Z,38.992357,-0.519858,999
122,N-340B,Beata InesA,2023-08-10T17:51:59.097Z,0.0,0.0,771
123,Republica Argentina,Republica Argentina,2023-08-10T17:51:59.097Z,38.99105,-0.519778,147
124,Corts Valencianes 1B,Alfons MagnanimB,2023-08-10T17:52:09.097Z,38.986084,-0.534517,825
125,Corts Valencianes 2A,Corts Valencianes 2B,2023-08-10T17:52:09.097Z,38.986084,-0.534517,569
126,Corts Valencianes 2B,9 OctubreA,2023-08-10T17:52:09.097Z,38.987684,-0.53061,319
127,PalasietA,Aben FerriA,2023-08-10T17:52:09.097Z,38.985489,-0.534157,269
128,Alfons MagnanimB,9 OctubreB,2023-08-10T17:52:09.097Z,38.987144,-0.535236,048
129,Aben FerriA,Aben FerriA,2023-08-10T17:52:09.097Z,38.986084,-0.534517,362
130,Argenteria,Argenteria,2023-08-10T17:52:09.097Z,38.985489,-0.534157,878
131,Abu Masaifa,9 OctubreA,2023-08-10T17:52:09.097Z,38.987684,-0.53061,976
132,Ausias MarchA,Ausias MarchB,2023-08-10T17:52:09.097Z,38.987684,-0.53061,False
133,Ausias MarchB,Ausias MarchA,2023-08-10T17:52:09.097Z,38.991913,-0.524291,488
134,Beata InesA,Corts Valencianes 2A,2023-08-10T17:52:09.097Z,38.987684,-0.53061,619
135,Ximen ToviaB,Ximen ToviaA,2023-08-10T17:52:09.097Z,38.992357,-0.519858,893
136,Carme 1,Academic Maravall,2023-08-10T17:52:09.097Z,38.99105,-0.519778,925
137,Cosmografo,Maulets,2023-08-10T17:52:09.097Z,38.991249,-0.518678,XXX
138,N-340B,N-340A,2023-08-10T17:52:09.097Z,0.0,0.0,318
139,Republica Argentina,Academic Maravall,2023-08-10T17:52:09.097Z,38.99105,-0.519778,474
140,CV-645B,Beata InesA,2023-08-10T17:52:19.097Z,0.0,0.0,710
141,Corts Valencianes 1B,Alfons MagnanimB,2023-08-10T17:52:19.097Z,38.986084,-0.534517,328
142,Corts Valencianes 2A,Aben FerriB,2023-08-10T17:52:19.097Z,38.986084,-0.534517,954
143,Corts Valencianes 2B,9 OctubreA,2023-08-10T17:52:19.097Z,38.987684,-0.53061,669
144,PalasietA,Aben FerriA,2023-08-10T17:52:19.097Z,38.985489,-0.534157,791
145,PalasietB,Corts Valencianes 1B,2023-08-10T17:52:19.097Z,38.985252,-0.537441,925
146,Alfons MagnanimB,9 OctubreB,2023-08-10T17:52:19.097Z,38.987144,-0.535236,912
147,Aben FerriA,Corts Valencianes 1A,2023-08-10T17:52:19.097Z,38.986084,-0.534517,192
148,Argenteria,Aben FerriA,2023-08-10T17:52:19.097Z,38.985489,-0.534157,786
149,Abu Masaifa,Argenteria,2023-08-10T17:52:19.097Z,38.987684,-0.53061,916
150,Ausias MarchA,Reina,2023-08-10T17:52:19.097Z,38.987684,-0.53061,369
151,Ximen ToviaA,Ausias MarchA,2023-08-10T17:52:19.097Z,38.991913,-0.524291,False
152,Ximen ToviaB,Ximen ToviaB,2023-08-10T17:52:19.097Z,38.992357,-0.519858,969
153,Baixada estacio 1,Abu Masaifa,2023-08-10T17:52:19.097Z,38.991213,-0.523787,619
154,Gregorio Molina,Baixada estacio 2,2023-08-10T17:52:19.097Z,38.991213,-0.523787,699
155,Albereda 2,Cosmografo,2023-08-10T17:52:19.097Z,38.990742,-0.513,859
156,Academic Maravall,Maulets,2023-08-10T17:52:19.097Z,38.991249,-0.518678,925
157,Maulets,Gregorio Molina,2023-08-10T17:52:19.097Z,38.992357,-0.519858,070
158,N-340B,Beata InesA,2023-08-10T17:52:19.097Z,0.0,0.0,885
159,Republica Argentina,Academic Maravall,2023-08-10T17:52:19.097Z,38.99105,-0.519778,492
160,CV-645B,CV-645B,2023-08-10T17:52:29.097Z,0.0,0.0,589
161,Corts Valencianes 1A,CV-645B,2023-08-10T17:52:29.097Z,38.985252,-0.537441,192
162,Corts Valencianes 1B,Aben FerriB,2023-08-10T17:52:29.097Z,38.986084,-0.534517,794
163,Corts Valencianes 2A,Corts Valencianes 1A,2023-08-10T17:52:29.097Z,38.986084,-0.534517,875
164,PalasietB,Corts Valencianes 1B,2023-08-10T17:52:29.097Z,38.985252,-0.537441,002
165,Alfons MagnanimA,Corts Valencianes 2B,2023-08-10T17:52:29.097Z,38.986084,-0.534517,987
166,Alfons MagnanimB,9 OctubreB,2023-08-10T17:52:29.097Z,38.987144,-0.535236,676
167,Aben FerriA,Corts Valencianes 2B,2023-08-10T17:52:29.097Z,38.986084,-0.534517,962
168,Argenteria,PalasietB,2023-08-10T17:52:29.097Z,38.985489,-0.534157,878
169,Abu Masaifa,Reina,2023-08-10T17:52:29.097Z,38.987684,-0.53061,725
170,Ausias MarchB,Ausias MarchA,2023-08-10T17:52:29.097Z,38.991913,-0.524291,716
171,Beata InesB,Beata InesA,2023-08-10T17:52:29.097Z,0.0,0.0,297
172,Reina,Albereda 1,2023-08-10T17:52:29.097Z,38.989955,-0.523503,130
173,Ximen ToviaA,Ximen ToviaB,2023-08-10T17:52:29.097Z,38.991913,-0.524291,969
174,Baixada estacio 2,Albereda 1,2023-08-10T17:52:29.097Z,38.989955,-0.523503,756
175,Gregorio Molina,Abu Masaifa,2023-08-10T17:52:29.097Z,38.991213,-0.523787,028
176,Albereda 1,Albereda 2,2023-08-10T17:52:29.097Z,38.990122,-0.519633,992
177,Albereda 2,Cosmografo,2023-08-10T17:52:29.097Z,38.990742,-0.513,996
178,Carme 2,Albereda 2,2023-08-10T17:52:29.097Z,38.990122,-0.519633,False
179,Academic Maravall,Maulets,2023-08-10T17:52:29.097Z,38.991249,-0.518678,197
180,Maulets,Gregorio Molina,2023-08-10T17:52:29.097Z,38.992357,-0.519858,837
181,N-340A,Gregorio Molina,2023-08-10T17:52:29.097Z,38.992357,-0.519858,037
182,N-340B,Beata InesA,2023-08-10T17:52:29.097Z,0.0,0.0,170
183,CV-645B,Beata InesA,2023-08-10T17:52:39.097Z,0.0,0.0,948
184,Corts Valencianes 2B,Corts Valencianes 2A,2023-08-10T17:52:39.097Z,38.987684,-0.53061,334
185,PalasietB,CV-645B,2023-08-10T17:52:39.097Z,38.985252,-0.537441,996
186,Alfons MagnanimB,Alfons MagnanimA,2023-08-10T17:52:39.097Z,38.987144,-0.535236,738
187,Argenteria,PalasietB,2023-08-10T17:52:39.097Z,38.985489,-0.534157,918
188,9 OctubreB,9 OctubreA,2023-08-10T17:52:39.097Z,38.987684,-0.53061,108
189,Abu Masaifa,Beata InesB,2023-08-10T17:52:39.097Z,38.987684,-0.53061,399
190,Ausias MarchB,Baixada estacio 1,2023-08-10T17:52:39.097Z,38.991913,-0.524291,False
191,Beata InesA,Argenteria,2023-08-10T17:52:39.097Z,38.987684,-0.53061,486
192,Ximen ToviaA,Ausias MarchA,2023-08-10T17:52:39.097Z,38.991913,-0.524291,711
193,Gregorio Molina,Abu Masaifa,2023-08-10T17:52:39.097Z,38.991213,-0.523787,997
194,Albereda 2,Cosmografo,2023-08-10T17:52:39.097Z,38.990742,-0.513,613
195,Cosmografo,Maulets,2023-08-10T17:52:39.097Z,38.991249,-0.518678,False
196,Maulets,N-340B,2023-08-10T17:52:39.097Z,38.992357,-0.519858,False
197,N-340A,Ximen ToviaA,2023-08-10T17:52:39.097Z,38.992357,-0.519858,261
198,N-340B,N-340A,2023-08-10T17:52:39.097Z,0.0,0.0,794
199,Republica Argentina,Carme 2,2023-08-10T17:52:39.097Z,38.99105,-0.519778,False
200,CV-645B,Beata InesA,2023-08-10T17:52:49.097Z,0.0,0.0,906
201,Corts Valencianes 2A,Corts Valencianes 2B,2023-08-10T17:52:49.097Z,38.986084,-0.534517,869
202,Corts Valencianes 2B,Ausias MarchB,2023-08-10T17:52:49.097Z,38.987684,-0.53061,312
203,Alfons MagnanimA,Corts Valencianes 2B,2023-08-10T17:52:49.097Z,38.986084,-0.534517,796
204,Aben FerriA,Alfons MagnanimB,2023-08-10T17:52:49.097Z,38.986084,-0.534517,797
205,Aben FerriB,Aben FerriA,2023-08-10T17:52:49.097Z,38.985489,-0.534157,973
206,Abu Masaifa,9 OctubreA,2023-08-10T17:52:49.097Z,38.987684,-0.53061,831
207,Ausias MarchB,Ausias MarchB,2023-08-10T17:52:49.097Z,38.991913,-0.524291,470
208,Beata InesA,Ausias MarchB,2023-08-10T17:52:49.097Z,38.987684,-0.53061,False
209,Beata InesB,Beata InesA,2023-08-10T17:52:49.097Z,0.0,0.0,False
210,Reina,Albereda 1,2023-08-10T17:52:49.097Z,38.989955,-0.523503,766
211,Ximen ToviaA,Ximen ToviaB,2023-08-10T17:52:49.097Z,38.991913,-0.524291,923
212,Ximen ToviaB,Gregorio Molina,2023-08-10T17:52:49.097Z,38.992357,-0.519858,357
213,Baixada estacio 1,Abu Masaifa,2023-08-10T17:52:49.097Z,38.991213,-0.523787,916
214,Gregorio Molina,Abu Masaifa,2023-08-10T17:52:49.097Z,38.991213,-0.523787,800
215,Albereda 1,Albereda 2,2023-08-10T17:52:49.097Z,38.990122,-0.519633,487
216,Albereda 2,N-340B,2023-08-10T17:52:49.097Z,38.990742,-0.513,False
217,Carme 2,Albereda 2,2023-08-10T17:52:49.097Z,38.990122,-0.519633,491
218,Cosmografo,Maulets,2023-08-10T17:52:49.097Z,38.991249,-0.518678,322
219,Maulets,Gregorio Molina,2023-08-10T17:52:49.097Z,38.992357,-0.519858,056
220,N-340A,Ximen ToviaA,2023-08-10T17:52:49.097Z,38.992357,-0.519858,638
221,CV-645B,CV-645B,2023-08-10T17:52:59.097Z,0.0,0.0,False
222,Corts Valencianes 2B,Ausias MarchB,2023-08-10T17:52:59.097Z,38.987684,-0.53061,569
223,PalasietB,CV-645B,2023-08-10T17:52:59.097Z,38.985252,-0.537441,851
224,Aben FerriA,Corts Valencianes 1A,2023-08-10T17:52:59.097Z,38.986084,-0.534517,786
225,Argenteria,Aben FerriA,2023-08-10T17:52:59.097Z,38.985489,-0.534157,166
226,9 OctubreA,9 OctubreB,2023-08-10T17:52:59.097Z,38.987144,-0.535236,498
227,9 OctubreB,9 OctubreA,2023-08-10T17:52:59.097Z,38.987684,-0.53061,982
228,Abu Masaifa,Ausias MarchB,2023-08-10T17:52:59.097Z,38.987684,-0.53061,449
229,Ausias MarchA,Corts Valencianes 2A,2023-08-10T17:52:59.097Z,38.987684,-0.53061,488
230,Beata InesA,9 OctubreA,2023-08-10T17:52:59.097Z,38.987684,-0.53061,710
231,Reina,Albereda 1,2023-08-10T17:52:59.097Z,38.989955,-0.523503,729
232,Ximen ToviaA,Ximen ToviaB,2023-08-10T17:52:59.097Z,38.991913,-0.524291,False
233,Gregorio Molina,Abu Masaifa,2023-08-10T17:52:59.097Z,38.991213,-0.523787,817
234,Albereda 2,Cosmografo,2023-08-10T17:52:59.097Z,38.990742,-0.513,254
235,Cosmografo,Maulets,2023-08-10T17:52:59.097Z,38.991249,-0.518678,600
236,Maulets,Gregorio Molina,2023-08-10T17:52:59.097Z,38.992357,-0.519858,486
237,N-340A,Gregorio Molina,2023-08-10T17:52:59.097Z,38.992357,-0.519858,395
238,Republica Argentina,Carme 2,2023-08-10T17:52:59.097Z,38.99105,-0.519778,False
239,Corts Valencianes 1A,Corts Valencianes 1B,2023-08-10T17:53:09.097Z,38.985252,-0.537441,786
240,Corts Valencianes 1B,Alfons MagnanimB,2023-08-10T17:53:09.097Z,38.986084,-0.534517,925
241,Corts Valencianes 2A,Aben FerriB,2023-08-10T17:53:09.097Z,38.986084,-0.534517,334
242,Corts Valencianes 2B,Reina,2023-08-10T17:53:09.097Z,38.987684,-0.53061,987
243,PalasietB,CV-645B,2023-08-10T17:53:09.097Z,38.985252,-0.537441,463
244,Alfons MagnanimB,Alfons MagnanimA,2023-08-10T17:53:09.097Z,38.987144,-0.535236,False
245,Aben FerriA,Corts Valencianes 2B,2023-08-10T17:53:09.097Z,38.986084,-0.534517,973
246,Aben FerriB,PalasietB,2023-08-10T17:53:09.097Z,38.985489,-0.534157,954
247,9 OctubreB,9 OctubreA,2023-08-10T17:53:09.097Z,38.987684,-0.53061,048
248,Beata InesA,9 OctubreA,2023-08-10T17:53:09.097Z,38.987684,-0.53061,885
249,Reina,Republica Argentina,2023-08-10T17:53:09.097Z,38.989955,-0.523503,825
250,Ximen ToviaA,Ausias MarchA,2023-08-10T17:53:09.097Z,38.991913,-0.524291,400
251,Ximen ToviaB,N-340B,2023-08-10T17:53:09.097Z,38.992357,-0.519858,749
252,Gregorio Molina,Abu Masaifa,2023-08-10T17:53:09.097Z,38.991213,-0.523787,017
253,Albereda 2,Cosmografo,2023-08-10T17:53:09.097Z,38.990742,-0.513,781
254,Carme 2,Albereda 2,2023-08-10T17:53:09.097Z,38.990122,-0.519633,False
255,N-340A,Ximen ToviaA,2023-08-10T17:53:09.097Z,38.992357,-0.519858,820
256,N-340B,CV-645A,2023-08-10T17:53:09.097Z,0.0,0.0,False
257,CV-645B,Beata InesA,2023-08-10T17:53:19.097Z,0.0,0.0,950
258,Corts Valencianes 1B,Alfons MagnanimB,2023-08-10T17:53:19.097Z,38.986084,-0.534517,002
259,Corts Valencianes 2B,9 OctubreA,2023-08-10T17:53:19.097Z,38.987684,-0.53061,962
260,PalasietB,PalasietB,2023-08-10T17:53:19.097Z,38.985252,-0.537441,636
261,Alfons MagnanimA,Corts Valencianes 2B,2023-08-10T17:53:19.097Z,38.986084,-0.534517,328
262,Alfons MagnanimB,9 OctubreB,2023-08-10T17:53:19.097Z,38.987144,-0.535236,917
263,Aben FerriA,Alfons MagnanimB,2023-08-10T17:53:19.097Z,38.986084,-0.534517,486
264,Aben FerriB,PalasietB,2023-08-10T17:53:19.097Z,38.985489,-0.534157,False
265,9 OctubreA,Alfons MagnanimA,2023-08-10T17:53:19.097Z,38.987144,-0.535236,False
266,9 OctubreB,Ausias MarchB,2023-08-10T17:53:19.097Z,38.987684,-0.53061,872
267,Abu Masaifa,Corts Valencianes 2A,2023-08-10T17:53:19.097Z,38.987684,-0.53061,False
268,Ausias MarchA,Ausias MarchB,2023-08-10T17:53:19.097Z,38.987684,-0.53061,403
269,Ausias MarchB,Baixada estacio 1,2023-08-10T17:53:19.097Z,38.991913,-0.524291,193
270,Beata InesA,9 OctubreA,2023-08-10T17:53:19.097Z,38.987684,-0.53061,297
271,Beata InesB,Beata InesA,2023-08-10T17:53:19.097Z,0.0,0.0,886
272,Reina,Republica Argentina,2023-08-10T17:53:19.097Z,38.989955,-0.523503,365
273,Ximen ToviaA,Ausias MarchA,2023-08-10T17:53:19.097Z,38.991913,-0.524291,693
274,Baixada estacio 1,Abu Masaifa,2023-08-10T17:53:19.097Z,38.991213,-0.523787,kXX
275,Albereda 1,Albereda 2,2023-08-10T17:53:19.097Z,38.990122,-0.519633,329
276,Albereda 2,Cosmografo,2023-08-10T17:53:19.097Z,38.990742,-0.513,224
277,Carme 1,Carme 2,2023-08-10T17:53:19.097Z,38.99105,-0.519778,316
278,Carme 2,Albereda 2,2023-08-10T17:53:19.097Z,38.990122,-0.519633,903
279,N-340A,Carme 1,2023-08-10T17:53:19.097Z,38.992357,-0.519858,969
280,Republica Argentina,Carme 2,2023-08-10T17:53:19.097Z,38.99105,-0.519778,719
281,CV-645B,CV-645B,2023-08-10T17:53:29.097Z,0.0,0.0,325
282,Corts Valencianes 2A,Corts Valencianes 2B,2023-08-10T17:53:29.097Z,38.986084,-0.534517,488
283,Corts Valencianes 2B,Argenteria,2023-08-10T17:53:29.097Z,38.987684,-0.53061,199
284,PalasietB,PalasietB,2023-08-10T17:53:29.097Z,38.985252,-0.537441,035
285,Alfons MagnanimA,Aben FerriB,2023-08-10T17:53:29.097Z,38.986084,-0.534517,627
286,9 OctubreB,Ausias MarchB,2023-08-10T17:53:29.097Z,38.987684,-0.53061,911
287,Ausias MarchA,Beata InesB,2023-08-10T17:53:29.097Z,38.987684,-0.53061,716
288,Ausias MarchB,Ausias MarchA,2023-08-10T17:53:29.097Z,38.991913,-0.524291,919
289,Beata InesA,9 OctubreA,2023-08-10T17:53:29.097Z,38.987684,-0.53061,478
290,Beata InesB,Beata InesA,2023-08-10T17:53:29.097Z,0.0,0.0,164
291,Reina,Republica Argentina,2023-08-10T17:53:29.097Z,38.989955,-0.523503,725
292,Ximen ToviaB,N-340B,2023-08-10T17:53:29.097Z,38.992357,-0.519858,969
293,Baixada estacio 1,Abu Masaifa,2023-08-10T17:53:29.097Z,38.991213,-0.523787,193
294,Gregorio Molina,Abu Masaifa,2023-08-10T17:53:29.097Z,38.991213,-0.523787,098
295,Albereda 2,N-340B,2023-08-10T17:53:29.097Z,38.990742,-0.513,False
296,Cosmografo,Maulets,2023-08-10T17:53:29.097Z,38.991249,-0.518678,859
297,N-340A,Ximen ToviaA,2023-08-10T17:53:29.097Z,38.992357,-0.519858,063
298,Republica Argentina,Carme 2,2023-08-10T17:53:29.097Z,38.99105,-0.519778,398
299,Corts Valencianes 1B,Alfons MagnanimB,2023-08-10T17:53:39.097Z,38.986084,-0.534517,786
300,Corts Valencianes 2B,Ausias MarchB,2023-08-10T17:53:39.097Z,38.987684,-0.53061,710
301,PalasietB,CV-645B,2023-08-10T17:53:39.097Z,38.985252,-0.537441,False
302,Alfons MagnanimB,9 OctubreB,2023-08-10T17:53:39.097Z,38.987144,-0.535236,379
303,9 OctubreA,Alfons MagnanimA,2023-08-10T17:53:39.097Z,38.987144,-0.535236,933
304,9 OctubreB,Argenteria,2023-08-10T17:53:39.097Z,38.987684,-0.53061,861
305,Abu Masaifa,Beata InesB,2023-08-10T17:53:39.097Z,38.987684,-0.53061,331
306,Ausias MarchA,Reina,2023-08-10T17:53:39.097Z,38.987684,-0.53061,False
307,Beata InesB,N-340A,2023-08-10T17:53:39.097Z,0.0,0.0,776
308,Gregorio Molina,Abu Masaifa,2023-08-10T17:53:39.097Z,38.991213,-0.523787,460
309,Albereda 1,Albereda 2,2023-08-10T17:53:39.097Z,38.990122,-0.519633,384
310,Carme 2,Albereda 2,2023-08-10T17:53:39.097Z,38.990122,-0.519633,False
311,Cosmografo,Maulets,2023-08-10T17:53:39.097Z,38.991249,-0.518678,996
312,Maulets,Gregorio Molina,2023-08-10T17:53:39.097Z,38.992357,-0.519858,202
313,N-340A,Gregorio Molina,2023-08-10T17:53:39.097Z,38.992357,-0.519858,047
314,N-340B,Beata InesA,2023-08-10T17:53:39.097Z,0.0,0.0,180
315,Republica Argentina,Carme 2,2023-08-10T17:53:39.097Z,38.99105,-0.519778,694
316,CV-645A,Corts Valencianes 1B,2023-08-10T17:53:49.097Z,38.985252,-0.537441,710
317,CV-645B,CV-645B,2023-08-10T17:53:49.097Z,0.0,0.0,916
318,PalasietB,Corts Valencianes 1B,2023-08-10T17:53:49.097Z,38.985252,-0.537441,410
319,Alfons MagnanimA,Corts Valencianes 2B,2023-08-10T17:53:49.097Z,38.986084,-0.534517,695
320,Aben FerriB,PalasietB,2023-08-10T17:53:49.097Z,38.985489,-0.534157,627
321,Argenteria,PalasietB,2023-08-10T17:53:49.097Z,38.985489,-0.534157,276
322,9 OctubreA,9 OctubreB,2023-08-10T17:53:49.097Z,38.987144,-0.535236,319
323,Abu Masaifa,Corts Valencianes 2A,2023-08-10T17:53:49.097Z,38.987684,-0.53061,842
324,Ximen ToviaA,Ausias MarchA,2023-08-10T17:53:49.097Z,38.991913,-0.524291,638
325,Ximen ToviaB,N-340B,2023-08-10T17:53:49.097Z,38.992357,-0.519858,False
326,Albereda 2,N-340B,2023-08-10T17:53:49.097Z,38.990742,-0.513,190
327,Cosmografo,Maulets,2023-08-10T17:53:49.097Z,38.991249,-0.518678,919
328,Maulets,N-340B,2023-08-10T17:53:49.097Z,38.992357,-0.519858,385
329,N-340A,Gregorio Molina,2023-08-10T17:53:49.097Z,38.992357,-0.519858,731
330,N-340B,Beata InesA,2023-08-10T17:53:49.097Z,0.0,0.0,462
331,CV-645B,N-340A,2023-08-10T17:53:59.097Z,0.0,0.0,777
332,Corts Valencianes 2A,Corts Valencianes 1A,2023-08-10T17:53:59.097Z,38.986084,-0.534517,842
333,Corts Valencianes 2B,Ausias MarchB,2023-08-10T17:53:59.097Z,38.987684,-0.53061,328
334,PalasietB,Corts Valencianes 1B,2023-08-10T17:53:59.097Z,38.985252,-0.537441,216
335,9 OctubreA,9 OctubreB,2023-08-10T17:53:59.097Z,38.987144,-0.535236,487
336,9 OctubreB,Reina,2023-08-10T17:53:59.097Z,38.987684,-0.53061,791
337,Abu Masaifa,Corts Valencianes 2A,2023-08-10T17:53:59.097Z,38.987684,-0.53061,779
338,Ausias MarchA,Reina,2023-08-10T17:53:59.097Z,38.987684,-0.53061,400
339,Ausias MarchB,Ximen ToviaB,2023-08-10T17:53:59.097Z,38.991913,-0.524291,False
340,Beata InesA,9 OctubreA,2023-08-10T17:53:59.097Z,38.987684,-0.53061,948
341,Ximen ToviaB,Ximen ToviaB,2023-08-10T17:53:59.097Z,38.992357,-0.519858,False
342,Gregorio Molina,Abu Masaifa,2023-08-10T17:53:59.097Z,38.991213,-0.523787,395
343,Maulets,N-340B,2023-08-10T17:53:59.097Z,38.992357,-0.519858,024
344,N-340A,Gregorio Molina,2023-08-10T17:53:59.097Z,38.992357,-0.519858,959
345,N-340B,Beata InesA,2023-08-10T17:53:59.097Z,0.0,0.0,803
346,Corts Valencianes 1A,Corts Valencianes 1B,2023-08-10T17:54:09.097Z,38.985252,-0.537441,842
347,Corts Valencianes 2A,Aben FerriB,2023-08-10T17:54:09.097Z,38.986084,-0.534517,False
348,Corts Valencianes 2B,Reina,2023-08-10T17:54:09.097Z,38.987684,-0.53061,488
349,PalasietB,CV-645B,2023-08-10T17:54:09.097Z,38.985252,-0.537441,817
350,Alfons MagnanimB,9 OctubreB,2023-08-10T17:54:09.097Z,38.987144,-0.535236,786
351,Argenteria,PalasietB,2023-08-10T17:54:09.097Z,38.985489,-0.534157,198
352,9 OctubreA,9 OctubreB,2023-08-10T17:54:09.097Z,38.987144,-0.535236,669
353,9 OctubreB,Argenteria,2023-08-10T17:54:09.097Z,38.987684,-0.53061,926
354,Abu Masaifa,Reina,2023-08-10T17:54:09.097Z,38.987684,-0.53061,857
355,Albereda 2,N-340B,2023-08-10T17:54:09.097Z,38.990742,-0.513,304
356,Maulets,Ximen ToviaA,2023-08-10T17:54:09.097Z,38.992357,-0.519858,499
357,N-340B,CV-645A,2023-08-10T17:54:09.097Z,0.0,0.0,787
358,CV-645B,Beata InesA,2023-08-10T17:54:19.097Z,0.0,0.0,769
359,Corts Valencianes 1B,Alfons MagnanimB,2023-08-10T17:54:19.097Z,38.986084,-0.534517,719
360,Corts Valencianes 2B,Corts Valencianes 2A,2023-08-10T17:54:19.097Z,38.987684,-0.53061,False
361,PalasietB,CV-645B,2023-08-10T17:54:19.097Z,38.985252,-0.537441,963
362,Alfons MagnanimB,9 OctubreB,2023-08-10T17:54:19.097Z,38.987144,-0.535236,002
363,Aben FerriB,Aben FerriA,2023-08-10T17:54:19.097Z,38.985489,-0.534157,779
364,9 OctubreA,Alfons MagnanimA,2023-08-10T17:54:19.097Z,38.987144,-0.535236,108
365,9 OctubreB,Argenteria,2023-08-10T17:54:19.097Z,38.987684,-0.53061,319
366,Abu Masaifa,9 OctubreA,2023-08-10T17:54:19.097Z,38.987684,-0.53061,619
367,Ausias MarchB,Ausias MarchA,2023-08-10T17:54:19.097Z,38.991913,-0.524291,230
368,Beata InesA,9 OctubreA,2023-08-10T17:54:19.097Z,38.987684,-0.53061,False
369,Beata InesB,N-340A,2023-08-10T17:54:19.097Z,0.0,0.0,399
370,Reina,Republica Argentina,2023-08-10T17:54:19.097Z,38.989955,-0.523503,914
371,Ximen ToviaB,N-340B,2023-08-10T17:54:19.097Z,38.992357,-0.519858,False
372,Gregorio Molina,Abu Masaifa,2023-08-10T17:54:19.097Z,38.991213,-0.523787,086
373,Albereda 1,Albereda 2,2023-08-10T17:54:19.097Z,38.990122,-0.519633,667
374,Carme 1,Carme 2,2023-08-10T17:54:19.097Z,38.99105,-0.519778,981
375,Cosmografo,Maulets,2023-08-10T17:54:19.097Z,38.991249,-0.518678,783
376,N-340B,CV-645A,2023-08-10T17:54:19.097Z,0.0,0.0,129
377,CV-645A,Corts Valencianes 1B,2023-08-10T17:54:29.097Z,38.985252,-0.537441,100
378,CV-645B,Beata InesA,2023-08-10T17:54:29.097Z,0.0,0.0,364
379,Corts Valencianes 1A,PalasietA,2023-08-10T17:54:29.097Z,38.985252,-0.537441,675
380,Corts Valencianes 1B,Corts Valencianes 2B,2023-08-10T17:54:29.097Z,38.986084,-0.534517,470
381,Corts Valencianes 2B,Ausias MarchB,2023-08-10T17:54:29.097Z,38.987684,-0.53061,794
382,PalasietB,PalasietA,2023-08-10T17:54:29.097Z,38.985252,-0.537441,284
383,Alfons MagnanimB,Alfons MagnanimA,2023-08-10T17:54:29.097Z,38.987144,-0.535236,710
384,Aben FerriA,Alfons MagnanimB,2023-08-10T17:54:29.097Z,38.986084,-0.534517,799
385,9 OctubreA,Alfons MagnanimA,2023-08-10T17:54:29.097Z,38.987144,-0.535236,254
386,9 OctubreB,Reina,2023-08-10T17:54:29.097Z,38.987684,-0.53061,976
387,Abu Masaifa,Ausias MarchB,2023-08-10T17:54:29.097Z,38.987684,-0.53061,820
388,Ausias MarchA,9 OctubreA,2023-08-10T17:54:29.097Z,38.987684,-0.53061,676
389,Ausias MarchB,Ausias MarchA,2023-08-10T17:54:29.097Z,38.991913,-0.524291,196
390,Beata InesA,Argenteria,2023-08-10T17:54:29.097Z,38.987684,-0.53061,998
391,Beata InesB,N-340A,2023-08-10T17:54:29.097Z,0.0,0.0,971
392,Ximen ToviaA,Baixada estacio 1,2023-08-10T17:54:29.097Z,38.991913,-0.524291,820
393,Ximen ToviaB,N-340B,2023-08-10T17:54:29.097Z,38.992357,-0.519858,False
394,Albereda 2,N-340B,2023-08-10T17:54:29.097Z,38.990742,-0.513,146
395,Cosmografo,Maulets,2023-08-10T17:54:29.097Z,38.991249,-0.518678,224
396,Maulets,Ximen ToviaA,2023-08-10T17:54:29.097Z,38.992357,-0.519858,839
397,N-340A,Ximen ToviaA,2023-08-10T17:54:29.097Z,38.992357,-0.519858,127
398,N-340B,CV-645A,2023-08-10T17:54:29.097Z,0.0,0.0,649
399,CV-645A,PalasietA,2023-08-10T17:54:39.097Z,38.985252,-0.537441,129
400,CV-645B,Beata InesA,2023-08-10T17:54:39.097Z,0.0,0.0,447
401,Corts Valencianes 1B,Corts Valencianes 1A,2023-08-10T17:54:39.097Z,38.986084,-0.534517,216
402,Corts Valencianes 2A,Corts Valencianes 1A,2023-08-10T17:54:39.097Z,38.986084,-0.534517,False
403,9 OctubreA,Alfons MagnanimA,2023-08-10T17:54:39.097Z,38.987144,-0.535236,831
404,9 OctubreB,Reina,2023-08-10T17:54:39.097Z,38.987684,-0.53061,981
405,Abu Masaifa,9 OctubreA,2023-08-10T17:54:39.097Z,38.987684,-0.53061,951
406,Ausias MarchA,9 OctubreA,2023-08-10T17:54:39.097Z,38.987684,-0.53061,638
407,Ausias MarchB,Ausias MarchA,2023-08-10T17:54:39.097Z,38.991913,-0.524291,312
408,Beata InesA,9 OctubreA,2023-08-10T17:54:39.097Z,38.987684,-0.53061,990
409,Reina,Albereda 1,2023-08-10T17:54:39.097Z,38.989955,-0.523503,711
410,Ximen ToviaA,Ausias MarchA,2023-08-10T17:54:39.097Z,38.991913,-0.524291,580
411,Baixada estacio 1,Abu Masaifa,2023-08-10T17:54:39.097Z,38.991213,-0.523787,820
412,Gregorio Molina,Abu Masaifa,2023-08-10T17:54:39.097Z,38.991213,-0.523787,357
413,Albereda 1,Albereda 2,2023-08-10T17:54:39.097Z,38.990122,-0.519633,140
414,Carme 2,Albereda 2,2023-08-10T17:54:39.097Z,38.990122,-0.519633,059
415,Maulets,Gregorio Molina,2023-08-10T17:54:39.097Z,38.992357,-0.519858,920
416,N-340A,Gregorio Molina,2023-08-10T17:54:39.097Z,38.992357,-0.519858,918
417,N-340B,CV-645A,2023-08-10T17:54:39.097Z,0.0,0.0,819
418,CV-645B,CV-645A,2023-08-10T17:54:49.097Z,0.0,0.0,969
419,Corts Valencianes 1A,PalasietA,2023-08-10T17:54:49.097Z,38.985252,-0.537441,070
420,Corts Valencianes 1B,Aben FerriB,2023-08-10T17:54:49.097Z,38.986084,-0.534517,842
421,Corts Valencianes 2B,Ausias MarchB,2023-08-10T17:54:49.097Z,38.987684,-0.53061,410
422,PalasietA,Aben FerriA,2023-08-10T17:54:49.097Z,38.985489,-0.534157,699
423,PalasietB,CV-645B,2023-08-10T17:54:49.097Z,38.985252,-0.537441,979
424,Alfons MagnanimA,Corts Valencianes 2B,2023-08-10T17:54:49.097Z,38.986084,-0.534517,108
425,Alfons MagnanimB,Alfons MagnanimA,2023-08-10T17:54:49.097Z,38.987144,-0.535236,799
426,Argenteria,Aben FerriA,2023-08-10T17:54:49.097Z,38.985489,-0.534157,319
427,Abu Masaifa,Ausias MarchB,2023-08-10T17:54:49.097Z,38.987684,-0.53061,916
428,Ausias MarchA,Argenteria,2023-08-10T17:54:49.097Z,38.987684,-0.53061,236
429,Ausias MarchB,Ausias MarchA,2023-08-10T17:54:49.097Z,38.991913,-0.524291,771
430,Beata InesA,9 OctubreA,2023-08-10T17:54:49.097Z,38.987684,-0.53061,686
431,Ximen ToviaA,Ximen ToviaA,2023-08-10T17:54:49.097Z,38.991913,-0.524291,361
432,Gregorio Molina,Baixada estacio 2,2023-08-10T17:54:49.097Z,38.991213,-0.523787,731
433,Albereda 2,N-340B,2023-08-10T17:54:49.097Z,38.990742,-0.513,186
434,Maulets,N-340B,2023-08-10T17:54:49.097Z,38.992357,-0.519858,601
435,N-340B,N-340A,2023-08-10T17:54:49.097Z,0.0,0.0,733
436,Corts Valencianes 1A,PalasietA,2023-08-10T17:54:59.097Z,38.985252,-0.537441,695
437,PalasietB,Corts Valencianes 1B,2023-08-10T17:54:59.097Z,38.985252,-0.537441,False
438,Alfons MagnanimA,Corts Valencianes 2B,2023-08-10T17:54:59.097Z,38.986084,-0.534517,False
439,Alfons MagnanimB,9 OctubreB,2023-08-10T17:54:59.097Z,38.987144,-0.535236,486
440,Aben FerriA,Corts Valencianes 2B,2023-08-10T17:54:59.097Z,38.986084,-0.534517,675
441,Aben FerriB,PalasietB,2023-08-10T17:54:59.097Z,38.985489,-0.534157,842
442,9 OctubreA,Alfons MagnanimA,2023-08-10T17:54:59.097Z,38.987144,-0.535236,060
443,9 OctubreB,Beata InesB,2023-08-10T17:54:59.097Z,38.987684,-0.53061,585
444,Abu Masaifa,Ausias MarchB,2023-08-10T17:54:59.097Z,38.987684,-0.53061,800
445,Ausias MarchA,9 OctubreA,2023-08-10T17:54:59.097Z,38.987684,-0.53061,196
446,Beata InesA,Corts Valencianes 2A,2023-08-10T17:54:59.097Z,38.987684,-0.53061,964
447,Beata InesB,N-340A,2023-08-10T17:54:59.097Z,0.0,0.0,166
448,Reina,Republica Argentina,2023-08-10T17:54:59.097Z,38.989955,-0.523503,917
449,Baixada estacio 2,Albereda 1,2023-08-10T17:54:59.097Z,38.989955,-0.523503,731
450,Gregorio Molina,Abu Masaifa,2023-08-10T17:54:59.097Z,38.991213,-0.523787,159
451,N-340B,Beata InesA,2023-08-10T17:54:59.097Z,0.0,0.0,623
452,Corts Valencianes 1B,Alfons MagnanimB,2023-08-10T17:55:09.097Z,38.986084,-0.534517,787
453,Alfons MagnanimB,9 OctubreB,2023-08-10T17:55:09.097Z,38.987144,-0.535236,825
454,Aben FerriA,Corts Valencianes 1A,2023-08-10T17:55:09.097Z,38.986084,-0.534517,319
455,Argenteria,Aben FerriA,2023-08-10T17:55:09.097Z,38.985489,-0.534157,070
456,9 OctubreB,Reina,2023-08-10T17:55:09.097Z,38.987684,-0.53061,002
457,Abu Masaifa,Corts Valencianes 2A,2023-08-10T17:55:09.097Z,38.987684,-0.53061,837
458,Ausias MarchA,9 OctubreA,2023-08-10T17:55:09.097Z,38.987684,-0.53061,693
459,Ausias MarchB,Ausias MarchA,2023-08-10T17:55:09.097Z,38.991913,-0.524291,471
460,Beata InesA,Reina,2023-08-10T17:55:09.097Z,38.987684,-0.53061,813
461,Reina,Albereda 1,2023-08-10T17:55:09.097Z,38.989955,-0.523503,400
462,Ximen ToviaA,Baixada estacio 1,2023-08-10T17:55:09.097Z,38.991913,-0.524291,889
463,Maulets,Ximen ToviaA,2023-08-10T17:55:09.097Z,38.992357,-0.519858,669
464,N-340B,N-340A,2023-08-10T17:55:09.097Z,0.0,0.0,443
465,CV-645A,PalasietA,2023-08-10T17:55:19.097Z,38.985252,-0.537441,026
466,CV-645B,CV-645A,2023-08-10T17:55:19.097Z,0.0,0.0,949
467,Corts Valencianes 1B,Corts Valencianes 2B,2023-08-10T17:55:19.097Z,38.986084,-0.534517,False
468,Corts Valencianes 2A,Aben FerriB,2023-08-10T17:55:19.097Z,38.986084,-0.534517,364
469,Corts Valencianes 2B,Argenteria,2023-08-10T17:55:19.097Z,38.987684,-0.53061,108
470,PalasietA,Aben FerriA,2023-08-10T17:55:19.097Z,38.985489,-0.534157,284
471,PalasietB,CV-645B,2023-08-10T17:55:19.097Z,38.985252,-0.537441,616
472,Alfons MagnanimA,Aben FerriB,2023-08-10T17:55:19.097Z,38.986084,-0.534517,294
473,Alfons MagnanimB,9 OctubreB,2023-08-10T17:55:19.097Z,38.987144,-0.535236,797
474,Aben FerriA,Corts Valencianes 2B,2023-08-10T17:55:19.097Z,38.986084,-0.534517,998
475,9 OctubreB,9 OctubreA,2023-08-10T17:55:19.097Z,38.987684,-0.53061,486
476,Abu Masaifa,Abu Masaifa,2023-08-10T17:55:19.097Z,38.987684,-0.53061,017
477,Beata InesA,Ausias MarchB,2023-08-10T17:55:19.097Z,38.987684,-0.53061,482
478,Beata InesB,N-340A,2023-08-10T17:55:19.097Z,0.0,0.0,118
479,Reina,Albereda 1,2023-08-10T17:55:19.097Z,38.989955,-0.523503,480
480,Ximen ToviaA,Ausias MarchA,2023-08-10T17:55:19.097Z,38.991913,-0.524291,127
481,Baixada estacio 1,Abu Masaifa,2023-08-10T17:55:19.097Z,38.991213,-0.523787,889
482,Gregorio Molina,Abu Masaifa,2023-08-10T17:55:19.097Z,38.991213,-0.523787,920
483,Albereda 2,N-340B,2023-08-10T17:55:19.097Z,38.990742,-0.513,430
484,Cosmografo,Maulets,2023-08-10T17:55:19.097Z,38.991249,-0.518678,254
485,Maulets,N-340B,2023-08-10T17:55:19.097Z,38.992357,-0.519858,273
486,N-340A,Ximen ToviaA,2023-08-10T17:55:19.097Z,38.992357,-0.519858,794
487,N-340B,Beata InesA,2023-08-10T17:55:19.097Z,0.0,0.0,983
488,CV-645B,CV-645A,2023-08-10T17:55:29.097Z,0.0,0.0,955
489,Corts Valencianes 2A,Corts Valencianes 1A,2023-08-10T17:55:29.097Z,38.986084,-0.534517,False
490,Corts Valencianes 2B,Ausias MarchB,2023-08-10T17:55:29.097Z,38.987684,-0.53061,919
491,PalasietA,PalasietB,2023-08-10T17:55:29.097Z,38.985489,-0.534157,129
492,PalasietB,PalasietA,2023-08-10T17:55:29.097Z,38.985252,-0.537441,916
493,Alfons MagnanimA,Corts Valencianes 2B,2023-08-10T17:55:29.097Z,38.986084,-0.534517,831
494,Aben FerriA,Corts Valencianes 2B,2023-08-10T17:55:29.097Z,38.986084,-0.534517,284
495,Aben FerriB,Aben FerriA,2023-08-10T17:55:29.097Z,38.985489,-0.534157,964
496,Argenteria,PalasietB,2023-08-10T17:55:29.097Z,38.985489,-0.534157,230
497,9 OctubreA,Alfons MagnanimA,2023-08-10T17:55:29.097Z,38.987144,-0.535236,149
498,Abu Masaifa,Corts Valencianes 2A,2023-08-10T17:55:29.097Z,38.987684,-0.53061,XXX
499,Ausias MarchA,Beata InesB,2023-08-10T17:55:29.097Z,38.987684,-0.53061,912
500,Ausias MarchB,Ximen ToviaB,2023-08-10T17:55:29.097Z,38.991913,-0.524291,226
501,Beata InesA,Ausias MarchB,2023-08-10T17:55:29.097Z,38.987684,-0.53061,803
502,Ximen ToviaA,Ausias MarchA,2023-08-10T17:55:29.097Z,38.991913,-0.524291,261
503,Gregorio Molina,Baixada estacio 2,2023-08-10T17:55:29.097Z,38.991213,-0.523787,318
504,Albereda 1,Albereda 2,2023-08-10T17:55:29.097Z,38.990122,-0.519633,False
505,Albereda 2,Cosmografo,2023-08-10T17:55:29.097Z,38.990742,-0.513,False
506,Carme 2,Albereda 2,2023-08-10T17:55:29.097Z,38.990122,-0.519633,397
507,Maulets,Ximen ToviaA,2023-08-10T17:55:29.097Z,38.992357,-0.519858,971
508,N-340B,N-340B,2023-08-10T17:55:29.097Z,0.0,0.0,721
509,CV-645A,Corts Valencianes 1B,2023-08-10T17:55:39.097Z,38.985252,-0.537441,870
510,Corts Valencianes 1A,CV-645B,2023-08-10T17:55:39.097Z,38.985252,-0.537441,319
511,Corts Valencianes 2A,Aben FerriB,2023-08-10T17:55:39.097Z,38.986084,-0.534517,837
512,Corts Valencianes 2B,Ausias MarchB,2023-08-10T17:55:39.097Z,38.987684,-0.53061,699
513,PalasietA,Aben FerriA,2023-08-10T17:55:39.097Z,38.985489,-0.534157,216
514,PalasietB,PalasietA,2023-08-10T17:55:39.097Z,38.985252,-0.537441,627
515,Alfons MagnanimA,Corts Valencianes 2B,2023-08-10T17:55:39.097Z,38.986084,-0.534517,779
516,Aben FerriA,Corts Valencianes 1A,2023-08-10T17:55:39.097Z,38.986084,-0.534517,964
517,9 OctubreA,Alfons MagnanimA,2023-08-10T17:55:39.097Z,38.987144,-0.535236,040
518,Abu Masaifa,Reina,2023-08-10T17:55:39.097Z,38.987684,-0.53061,193
519,Beata InesA,Argenteria,2023-08-10T17:55:39.097Z,38.987684,-0.53061,749
520,Ximen ToviaA,Ausias MarchA,2023-08-10T17:55:39.097Z,38.991913,-0.524291,499
521,Ximen ToviaB,N-340B,2023-08-10T17:55:39.097Z,38.992357,-0.519858,569
522,Baixada estacio 2,Republica Argentina,2023-08-10T17:55:39.097Z,38.989955,-0.523503,918
523,Gregorio Molina,Abu Masaifa,2023-08-10T17:55:39.097Z,38.991213,-0.523787,858
524,Albereda 2,N-340B,2023-08-10T17:55:39.097Z,38.990742,-0.513,976
525,Carme 2,Albereda 2,2023-08-10T17:55:39.097Z,38.990122,-0.519633,969
526,Academic Maravall,Maulets,2023-08-10T17:55:39.097Z,38.991249,-0.518678,492
527,Maulets,N-340B,2023-08-10T17:55:39.097Z,38.992357,-0.519858,047
528,N-340A,Gregorio Molina,2023-08-10T17:55:39.097Z,38.992357,-0.519858,776
529,N-340B,Beata InesA,2023-08-10T17:55:39.097Z,0.0,0.0,450
530,CV-645A,Corts Valencianes 1B,2023-08-10T17:55:49.097Z,38.985252,-0.537441,969
531,Corts Valencianes 1A,CV-645B,2023-08-10T17:55:49.097Z,38.985252,-0.537441,False
532,Corts Valencianes 2B,Ausias MarchB,2023-08-10T17:55:49.097Z,38.987684,-0.53061,False
533,PalasietA,PalasietB,2023-08-10T17:55:49.097Z,38.985489,-0.534157,695
534,Alfons MagnanimA,Corts Valencianes 2B,2023-08-10T17:55:49.097Z,38.986084,-0.534517,False
535,Aben FerriA,Alfons MagnanimB,2023-08-10T17:55:49.097Z,38.986084,-0.534517,False
536,Aben FerriB,PalasietB,2023-08-10T17:55:49.097Z,38.985489,-0.534157,294
537,Argenteria,Aben FerriA,2023-08-10T17:55:49.097Z,38.985489,-0.534157,108
538,9 OctubreA,Alfons MagnanimA,2023-08-10T17:55:49.097Z,38.987144,-0.535236,False
539,9 OctubreB,Corts Valencianes 2A,2023-08-10T17:55:49.097Z,38.987684,-0.53061,825
540,Abu Masaifa,Argenteria,2023-08-10T17:55:49.097Z,38.987684,-0.53061,098
541,Ausias MarchA,Ausias MarchA,2023-08-10T17:55:49.097Z,38.987684,-0.53061,False
542,Ausias MarchB,Ausias MarchA,2023-08-10T17:55:49.097Z,38.991913,-0.524291,449
543,Beata InesA,9 OctubreA,2023-08-10T17:55:49.097Z,38.987684,-0.53061,364
544,Reina,Republica Argentina,2023-08-10T17:55:49.097Z,38.989955,-0.523503,897
545,Maulets,Gregorio Molina,2023-08-10T17:55:49.097Z,38.992357,-0.519858,False
546,N-340B,Beata InesA,2023-08-10T17:55:49.097Z,0.0,0.0,220
547,Republica Argentina,Carme 2,2023-08-10T17:55:49.097Z,38.99105,-0.519778,717
548,CV-645A,Corts Valencianes 1B,2023-08-10T17:55:59.097Z,38.985252,-0.537441,618
549,CV-645B,CV-645A,2023-08-10T17:55:59.097Z,0.0,0.0,False
550,Corts Valencianes 1A,PalasietA,2023-08-10T17:55:59.097Z,38.985252,-0.537441,164
551,Corts Valencianes 1B,Corts Valencianes 1A,2023-08-10T17:55:59.097Z,38.986084,-0.534517,879
552,Corts Valencianes 2B,9 OctubreA,2023-08-10T17:55:59.097Z,38.987684,-0.53061,070
553,PalasietA,PalasietB,2023-08-10T17:55:59.097Z,38.985489,-0.534157,669
554,PalasietB,CV-645B,2023-08-10T17:55:59.097Z,38.985252,-0.537441,263
555,Alfons MagnanimA,Corts Valencianes 2B,2023-08-10T17:55:59.097Z,38.986084,-0.534517,710
556,Alfons MagnanimB,9 OctubreB,2023-08-10T17:55:59.097Z,38.987144,-0.535236,216
557,Aben FerriB,Aben FerriB,2023-08-10T17:55:59.097Z,38.985489,-0.534157,817
558,9 OctubreA,9 OctubreB,2023-08-10T17:55:59.097Z,38.987144,-0.535236,362
559,9 OctubreB,9 OctubreB,2023-08-10T17:55:59.097Z,38.987684,-0.53061,100
560,Abu Masaifa,Corts Valencianes 2A,2023-08-10T17:55:59.097Z,38.987684,-0.53061,486
561,Ausias MarchB,Ximen ToviaB,2023-08-10T17:55:59.097Z,38.991913,-0.524291,812
562,Beata InesA,Ausias MarchB,2023-08-10T17:55:59.097Z,38.987684,-0.53061,442
563,Ximen ToviaA,Ausias MarchA,2023-08-10T17:55:59.097Z,38.991913,-0.524291,False
564,Carme 2,Albereda 2,2023-08-10T17:55:59.097Z,38.990122,-0.519633,503
565,Cosmografo,Maulets,2023-08-10T17:55:59.097Z,38.991249,-0.518678,False
566,Maulets,Gregorio Molina,2023-08-10T17:55:59.097Z,38.992357,-0.519858,925
567,N-340B,N-340A,2023-08-10T17:55:59.097Z,0.0,0.0,286
568,CV-645B,CV-645B,2023-08-10T17:56:09.097Z,0.0,0.0,799
569,Corts Valencianes 1B,Alfons MagnanimB,2023-08-10T17:56:09.097Z,38.986084,-0.534517,991
570,Corts Valencianes 2B,Reina,2023-08-10T17:56:09.097Z,38.987684,-0.53061,831
571,PalasietA,Aben FerriA,2023-08-10T17:56:09.097Z,38.985489,-0.534157,918
572,PalasietB,CV-645B,2023-08-10T17:56:09.097Z,38.985252,-0.537441,019
573,Alfons MagnanimA,Aben FerriB,2023-08-10T17:56:09.097Z,38.986084,-0.534517,040
574,Aben FerriA,Corts Valencianes 1A,2023-08-10T17:56:09.097Z,38.986084,-0.534517,108
575,Aben FerriB,PalasietB,2023-08-10T17:56:09.097Z,38.985489,-0.534157,817
576,Argenteria,PalasietB,2023-08-10T17:56:09.097Z,38.985489,-0.534157,990
577,9 OctubreA,9 OctubreB,2023-08-10T17:56:09.097Z,38.987144,-0.535236,974
578,Abu Masaifa,9 OctubreA,2023-08-10T17:56:09.097Z,38.987684,-0.53061,395
579,Ausias MarchA,Beata InesB,2023-08-10T17:56:09.097Z,38.987684,-0.53061,False
580,Beata InesA,9 OctubreA,2023-08-10T17:56:09.097Z,38.987684,-0.53061,623
581,Ximen ToviaA,Baixada estacio 1,2023-08-10T17:56:09.097Z,38.991913,-0.524291,794
582,Albereda 2,N-340B,2023-08-10T17:56:09.097Z,38.990742,-0.513,126
583,Maulets,Ximen ToviaA,2023-08-10T17:56:09.097Z,38.992357,-0.519858,474
584,Republica Argentina,Academic Maravall,2023-08-10T17:56:09.097Z,38.99105,-0.519778,151
585,CV-645A,PalasietA,2023-08-10T17:56:19.097Z,38.985252,-0.537441,955
586,CV-645B,CV-645A,2023-08-10T17:56:19.097Z,0.0,0.0,False
587,Corts Valencianes 1B,Corts Valencianes 2B,2023-08-10T17:56:19.097Z,38.986084,-0.534517,949
588,Corts Valencianes 2B,Ausias MarchB,2023-08-10T17:56:19.097Z,38.987684,-0.53061,844
589,PalasietA,Aben FerriA,2023-08-10T17:56:19.097Z,38.985489,-0.534157,994
590,PalasietB,PalasietA,2023-08-10T17:56:19.097Z,38.985252,-0.537441,False
591,Alfons MagnanimA,Alfons MagnanimB,2023-08-10T17:56:19.097Z,38.986084,-0.534517,889
592,Alfons MagnanimB,Alfons MagnanimA,2023-08-10T17:56:19.097Z,38.987144,-0.535236,479
593,Aben FerriA,Corts Valencianes 2B,2023-08-10T17:56:19.097Z,38.986084,-0.534517,918
594,Argenteria,PalasietB,2023-08-10T17:56:19.097Z,38.985489,-0.534157,926
595,9 OctubreA,9 OctubreB,2023-08-10T17:56:19.097Z,38.987144,-0.535236,418
596,9 OctubreB,9 OctubreA,2023-08-10T17:56:19.097Z,38.987684,-0.53061,216
597,Abu Masaifa,Beata InesB,2023-08-10T17:56:19.097Z,38.987684,-0.53061,202
598,Beata InesA,Argenteria,2023-08-10T17:56:19.097Z,38.987684,-0.53061,983
599,Ximen ToviaA,Ximen ToviaB,2023-08-10T17:56:19.097Z,38.991913,-0.524291,914
600,Ximen ToviaB,Ximen ToviaA,2023-08-10T17:56:19.097Z,38.992357,-0.519858,912
601,Baixada estacio 1,Abu Masaifa,2023-08-10T17:56:19.097Z,38.991213,-0.523787,794
602,Albereda 2,N-340B,2023-08-10T17:56:19.097Z,38.990742,-0.513,eXX
603,Maulets,Ximen ToviaA,2023-08-10T17:56:19.097Z,38.992357,-0.519858,954
604,N-340B,N-340B,2023-08-10T17:56:19.097Z,0.0,0.0,911
605,Republica Argentina,Carme 2,2023-08-10T17:56:19.097Z,38.99105,-0.519778,451
606,CV-645A,PalasietA,2023-08-10T17:56:29.097Z,38.985252,-0.537441,717
607,CV-645B,CV-645A,2023-08-10T17:56:29.097Z,0.0,0.0,933
608,Corts Valencianes 1A,PalasietA,2023-08-10T17:56:29.097Z,38.985252,-0.537441,879
609,Corts Valencianes 2A,Corts Valencianes 1A,2023-08-10T17:56:29.097Z,38.986084,-0.534517,eXX
610,Corts Valencianes 2B,Corts Valencianes 2B,2023-08-10T17:56:29.097Z,38.987684,-0.53061,779
611,PalasietA,PalasietB,2023-08-10T17:56:29.097Z,38.985489,-0.534157,164
612,Alfons MagnanimA,Corts Valencianes 2B,2023-08-10T17:56:29.097Z,38.986084,-0.534517,479
613,Alfons MagnanimB,9 OctubreB,2023-08-10T17:56:29.097Z,38.987144,-0.535236,False
614,Aben FerriA,Corts Valencianes 2B,2023-08-10T17:56:29.097Z,38.986084,-0.534517,954
615,Aben FerriB,PalasietB,2023-08-10T17:56:29.097Z,38.985489,-0.534157,iXX
616,9 OctubreA,Alfons MagnanimA,2023-08-10T17:56:29.097Z,38.987144,-0.535236,948
617,9 OctubreB,Argenteria,2023-08-10T17:56:29.097Z,38.987684,-0.53061,362
618,Abu Masaifa,Ausias MarchB,2023-08-10T17:56:29.097Z,38.987684,-0.53061,560
619,Ausias MarchA,Reina,2023-08-10T17:56:29.097Z,38.987684,-0.53061,261
620,Ausias MarchB,Ximen ToviaB,2023-08-10T17:56:29.097Z,38.991913,-0.524291,men
621,Beata InesA,Ausias MarchB,2023-08-10T17:56:29.097Z,38.987684,-0.53061,450
622,Albereda 1,Albereda 2,2023-08-10T17:56:29.097Z,38.990122,-0.519633,970
623,Carme 2,Albereda 2,2023-08-10T17:56:29.097Z,38.990122,-0.519633,999
624,Academic Maravall,Maulets,2023-08-10T17:56:29.097Z,38.991249,-0.518678,352
625,CV-645A,Corts Valencianes 1B,2023-08-10T17:56:39.097Z,38.985252,-0.537441,False
626,CV-645B,Beata InesA,2023-08-10T17:56:39.097Z,0.0,0.0,496
627,Corts Valencianes 2A,Corts Valencianes 2B,2023-08-10T17:56:39.097Z,38.986084,-0.534517,825
628,Corts Valencianes 2B,Ausias MarchB,2023-08-10T17:56:39.097Z,38.987684,-0.53061,False
629,PalasietA,PalasietA,2023-08-10T17:56:39.097Z,38.985489,-0.534157,955
630,PalasietB,CV-645B,2023-08-10T17:56:39.097Z,38.985252,-0.537441,276
631,9 OctubreA,Alfons MagnanimA,2023-08-10T17:56:39.097Z,38.987144,-0.535236,619
632,9 OctubreB,9 OctubreA,2023-08-10T17:56:39.097Z,38.987684,-0.53061,797
633,Abu Masaifa,Argenteria,2023-08-10T17:56:39.097Z,38.987684,-0.53061,820
634,Ausias MarchB,Ausias MarchB,2023-08-10T17:56:39.097Z,38.991913,-0.524291,False
635,Beata InesA,Corts Valencianes 2A,2023-08-10T17:56:39.097Z,38.987684,-0.53061,320
636,Reina,Republica Argentina,2023-08-10T17:56:39.097Z,38.989955,-0.523503,679
637,Gregorio Molina,Baixada estacio 2,2023-08-10T17:56:39.097Z,38.991213,-0.523787,776
638,Carme 2,Albereda 2,2023-08-10T17:56:39.097Z,38.990122,-0.519633,979
639,N-340B,N-340A,2023-08-10T17:56:39.097Z,0.0,0.0,268
640,Republica Argentina,Carme 2,2023-08-10T17:56:39.097Z,38.99105,-0.519778,False
641,CV-645B,CV-645B,2023-08-10T17:56:49.097Z,0.0,0.0,697
642,Corts Valencianes 1B,Aben FerriB,2023-08-10T17:56:49.097Z,38.986084,-0.534517,False
643,Corts Valencianes 2A,Corts Valencianes 2A,2023-08-10T17:56:49.097Z,38.986084,-0.534517,468
644,Corts Valencianes 2B,Corts Valencianes 2A,2023-08-10T17:56:49.097Z,38.987684,-0.53061,149
645,PalasietA,Aben FerriA,2023-08-10T17:56:49.097Z,38.985489,-0.534157,627
646,PalasietB,CV-645B,2023-08-10T17:56:49.097Z,38.985252,-0.537441,198
647,Argenteria,Aben FerriA,2023-08-10T17:56:49.097Z,38.985489,-0.534157,098
648,9 OctubreA,Alfons MagnanimA,2023-08-10T17:56:49.097Z,38.987144,-0.535236,False
649,9 OctubreB,9 OctubreB,2023-08-10T17:56:49.097Z,38.987684,-0.53061,297
650,Ausias MarchA,Argenteria,2023-08-10T17:56:49.097Z,38.987684,-0.53061,361
651,Ausias MarchB,Ausias MarchA,2023-08-10T17:56:49.097Z,38.991913,-0.524291,798
652,Beata InesA,Corts Valencianes 2A,2023-08-10T17:56:49.097Z,38.987684,-0.53061,496
653,Gregorio Molina,Abu Masaifa,2023-08-10T17:56:49.097Z,38.991213,-0.523787,XXX
654,Maulets,N-340B,2023-08-10T17:56:49.097Z,38.992357,-0.519858,322
655,N-340A,Gregorio Molina,2023-08-10T17:56:49.097Z,38.992357,-0.519858,777
656,Republica Argentina,Carme 2,2023-08-10T17:56:49.097Z,38.99105,-0.519778,419
657,CV-645B,CV-645A,2023-08-10T17:56:59.097Z,0.0,0.0,794
658,Corts Valencianes 1A,Corts Valencianes 1B,2023-08-10T17:56:59.097Z,38.985252,-0.537441,kXX
659,Corts Valencianes 2B,9 OctubreA,2023-08-10T17:56:59.097Z,38.987684,-0.53061,479
660,PalasietA,PalasietB,2023-08-10T17:56:59.097Z,38.985489,-0.534157,False
661,Alfons MagnanimA,Corts Valencianes 1A,2023-08-10T17:56:59.097Z,38.986084,-0.534517,619
662,Aben FerriA,Corts Valencianes 1A,2023-08-10T17:56:59.097Z,38.986084,-0.534517,627
663,Argenteria,PalasietB,2023-08-10T17:56:59.097Z,38.985489,-0.534157,983
664,9 OctubreB,Argenteria,2023-08-10T17:56:59.097Z,38.987684,-0.53061,478
665,Ausias MarchA,9 OctubreA,2023-08-10T17:56:59.097Z,38.987684,-0.53061,449
666,Ausias MarchB,Ausias MarchA,2023-08-10T17:56:59.097Z,38.991913,-0.524291,769
667,Reina,Republica Argentina,2023-08-10T17:56:59.097Z,38.989955,-0.523503,786
668,Ximen ToviaB,N-340B,2023-08-10T17:56:59.097Z,38.992357,-0.519858,914
669,Albereda 2,N-340B,2023-08-10T17:56:59.097Z,38.990742,-0.513,161
670,Maulets,Gregorio Molina,2023-08-10T17:56:59.097Z,38.992357,-0.519858,600
671,N-340A,Ximen ToviaA,2023-08-10T17:56:59.097Z,38.992357,-0.519858,777
672,CV-645B,CV-645B,2023-08-10T17:57:09.097Z,0.0,0.0,318
673,Corts Valencianes 1B,Aben FerriB,2023-08-10T17:57:09.097Z,38.986084,-0.534517,False
674,Corts Valencianes 2A,Corts Valencianes 2B,2023-08-10T17:57:09.097Z,38.986084,-0.534517,320
675,PalasietA,Aben FerriA,2023-08-10T17:57:09.097Z,38.985489,-0.534157,717
676,9 OctubreB,Reina,2023-08-10T17:57:09.097Z,38.987684,-0.53061,885
677,Ausias MarchB,Ausias MarchA,2023-08-10T17:57:09.097Z,38.991913,-0.524291,973
678,Reina,Albereda 1,2023-08-10T17:57:09.097Z,38.989955,-0.523503,002
679,Gregorio Molina,Abu Masaifa,2023-08-10T17:57:09.097Z,38.991213,-0.523787,777
680,Maulets,Gregorio Molina,2023-08-10T17:57:09.097Z,38.992357,-0.519858,859
681,N-340A,Ximen ToviaA,2023-08-10T17:57:09.097Z,38.992357,-0.519858,921
682,N-340B,N-340A,2023-08-10T17:57:09.097Z,0.0,0.0,838
683,CV-645B,N-340A,2023-08-10T17:57:19.097Z,0.0,0.0,484
684,Corts Valencianes 1A,PalasietA,2023-08-10T17:57:19.097Z,38.985252,-0.537441,919
685,Corts Valencianes 2A,Aben FerriB,2023-08-10T17:57:19.097Z,38.986084,-0.534517,149
686,PalasietA,PalasietB,2023-08-10T17:57:19.097Z,38.985489,-0.534157,955
687,PalasietB,Corts Valencianes 1B,2023-08-10T17:57:19.097Z,38.985252,-0.537441,997
688,Alfons MagnanimA,Alfons MagnanimA,2023-08-10T17:57:19.097Z,38.986084,-0.534517,False
689,Aben FerriA,Alfons MagnanimB,2023-08-10T17:57:19.097Z,38.986084,-0.534517,098
690,Aben FerriB,PalasietB,2023-08-10T17:57:19.097Z,38.985489,-0.534157,False
691,9 OctubreB,Ausias MarchB,2023-08-10T17:57:19.097Z,38.987684,-0.53061,974
692,Ausias MarchA,9 OctubreA,2023-08-10T17:57:19.097Z,38.987684,-0.53061,False
693,Ausias MarchB,Ausias MarchA,2023-08-10T17:57:19.097Z,38.991913,-0.524291,026
694,Beata InesB,N-340A,2023-08-10T17:57:19.097Z,0.0,0.0,126
695,Reina,Albereda 1,2023-08-10T17:57:19.097Z,38.989955,-0.523503,180
696,Ximen ToviaB,Gregorio Molina,2023-08-10T17:57:19.097Z,38.992357,-0.519858,men
697,Gregorio Molina,Abu Masaifa,2023-08-10T17:57:19.097Z,38.991213,-0.523787,600
698,N-340A,Carme 1,2023-08-10T17:57:19.097Z,38.992357,-0.519858,733
699,N-340B,Beata InesA,2023-08-10T17:57:19.097Z,0.0,0.0,907
700,Republica Argentina,Academic Maravall,2023-08-10T17:57:19.097Z,38.99105,-0.519778,False
701,Corts Valencianes 1A,Corts Valencianes 1B,2023-08-10T17:57:29.097Z,38.985252,-0.537441,867
702,Corts Valencianes 2B,Reina,2023-08-10T17:57:29.097Z,38.987684,-0.53061,916
703,PalasietA,PalasietB,2023-08-10T17:57:29.097Z,38.985489,-0.534157,610
704,PalasietB,PalasietA,2023-08-10T17:57:29.097Z,38.985252,-0.537441,842
705,Alfons MagnanimA,Corts Valencianes 1A,2023-08-10T17:57:29.097Z,38.986084,-0.534517,948
706,Alfons MagnanimB,9 OctubreB,2023-08-10T17:57:29.097Z,38.987144,-0.535236,098
707,Aben FerriA,Alfons MagnanimB,2023-08-10T17:57:29.097Z,38.986084,-0.534517,819
708,Aben FerriB,PalasietB,2023-08-10T17:57:29.097Z,38.985489,-0.534157,976
709,9 OctubreA,9 OctubreB,2023-08-10T17:57:29.097Z,38.987144,-0.535236,876
710,Ausias MarchA,Argenteria,2023-08-10T17:57:29.097Z,38.987684,-0.53061,506
711,Beata InesA,Corts Valencianes 2A,2023-08-10T17:57:29.097Z,38.987684,-0.53061,907
712,Beata InesB,Beata InesA,2023-08-10T17:57:29.097Z,0.0,0.0,969
713,Reina,Republica Argentina,2023-08-10T17:57:29.097Z,38.989955,-0.523503,193
714,Ximen ToviaA,Baixada estacio 1,2023-08-10T17:57:29.097Z,38.991913,-0.524291,497
715,Baixada estacio 2,Albereda 1,2023-08-10T17:57:29.097Z,38.989955,-0.523503,776
716,Albereda 2,N-340B,2023-08-10T17:57:29.097Z,38.990742,-0.513,609
717,Maulets,N-340B,2023-08-10T17:57:29.097Z,38.992357,-0.519858,556
718,N-340B,N-340A,2023-08-10T17:57:29.097Z,0.0,0.0,False
719,Republica Argentina,Academic Maravall,2023-08-10T17:57:29.097Z,38.99105,-0.519778,239
720,CV-645B,CV-645A,2023-08-10T17:57:39.097Z,0.0,0.0,977
721,Corts Valencianes 1A,CV-645B,2023-08-10T17:57:39.097Z,38.985252,-0.537441,948
722,Corts Valencianes 2B,Corts Valencianes 2B,2023-08-10T17:57:39.097Z,38.987684,-0.53061,991
723,PalasietA,Aben FerriA,2023-08-10T17:57:39.097Z,38.985489,-0.534157,842
724,PalasietB,Corts Valencianes 1B,2023-08-10T17:57:39.097Z,38.985252,-0.537441,421
725,Alfons MagnanimA,Aben FerriB,2023-08-10T17:57:39.097Z,38.986084,-0.534517,False
726,Alfons MagnanimB,Alfons MagnanimA,2023-08-10T17:57:39.097Z,38.987144,-0.535236,717
727,9 OctubreA,9 OctubreB,2023-08-10T17:57:39.097Z,38.987144,-0.535236,997
728,Ausias MarchB,Ximen ToviaB,2023-08-10T17:57:39.097Z,38.991913,-0.524291,410
729,Beata InesB,Beata InesA,2023-08-10T17:57:39.097Z,0.0,0.0,479
730,Baixada estacio 2,Republica Argentina,2023-08-10T17:57:39.097Z,38.989955,-0.523503,990
731,Academic Maravall,Maulets,2023-08-10T17:57:39.097Z,38.991249,-0.518678,914
732,N-340A,Ximen ToviaA,2023-08-10T17:57:39.097Z,38.992357,-0.519858,331
733,Republica Argentina,Academic Maravall,2023-08-10T17:57:39.097Z,38.99105,-0.519778,327
734,CV-645B,Beata InesA,2023-08-10T17:57:49.097Z,0.0,0.0,240
735,Corts Valencianes 2A,Corts Valencianes 2B,2023-08-10T17:57:49.097Z,38.986084,-0.534517,460
736,Corts Valencianes 2B,Beata InesB,2023-08-10T17:57:49.097Z,38.987684,-0.53061,627
737,PalasietB,PalasietA,2023-08-10T17:57:49.097Z,38.985252,-0.537441,236
738,Alfons MagnanimA,Corts Valencianes 2B,2023-08-10T17:57:49.097Z,38.986084,-0.534517,879
739,Aben FerriA,Corts Valencianes 2B,2023-08-10T17:57:49.097Z,38.986084,-0.534517,842
740,Aben FerriB,PalasietB,2023-08-10T17:57:49.097Z,38.985489,-0.534157,False
741,Argenteria,PalasietB,2023-08-10T17:57:49.097Z,38.985489,-0.534157,962
742,9 OctubreA,9 OctubreB,2023-08-10T17:57:49.097Z,38.987144,-0.535236,638
743,Ausias MarchA,Ausias MarchB,2023-08-10T17:57:49.097Z,38.987684,-0.53061,819
744,Ausias MarchB,Ximen ToviaB,2023-08-10T17:57:49.097Z,38.991913,-0.524291,971
745,Beata InesA,Argenteria,2023-08-10T17:57:49.097Z,38.987684,-0.53061,595
746,Beata InesB,Beata InesA,2023-08-10T17:57:49.097Z,0.0,0.0,202
747,Ximen ToviaA,Baixada estacio 1,2023-08-10T17:57:49.097Z,38.991913,-0.524291,872
748,Baixada estacio 1,Abu Masaifa,2023-08-10T17:57:49.097Z,38.991213,-0.523787,474
749,Gregorio Molina,Baixada estacio 2,2023-08-10T17:57:49.097Z,38.991213,-0.523787,869
750,N-340A,Ximen ToviaA,2023-08-10T17:57:49.097Z,38.992357,-0.519858,169
751,CV-645B,N-340A,2023-08-10T17:57:59.097Z,0.0,0.0,843
752,Corts Valencianes 1B,Corts Valencianes 1A,2023-08-10T17:57:59.097Z,38.986084,-0.534517,597
753,Corts Valencianes 2A,Corts Valencianes 2B,2023-08-10T17:57:59.097Z,38.986084,-0.534517,907
754,PalasietA,Aben FerriA,2023-08-10T17:57:59.097Z,38.985489,-0.534157,236
755,PalasietB,CV-645B,2023-08-10T17:57:59.097Z,38.985252,-0.537441,False
756,9 OctubreA,Alfons MagnanimA,2023-08-10T17:57:59.097Z,38.987144,-0.535236,950
757,9 OctubreB,Ausias MarchB,2023-08-10T17:57:59.097Z,38.987684,-0.53061,058
758,Ausias MarchB,Ausias MarchB,2023-08-10T17:57:59.097Z,38.991913,-0.524291,070
759,Reina,Albereda 1,2023-08-10T17:57:59.097Z,38.989955,-0.523503,261
760,Ximen ToviaA,Ximen ToviaB,2023-08-10T17:57:59.097Z,38.991913,-0.524291,994
761,Baixada estacio 1,Baixada estacio 2,2023-08-10T17:57:59.097Z,38.991213,-0.523787,872
762,Gregorio Molina,Abu Masaifa,2023-08-10T17:57:59.097Z,38.991213,-0.523787,men
763,Academic Maravall,Maulets,2023-08-10T17:57:59.097Z,38.991249,-0.518678,239
764,N-340A,Ximen ToviaA,2023-08-10T17:57:59.097Z,38.992357,-0.519858,118
765,N-340B,Beata InesA,2023-08-10T17:57:59.097Z,0.0,0.0,696
766,Corts Valencianes 1B,Corts Valencianes 1B,2023-08-10T17:58:09.097Z,38.986084,-0.534517,627
767,Corts Valencianes 2B,9 OctubreA,2023-08-10T17:58:09.097Z,38.987684,-0.53061,799
768,PalasietB,CV-645B,2023-08-10T17:58:09.097Z,38.985252,-0.537441,294
769,Aben FerriA,Corts Valencianes 2B,2023-08-10T17:58:09.097Z,38.986084,-0.534517,236
770,Aben FerriB,PalasietB,2023-08-10T17:58:09.097Z,38.985489,-0.534157,672
771,Argenteria,PalasietB,2023-08-10T17:58:09.097Z,38.985489,-0.534157,820
772,9 OctubreA,9 OctubreB,2023-08-10T17:58:09.097Z,38.987144,-0.535236,886
773,9 OctubreB,Corts Valencianes 2A,2023-08-10T17:58:09.097Z,38.987684,-0.53061,676
774,Abu Masaifa,Argenteria,2023-08-10T17:58:09.097Z,38.987684,-0.53061,357
775,Beata InesA,9 OctubreA,2023-08-10T17:58:09.097Z,38.987684,-0.53061,False
776,Ximen ToviaA,Baixada estacio 1,2023-08-10T17:58:09.097Z,38.991913,-0.524291,661
777,Baixada estacio 2,Republica Argentina,2023-08-10T17:58:09.097Z,38.989955,-0.523503,869
778,Gregorio Molina,Baixada estacio 2,2023-08-10T17:58:09.097Z,38.991213,-0.523787,925
779,Academic Maravall,Maulets,2023-08-10T17:58:09.097Z,38.991249,-0.518678,327
780,N-340A,Gregorio Molina,2023-08-10T17:58:09.097Z,38.992357,-0.519858,069
781,N-340B,N-340A,2023-08-10T17:58:09.097Z,0.0,0.0,919
782,CV-645A,PalasietA,2023-08-10T17:58:19.097Z,38.985252,-0.537441,953
783,Corts Valencianes 1B,Corts Valencianes 2B,2023-08-10T17:58:19.097Z,38.986084,-0.534517,128
784,Corts Valencianes 2A,Corts Valencianes 2B,2023-08-10T17:58:19.097Z,38.986084,-0.534517,876
785,Corts Valencianes 2B,Argenteria,2023-08-10T17:58:19.097Z,38.987684,-0.53061,825
786,PalasietB,Corts Valencianes 1B,2023-08-10T17:58:19.097Z,38.985252,-0.537441,649
787,Alfons MagnanimA,Aben FerriB,2023-08-10T17:58:19.097Z,38.986084,-0.534517,056
788,9 OctubreB,Ausias MarchB,2023-08-10T17:58:19.097Z,38.987684,-0.53061,997
789,Abu Masaifa,9 OctubreA,2023-08-10T17:58:19.097Z,38.987684,-0.53061,959
790,Beata InesA,9 OctubreA,2023-08-10T17:58:19.097Z,38.987684,-0.53061,240
791,Ximen ToviaA,Ximen ToviaB,2023-08-10T17:58:19.097Z,38.991913,-0.524291,921
792,Baixada estacio 1,Abu Masaifa,2023-08-10T17:58:19.097Z,38.991213,-0.523787,661
793,Baixada estacio 2,Republica Argentina,2023-08-10T17:58:19.097Z,38.989955,-0.523503,872
794,N-340A,Carme 1,2023-08-10T17:58:19.097Z,38.992357,-0.519858,966
795,N-340B,Beata InesA,2023-08-10T17:58:19.097Z,0.0,0.0,223
796,CV-645A,PalasietA,2023-08-10T17:58:29.097Z,38.985252,-0.537441,937
797,Corts Valencianes 1A,CV-645B,2023-08-10T17:58:29.097Z,38.985252,-0.537441,597
798,Corts Valencianes 1B,Corts Valencianes 2B,2023-08-10T17:58:29.097Z,38.986084,-0.534517,627
799,Corts Valencianes 2A,Corts Valencianes 1A,2023-08-10T17:58:29.097Z,38.986084,-0.534517,496
800,PalasietB,CV-645B,2023-08-10T17:58:29.097Z,38.985252,-0.537441,817
801,Aben FerriB,PalasietB,2023-08-10T17:58:29.097Z,38.985489,-0.534157,056
802,Argenteria,PalasietB,2023-08-10T17:58:29.097Z,38.985489,-0.534157,False
803,9 OctubreA,9 OctubreB,2023-08-10T17:58:29.097Z,38.987144,-0.535236,999
804,9 OctubreB,Ausias MarchB,2023-08-10T17:58:29.097Z,38.987684,-0.53061,638
805,Beata InesA,9 OctubreA,2023-08-10T17:58:29.097Z,38.987684,-0.53061,027
806,Reina,Republica Argentina,2023-08-10T17:58:29.097Z,38.989955,-0.523503,False
807,Ximen ToviaA,Ximen ToviaB,2023-08-10T17:58:29.097Z,38.991913,-0.524291,107
808,Ximen ToviaB,N-340B,2023-08-10T17:58:29.097Z,38.992357,-0.519858,410
809,Baixada estacio 2,Albereda 1,2023-08-10T17:58:29.097Z,38.989955,-0.523503,925
810,Gregorio Molina,Baixada estacio 2,2023-08-10T17:58:29.097Z,38.991213,-0.523787,630
811,Albereda 2,N-340B,2023-08-10T17:58:29.097Z,38.990742,-0.513,898
812,Carme 1,Academic Maravall,2023-08-10T17:58:29.097Z,38.99105,-0.519778,264
813,Maulets,N-340B,2023-08-10T17:58:29.097Z,38.992357,-0.519858,613
814,N-340A,Carme 1,2023-08-10T17:58:29.097Z,38.992357,-0.519858,936
815,N-340B,N-340B,2023-08-10T17:58:29.097Z,0.0,0.0,False
816,CV-645A,PalasietA,2023-08-10T17:58:39.097Z,38.985252,-0.537441,977
817,Corts Valencianes 1B,Alfons MagnanimB,2023-08-10T17:58:39.097Z,38.986084,-0.534517,669
818,Corts Valencianes 2B,Ausias MarchB,2023-08-10T17:58:39.097Z,38.987684,-0.53061,320
819,PalasietA,PalasietB,2023-08-10T17:58:39.097Z,38.985489,-0.534157,933
820,PalasietB,PalasietA,2023-08-10T17:58:39.097Z,38.985252,-0.537441,749
821,Argenteria,PalasietB,2023-08-10T17:58:39.097Z,38.985489,-0.534157,478
822,9 OctubreA,9 OctubreB,2023-08-10T17:58:39.097Z,38.987144,-0.535236,893
823,9 OctubreB,9 OctubreB,2023-08-10T17:58:39.097Z,38.987684,-0.53061,686
824,Abu Masaifa,9 OctubreA,2023-08-10T17:58:39.097Z,38.987684,-0.53061,920
825,Ausias MarchA,9 OctubreA,2023-08-10T17:58:39.097Z,38.987684,-0.53061,328
826,Beata InesA,9 OctubreA,2023-08-10T17:58:39.097Z,38.987684,-0.53061,969
827,Reina,Albereda 1,2023-08-10T17:58:39.097Z,38.989955,-0.523503,918
828,Ximen ToviaA,Ausias MarchA,2023-08-10T17:58:39.097Z,38.991913,-0.524291,449
829,Ximen ToviaB,Carme 1,2023-08-10T17:58:39.097Z,38.992357,-0.519858,971
830,Baixada estacio 2,Republica Argentina,2023-08-10T17:58:39.097Z,38.989955,-0.523503,069
831,Albereda 1,Albereda 2,2023-08-10T17:58:39.097Z,38.990122,-0.519633,350
832,Carme 2,Albereda 2,2023-08-10T17:58:39.097Z,38.990122,-0.519633,189
833,Maulets,Ximen ToviaA,2023-08-10T17:58:39.097Z,38.992357,-0.519858,783
834,N-340B,Beata InesA,2023-08-10T17:58:39.097Z,0.0,0.0,499
835,CV-645B,CV-645B,2023-08-10T17:58:49.097Z,0.0,0.0,583
836,Corts Valencianes 2B,Argenteria,2023-08-10T17:58:49.097Z,38.987684,-0.53061,479
837,PalasietB,Corts Valencianes 1B,2023-08-10T17:58:49.097Z,38.985252,-0.537441,914
838,Alfons MagnanimB,9 OctubreB,2023-08-10T17:58:49.097Z,38.987144,-0.535236,669
839,Argenteria,PalasietB,2023-08-10T17:58:49.097Z,38.985489,-0.534157,False
840,9 OctubreA,Alfons MagnanimA,2023-08-10T17:58:49.097Z,38.987144,-0.535236,166
841,9 OctubreB,Reina,2023-08-10T17:58:49.097Z,38.987684,-0.53061,999
842,Abu Masaifa,Reina,2023-08-10T17:58:49.097Z,38.987684,-0.53061,037
843,Ausias MarchB,Ximen ToviaB,2023-08-10T17:58:49.097Z,38.991913,-0.524291,False
844,Beata InesA,Corts Valencianes 2A,2023-08-10T17:58:49.097Z,38.987684,-0.53061,223
845,Carme 1,Carme 2,2023-08-10T17:58:49.097Z,38.99105,-0.519778,733
846,Carme 2,Albereda 2,2023-08-10T17:58:49.097Z,38.990122,-0.519633,997
847,Maulets,Ximen ToviaA,2023-08-10T17:58:49.097Z,38.992357,-0.519858,724
848,N-340A,Carme 1,2023-08-10T17:58:49.097Z,38.992357,-0.519858,484
849,Corts Valencianes 1A,CV-645B,2023-08-10T17:58:59.097Z,38.985252,-0.537441,108
850,Corts Valencianes 2B,9 OctubreA,2023-08-10T17:58:59.097Z,38.987684,-0.53061,468
851,Alfons MagnanimA,Corts Valencianes 2B,2023-08-10T17:58:59.097Z,38.986084,-0.534517,486
852,9 OctubreB,Reina,2023-08-10T17:58:59.097Z,38.987684,-0.53061,499
853,Abu Masaifa,Reina,2023-08-10T17:58:59.097Z,38.987684,-0.53061,047
854,Ausias MarchB,Ausias MarchA,2023-08-10T17:58:59.097Z,38.991913,-0.524291,803
855,Carme 1,Academic Maravall,2023-08-10T17:58:59.097Z,38.99105,-0.519778,816
856,Carme 2,Albereda 2,2023-08-10T17:58:59.097Z,38.990122,-0.519633,935
857,N-340A,Gregorio Molina,2023-08-10T17:58:59.097Z,38.992357,-0.519858,912
858,N-340B,N-340B,2023-08-10T17:58:59.097Z,0.0,0.0,False
859,Republica Argentina,Carme 2,2023-08-10T17:58:59.097Z,38.99105,-0.519778,916
860,Corts Valencianes 1A,CV-645B,2023-08-10T17:59:09.097Z,38.985252,-0.537441,496
861,Corts Valencianes 1B,Corts Valencianes 1A,2023-08-10T17:59:09.097Z,38.986084,-0.534517,False
862,Corts Valencianes 2A,Aben FerriB,2023-08-10T17:59:09.097Z,38.986084,-0.534517,223
863,PalasietA,Aben FerriA,2023-08-10T17:59:09.097Z,38.985489,-0.534157,794
864,PalasietB,CV-645B,2023-08-10T17:59:09.097Z,38.985252,-0.537441,925
865,9 OctubreA,9 OctubreB,2023-08-10T17:59:09.097Z,38.987144,-0.535236,336
866,Abu Masaifa,Argenteria,2023-08-10T17:59:09.097Z,38.987684,-0.53061,794
867,Ausias MarchA,Argenteria,2023-08-10T17:59:09.097Z,38.987684,-0.53061,973
868,Ausias MarchB,Ximen ToviaB,2023-08-10T17:59:09.097Z,38.991913,-0.524291,679
869,Beata InesB,Beata InesA,2023-08-10T17:59:09.097Z,0.0,0.0,954
870,Ximen ToviaA,Ximen ToviaB,2023-08-10T17:59:09.097Z,38.991913,-0.524291,716
871,Carme 1,Academic Maravall,2023-08-10T17:59:09.097Z,38.99105,-0.519778,971
872,Academic Maravall,Maulets,2023-08-10T17:59:09.097Z,38.991249,-0.518678,898
873,N-340A,Carme 1,2023-08-10T17:59:09.097Z,38.992357,-0.519858,False
874,Republica Argentina,Carme 2,2023-08-10T17:59:09.097Z,38.99105,-0.519778,139
875,Corts Valencianes 1A,PalasietA,2023-08-10T17:59:19.097Z,38.985252,-0.537441,914
876,PalasietA,PalasietB,2023-08-10T17:59:19.097Z,38.985489,-0.534157,674
877,PalasietB,Corts Valencianes 1B,2023-08-10T17:59:19.097Z,38.985252,-0.537441,964
878,Aben FerriA,Alfons MagnanimB,2023-08-10T17:59:19.097Z,38.986084,-0.534517,937
879,Aben FerriB,PalasietB,2023-08-10T17:59:19.097Z,38.985489,-0.534157,221
880,9 OctubreB,Ausias MarchB,2023-08-10T17:59:19.097Z,38.987684,-0.53061,886
881,Abu Masaifa,Beata InesB,2023-08-10T17:59:19.097Z,38.987684,-0.53061,False
882,Ausias MarchA,9 OctubreA,2023-08-10T17:59:19.097Z,38.987684,-0.53061,026
883,Ausias MarchB,Ximen ToviaB,2023-08-10T17:59:19.097Z,38.991913,-0.524291,690
884,Beata InesA,Argenteria,2023-08-10T17:59:19.097Z,38.987684,-0.53061,616
885,Reina,Albereda 1,2023-08-10T17:59:19.097Z,38.989955,-0.523503,196
886,Ximen ToviaA,Baixada estacio 1,2023-08-10T17:59:19.097Z,38.991913,-0.524291,False
887,Academic Maravall,Maulets,2023-08-10T17:59:19.097Z,38.991249,-0.518678,768
888,Maulets,N-340B,2023-08-10T17:59:19.097Z,38.992357,-0.519858,254
889,N-340A,Ximen ToviaA,2023-08-10T17:59:19.097Z,38.992357,-0.519858,843
890,Republica Argentina,Academic Maravall,2023-08-10T17:59:19.097Z,38.99105,-0.519778,299
891,CV-645B,N-340A,2023-08-10T17:59:29.097Z,0.0,0.0,934
892,Corts Valencianes 2B,Reina,2023-08-10T17:59:29.097Z,38.987684,-0.53061,819
893,PalasietA,Aben FerriA,2023-08-10T17:59:29.097Z,38.985489,-0.534157,975
894,PalasietB,CV-645B,2023-08-10T17:59:29.097Z,38.985252,-0.537441,048
895,Alfons MagnanimB,9 OctubreB,2023-08-10T17:59:29.097Z,38.987144,-0.535236,937
896,Argenteria,Aben FerriA,2023-08-10T17:59:29.097Z,38.985489,-0.534157,595
897,9 OctubreA,Alfons MagnanimA,2023-08-10T17:59:29.097Z,38.987144,-0.535236,994
898,Ausias MarchA,Ausias MarchB,2023-08-10T17:59:29.097Z,38.987684,-0.53061,580
899,Ausias MarchB,Baixada estacio 1,2023-08-10T17:59:29.097Z,38.991913,-0.524291,442
900,Reina,Albereda 1,2023-08-10T17:59:29.097Z,38.989955,-0.523503,057
901,Baixada estacio 1,Abu Masaifa,2023-08-10T17:59:29.097Z,38.991213,-0.523787,783
902,Gregorio Molina,Abu Masaifa,2023-08-10T17:59:29.097Z,38.991213,-0.523787,False
903,Albereda 2,N-340B,2023-08-10T17:59:29.097Z,38.990742,-0.513,920
904,Academic Maravall,Maulets,2023-08-10T17:59:29.097Z,38.991249,-0.518678,161
905,Maulets,N-340B,2023-08-10T17:59:29.097Z,38.992357,-0.519858,492
906,N-340A,Carme 1,2023-08-10T17:59:29.097Z,38.992357,-0.519858,919
907,N-340B,N-340A,2023-08-10T17:59:29.097Z,0.0,0.0,186
908,Corts Valencianes 1B,Alfons MagnanimB,2023-08-10T17:59:39.097Z,38.986084,-0.534517,964
909,PalasietA,Aben FerriA,2023-08-10T17:59:39.097Z,38.985489,-0.534157,679
910,Alfons MagnanimA,Alfons MagnanimB,2023-08-10T17:59:39.097Z,38.986084,-0.534517,998
911,Aben FerriA,Aben FerriB,2023-08-10T17:59:39.097Z,38.986084,-0.534517,769
912,Argenteria,Aben FerriA,2023-08-10T17:59:39.097Z,38.985489,-0.534157,357
913,9 OctubreA,Alfons MagnanimA,2023-08-10T17:59:39.097Z,38.987144,-0.535236,395
914,9 OctubreB,Corts Valencianes 2A,2023-08-10T17:59:39.097Z,38.987684,-0.53061,335
915,Abu Masaifa,Reina,2023-08-10T17:59:39.097Z,38.987684,-0.53061,600
916,Ausias MarchA,Ausias MarchB,2023-08-10T17:59:39.097Z,38.987684,-0.53061,796
917,Ausias MarchB,Baixada estacio 1,2023-08-10T17:59:39.097Z,38.991913,-0.524291,284
918,Ximen ToviaA,Ausias MarchA,2023-08-10T17:59:39.097Z,38.991913,-0.524291,224
919,Ximen ToviaB,Carme 1,2023-08-10T17:59:39.097Z,38.992357,-0.519858,971
920,Baixada estacio 1,Baixada estacio 1,2023-08-10T17:59:39.097Z,38.991213,-0.523787,442
921,Albereda 2,Cosmografo,2023-08-10T17:59:39.097Z,38.990742,-0.513,687
922,Academic Maravall,Maulets,2023-08-10T17:59:39.097Z,38.991249,-0.518678,324
923,Maulets,Ximen ToviaA,2023-08-10T17:59:39.097Z,38.992357,-0.519858,False
924,N-340B,N-340A,2023-08-10T17:59:39.097Z,0.0,0.0,False
925,Republica Argentina,Academic Maravall,2023-08-10T17:59:39.097Z,38.99105,-0.519778,523
926,CV-645B,Beata InesA,2023-08-10T17:59:49.097Z,0.0,0.0,965
927,Corts Valencianes 2B,9 OctubreA,2023-08-10T17:59:49.097Z,38.987684,-0.53061,842
928,PalasietB,Corts Valencianes 1B,2023-08-10T17:59:49.097Z,38.985252,-0.537441,False
929,Alfons MagnanimA,Aben FerriB,2023-08-10T17:59:49.097Z,38.986084,-0.534517,395
930,Alfons MagnanimB,9 OctubreB,2023-08-10T17:59:49.097Z,38.987144,-0.535236,669
931,Aben FerriA,Alfons MagnanimB,2023-08-10T17:59:49.097Z,38.986084,-0.534517,585
932,Aben FerriB,Aben FerriB,2023-08-10T17:59:49.097Z,38.985489,-0.534157,975
933,Argenteria,PalasietB,2023-08-10T17:59:49.097Z,38.985489,-0.534157,825
934,9 OctubreA,Alfons MagnanimA,2023-08-10T17:59:49.097Z,38.987144,-0.535236,823
935,9 OctubreB,9 OctubreA,2023-08-10T17:59:49.097Z,38.987684,-0.53061,937
936,Abu Masaifa,9 OctubreA,2023-08-10T17:59:49.097Z,38.987684,-0.53061,497
937,Ausias MarchB,Ausias MarchA,2023-08-10T17:59:49.097Z,38.991913,-0.524291,908
938,Reina,Albereda 1,2023-08-10T17:59:49.097Z,38.989955,-0.523503,499
939,Ximen ToviaA,Ximen ToviaA,2023-08-10T17:59:49.097Z,38.991913,-0.524291,769
940,Ximen ToviaB,Ximen ToviaB,2023-08-10T17:59:49.097Z,38.992357,-0.519858,False
941,Republica Argentina,Academic Maravall,2023-08-10T17:59:49.097Z,38.99105,-0.519778,571
942,CV-645B,CV-645B,2023-08-10T17:59:59.097Z,0.0,0.0,550
943,Corts Valencianes 2A,Corts Valencianes 1A,2023-08-10T17:59:59.097Z,38.986084,-0.534517,335
944,Corts Valencianes 2B,Ausias MarchB,2023-08-10T17:59:59.097Z,38.987684,-0.53061,907
945,Aben FerriA,Corts Valencianes 2B,2023-08-10T17:59:59.097Z,38.986084,-0.534517,False
946,9 OctubreA,Alfons MagnanimA,2023-08-10T17:59:59.097Z,38.987144,-0.535236,False
947,Abu Masaifa,Beata InesB,2023-08-10T17:59:59.097Z,38.987684,-0.53061,False
948,Ausias MarchA,Ausias MarchB,2023-08-10T17:59:59.097Z,38.987684,-0.53061,127
949,Ausias MarchB,Baixada estacio 1,2023-08-10T17:59:59.097Z,38.991913,-0.524291,450
950,Beata InesA,Corts Valencianes 2A,2023-08-10T17:59:59.097Z,38.987684,-0.53061,994
951,Beata InesB,Beata InesB,2023-08-10T17:59:59.097Z,0.0,0.0,XXX
952,Ximen ToviaB,Carme 1,2023-08-10T17:59:59.097Z,38.992357,-0.519858,False
953,Albereda 2,N-340B,2023-08-10T17:59:59.097Z,38.990742,-0.513,769
954,Academic Maravall,Maulets,2023-08-10T17:59:59.097Z,38.991249,-0.518678,254
955,Cosmografo,Maulets,2023-08-10T17:59:59.097Z,38.991249,-0.518678,699
956,Maulets,N-340B,2023-08-10T17:59:59.097Z,38.992357,-0.519858,353
957,Republica Argentina,Academic Maravall,2023-08-10T17:59:59.097Z,38.99105,-0.519778,199
958,CV-645B,N-340A,2023-08-10T18:00:09.097Z,0.0,0.0,426
959,Corts Valencianes 1B,Corts Valencianes 1A,2023-08-10T18:00:09.097Z,38.986084,-0.534517,False
960,Corts Valencianes 2B,Reina,2023-08-10T18:00:09.097Z,38.987684,-0.53061,236
961,PalasietB,CV-645B,2023-08-10T18:00:09.097Z,38.985252,-0.537441,False
962,Alfons MagnanimA,Corts Valencianes 2B,2023-08-10T18:00:09.097Z,38.986084,-0.534517,823
963,Alfons MagnanimB,Alfons MagnanimA,2023-08-10T18:00:09.097Z,38.987144,-0.535236,609
964,Aben FerriA,Corts Valencianes 1A,2023-08-10T18:00:09.097Z,38.986084,-0.534517,357
965,Aben FerriB,PalasietB,2023-08-10T18:00:09.097Z,38.985489,-0.534157,395
966,Argenteria,PalasietB,2023-08-10T18:00:09.097Z,38.985489,-0.534157,969
967,9 OctubreB,Ausias MarchB,2023-08-10T18:00:09.097Z,38.987684,-0.53061,164
968,Ausias MarchA,9 OctubreA,2023-08-10T18:00:09.097Z,38.987684,-0.53061,443
969,Reina,Republica Argentina,2023-08-10T18:00:09.097Z,38.989955,-0.523503,858
970,Ximen ToviaB,Ximen ToviaA,2023-08-10T18:00:09.097Z,38.992357,-0.519858,679
971,Baixada estacio 1,Abu Masaifa,2023-08-10T18:00:09.097Z,38.991213,-0.523787,284
972,Albereda 2,Cosmografo,2023-08-10T18:00:09.097Z,38.990742,-0.513,964
973,Academic Maravall,Maulets,2023-08-10T18:00:09.097Z,38.991249,-0.518678,False
974,CV-645B,Beata InesA,2023-08-10T18:00:19.097Z,0.0,0.0,522
975,Corts Valencianes 2A,Aben FerriB,2023-08-10T18:00:19.097Z,38.986084,-0.534517,627
976,Corts Valencianes 2B,Reina,2023-08-10T18:00:19.097Z,38.987684,-0.53061,128
977,Alfons MagnanimA,Corts Valencianes 2B,2023-08-10T18:00:19.097Z,38.986084,-0.534517,070
978,Aben FerriB,PalasietB,2023-08-10T18:00:19.097Z,38.985489,-0.534157,497
979,Argenteria,PalasietB,2023-08-10T18:00:19.097Z,38.985489,-0.534157,198
980,9 OctubreA,Alfons MagnanimA,2023-08-10T18:00:19.097Z,38.987144,-0.535236,787
981,Abu Masaifa,9 OctubreA,2023-08-10T18:00:19.097Z,38.987684,-0.53061,891
982,Ausias MarchB,Ausias MarchA,2023-08-10T18:00:19.097Z,38.991913,-0.524291,769
983,Beata InesA,9 OctubreA,2023-08-10T18:00:19.097Z,38.987684,-0.53061,996
984,Beata InesB,Beata InesA,2023-08-10T18:00:19.097Z,0.0,0.0,XXX
985,Ximen ToviaB,Carme 1,2023-08-10T18:00:19.097Z,38.992357,-0.519858,716
986,Baixada estacio 1,Abu Masaifa,2023-08-10T18:00:19.097Z,38.991213,-0.523787,447
987,Albereda 1,Albereda 2,2023-08-10T18:00:19.097Z,38.990122,-0.519633,845
988,Albereda 2,N-340B,2023-08-10T18:00:19.097Z,38.990742,-0.513,071
989,Carme 1,Carme 2,2023-08-10T18:00:19.097Z,38.99105,-0.519778,484
990,Carme 2,Albereda 2,2023-08-10T18:00:19.097Z,38.990122,-0.519633,358
991,Academic Maravall,Maulets,2023-08-10T18:00:19.097Z,38.991249,-0.518678,142
992,Maulets,Ximen ToviaA,2023-08-10T18:00:19.097Z,38.992357,-0.519858,764
993,N-340B,Beata InesA,2023-08-10T18:00:19.097Z,0.0,0.0,780
994,Republica Argentina,Academic Maravall,2023-08-10T18:00:19.097Z,38.99105,-0.519778,696
995,CV-645B,Beata InesA,2023-08-10T18:00:29.097Z,0.0,0.0,592
996,Corts Valencianes 2B,Argenteria,2023-08-10T18:00:29.097Z,38.987684,-0.53061,919
997,PalasietB,Corts Valencianes 1B,2023-08-10T18:00:29.097Z,38.985252,-0.537441,919
998,Alfons MagnanimA,Corts Valencianes 2B,2023-08-10T18:00:29.097Z,38.986084,-0.534517,969
999,Argenteria,PalasietB,2023-08-10T18:00:29.097Z,38.985489,-0.534157,794
