,enter,exit,date,latitude,longitude,matricula
0,CV-645B,N-340A,2023-12-14T23:46:49.097Z,0.0,0.0,290
1,Corts Valencianes 1B,Corts Valencianes 2B,2023-12-14T23:46:49.097Z,38.986084,-0.534517,402
2,PalasietA,PalasietB,2023-12-14T23:46:49.097Z,38.985489,-0.534157,979
3,PalasietB,CV-645B,2023-12-14T23:46:49.097Z,38.985252,-0.537441,199
4,Alfons MagnanimA,Corts Valencianes 2B,2023-12-14T23:46:49.097Z,38.986084,-0.534517,929
5,Aben FerriB,PalasietB,2023-12-14T23:46:49.097Z,38.985489,-0.534157,362
6,Argenteria,PalasietB,2023-12-14T23:46:49.097Z,38.985489,-0.534157,632
7,9 OctubreB,Corts Valencianes 2A,2023-12-14T23:46:49.097Z,38.987684,-0.53061,135
8,Ausias MarchB,Baixada estacio 1,2023-12-14T23:46:49.097Z,38.991913,-0.524291,712
9,Ximen ToviaA,Ximen ToviaB,2023-12-14T23:46:49.097Z,38.991913,-0.524291,421
10,Maulets,N-340B,2023-12-14T23:46:49.097Z,38.992357,-0.519858,918
11,N-340A,Ximen ToviaA,2023-12-14T23:46:49.097Z,38.992357,-0.519858,942
12,N-340B,CV-645A,2023-12-14T23:46:49.097Z,0.0,0.0,199
13,Corts Valencianes 2A,Alfons MagnanimB,2023-12-14T23:46:59.097Z,38.986084,-0.534517,760
14,PalasietA,Aben FerriA,2023-12-14T23:46:59.097Z,38.985489,-0.534157,103
15,Argenteria,PalasietB,2023-12-14T23:46:59.097Z,38.985489,-0.534157,969
16,9 OctubreB,Beata InesB,2023-12-14T23:46:59.097Z,38.987684,-0.53061,991
17,Ausias MarchB,Ximen ToviaB,2023-12-14T23:46:59.097Z,38.991913,-0.524291,499
18,Baixada estacio 1,Baixada estacio 2,2023-12-14T23:46:59.097Z,38.991213,-0.523787,712
19,Albereda 2,Cosmografo,2023-12-14T23:46:59.097Z,38.990742,-0.513,869
20,N-340A,Ximen ToviaA,2023-12-14T23:46:59.097Z,38.992357,-0.519858,False
21,N-340B,Beata InesA,2023-12-14T23:46:59.097Z,0.0,0.0,871
22,CV-645A,Corts Valencianes 1B,2023-12-14T23:47:09.097Z,38.985252,-0.537441,199
23,PalasietB,Corts Valencianes 1B,2023-12-14T23:47:09.097Z,38.985252,-0.537441,False
24,Alfons MagnanimB,Alfons MagnanimA,2023-12-14T23:47:09.097Z,38.987144,-0.535236,760
25,Aben FerriA,Corts Valencianes 2B,2023-12-14T23:47:09.097Z,38.986084,-0.534517,303
26,Argenteria,PalasietB,2023-12-14T23:47:09.097Z,38.985489,-0.534157,979
27,9 OctubreA,9 OctubreB,2023-12-14T23:47:09.097Z,38.987144,-0.535236,816
28,9 OctubreB,Argenteria,2023-12-14T23:47:09.097Z,38.987684,-0.53061,952
29,Reina,Albereda 1,2023-12-14T23:47:09.097Z,38.989955,-0.523503,503
30,Ximen ToviaA,Ausias MarchA,2023-12-14T23:47:09.097Z,38.991913,-0.524291,696
31,Ximen ToviaB,Gregorio Molina,2023-12-14T23:47:09.097Z,38.992357,-0.519858,423
32,Baixada estacio 2,Republica Argentina,2023-12-14T23:47:09.097Z,38.989955,-0.523503,024
33,N-340A,Gregorio Molina,2023-12-14T23:47:09.097Z,38.992357,-0.519858,196
34,Corts Valencianes 1B,Alfons MagnanimB,2023-12-14T23:47:19.097Z,38.986084,-0.534517,199
35,Corts Valencianes 2A,Corts Valencianes 2B,2023-12-14T23:47:19.097Z,38.986084,-0.534517,False
36,PalasietB,PalasietA,2023-12-14T23:47:19.097Z,38.985252,-0.537441,734
37,Reina,Republica Argentina,2023-12-14T23:47:19.097Z,38.989955,-0.523503,201
38,CV-645B,CV-645A,2023-12-14T23:47:29.097Z,0.0,0.0,007
39,Corts Valencianes 1B,Corts Valencianes 2B,2023-12-14T23:47:29.097Z,38.986084,-0.534517,427
40,PalasietB,Corts Valencianes 1B,2023-12-14T23:47:29.097Z,38.985252,-0.537441,979
41,Argenteria,PalasietB,2023-12-14T23:47:29.097Z,38.985489,-0.534157,419
42,9 OctubreA,9 OctubreB,2023-12-14T23:47:29.097Z,38.987144,-0.535236,False
43,Republica Argentina,Carme 2,2023-12-14T23:47:29.097Z,38.99105,-0.519778,024
44,PalasietB,Corts Valencianes 1B,2023-12-14T23:47:39.097Z,38.985252,-0.537441,286
45,9 OctubreA,9 OctubreB,2023-12-14T23:47:39.097Z,38.987144,-0.535236,873
46,9 OctubreB,Reina,2023-12-14T23:47:39.097Z,38.987684,-0.53061,217
47,Abu Masaifa,Ausias MarchB,2023-12-14T23:47:39.097Z,38.987684,-0.53061,600
48,Ausias MarchA,Reina,2023-12-14T23:47:39.097Z,38.987684,-0.53061,696
49,Ximen ToviaA,Ximen ToviaB,2023-12-14T23:47:39.097Z,38.991913,-0.524291,699
50,Ximen ToviaB,Gregorio Molina,2023-12-14T23:47:39.097Z,38.992357,-0.519858,994
51,Carme 2,Albereda 2,2023-12-14T23:47:39.097Z,38.990122,-0.519633,024
52,Cosmografo,Maulets,2023-12-14T23:47:39.097Z,38.991249,-0.518678,398
53,N-340A,Gregorio Molina,2023-12-14T23:47:39.097Z,38.992357,-0.519858,128
54,Corts Valencianes 1B,Alfons MagnanimB,2023-12-14T23:47:49.097Z,38.986084,-0.534517,079
55,Corts Valencianes 2B,Ausias MarchB,2023-12-14T23:47:49.097Z,38.987684,-0.53061,748
56,PalasietA,Aben FerriA,2023-12-14T23:47:49.097Z,38.985489,-0.534157,734
57,Alfons MagnanimB,9 OctubreB,2023-12-14T23:47:49.097Z,38.987144,-0.535236,860
58,Argenteria,Aben FerriA,2023-12-14T23:47:49.097Z,38.985489,-0.534157,012
59,Abu Masaifa,Corts Valencianes 2A,2023-12-14T23:47:49.097Z,38.987684,-0.53061,938
60,Ausias MarchB,Ausias MarchA,2023-12-14T23:47:49.097Z,38.991913,-0.524291,962
61,Gregorio Molina,Baixada estacio 2,2023-12-14T23:47:49.097Z,38.991213,-0.523787,196
62,N-340B,N-340A,2023-12-14T23:47:49.097Z,0.0,0.0,953
63,Republica Argentina,Academic Maravall,2023-12-14T23:47:49.097Z,38.99105,-0.519778,283
64,Corts Valencianes 1B,Corts Valencianes 1A,2023-12-14T23:47:59.097Z,38.986084,-0.534517,302
65,Corts Valencianes 2B,Beata InesB,2023-12-14T23:47:59.097Z,38.987684,-0.53061,980
66,Alfons MagnanimB,9 OctubreB,2023-12-14T23:47:59.097Z,38.987144,-0.535236,019
67,Aben FerriA,Alfons MagnanimB,2023-12-14T23:47:59.097Z,38.986084,-0.534517,734
68,Argenteria,PalasietB,2023-12-14T23:47:59.097Z,38.985489,-0.534157,952
69,9 OctubreB,9 OctubreA,2023-12-14T23:47:59.097Z,38.987684,-0.53061,919
70,Ausias MarchB,Ximen ToviaB,2023-12-14T23:47:59.097Z,38.991913,-0.524291,600
71,Ximen ToviaB,Gregorio Molina,2023-12-14T23:47:59.097Z,38.992357,-0.519858,982
72,Baixada estacio 2,Republica Argentina,2023-12-14T23:47:59.097Z,38.989955,-0.523503,958
73,Gregorio Molina,Abu Masaifa,2023-12-14T23:47:59.097Z,38.991213,-0.523787,919
74,Academic Maravall,Maulets,2023-12-14T23:47:59.097Z,38.991249,-0.518678,283
75,Maulets,N-340B,2023-12-14T23:47:59.097Z,38.992357,-0.519858,994
76,Corts Valencianes 2B,Ausias MarchB,2023-12-14T23:48:09.097Z,38.987684,-0.53061,402
77,PalasietB,CV-645B,2023-12-14T23:48:09.097Z,38.985252,-0.537441,632
78,Alfons MagnanimB,9 OctubreB,2023-12-14T23:48:09.097Z,38.987144,-0.535236,734
79,Argenteria,PalasietB,2023-12-14T23:48:09.097Z,38.985489,-0.534157,032
80,9 OctubreB,Corts Valencianes 2A,2023-12-14T23:48:09.097Z,38.987684,-0.53061,996
81,Baixada estacio 1,Abu Masaifa,2023-12-14T23:48:09.097Z,38.991213,-0.523787,470
82,Gregorio Molina,Abu Masaifa,2023-12-14T23:48:09.097Z,38.991213,-0.523787,128
83,Albereda 1,Albereda 2,2023-12-14T23:48:09.097Z,38.990122,-0.519633,902
84,Albereda 2,N-340B,2023-12-14T23:48:09.097Z,38.990742,-0.513,024
85,Corts Valencianes 2B,9 OctubreA,2023-12-14T23:48:19.097Z,38.987684,-0.53061,929
86,PalasietB,CV-645B,2023-12-14T23:48:19.097Z,38.985252,-0.537441,161
87,Aben FerriA,Corts Valencianes 2B,2023-12-14T23:48:19.097Z,38.986084,-0.534517,696
88,Argenteria,PalasietB,2023-12-14T23:48:19.097Z,38.985489,-0.534157,925
89,Ximen ToviaB,N-340B,2023-12-14T23:48:19.097Z,38.992357,-0.519858,600
90,Albereda 1,Albereda 2,2023-12-14T23:48:19.097Z,38.990122,-0.519633,150
91,Maulets,N-340B,2023-12-14T23:48:19.097Z,38.992357,-0.519858,283
92,N-340B,N-340A,2023-12-14T23:48:19.097Z,0.0,0.0,769
93,Republica Argentina,Carme 2,2023-12-14T23:48:19.097Z,38.99105,-0.519778,958
94,Corts Valencianes 2B,9 OctubreA,2023-12-14T23:48:29.097Z,38.987684,-0.53061,303
95,PalasietB,CV-645B,2023-12-14T23:48:29.097Z,38.985252,-0.537441,979
96,9 OctubreA,Alfons MagnanimA,2023-12-14T23:48:29.097Z,38.987144,-0.535236,919
97,9 OctubreB,Argenteria,2023-12-14T23:48:29.097Z,38.987684,-0.53061,309
98,Carme 2,Albereda 2,2023-12-14T23:48:29.097Z,38.990122,-0.519633,958
99,N-340B,Beata InesA,2023-12-14T23:48:29.097Z,0.0,0.0,280
100,Corts Valencianes 2A,Corts Valencianes 1A,2023-12-14T23:48:39.097Z,38.986084,-0.534517,135
101,Corts Valencianes 2B,Ausias MarchB,2023-12-14T23:48:39.097Z,38.987684,-0.53061,901
102,Ausias MarchA,Beata InesB,2023-12-14T23:48:39.097Z,38.987684,-0.53061,962
103,Corts Valencianes 2A,Corts Valencianes 1A,2023-12-14T23:48:49.097Z,38.986084,-0.534517,938
104,Corts Valencianes 2B,Beata InesB,2023-12-14T23:48:49.097Z,38.987684,-0.53061,False
105,PalasietB,CV-645B,2023-12-14T23:48:49.097Z,38.985252,-0.537441,419
106,Alfons MagnanimA,Corts Valencianes 2B,2023-12-14T23:48:49.097Z,38.986084,-0.534517,919
107,Aben FerriA,Corts Valencianes 2B,2023-12-14T23:48:49.097Z,38.986084,-0.534517,679
108,9 OctubreA,9 OctubreB,2023-12-14T23:48:49.097Z,38.987144,-0.535236,760
109,9 OctubreB,Corts Valencianes 2A,2023-12-14T23:48:49.097Z,38.987684,-0.53061,254
110,Ausias MarchA,Corts Valencianes 2A,2023-12-14T23:48:49.097Z,38.987684,-0.53061,796
111,N-340B,CV-645A,2023-12-14T23:48:49.097Z,0.0,0.0,785
112,Corts Valencianes 2A,Corts Valencianes 2B,2023-12-14T23:48:59.097Z,38.986084,-0.534517,996
113,PalasietB,CV-645B,2023-12-14T23:48:59.097Z,38.985252,-0.537441,952
114,Alfons MagnanimA,Corts Valencianes 1A,2023-12-14T23:48:59.097Z,38.986084,-0.534517,419
115,Argenteria,PalasietB,2023-12-14T23:48:59.097Z,38.985489,-0.534157,369
116,9 OctubreA,9 OctubreB,2023-12-14T23:48:59.097Z,38.987144,-0.535236,303
117,Reina,Republica Argentina,2023-12-14T23:48:59.097Z,38.989955,-0.523503,217
118,CV-645B,N-340A,2023-12-14T23:49:09.097Z,0.0,0.0,494
119,Corts Valencianes 2A,Corts Valencianes 2B,2023-12-14T23:49:09.097Z,38.986084,-0.534517,523
120,Argenteria,PalasietB,2023-12-14T23:49:09.097Z,38.985489,-0.534157,False
121,9 OctubreB,Argenteria,2023-12-14T23:49:09.097Z,38.987684,-0.53061,False
122,Reina,Albereda 1,2023-12-14T23:49:09.097Z,38.989955,-0.523503,False
123,Albereda 2,N-340B,2023-12-14T23:49:09.097Z,38.990742,-0.513,434
124,CV-645B,Beata InesA,2023-12-14T23:49:19.097Z,0.0,0.0,365
125,Corts Valencianes 1A,CV-645B,2023-12-14T23:49:19.097Z,38.985252,-0.537441,876
126,Corts Valencianes 2B,Beata InesB,2023-12-14T23:49:19.097Z,38.987684,-0.53061,427
127,PalasietB,PalasietA,2023-12-14T23:49:19.097Z,38.985252,-0.537441,849
128,Argenteria,PalasietB,2023-12-14T23:49:19.097Z,38.985489,-0.534157,False
129,9 OctubreB,Ausias MarchB,2023-12-14T23:49:19.097Z,38.987684,-0.53061,783
130,Republica Argentina,Academic Maravall,2023-12-14T23:49:19.097Z,38.99105,-0.519778,217
131,Corts Valencianes 1A,CV-645B,2023-12-14T23:49:29.097Z,38.985252,-0.537441,938
132,Corts Valencianes 2A,Corts Valencianes 1A,2023-12-14T23:49:29.097Z,38.986084,-0.534517,798
133,Corts Valencianes 2B,9 OctubreA,2023-12-14T23:49:29.097Z,38.987684,-0.53061,696
134,PalasietA,Aben FerriA,2023-12-14T23:49:29.097Z,38.985489,-0.534157,849
135,PalasietB,CV-645B,2023-12-14T23:49:29.097Z,38.985252,-0.537441,925
136,9 OctubreB,9 OctubreA,2023-12-14T23:49:29.097Z,38.987684,-0.53061,False
137,Ausias MarchB,Baixada estacio 1,2023-12-14T23:49:29.097Z,38.991913,-0.524291,748
138,N-340B,Beata InesA,2023-12-14T23:49:29.097Z,0.0,0.0,410
139,Corts Valencianes 1A,CV-645B,2023-12-14T23:49:39.097Z,38.985252,-0.537441,619
140,Corts Valencianes 2B,Argenteria,2023-12-14T23:49:39.097Z,38.987684,-0.53061,False
141,PalasietB,CV-645B,2023-12-14T23:49:39.097Z,38.985252,-0.537441,369
142,9 OctubreB,Corts Valencianes 2A,2023-12-14T23:49:39.097Z,38.987684,-0.53061,919
143,Baixada estacio 1,Abu Masaifa,2023-12-14T23:49:39.097Z,38.991213,-0.523787,748
144,Albereda 2,Cosmografo,2023-12-14T23:49:39.097Z,38.990742,-0.513,993
145,Academic Maravall,Maulets,2023-12-14T23:49:39.097Z,38.991249,-0.518678,217
146,N-340B,Beata InesA,2023-12-14T23:49:39.097Z,0.0,0.0,016
147,Corts Valencianes 1A,CV-645B,2023-12-14T23:49:49.097Z,38.985252,-0.537441,798
148,Corts Valencianes 2A,Corts Valencianes 2B,2023-12-14T23:49:49.097Z,38.986084,-0.534517,610
149,Corts Valencianes 2B,9 OctubreA,2023-12-14T23:49:49.097Z,38.987684,-0.53061,679
150,PalasietB,CV-645B,2023-12-14T23:49:49.097Z,38.985252,-0.537441,971
151,Aben FerriA,Corts Valencianes 2B,2023-12-14T23:49:49.097Z,38.986084,-0.534517,464
152,9 OctubreB,Ausias MarchB,2023-12-14T23:49:49.097Z,38.987684,-0.53061,217
153,Abu Masaifa,Reina,2023-12-14T23:49:49.097Z,38.987684,-0.53061,184
154,N-340B,CV-645A,2023-12-14T23:49:49.097Z,0.0,0.0,False
155,CV-645B,Beata InesA,2023-12-14T23:49:59.097Z,0.0,0.0,628
156,Corts Valencianes 2B,Beata InesB,2023-12-14T23:49:59.097Z,38.987684,-0.53061,556
157,PalasietB,Corts Valencianes 1B,2023-12-14T23:49:59.097Z,38.985252,-0.537441,False
158,9 OctubreB,Argenteria,2023-12-14T23:49:59.097Z,38.987684,-0.53061,216
159,Abu Masaifa,Ausias MarchB,2023-12-14T23:49:59.097Z,38.987684,-0.53061,470
160,Albereda 2,Cosmografo,2023-12-14T23:49:59.097Z,38.990742,-0.513,154
161,Maulets,Gregorio Molina,2023-12-14T23:49:59.097Z,38.992357,-0.519858,217
162,N-340B,CV-645A,2023-12-14T23:49:59.097Z,0.0,0.0,508
163,Corts Valencianes 1B,Aben FerriB,2023-12-14T23:50:09.097Z,38.986084,-0.534517,False
164,9 OctubreB,Argenteria,2023-12-14T23:50:09.097Z,38.987684,-0.53061,660
165,Abu Masaifa,Reina,2023-12-14T23:50:09.097Z,38.987684,-0.53061,129
166,Albereda 1,Albereda 2,2023-12-14T23:50:09.097Z,38.990122,-0.519633,754
167,N-340B,Beata InesA,2023-12-14T23:50:09.097Z,0.0,0.0,880
168,Corts Valencianes 2B,Argenteria,2023-12-14T23:50:19.097Z,38.987684,-0.53061,618
169,Aben FerriB,Aben FerriA,2023-12-14T23:50:19.097Z,38.985489,-0.534157,False
170,9 OctubreB,Ausias MarchB,2023-12-14T23:50:19.097Z,38.987684,-0.53061,937
171,Ausias MarchB,Ausias MarchA,2023-12-14T23:50:19.097Z,38.991913,-0.524291,402
172,Albereda 2,Cosmografo,2023-12-14T23:50:19.097Z,38.990742,-0.513,794
173,N-340B,Beata InesA,2023-12-14T23:50:19.097Z,0.0,0.0,False
174,Corts Valencianes 2B,Reina,2023-12-14T23:50:29.097Z,38.987684,-0.53061,464
175,Aben FerriA,Alfons MagnanimB,2023-12-14T23:50:29.097Z,38.986084,-0.534517,False
176,Aben FerriB,PalasietB,2023-12-14T23:50:29.097Z,38.985489,-0.534157,257
177,Argenteria,PalasietB,2023-12-14T23:50:29.097Z,38.985489,-0.534157,216
178,9 OctubreB,Reina,2023-12-14T23:50:29.097Z,38.987684,-0.53061,451
179,Beata InesB,Beata InesA,2023-12-14T23:50:29.097Z,0.0,0.0,953
180,Reina,Republica Argentina,2023-12-14T23:50:29.097Z,38.989955,-0.523503,616
181,Gregorio Molina,Abu Masaifa,2023-12-14T23:50:29.097Z,38.991213,-0.523787,699
182,PalasietB,CV-645B,2023-12-14T23:50:39.097Z,38.985252,-0.537441,257
183,Alfons MagnanimB,Alfons MagnanimA,2023-12-14T23:50:39.097Z,38.987144,-0.535236,False
184,Argenteria,Aben FerriA,2023-12-14T23:50:39.097Z,38.985489,-0.534157,994
185,Ausias MarchB,Ausias MarchA,2023-12-14T23:50:39.097Z,38.991913,-0.524291,907
186,Reina,Albereda 1,2023-12-14T23:50:39.097Z,38.989955,-0.523503,421
187,Cosmografo,Maulets,2023-12-14T23:50:39.097Z,38.991249,-0.518678,993
188,N-340B,N-340A,2023-12-14T23:50:39.097Z,0.0,0.0,866
189,Corts Valencianes 1B,Corts Valencianes 2B,2023-12-14T23:50:49.097Z,38.986084,-0.534517,036
190,Aben FerriA,Corts Valencianes 1A,2023-12-14T23:50:49.097Z,38.986084,-0.534517,916
191,Ausias MarchB,Ximen ToviaB,2023-12-14T23:50:49.097Z,38.991913,-0.524291,289
192,Beata InesB,Beata InesA,2023-12-14T23:50:49.097Z,0.0,0.0,974
193,Gregorio Molina,Abu Masaifa,2023-12-14T23:50:49.097Z,38.991213,-0.523787,False
194,Cosmografo,Maulets,2023-12-14T23:50:49.097Z,38.991249,-0.518678,619
195,Maulets,Gregorio Molina,2023-12-14T23:50:49.097Z,38.992357,-0.519858,150
196,N-340B,Beata InesA,2023-12-14T23:50:49.097Z,0.0,0.0,434
197,CV-645A,Corts Valencianes 1B,2023-12-14T23:50:59.097Z,38.985252,-0.537441,003
198,Corts Valencianes 1A,CV-645B,2023-12-14T23:50:59.097Z,38.985252,-0.537441,916
199,Corts Valencianes 2B,Ausias MarchB,2023-12-14T23:50:59.097Z,38.987684,-0.53061,036
200,9 OctubreA,9 OctubreB,2023-12-14T23:50:59.097Z,38.987144,-0.535236,694
201,Ausias MarchA,Corts Valencianes 2A,2023-12-14T23:50:59.097Z,38.987684,-0.53061,402
202,Ausias MarchB,Ximen ToviaB,2023-12-14T23:50:59.097Z,38.991913,-0.524291,277
203,Albereda 1,Albereda 2,2023-12-14T23:50:59.097Z,38.990122,-0.519633,129
204,Cosmografo,Maulets,2023-12-14T23:50:59.097Z,38.991249,-0.518678,754
205,Maulets,Carme 1,2023-12-14T23:50:59.097Z,38.992357,-0.519858,196
206,N-340B,Beata InesA,2023-12-14T23:50:59.097Z,0.0,0.0,False
207,CV-645A,Corts Valencianes 1B,2023-12-14T23:51:09.097Z,38.985252,-0.537441,678
208,PalasietB,CV-645B,2023-12-14T23:51:09.097Z,38.985252,-0.537441,216
209,9 OctubreA,Alfons MagnanimA,2023-12-14T23:51:09.097Z,38.987144,-0.535236,False
210,9 OctubreB,Corts Valencianes 2A,2023-12-14T23:51:09.097Z,38.987684,-0.53061,674
211,Ausias MarchA,Corts Valencianes 2A,2023-12-14T23:51:09.097Z,38.987684,-0.53061,769
212,Beata InesB,Beata InesA,2023-12-14T23:51:09.097Z,0.0,0.0,XXX
213,Carme 1,Academic Maravall,2023-12-14T23:51:09.097Z,38.99105,-0.519778,619
214,Maulets,Gregorio Molina,2023-12-14T23:51:09.097Z,38.992357,-0.519858,794
215,N-340B,Beata InesA,2023-12-14T23:51:09.097Z,0.0,0.0,883
216,Corts Valencianes 1B,Corts Valencianes 2B,2023-12-14T23:51:19.097Z,38.986084,-0.534517,007
217,Corts Valencianes 2A,Alfons MagnanimB,2023-12-14T23:51:19.097Z,38.986084,-0.534517,402
218,Alfons MagnanimA,Corts Valencianes 2B,2023-12-14T23:51:19.097Z,38.986084,-0.534517,969
219,9 OctubreA,Alfons MagnanimA,2023-12-14T23:51:19.097Z,38.987144,-0.535236,679
220,9 OctubreB,Argenteria,2023-12-14T23:51:19.097Z,38.987684,-0.53061,266
221,Ausias MarchB,Ausias MarchA,2023-12-14T23:51:19.097Z,38.991913,-0.524291,110
222,Reina,Albereda 1,2023-12-14T23:51:19.097Z,38.989955,-0.523503,464
223,Ximen ToviaB,N-340B,2023-12-14T23:51:19.097Z,38.992357,-0.519858,209
224,Gregorio Molina,Abu Masaifa,2023-12-14T23:51:19.097Z,38.991213,-0.523787,150
225,Albereda 2,Cosmografo,2023-12-14T23:51:19.097Z,38.990742,-0.513,129
226,N-340B,CV-645A,2023-12-14T23:51:19.097Z,0.0,0.0,459
227,CV-645A,PalasietA,2023-12-14T23:51:29.097Z,38.985252,-0.537441,tle
228,Corts Valencianes 1B,Corts Valencianes 2B,2023-12-14T23:51:29.097Z,38.986084,-0.534517,785
229,Corts Valencianes 2A,Corts Valencianes 2B,2023-12-14T23:51:29.097Z,38.986084,-0.534517,121
230,Alfons MagnanimA,Corts Valencianes 1A,2023-12-14T23:51:29.097Z,38.986084,-0.534517,679
231,Alfons MagnanimB,9 OctubreB,2023-12-14T23:51:29.097Z,38.987144,-0.535236,402
232,Argenteria,Aben FerriA,2023-12-14T23:51:29.097Z,38.985489,-0.534157,256
233,Reina,Republica Argentina,2023-12-14T23:51:29.097Z,38.989955,-0.523503,451
234,Ximen ToviaB,N-340B,2023-12-14T23:51:29.097Z,38.992357,-0.519858,217
235,Gregorio Molina,Abu Masaifa,2023-12-14T23:51:29.097Z,38.991213,-0.523787,754
236,Maulets,Ximen ToviaA,2023-12-14T23:51:29.097Z,38.992357,-0.519858,786
237,N-340B,N-340A,2023-12-14T23:51:29.097Z,0.0,0.0,999
238,CV-645A,PalasietA,2023-12-14T23:51:39.097Z,38.985252,-0.537441,906
239,Corts Valencianes 2A,Corts Valencianes 1A,2023-12-14T23:51:39.097Z,38.986084,-0.534517,False
240,Aben FerriA,Corts Valencianes 2B,2023-12-14T23:51:39.097Z,38.986084,-0.534517,266
241,9 OctubreB,Argenteria,2023-12-14T23:51:39.097Z,38.987684,-0.53061,272
242,Ausias MarchB,Ausias MarchA,2023-12-14T23:51:39.097Z,38.991913,-0.524291,937
243,Gregorio Molina,Abu Masaifa,2023-12-14T23:51:39.097Z,38.991213,-0.523787,423
244,Albereda 1,Albereda 2,2023-12-14T23:51:39.097Z,38.990122,-0.519633,464
245,Cosmografo,Maulets,2023-12-14T23:51:39.097Z,38.991249,-0.518678,129
246,Republica Argentina,Carme 2,2023-12-14T23:51:39.097Z,38.99105,-0.519778,451
247,CV-645B,CV-645A,2023-12-14T23:51:49.097Z,0.0,0.0,889
248,Corts Valencianes 1A,Corts Valencianes 1B,2023-12-14T23:51:49.097Z,38.985252,-0.537441,False
249,9 OctubreB,Corts Valencianes 2A,2023-12-14T23:51:49.097Z,38.987684,-0.53061,818
250,Ximen ToviaA,Ximen ToviaB,2023-12-14T23:51:49.097Z,38.991913,-0.524291,981
251,Albereda 2,N-340B,2023-12-14T23:51:49.097Z,38.990742,-0.513,849
252,CV-645A,PalasietA,2023-12-14T23:51:59.097Z,38.985252,-0.537441,459
253,CV-645B,Beata InesA,2023-12-14T23:51:59.097Z,0.0,0.0,405
254,Corts Valencianes 1A,PalasietA,2023-12-14T23:51:59.097Z,38.985252,-0.537441,769
255,Corts Valencianes 1B,Aben FerriB,2023-12-14T23:51:59.097Z,38.986084,-0.534517,679
256,Corts Valencianes 2B,Ausias MarchB,2023-12-14T23:51:59.097Z,38.987684,-0.53061,003
257,PalasietA,Aben FerriA,2023-12-14T23:51:59.097Z,38.985489,-0.534157,696
258,Argenteria,PalasietB,2023-12-14T23:51:59.097Z,38.985489,-0.534157,122
259,9 OctubreB,Argenteria,2023-12-14T23:51:59.097Z,38.987684,-0.53061,284
260,Abu Masaifa,Corts Valencianes 2A,2023-12-14T23:51:59.097Z,38.987684,-0.53061,748
261,Ausias MarchB,Ausias MarchA,2023-12-14T23:51:59.097Z,38.991913,-0.524291,036
262,N-340B,Beata InesA,2023-12-14T23:51:59.097Z,0.0,0.0,317
263,CV-645A,PalasietA,2023-12-14T23:52:09.097Z,38.985252,-0.537441,863
264,Corts Valencianes 2A,Alfons MagnanimB,2023-12-14T23:52:09.097Z,38.986084,-0.534517,816
265,Aben FerriA,Alfons MagnanimB,2023-12-14T23:52:09.097Z,38.986084,-0.534517,False
266,Aben FerriB,PalasietB,2023-12-14T23:52:09.097Z,38.985489,-0.534157,679
267,Abu Masaifa,Argenteria,2023-12-14T23:52:09.097Z,38.987684,-0.53061,217
268,Ausias MarchA,Corts Valencianes 2A,2023-12-14T23:52:09.097Z,38.987684,-0.53061,710
269,N-340B,Beata InesA,2023-12-14T23:52:09.097Z,0.0,0.0,604
270,CV-645B,N-340A,2023-12-14T23:52:19.097Z,0.0,0.0,196
271,Corts Valencianes 2B,Beata InesB,2023-12-14T23:52:19.097Z,38.987684,-0.53061,969
272,PalasietB,CV-645B,2023-12-14T23:52:19.097Z,38.985252,-0.537441,120
273,Alfons MagnanimB,Alfons MagnanimA,2023-12-14T23:52:19.097Z,38.987144,-0.535236,818
274,Argenteria,Aben FerriA,2023-12-14T23:52:19.097Z,38.985489,-0.534157,284
275,9 OctubreB,Reina,2023-12-14T23:52:19.097Z,38.987684,-0.53061,631
276,Abu Masaifa,9 OctubreA,2023-12-14T23:52:19.097Z,38.987684,-0.53061,False
277,Ausias MarchA,9 OctubreA,2023-12-14T23:52:19.097Z,38.987684,-0.53061,937
278,Ximen ToviaB,N-340B,2023-12-14T23:52:19.097Z,38.992357,-0.519858,786
279,N-340B,CV-645A,2023-12-14T23:52:19.097Z,0.0,0.0,667
280,Corts Valencianes 2B,Ausias MarchB,2023-12-14T23:52:29.097Z,38.987684,-0.53061,678
281,PalasietA,Aben FerriA,2023-12-14T23:52:29.097Z,38.985489,-0.534157,508
282,PalasietB,CV-645B,2023-12-14T23:52:29.097Z,38.985252,-0.537441,679
283,Alfons MagnanimA,Aben FerriB,2023-12-14T23:52:29.097Z,38.986084,-0.534517,676
284,Alfons MagnanimB,9 OctubreB,2023-12-14T23:52:29.097Z,38.987144,-0.535236,tle
285,Aben FerriA,Aben FerriB,2023-12-14T23:52:29.097Z,38.986084,-0.534517,284
286,Abu Masaifa,Reina,2023-12-14T23:52:29.097Z,38.987684,-0.53061,084
287,Ausias MarchA,Beata InesB,2023-12-14T23:52:29.097Z,38.987684,-0.53061,036
288,N-340B,Beata InesA,2023-12-14T23:52:29.097Z,0.0,0.0,324
289,Republica Argentina,Academic Maravall,2023-12-14T23:52:29.097Z,38.99105,-0.519778,919
290,Corts Valencianes 2B,Ausias MarchB,2023-12-14T23:52:39.097Z,38.987684,-0.53061,False
291,Alfons MagnanimA,Corts Valencianes 2B,2023-12-14T23:52:39.097Z,38.986084,-0.534517,False
292,Alfons MagnanimB,9 OctubreB,2023-12-14T23:52:39.097Z,38.987144,-0.535236,432
293,Aben FerriA,Corts Valencianes 1A,2023-12-14T23:52:39.097Z,38.986084,-0.534517,508
294,Aben FerriB,Aben FerriA,2023-12-14T23:52:39.097Z,38.985489,-0.534157,676
295,9 OctubreB,Corts Valencianes 2A,2023-12-14T23:52:39.097Z,38.987684,-0.53061,False
296,Gregorio Molina,Abu Masaifa,2023-12-14T23:52:39.097Z,38.991213,-0.523787,673
297,Academic Maravall,Maulets,2023-12-14T23:52:39.097Z,38.991249,-0.518678,994
298,N-340B,N-340A,2023-12-14T23:52:39.097Z,0.0,0.0,812
299,CV-645B,N-340A,2023-12-14T23:52:49.097Z,0.0,0.0,False
300,Corts Valencianes 1A,Corts Valencianes 1B,2023-12-14T23:52:49.097Z,38.985252,-0.537441,906
301,Corts Valencianes 2B,Ausias MarchB,2023-12-14T23:52:49.097Z,38.987684,-0.53061,256
302,Aben FerriA,Corts Valencianes 1A,2023-12-14T23:52:49.097Z,38.986084,-0.534517,676
303,Aben FerriB,PalasietB,2023-12-14T23:52:49.097Z,38.985489,-0.534157,284
304,Argenteria,Aben FerriA,2023-12-14T23:52:49.097Z,38.985489,-0.534157,217
305,9 OctubreA,9 OctubreB,2023-12-14T23:52:49.097Z,38.987144,-0.535236,False
306,Reina,Albereda 1,2023-12-14T23:52:49.097Z,38.989955,-0.523503,816
307,Maulets,N-340B,2023-12-14T23:52:49.097Z,38.992357,-0.519858,184
308,N-340B,CV-645A,2023-12-14T23:52:49.097Z,0.0,0.0,165
309,CV-645A,PalasietA,2023-12-14T23:52:59.097Z,38.985252,-0.537441,719
310,CV-645B,N-340A,2023-12-14T23:52:59.097Z,0.0,0.0,070
311,Corts Valencianes 1A,PalasietA,2023-12-14T23:52:59.097Z,38.985252,-0.537441,816
312,Corts Valencianes 2B,Argenteria,2023-12-14T23:52:59.097Z,38.987684,-0.53061,False
313,PalasietA,PalasietB,2023-12-14T23:52:59.097Z,38.985489,-0.534157,459
314,Beata InesB,N-340A,2023-12-14T23:52:59.097Z,0.0,0.0,878
315,Reina,Albereda 1,2023-12-14T23:52:59.097Z,38.989955,-0.523503,034
316,N-340B,CV-645A,2023-12-14T23:52:59.097Z,0.0,0.0,False
317,Republica Argentina,Academic Maravall,2023-12-14T23:52:59.097Z,38.99105,-0.519778,234
318,Corts Valencianes 1B,Alfons MagnanimB,2023-12-14T23:53:09.097Z,38.986084,-0.534517,508
319,Corts Valencianes 2A,Alfons MagnanimB,2023-12-14T23:53:09.097Z,38.986084,-0.534517,748
320,PalasietA,PalasietB,2023-12-14T23:53:09.097Z,38.985489,-0.534157,907
321,PalasietB,Corts Valencianes 1B,2023-12-14T23:53:09.097Z,38.985252,-0.537441,983
322,9 OctubreB,Argenteria,2023-12-14T23:53:09.097Z,38.987684,-0.53061,073
323,Beata InesB,N-340A,2023-12-14T23:53:09.097Z,0.0,0.0,580
324,Academic Maravall,Maulets,2023-12-14T23:53:09.097Z,38.991249,-0.518678,714
325,N-340B,CV-645A,2023-12-14T23:53:09.097Z,0.0,0.0,815
326,CV-645A,PalasietA,2023-12-14T23:53:19.097Z,38.985252,-0.537441,466
327,Corts Valencianes 1B,Corts Valencianes 2B,2023-12-14T23:53:19.097Z,38.986084,-0.534517,983
328,PalasietA,Aben FerriA,2023-12-14T23:53:19.097Z,38.985489,-0.534157,638
329,PalasietB,Corts Valencianes 1B,2023-12-14T23:53:19.097Z,38.985252,-0.537441,920
330,Alfons MagnanimB,Alfons MagnanimA,2023-12-14T23:53:19.097Z,38.987144,-0.535236,906
331,Aben FerriA,Corts Valencianes 2B,2023-12-14T23:53:19.097Z,38.986084,-0.534517,217
332,Argenteria,PalasietB,2023-12-14T23:53:19.097Z,38.985489,-0.534157,False
333,9 OctubreB,Ausias MarchB,2023-12-14T23:53:19.097Z,38.987684,-0.53061,860
334,Albereda 1,Albereda 2,2023-12-14T23:53:19.097Z,38.990122,-0.519633,084
335,N-340B,Beata InesA,2023-12-14T23:53:19.097Z,0.0,0.0,422
336,Corts Valencianes 1B,Corts Valencianes 2B,2023-12-14T23:53:29.097Z,38.986084,-0.534517,920
337,Corts Valencianes 2B,Beata InesB,2023-12-14T23:53:29.097Z,38.987684,-0.53061,962
338,PalasietA,PalasietB,2023-12-14T23:53:29.097Z,38.985489,-0.534157,719
339,PalasietB,Corts Valencianes 1B,2023-12-14T23:53:29.097Z,38.985252,-0.537441,459
340,Argenteria,PalasietB,2023-12-14T23:53:29.097Z,38.985489,-0.534157,873
341,9 OctubreB,Reina,2023-12-14T23:53:29.097Z,38.987684,-0.53061,079
342,N-340B,N-340A,2023-12-14T23:53:29.097Z,0.0,0.0,225
343,CV-645A,PalasietA,2023-12-14T23:53:39.097Z,38.985252,-0.537441,False
344,CV-645B,Beata InesA,2023-12-14T23:53:39.097Z,0.0,0.0,631
345,Corts Valencianes 2B,Corts Valencianes 2A,2023-12-14T23:53:39.097Z,38.987684,-0.53061,217
346,Alfons MagnanimA,Corts Valencianes 2B,2023-12-14T23:53:39.097Z,38.986084,-0.534517,508
347,Alfons MagnanimB,Alfons MagnanimA,2023-12-14T23:53:39.097Z,38.987144,-0.535236,748
348,9 OctubreB,Argenteria,2023-12-14T23:53:39.097Z,38.987684,-0.53061,669
349,Maulets,Ximen ToviaA,2023-12-14T23:53:39.097Z,38.992357,-0.519858,999
350,N-340B,Beata InesA,2023-12-14T23:53:39.097Z,0.0,0.0,080
351,CV-645B,Beata InesA,2023-12-14T23:53:49.097Z,0.0,0.0,199
352,Corts Valencianes 1B,Alfons MagnanimB,2023-12-14T23:53:49.097Z,38.986084,-0.534517,499
353,Corts Valencianes 2A,Corts Valencianes 2B,2023-12-14T23:53:49.097Z,38.986084,-0.534517,710
354,Corts Valencianes 2B,Argenteria,2023-12-14T23:53:49.097Z,38.987684,-0.53061,920
355,PalasietA,Aben FerriA,2023-12-14T23:53:49.097Z,38.985489,-0.534157,903
356,9 OctubreB,Corts Valencianes 2A,2023-12-14T23:53:49.097Z,38.987684,-0.53061,734
357,Ausias MarchB,Ximen ToviaB,2023-12-14T23:53:49.097Z,38.991913,-0.524291,007
358,Reina,Albereda 1,2023-12-14T23:53:49.097Z,38.989955,-0.523503,979
359,Albereda 2,N-340B,2023-12-14T23:53:49.097Z,38.990742,-0.513,084
360,N-340B,N-340A,2023-12-14T23:53:49.097Z,0.0,0.0,401
361,CV-645B,CV-645A,2023-12-14T23:53:59.097Z,0.0,0.0,False
362,Corts Valencianes 1A,Corts Valencianes 1B,2023-12-14T23:53:59.097Z,38.985252,-0.537441,362
363,Corts Valencianes 1B,Corts Valencianes 2B,2023-12-14T23:53:59.097Z,38.986084,-0.534517,799
364,Corts Valencianes 2A,Aben FerriB,2023-12-14T23:53:59.097Z,38.986084,-0.534517,False
365,PalasietB,CV-645B,2023-12-14T23:53:59.097Z,38.985252,-0.537441,901
366,Aben FerriA,Corts Valencianes 2B,2023-12-14T23:53:59.097Z,38.986084,-0.534517,903
367,Argenteria,PalasietB,2023-12-14T23:53:59.097Z,38.985489,-0.534157,865
368,Ausias MarchB,Baixada estacio 1,2023-12-14T23:53:59.097Z,38.991913,-0.524291,785
369,Beata InesB,Beata InesA,2023-12-14T23:53:59.097Z,0.0,0.0,962
370,N-340B,Beata InesA,2023-12-14T23:53:59.097Z,0.0,0.0,450
371,CV-645A,Corts Valencianes 1B,2023-12-14T23:54:09.097Z,38.985252,-0.537441,849
372,Corts Valencianes 1B,Alfons MagnanimB,2023-12-14T23:54:09.097Z,38.986084,-0.534517,362
373,PalasietB,Corts Valencianes 1B,2023-12-14T23:54:09.097Z,38.985252,-0.537441,False
374,Alfons MagnanimA,Aben FerriB,2023-12-14T23:54:09.097Z,38.986084,-0.534517,748
375,Aben FerriB,PalasietB,2023-12-14T23:54:09.097Z,38.985489,-0.534157,False
376,9 OctubreB,Beata InesB,2023-12-14T23:54:09.097Z,38.987684,-0.53061,621
377,Ausias MarchB,Baixada estacio 1,2023-12-14T23:54:09.097Z,38.991913,-0.524291,False
378,Beata InesB,N-340A,2023-12-14T23:54:09.097Z,0.0,0.0,433
379,Baixada estacio 1,Abu Masaifa,2023-12-14T23:54:09.097Z,38.991213,-0.523787,785
380,Maulets,Gregorio Molina,2023-12-14T23:54:09.097Z,38.992357,-0.519858,181
381,N-340B,Beata InesA,2023-12-14T23:54:09.097Z,0.0,0.0,718
382,Corts Valencianes 1B,Alfons MagnanimB,2023-12-14T23:54:19.097Z,38.986084,-0.534517,815
383,PalasietA,Aben FerriA,2023-12-14T23:54:19.097Z,38.985489,-0.534157,False
384,PalasietB,Corts Valencianes 1B,2023-12-14T23:54:19.097Z,38.985252,-0.537441,mes
385,Alfons MagnanimB,Alfons MagnanimA,2023-12-14T23:54:19.097Z,38.987144,-0.535236,False
386,9 OctubreB,Reina,2023-12-14T23:54:19.097Z,38.987684,-0.53061,303
387,Ausias MarchB,Ximen ToviaB,2023-12-14T23:54:19.097Z,38.991913,-0.524291,696
388,Ximen ToviaA,Ximen ToviaB,2023-12-14T23:54:19.097Z,38.991913,-0.524291,234
389,Baixada estacio 1,Baixada estacio 2,2023-12-14T23:54:19.097Z,38.991213,-0.523787,121
390,Baixada estacio 2,Albereda 1,2023-12-14T23:54:19.097Z,38.989955,-0.523503,609
391,Gregorio Molina,Abu Masaifa,2023-12-14T23:54:19.097Z,38.991213,-0.523787,181
392,N-340B,Beata InesA,2023-12-14T23:54:19.097Z,0.0,0.0,710
393,Corts Valencianes 1B,Alfons MagnanimB,2023-12-14T23:54:29.097Z,38.986084,-0.534517,False
394,Corts Valencianes 2B,Beata InesB,2023-12-14T23:54:29.097Z,38.987684,-0.53061,710
395,PalasietA,PalasietB,2023-12-14T23:54:29.097Z,38.985489,-0.534157,816
396,PalasietB,Corts Valencianes 1B,2023-12-14T23:54:29.097Z,38.985252,-0.537441,073
397,Alfons MagnanimA,Corts Valencianes 2B,2023-12-14T23:54:29.097Z,38.986084,-0.534517,382
398,Alfons MagnanimB,Alfons MagnanimA,2023-12-14T23:54:29.097Z,38.987144,-0.535236,849
399,Argenteria,Aben FerriA,2023-12-14T23:54:29.097Z,38.985489,-0.534157,920
400,9 OctubreB,Corts Valencianes 2A,2023-12-14T23:54:29.097Z,38.987684,-0.53061,012
401,Abu Masaifa,Corts Valencianes 2A,2023-12-14T23:54:29.097Z,38.987684,-0.53061,503
402,Ausias MarchB,Ximen ToviaB,2023-12-14T23:54:29.097Z,38.991913,-0.524291,969
403,Baixada estacio 2,Albereda 1,2023-12-14T23:54:29.097Z,38.989955,-0.523503,121
404,N-340B,Beata InesA,2023-12-14T23:54:29.097Z,0.0,0.0,966
405,Corts Valencianes 1A,CV-645B,2023-12-14T23:54:39.097Z,38.985252,-0.537441,XXX
406,Corts Valencianes 1B,Alfons MagnanimB,2023-12-14T23:54:39.097Z,38.986084,-0.534517,490
407,PalasietB,CV-645B,2023-12-14T23:54:39.097Z,38.985252,-0.537441,665
408,Alfons MagnanimA,Corts Valencianes 2B,2023-12-14T23:54:39.097Z,38.986084,-0.534517,996
409,Alfons MagnanimB,9 OctubreB,2023-12-14T23:54:39.097Z,38.987144,-0.535236,False
410,Aben FerriA,Aben FerriB,2023-12-14T23:54:39.097Z,38.986084,-0.534517,False
411,Aben FerriB,PalasietB,2023-12-14T23:54:39.097Z,38.985489,-0.534157,748
412,9 OctubreB,9 OctubreA,2023-12-14T23:54:39.097Z,38.987684,-0.53061,402
413,Abu Masaifa,Corts Valencianes 2A,2023-12-14T23:54:39.097Z,38.987684,-0.53061,754
414,N-340B,CV-645A,2023-12-14T23:54:39.097Z,0.0,0.0,657
415,Corts Valencianes 1B,Corts Valencianes 2B,2023-12-14T23:54:49.097Z,38.986084,-0.534517,False
416,PalasietB,CV-645B,2023-12-14T23:54:49.097Z,38.985252,-0.537441,False
417,Aben FerriA,Corts Valencianes 2B,2023-12-14T23:54:49.097Z,38.986084,-0.534517,False
418,Argenteria,PalasietB,2023-12-14T23:54:49.097Z,38.985489,-0.534157,999
419,Reina,Republica Argentina,2023-12-14T23:54:49.097Z,38.989955,-0.523503,103
420,N-340B,CV-645A,2023-12-14T23:54:49.097Z,0.0,0.0,910
421,Corts Valencianes 1A,CV-645B,2023-12-14T23:54:59.097Z,38.985252,-0.537441,258
422,Corts Valencianes 2A,Alfons MagnanimB,2023-12-14T23:54:59.097Z,38.986084,-0.534517,699
423,Corts Valencianes 2B,Argenteria,2023-12-14T23:54:59.097Z,38.987684,-0.53061,False
424,PalasietB,Corts Valencianes 1B,2023-12-14T23:54:59.097Z,38.985252,-0.537441,676
425,Alfons MagnanimB,9 OctubreB,2023-12-14T23:54:59.097Z,38.987144,-0.535236,486
426,Aben FerriA,Corts Valencianes 1A,2023-12-14T23:54:59.097Z,38.986084,-0.534517,920
427,Aben FerriB,PalasietB,2023-12-14T23:54:59.097Z,38.985489,-0.534157,False
428,9 OctubreA,Alfons MagnanimA,2023-12-14T23:54:59.097Z,38.987144,-0.535236,402
429,9 OctubreB,Ausias MarchB,2023-12-14T23:54:59.097Z,38.987684,-0.53061,791
430,Beata InesB,Beata InesA,2023-12-14T23:54:59.097Z,0.0,0.0,False
431,Ximen ToviaB,N-340B,2023-12-14T23:54:59.097Z,38.992357,-0.519858,234
432,N-340B,Beata InesA,2023-12-14T23:54:59.097Z,0.0,0.0,672
433,Republica Argentina,Carme 2,2023-12-14T23:54:59.097Z,38.99105,-0.519778,303
434,Corts Valencianes 2A,Corts Valencianes 1A,2023-12-14T23:55:09.097Z,38.986084,-0.534517,734
435,Corts Valencianes 2B,Ausias MarchB,2023-12-14T23:55:09.097Z,38.987684,-0.53061,466
436,Alfons MagnanimA,Corts Valencianes 1A,2023-12-14T23:55:09.097Z,38.986084,-0.534517,402
437,9 OctubreB,Ausias MarchB,2023-12-14T23:55:09.097Z,38.987684,-0.53061,tle
438,Ximen ToviaB,N-340B,2023-12-14T23:55:09.097Z,38.992357,-0.519858,860
439,Albereda 1,Albereda 2,2023-12-14T23:55:09.097Z,38.990122,-0.519633,609
440,Corts Valencianes 1A,CV-645B,2023-12-14T23:55:19.097Z,38.985252,-0.537441,920
441,Corts Valencianes 1B,Corts Valencianes 2B,2023-12-14T23:55:19.097Z,38.986084,-0.534517,616
442,Corts Valencianes 2A,Alfons MagnanimB,2023-12-14T23:55:19.097Z,38.986084,-0.534517,696
443,Corts Valencianes 2B,Reina,2023-12-14T23:55:19.097Z,38.987684,-0.53061,302
444,PalasietB,PalasietA,2023-12-14T23:55:19.097Z,38.985252,-0.537441,748
445,Argenteria,PalasietB,2023-12-14T23:55:19.097Z,38.985489,-0.534157,799
446,9 OctubreB,Argenteria,2023-12-14T23:55:19.097Z,38.987684,-0.53061,432
447,Abu Masaifa,Beata InesB,2023-12-14T23:55:19.097Z,38.987684,-0.53061,545
448,Albereda 1,Albereda 2,2023-12-14T23:55:19.097Z,38.990122,-0.519633,075
449,Carme 2,Albereda 2,2023-12-14T23:55:19.097Z,38.990122,-0.519633,103
450,N-340B,Beata InesA,2023-12-14T23:55:19.097Z,0.0,0.0,098
451,CV-645A,Corts Valencianes 1B,2023-12-14T23:55:29.097Z,38.985252,-0.537441,929
452,Corts Valencianes 2A,Aben FerriB,2023-12-14T23:55:29.097Z,38.986084,-0.534517,150
453,Corts Valencianes 2B,Argenteria,2023-12-14T23:55:29.097Z,38.987684,-0.53061,815
454,PalasietB,PalasietA,2023-12-14T23:55:29.097Z,38.985252,-0.537441,265
455,9 OctubreB,Reina,2023-12-14T23:55:29.097Z,38.987684,-0.53061,False
456,Abu Masaifa,Corts Valencianes 2A,2023-12-14T23:55:29.097Z,38.987684,-0.53061,421
457,Ausias MarchB,Ximen ToviaB,2023-12-14T23:55:29.097Z,38.991913,-0.524291,753
458,Albereda 1,Albereda 2,2023-12-14T23:55:29.097Z,38.990122,-0.519633,674
459,CV-645A,PalasietA,2023-12-14T23:55:39.097Z,38.985252,-0.537441,557
460,Corts Valencianes 1A,CV-645B,2023-12-14T23:55:39.097Z,38.985252,-0.537441,734
461,Corts Valencianes 2A,Corts Valencianes 2B,2023-12-14T23:55:39.097Z,38.986084,-0.534517,754
462,PalasietB,Corts Valencianes 1B,2023-12-14T23:55:39.097Z,38.985252,-0.537441,False
463,Alfons MagnanimB,9 OctubreB,2023-12-14T23:55:39.097Z,38.987144,-0.535236,699
464,Argenteria,PalasietB,2023-12-14T23:55:39.097Z,38.985489,-0.534157,699
465,9 OctubreB,Ausias MarchB,2023-12-14T23:55:39.097Z,38.987684,-0.53061,eXX
466,Abu Masaifa,Reina,2023-12-14T23:55:39.097Z,38.987684,-0.53061,673
467,Albereda 1,Albereda 2,2023-12-14T23:55:39.097Z,38.990122,-0.519633,164
468,CV-645A,Corts Valencianes 1B,2023-12-14T23:55:49.097Z,38.985252,-0.537441,910
469,Corts Valencianes 1A,CV-645B,2023-12-14T23:55:49.097Z,38.985252,-0.537441,402
470,PalasietA,Aben FerriA,2023-12-14T23:55:49.097Z,38.985489,-0.534157,748
471,PalasietB,CV-645B,2023-12-14T23:55:49.097Z,38.985252,-0.537441,090
472,Alfons MagnanimB,Alfons MagnanimA,2023-12-14T23:55:49.097Z,38.987144,-0.535236,012
473,Aben FerriB,Aben FerriA,2023-12-14T23:55:49.097Z,38.985489,-0.534157,150
474,9 OctubreB,Beata InesB,2023-12-14T23:55:49.097Z,38.987684,-0.53061,False
475,Beata InesB,CV-645A,2023-12-14T23:55:49.097Z,0.0,0.0,923
476,Ximen ToviaB,N-340B,2023-12-14T23:55:49.097Z,38.992357,-0.519858,753
477,N-340B,Beata InesA,2023-12-14T23:55:49.097Z,0.0,0.0,996
478,Corts Valencianes 2A,Corts Valencianes 2B,2023-12-14T23:55:59.097Z,38.986084,-0.534517,812
479,PalasietA,Aben FerriA,2023-12-14T23:55:59.097Z,38.985489,-0.534157,265
480,Alfons MagnanimA,Corts Valencianes 1A,2023-12-14T23:55:59.097Z,38.986084,-0.534517,012
481,Aben FerriA,Corts Valencianes 2B,2023-12-14T23:55:59.097Z,38.986084,-0.534517,748
482,9 OctubreB,Ausias MarchB,2023-12-14T23:55:59.097Z,38.987684,-0.53061,166
483,Abu Masaifa,Corts Valencianes 2A,2023-12-14T23:55:59.097Z,38.987684,-0.53061,678
484,Beata InesA,Ausias MarchB,2023-12-14T23:55:59.097Z,38.987684,-0.53061,038
485,Reina,Albereda 1,2023-12-14T23:55:59.097Z,38.989955,-0.523503,362
486,Ximen ToviaA,Ximen ToviaB,2023-12-14T23:55:59.097Z,38.991913,-0.524291,114
487,Albereda 2,N-340B,2023-12-14T23:55:59.097Z,38.990742,-0.513,977
488,N-340B,N-340A,2023-12-14T23:55:59.097Z,0.0,0.0,884
489,CV-645B,Beata InesA,2023-12-14T23:56:09.097Z,0.0,0.0,019
490,Corts Valencianes 2A,Corts Valencianes 2B,2023-12-14T23:56:09.097Z,38.986084,-0.534517,423
491,PalasietB,CV-645B,2023-12-14T23:56:09.097Z,38.985252,-0.537441,799
492,Aben FerriA,Corts Valencianes 1A,2023-12-14T23:56:09.097Z,38.986084,-0.534517,150
493,Abu Masaifa,Beata InesB,2023-12-14T23:56:09.097Z,38.987684,-0.53061,181
494,Ausias MarchB,Ausias MarchA,2023-12-14T23:56:09.097Z,38.991913,-0.524291,966
495,Beata InesA,Ausias MarchB,2023-12-14T23:56:09.097Z,38.987684,-0.53061,271
496,Reina,Republica Argentina,2023-12-14T23:56:09.097Z,38.989955,-0.523503,False
497,Albereda 2,N-340B,2023-12-14T23:56:09.097Z,38.990742,-0.513,076
498,CV-645B,Beata InesA,2023-12-14T23:56:19.097Z,0.0,0.0,979
499,PalasietA,Aben FerriA,2023-12-14T23:56:19.097Z,38.985489,-0.534157,557
500,Aben FerriA,Corts Valencianes 1A,2023-12-14T23:56:19.097Z,38.986084,-0.534517,999
501,Ausias MarchB,Ausias MarchA,2023-12-14T23:56:19.097Z,38.991913,-0.524291,999
502,Beata InesA,Reina,2023-12-14T23:56:19.097Z,38.987684,-0.53061,071
503,Reina,Albereda 1,2023-12-14T23:56:19.097Z,38.989955,-0.523503,673
504,Albereda 2,N-340B,2023-12-14T23:56:19.097Z,38.990742,-0.513,075
505,CV-645A,PalasietA,2023-12-14T23:56:29.097Z,38.985252,-0.537441,929
506,Corts Valencianes 1A,CV-645B,2023-12-14T23:56:29.097Z,38.985252,-0.537441,012
507,Corts Valencianes 1B,Alfons MagnanimB,2023-12-14T23:56:29.097Z,38.986084,-0.534517,False
508,Corts Valencianes 2A,Alfons MagnanimB,2023-12-14T23:56:29.097Z,38.986084,-0.534517,785
509,PalasietB,CV-645B,2023-12-14T23:56:29.097Z,38.985252,-0.537441,432
510,Aben FerriA,Aben FerriB,2023-12-14T23:56:29.097Z,38.986084,-0.534517,697
511,9 OctubreB,Beata InesB,2023-12-14T23:56:29.097Z,38.987684,-0.53061,217
512,Ausias MarchA,Corts Valencianes 2A,2023-12-14T23:56:29.097Z,38.987684,-0.53061,946
513,Ausias MarchB,Ausias MarchA,2023-12-14T23:56:29.097Z,38.991913,-0.524291,False
514,Beata InesA,Corts Valencianes 2A,2023-12-14T23:56:29.097Z,38.987684,-0.53061,280
515,Ximen ToviaB,N-340B,2023-12-14T23:56:29.097Z,38.992357,-0.519858,114
516,Albereda 2,N-340B,2023-12-14T23:56:29.097Z,38.990742,-0.513,303
517,Corts Valencianes 1A,Corts Valencianes 1B,2023-12-14T23:56:39.097Z,38.985252,-0.537441,150
518,Corts Valencianes 1B,Corts Valencianes 2B,2023-12-14T23:56:39.097Z,38.986084,-0.534517,910
519,Corts Valencianes 2A,Corts Valencianes 2B,2023-12-14T23:56:39.097Z,38.986084,-0.534517,946
520,PalasietB,CV-645B,2023-12-14T23:56:39.097Z,38.985252,-0.537441,989
521,Alfons MagnanimB,9 OctubreB,2023-12-14T23:56:39.097Z,38.987144,-0.535236,False
522,Aben FerriA,Corts Valencianes 2B,2023-12-14T23:56:39.097Z,38.986084,-0.534517,832
523,Aben FerriB,PalasietB,2023-12-14T23:56:39.097Z,38.985489,-0.534157,False
524,Abu Masaifa,Ausias MarchB,2023-12-14T23:56:39.097Z,38.987684,-0.53061,False
525,Ausias MarchA,9 OctubreA,2023-12-14T23:56:39.097Z,38.987684,-0.53061,999
526,Beata InesA,Ausias MarchB,2023-12-14T23:56:39.097Z,38.987684,-0.53061,436
527,Albereda 1,Albereda 2,2023-12-14T23:56:39.097Z,38.990122,-0.519633,False
528,Albereda 2,Cosmografo,2023-12-14T23:56:39.097Z,38.990742,-0.513,121
529,Republica Argentina,Carme 2,2023-12-14T23:56:39.097Z,38.99105,-0.519778,False
530,Corts Valencianes 1A,CV-645B,2023-12-14T23:56:49.097Z,38.985252,-0.537441,582
531,Corts Valencianes 1B,Corts Valencianes 2B,2023-12-14T23:56:49.097Z,38.986084,-0.534517,477
532,Corts Valencianes 2A,Alfons MagnanimB,2023-12-14T23:56:49.097Z,38.986084,-0.534517,260
533,Alfons MagnanimB,9 OctubreB,2023-12-14T23:56:49.097Z,38.987144,-0.535236,785
534,Ausias MarchB,Ximen ToviaB,2023-12-14T23:56:49.097Z,38.991913,-0.524291,False
535,Beata InesA,9 OctubreA,2023-12-14T23:56:49.097Z,38.987684,-0.53061,410
536,Reina,Republica Argentina,2023-12-14T23:56:49.097Z,38.989955,-0.523503,671
537,Ximen ToviaA,Ausias MarchA,2023-12-14T23:56:49.097Z,38.991913,-0.524291,843
538,Albereda 1,Albereda 2,2023-12-14T23:56:49.097Z,38.990122,-0.519633,673
539,Albereda 2,N-340B,2023-12-14T23:56:49.097Z,38.990742,-0.513,764
540,Carme 2,Albereda 2,2023-12-14T23:56:49.097Z,38.990122,-0.519633,False
541,N-340B,N-340A,2023-12-14T23:56:49.097Z,0.0,0.0,267
542,PalasietA,Aben FerriA,2023-12-14T23:56:59.097Z,38.985489,-0.534157,929
543,9 OctubreA,Alfons MagnanimA,2023-12-14T23:56:59.097Z,38.987144,-0.535236,999
544,Ausias MarchB,Ausias MarchA,2023-12-14T23:56:59.097Z,38.991913,-0.524291,486
545,Beata InesA,9 OctubreA,2023-12-14T23:56:59.097Z,38.987684,-0.53061,910
546,N-340B,N-340A,2023-12-14T23:56:59.097Z,0.0,0.0,997
547,CV-645B,N-340A,2023-12-14T23:57:09.097Z,0.0,0.0,899
548,PalasietB,CV-645B,2023-12-14T23:57:09.097Z,38.985252,-0.537441,263
549,Alfons MagnanimA,Corts Valencianes 1A,2023-12-14T23:57:09.097Z,38.986084,-0.534517,466
550,Alfons MagnanimB,9 OctubreB,2023-12-14T23:57:09.097Z,38.987144,-0.535236,092
551,Argenteria,PalasietB,2023-12-14T23:57:09.097Z,38.985489,-0.534157,583
552,9 OctubreA,9 OctubreB,2023-12-14T23:57:09.097Z,38.987144,-0.535236,410
553,Ausias MarchB,Ausias MarchA,2023-12-14T23:57:09.097Z,38.991913,-0.524291,038
554,Beata InesB,CV-645A,2023-12-14T23:57:09.097Z,0.0,0.0,048
555,CV-645B,CV-645A,2023-12-14T23:57:19.097Z,0.0,0.0,595
556,Corts Valencianes 1A,Corts Valencianes 1B,2023-12-14T23:57:19.097Z,38.985252,-0.537441,999
557,Corts Valencianes 1B,Alfons MagnanimB,2023-12-14T23:57:19.097Z,38.986084,-0.534517,790
558,Aben FerriA,Alfons MagnanimB,2023-12-14T23:57:19.097Z,38.986084,-0.534517,929
559,9 OctubreB,Reina,2023-12-14T23:57:19.097Z,38.987684,-0.53061,785
560,Ausias MarchB,Ausias MarchA,2023-12-14T23:57:19.097Z,38.991913,-0.524291,False
561,Beata InesA,Argenteria,2023-12-14T23:57:19.097Z,38.987684,-0.53061,628
562,Albereda 2,N-340B,2023-12-14T23:57:19.097Z,38.990742,-0.513,286
563,Alfons MagnanimB,Alfons MagnanimA,2023-12-14T23:57:29.097Z,38.987144,-0.535236,790
564,Argenteria,PalasietB,2023-12-14T23:57:29.097Z,38.985489,-0.534157,869
565,N-340B,N-340A,2023-12-14T23:57:29.097Z,0.0,0.0,False
566,CV-645A,PalasietA,2023-12-14T23:57:39.097Z,38.985252,-0.537441,048
567,CV-645B,CV-645A,2023-12-14T23:57:39.097Z,0.0,0.0,False
568,PalasietB,CV-645B,2023-12-14T23:57:39.097Z,38.985252,-0.537441,583
569,Alfons MagnanimB,Alfons MagnanimA,2023-12-14T23:57:39.097Z,38.987144,-0.535236,929
570,9 OctubreB,Reina,2023-12-14T23:57:39.097Z,38.987684,-0.53061,410
571,Ausias MarchB,Ximen ToviaB,2023-12-14T23:57:39.097Z,38.991913,-0.524291,637
572,Beata InesA,Reina,2023-12-14T23:57:39.097Z,38.987684,-0.53061,880
573,Ximen ToviaB,Ximen ToviaA,2023-12-14T23:57:39.097Z,38.992357,-0.519858,eXX
574,Albereda 2,N-340B,2023-12-14T23:57:39.097Z,38.990742,-0.513,673
575,N-340A,Carme 1,2023-12-14T23:57:39.097Z,38.992357,-0.519858,295
576,CV-645A,PalasietA,2023-12-14T23:57:49.097Z,38.985252,-0.537441,669
577,PalasietA,Aben FerriA,2023-12-14T23:57:49.097Z,38.985489,-0.534157,iXX
578,Argenteria,Aben FerriA,2023-12-14T23:57:49.097Z,38.985489,-0.534157,921
579,Ausias MarchB,Ausias MarchA,2023-12-14T23:57:49.097Z,38.991913,-0.524291,436
580,Beata InesA,Corts Valencianes 2A,2023-12-14T23:57:49.097Z,38.987684,-0.53061,172
581,Beata InesB,Beata InesA,2023-12-14T23:57:49.097Z,0.0,0.0,696
582,Ximen ToviaB,Ximen ToviaA,2023-12-14T23:57:49.097Z,38.992357,-0.519858,False
583,Albereda 2,N-340B,2023-12-14T23:57:49.097Z,38.990742,-0.513,False
584,Carme 1,Academic Maravall,2023-12-14T23:57:49.097Z,38.99105,-0.519778,290
585,N-340A,Ximen ToviaA,2023-12-14T23:57:49.097Z,38.992357,-0.519858,853
586,PalasietA,PalasietA,2023-12-14T23:57:59.097Z,38.985489,-0.534157,595
587,PalasietB,Corts Valencianes 1B,2023-12-14T23:57:59.097Z,38.985252,-0.537441,251
588,Alfons MagnanimA,Corts Valencianes 2B,2023-12-14T23:57:59.097Z,38.986084,-0.534517,150
589,Aben FerriA,Corts Valencianes 1A,2023-12-14T23:57:59.097Z,38.986084,-0.534517,048
590,Beata InesA,Argenteria,2023-12-14T23:57:59.097Z,38.987684,-0.53061,998
591,Ximen ToviaA,Ausias MarchA,2023-12-14T23:57:59.097Z,38.991913,-0.524291,447
592,Academic Maravall,Maulets,2023-12-14T23:57:59.097Z,38.991249,-0.518678,290
593,N-340A,Ximen ToviaA,2023-12-14T23:57:59.097Z,38.992357,-0.519858,769
594,CV-645A,PalasietA,2023-12-14T23:58:09.097Z,38.985252,-0.537441,697
595,Corts Valencianes 1B,Aben FerriB,2023-12-14T23:58:09.097Z,38.986084,-0.534517,628
596,Corts Valencianes 2A,Aben FerriB,2023-12-14T23:58:09.097Z,38.986084,-0.534517,120
597,PalasietA,PalasietB,2023-12-14T23:58:09.097Z,38.985489,-0.534157,395
598,Aben FerriA,Alfons MagnanimB,2023-12-14T23:58:09.097Z,38.986084,-0.534517,971
599,Argenteria,PalasietB,2023-12-14T23:58:09.097Z,38.985489,-0.534157,998
600,Beata InesA,Ausias MarchB,2023-12-14T23:58:09.097Z,38.987684,-0.53061,991
601,N-340B,N-340A,2023-12-14T23:58:09.097Z,0.0,0.0,268
602,PalasietA,PalasietB,2023-12-14T23:58:19.097Z,38.985489,-0.534157,669
603,Alfons MagnanimB,9 OctubreB,2023-12-14T23:58:19.097Z,38.987144,-0.535236,921
604,Beata InesA,Reina,2023-12-14T23:58:19.097Z,38.987684,-0.53061,494
605,Reina,Republica Argentina,2023-12-14T23:58:19.097Z,38.989955,-0.523503,785
606,Ximen ToviaA,Ausias MarchA,2023-12-14T23:58:19.097Z,38.991913,-0.524291,False
607,N-340A,Gregorio Molina,2023-12-14T23:58:19.097Z,38.992357,-0.519858,362
608,N-340B,N-340A,2023-12-14T23:58:19.097Z,0.0,0.0,979
609,CV-645B,N-340A,2023-12-14T23:58:29.097Z,0.0,0.0,862
610,Corts Valencianes 1A,CV-645B,2023-12-14T23:58:29.097Z,38.985252,-0.537441,108
611,Aben FerriB,Aben FerriA,2023-12-14T23:58:29.097Z,38.985489,-0.534157,172
612,Ausias MarchA,Argenteria,2023-12-14T23:58:29.097Z,38.987684,-0.53061,841
613,Reina,Albereda 1,2023-12-14T23:58:29.097Z,38.989955,-0.523503,410
614,Ximen ToviaA,Baixada estacio 1,2023-12-14T23:58:29.097Z,38.991913,-0.524291,953
615,N-340A,Gregorio Molina,2023-12-14T23:58:29.097Z,38.992357,-0.519858,936
616,N-340B,Beata InesA,2023-12-14T23:58:29.097Z,0.0,0.0,161
617,Republica Argentina,Carme 2,2023-12-14T23:58:29.097Z,38.99105,-0.519778,785
618,Corts Valencianes 1B,Alfons MagnanimB,2023-12-14T23:58:39.097Z,38.986084,-0.534517,False
619,Alfons MagnanimA,Corts Valencianes 2B,2023-12-14T23:58:39.097Z,38.986084,-0.534517,816
620,Aben FerriA,Alfons MagnanimB,2023-12-14T23:58:39.097Z,38.986084,-0.534517,172
621,Ausias MarchA,9 OctubreA,2023-12-14T23:58:39.097Z,38.987684,-0.53061,486
622,Beata InesA,Ausias MarchB,2023-12-14T23:58:39.097Z,38.987684,-0.53061,167
623,Reina,Albereda 1,2023-12-14T23:58:39.097Z,38.989955,-0.523503,880
624,Ximen ToviaA,Ausias MarchA,2023-12-14T23:58:39.097Z,38.991913,-0.524291,769
625,Baixada estacio 1,Abu Masaifa,2023-12-14T23:58:39.097Z,38.991213,-0.523787,853
626,Gregorio Molina,Abu Masaifa,2023-12-14T23:58:39.097Z,38.991213,-0.523787,False
627,N-340A,Gregorio Molina,2023-12-14T23:58:39.097Z,38.992357,-0.519858,False
628,N-340B,N-340A,2023-12-14T23:58:39.097Z,0.0,0.0,False
629,PalasietB,CV-645B,2023-12-14T23:58:49.097Z,38.985252,-0.537441,395
630,Alfons MagnanimB,9 OctubreB,2023-12-14T23:58:49.097Z,38.987144,-0.535236,False
631,Ausias MarchA,9 OctubreA,2023-12-14T23:58:49.097Z,38.987684,-0.53061,609
632,Beata InesA,Ausias MarchB,2023-12-14T23:58:49.097Z,38.987684,-0.53061,fXX
633,Ximen ToviaB,N-340B,2023-12-14T23:58:49.097Z,38.992357,-0.519858,637
634,Carme 2,Albereda 2,2023-12-14T23:58:49.097Z,38.990122,-0.519633,785
635,N-340A,Gregorio Molina,2023-12-14T23:58:49.097Z,38.992357,-0.519858,196
636,N-340B,Beata InesA,2023-12-14T23:58:49.097Z,0.0,0.0,868
637,CV-645B,Beata InesA,2023-12-14T23:58:59.097Z,0.0,0.0,False
638,PalasietB,PalasietA,2023-12-14T23:58:59.097Z,38.985252,-0.537441,553
639,Alfons MagnanimB,Alfons MagnanimA,2023-12-14T23:58:59.097Z,38.987144,-0.535236,False
640,Argenteria,PalasietB,2023-12-14T23:58:59.097Z,38.985489,-0.534157,843
641,9 OctubreA,Alfons MagnanimA,2023-12-14T23:58:59.097Z,38.987144,-0.535236,166
642,9 OctubreB,Ausias MarchB,2023-12-14T23:58:59.097Z,38.987684,-0.53061,921
643,Ausias MarchA,Reina,2023-12-14T23:58:59.097Z,38.987684,-0.53061,271
644,Ausias MarchB,Baixada estacio 1,2023-12-14T23:58:59.097Z,38.991913,-0.524291,991
645,Beata InesA,9 OctubreA,2023-12-14T23:58:59.097Z,38.987684,-0.53061,688
646,Albereda 1,Albereda 2,2023-12-14T23:58:59.097Z,38.990122,-0.519633,801
647,CV-645B,CV-645A,2023-12-14T23:59:09.097Z,0.0,0.0,758
648,PalasietA,Aben FerriA,2023-12-14T23:59:09.097Z,38.985489,-0.534157,998
649,PalasietB,Corts Valencianes 1B,2023-12-14T23:59:09.097Z,38.985252,-0.537441,669
650,9 OctubreA,Alfons MagnanimA,2023-12-14T23:59:09.097Z,38.987144,-0.535236,False
651,9 OctubreB,Reina,2023-12-14T23:59:09.097Z,38.987684,-0.53061,False
652,Ausias MarchA,Corts Valencianes 2A,2023-12-14T23:59:09.097Z,38.987684,-0.53061,436
653,Ausias MarchB,Baixada estacio 1,2023-12-14T23:59:09.097Z,38.991913,-0.524291,False
654,Beata InesA,Ausias MarchB,2023-12-14T23:59:09.097Z,38.987684,-0.53061,485
655,Beata InesB,CV-645A,2023-12-14T23:59:09.097Z,0.0,0.0,217
656,Reina,Albereda 1,2023-12-14T23:59:09.097Z,38.989955,-0.523503,494
657,Baixada estacio 1,Abu Masaifa,2023-12-14T23:59:09.097Z,38.991213,-0.523787,991
658,Albereda 2,Cosmografo,2023-12-14T23:59:09.097Z,38.990742,-0.513,785
659,N-340A,Ximen ToviaA,2023-12-14T23:59:09.097Z,38.992357,-0.519858,812
660,CV-645B,Beata InesA,2023-12-14T23:59:19.097Z,0.0,0.0,633
661,Corts Valencianes 1B,Corts Valencianes 2B,2023-12-14T23:59:19.097Z,38.986084,-0.534517,585
662,PalasietB,Corts Valencianes 1B,2023-12-14T23:59:19.097Z,38.985252,-0.537441,416
663,Alfons MagnanimA,Corts Valencianes 2B,2023-12-14T23:59:19.097Z,38.986084,-0.534517,120
664,Aben FerriA,Corts Valencianes 1A,2023-12-14T23:59:19.097Z,38.986084,-0.534517,953
665,Abu Masaifa,Argenteria,2023-12-14T23:59:19.097Z,38.987684,-0.53061,192
666,Ausias MarchA,Argenteria,2023-12-14T23:59:19.097Z,38.987684,-0.53061,447
667,Ausias MarchB,Ximen ToviaB,2023-12-14T23:59:19.097Z,38.991913,-0.524291,False
668,Beata InesA,Corts Valencianes 2A,2023-12-14T23:59:19.097Z,38.987684,-0.53061,317
669,N-340A,Gregorio Molina,2023-12-14T23:59:19.097Z,38.992357,-0.519858,False
670,CV-645A,Corts Valencianes 1B,2023-12-14T23:59:29.097Z,38.985252,-0.537441,758
671,Corts Valencianes 1A,Corts Valencianes 1B,2023-12-14T23:59:29.097Z,38.985252,-0.537441,553
672,Corts Valencianes 2A,Aben FerriB,2023-12-14T23:59:29.097Z,38.986084,-0.534517,436
673,Alfons MagnanimA,Aben FerriB,2023-12-14T23:59:29.097Z,38.986084,-0.534517,166
674,Alfons MagnanimB,9 OctubreB,2023-12-14T23:59:29.097Z,38.987144,-0.535236,459
675,9 OctubreB,Reina,2023-12-14T23:59:29.097Z,38.987684,-0.53061,787
676,Ausias MarchA,Ausias MarchB,2023-12-14T23:59:29.097Z,38.987684,-0.53061,False
677,Ausias MarchB,Ausias MarchA,2023-12-14T23:59:29.097Z,38.991913,-0.524291,049
678,Ximen ToviaA,Baixada estacio 1,2023-12-14T23:59:29.097Z,38.991913,-0.524291,426
679,Baixada estacio 1,Baixada estacio 2,2023-12-14T23:59:29.097Z,38.991213,-0.523787,361
680,Gregorio Molina,Baixada estacio 2,2023-12-14T23:59:29.097Z,38.991213,-0.523787,986
681,Albereda 2,Cosmografo,2023-12-14T23:59:29.097Z,38.990742,-0.513,880
682,N-340A,Carme 1,2023-12-14T23:59:29.097Z,38.992357,-0.519858,070
683,N-340B,CV-645A,2023-12-14T23:59:29.097Z,0.0,0.0,659
684,CV-645B,Beata InesA,2023-12-14T23:59:39.097Z,0.0,0.0,916
685,Corts Valencianes 1B,Alfons MagnanimB,2023-12-14T23:59:39.097Z,38.986084,-0.534517,843
686,Corts Valencianes 2A,Alfons MagnanimB,2023-12-14T23:59:39.097Z,38.986084,-0.534517,317
687,Aben FerriB,PalasietB,2023-12-14T23:59:39.097Z,38.985489,-0.534157,436
688,Argenteria,PalasietB,2023-12-14T23:59:39.097Z,38.985489,-0.534157,192
689,Beata InesA,9 OctubreA,2023-12-14T23:59:39.097Z,38.987684,-0.53061,604
690,Reina,Republica Argentina,2023-12-14T23:59:39.097Z,38.989955,-0.523503,627
691,Baixada estacio 2,Republica Argentina,2023-12-14T23:59:39.097Z,38.989955,-0.523503,False
692,Gregorio Molina,Abu Masaifa,2023-12-14T23:59:39.097Z,38.991213,-0.523787,196
693,Albereda 1,Albereda 2,2023-12-14T23:59:39.097Z,38.990122,-0.519633,494
694,Cosmografo,Maulets,2023-12-14T23:59:39.097Z,38.991249,-0.518678,785
695,N-340A,Gregorio Molina,2023-12-14T23:59:39.097Z,38.992357,-0.519858,878
696,CV-645A,PalasietA,2023-12-14T23:59:49.097Z,38.985252,-0.537441,699
697,PalasietB,PalasietA,2023-12-14T23:59:49.097Z,38.985252,-0.537441,436
698,Alfons MagnanimB,9 OctubreB,2023-12-14T23:59:49.097Z,38.987144,-0.535236,843
699,Aben FerriA,Corts Valencianes 2B,2023-12-14T23:59:49.097Z,38.986084,-0.534517,193
700,Aben FerriB,PalasietB,2023-12-14T23:59:49.097Z,38.985489,-0.534157,486
701,Argenteria,PalasietB,2023-12-14T23:59:49.097Z,38.985489,-0.534157,False
702,Ausias MarchB,Ausias MarchA,2023-12-14T23:59:49.097Z,38.991913,-0.524291,971
703,Beata InesA,9 OctubreA,2023-12-14T23:59:49.097Z,38.987684,-0.53061,932
704,Reina,Albereda 1,2023-12-14T23:59:49.097Z,38.989955,-0.523503,False
705,Baixada estacio 1,Baixada estacio 2,2023-12-14T23:59:49.097Z,38.991213,-0.523787,812
706,Baixada estacio 2,Republica Argentina,2023-12-14T23:59:49.097Z,38.989955,-0.523503,False
707,Albereda 1,Albereda 2,2023-12-14T23:59:49.097Z,38.990122,-0.519633,816
708,Carme 1,Carme 2,2023-12-14T23:59:49.097Z,38.99105,-0.519778,969
709,Maulets,Ximen ToviaA,2023-12-14T23:59:49.097Z,38.992357,-0.519858,785
710,CV-645B,N-340A,2023-12-14T23:59:59.097Z,0.0,0.0,268
711,Corts Valencianes 1B,Corts Valencianes 2B,2023-12-14T23:59:59.097Z,38.986084,-0.534517,861
712,Ausias MarchB,Ausias MarchA,2023-12-14T23:59:59.097Z,38.991913,-0.524291,485
713,Beata InesA,Ausias MarchB,2023-12-14T23:59:59.097Z,38.987684,-0.53061,False
714,Ximen ToviaB,Carme 1,2023-12-14T23:59:59.097Z,38.992357,-0.519858,False
715,Baixada estacio 2,Albereda 1,2023-12-14T23:59:59.097Z,38.989955,-0.523503,812
716,Albereda 1,Albereda 2,2023-12-14T23:59:59.097Z,38.990122,-0.519633,False
717,Carme 2,Albereda 2,2023-12-14T23:59:59.097Z,38.990122,-0.519633,161
718,Cosmografo,Maulets,2023-12-14T23:59:59.097Z,38.991249,-0.518678,880
719,N-340B,Beata InesA,2023-12-14T23:59:59.097Z,0.0,0.0,False
720,Republica Argentina,Academic Maravall,2023-12-14T23:59:59.097Z,38.99105,-0.519778,627
721,CV-645A,PalasietA,2023-12-15T00:00:09.097Z,38.985252,-0.537441,990
722,CV-645B,Beata InesA,2023-12-15T00:00:09.097Z,0.0,0.0,816
723,PalasietA,Aben FerriA,2023-12-15T00:00:09.097Z,38.985489,-0.534157,217
724,Alfons MagnanimB,Alfons MagnanimA,2023-12-15T00:00:09.097Z,38.987144,-0.535236,317
725,9 OctubreA,9 OctubreB,2023-12-15T00:00:09.097Z,38.987144,-0.535236,883
726,Ausias MarchA,Argenteria,2023-12-15T00:00:09.097Z,38.987684,-0.53061,False
727,Ausias MarchB,Baixada estacio 1,2023-12-15T00:00:09.097Z,38.991913,-0.524291,False
728,Beata InesA,Corts Valencianes 2A,2023-12-15T00:00:09.097Z,38.987684,-0.53061,631
729,Reina,Republica Argentina,2023-12-15T00:00:09.097Z,38.989955,-0.523503,787
730,Ximen ToviaA,Ausias MarchA,2023-12-15T00:00:09.097Z,38.991913,-0.524291,678
731,Carme 1,Academic Maravall,2023-12-15T00:00:09.097Z,38.99105,-0.519778,fXX
732,Maulets,Ximen ToviaA,2023-12-15T00:00:09.097Z,38.992357,-0.519858,801
733,N-340B,CV-645A,2023-12-15T00:00:09.097Z,0.0,0.0,907
734,PalasietA,Aben FerriA,2023-12-15T00:00:19.097Z,38.985489,-0.534157,436
735,PalasietB,PalasietA,2023-12-15T00:00:19.097Z,38.985252,-0.537441,166
736,Alfons MagnanimA,Corts Valencianes 2B,2023-12-15T00:00:19.097Z,38.986084,-0.534517,317
737,9 OctubreB,Corts Valencianes 2A,2023-12-15T00:00:19.097Z,38.987684,-0.53061,459
738,Beata InesA,Reina,2023-12-15T00:00:19.097Z,38.987684,-0.53061,080
739,Baixada estacio 1,Abu Masaifa,2023-12-15T00:00:19.097Z,38.991213,-0.523787,False
740,Albereda 1,Albereda 2,2023-12-15T00:00:19.097Z,38.990122,-0.519633,812
741,Academic Maravall,Maulets,2023-12-15T00:00:19.097Z,38.991249,-0.518678,867
742,N-340A,Ximen ToviaA,2023-12-15T00:00:19.097Z,38.992357,-0.519858,580
743,N-340B,N-340A,2023-12-15T00:00:19.097Z,0.0,0.0,600
744,Republica Argentina,Academic Maravall,2023-12-15T00:00:19.097Z,38.99105,-0.519778,499
745,PalasietA,Aben FerriA,2023-12-15T00:00:29.097Z,38.985489,-0.534157,599
746,PalasietB,CV-645B,2023-12-15T00:00:29.097Z,38.985252,-0.537441,False
747,9 OctubreB,Beata InesB,2023-12-15T00:00:29.097Z,38.987684,-0.53061,False
748,Beata InesA,Ausias MarchB,2023-12-15T00:00:29.097Z,38.987684,-0.53061,869
749,Ximen ToviaA,Baixada estacio 1,2023-12-15T00:00:29.097Z,38.991913,-0.524291,880
750,Academic Maravall,Maulets,2023-12-15T00:00:29.097Z,38.991249,-0.518678,False
751,Maulets,Ximen ToviaA,2023-12-15T00:00:29.097Z,38.992357,-0.519858,867
752,N-340A,Ximen ToviaA,2023-12-15T00:00:29.097Z,38.992357,-0.519858,223
753,Republica Argentina,Academic Maravall,2023-12-15T00:00:29.097Z,38.99105,-0.519778,986
754,CV-645A,Corts Valencianes 1B,2023-12-15T00:00:39.097Z,38.985252,-0.537441,False
755,PalasietA,Aben FerriA,2023-12-15T00:00:39.097Z,38.985489,-0.534157,486
756,Aben FerriA,Alfons MagnanimB,2023-12-15T00:00:39.097Z,38.986084,-0.534517,436
757,9 OctubreA,9 OctubreB,2023-12-15T00:00:39.097Z,38.987144,-0.535236,684
758,9 OctubreB,Reina,2023-12-15T00:00:39.097Z,38.987684,-0.53061,843
759,Ausias MarchB,Ximen ToviaB,2023-12-15T00:00:39.097Z,38.991913,-0.524291,422
760,Beata InesA,Ausias MarchB,2023-12-15T00:00:39.097Z,38.987684,-0.53061,962
761,Baixada estacio 1,Baixada estacio 2,2023-12-15T00:00:39.097Z,38.991213,-0.523787,880
762,Albereda 2,Cosmografo,2023-12-15T00:00:39.097Z,38.990742,-0.513,434
763,Academic Maravall,Maulets,2023-12-15T00:00:39.097Z,38.991249,-0.518678,167
764,Maulets,Gregorio Molina,2023-12-15T00:00:39.097Z,38.992357,-0.519858,False
765,Republica Argentina,Carme 2,2023-12-15T00:00:39.097Z,38.99105,-0.519778,100
766,Corts Valencianes 2A,Alfons MagnanimB,2023-12-15T00:00:49.097Z,38.986084,-0.534517,969
767,Alfons MagnanimB,Alfons MagnanimA,2023-12-15T00:00:49.097Z,38.987144,-0.535236,436
768,Aben FerriA,Corts Valencianes 1A,2023-12-15T00:00:49.097Z,38.986084,-0.534517,989
769,Argenteria,PalasietB,2023-12-15T00:00:49.097Z,38.985489,-0.534157,094
770,9 OctubreA,Alfons MagnanimA,2023-12-15T00:00:49.097Z,38.987144,-0.535236,604
771,Beata InesA,Ausias MarchB,2023-12-15T00:00:49.097Z,38.987684,-0.53061,False
772,Beata InesB,N-340A,2023-12-15T00:00:49.097Z,0.0,0.0,427
773,Ximen ToviaA,Ausias MarchA,2023-12-15T00:00:49.097Z,38.991913,-0.524291,980
774,Albereda 2,N-340B,2023-12-15T00:00:49.097Z,38.990742,-0.513,431
775,Academic Maravall,Maulets,2023-12-15T00:00:49.097Z,38.991249,-0.518678,False
776,N-340A,Gregorio Molina,2023-12-15T00:00:49.097Z,38.992357,-0.519858,401
777,N-340B,Beata InesA,2023-12-15T00:00:49.097Z,0.0,0.0,882
778,Alfons MagnanimB,Alfons MagnanimA,2023-12-15T00:00:59.097Z,38.987144,-0.535236,631
779,Aben FerriA,Corts Valencianes 1A,2023-12-15T00:00:59.097Z,38.986084,-0.534517,486
780,9 OctubreA,Alfons MagnanimA,2023-12-15T00:00:59.097Z,38.987144,-0.535236,663
781,9 OctubreB,Reina,2023-12-15T00:00:59.097Z,38.987684,-0.53061,688
782,Abu Masaifa,Argenteria,2023-12-15T00:00:59.097Z,38.987684,-0.53061,196
783,Beata InesA,Argenteria,2023-12-15T00:00:59.097Z,38.987684,-0.53061,718
784,Reina,Republica Argentina,2023-12-15T00:00:59.097Z,38.989955,-0.523503,080
785,Ximen ToviaA,Baixada estacio 1,2023-12-15T00:00:59.097Z,38.991913,-0.524291,627
786,Baixada estacio 2,Republica Argentina,2023-12-15T00:00:59.097Z,38.989955,-0.523503,712
787,Albereda 2,Cosmografo,2023-12-15T00:00:59.097Z,38.990742,-0.513,False
788,Carme 2,Albereda 2,2023-12-15T00:00:59.097Z,38.990122,-0.519633,100
789,Maulets,Ximen ToviaA,2023-12-15T00:00:59.097Z,38.992357,-0.519858,361
790,N-340A,Gregorio Molina,2023-12-15T00:00:59.097Z,38.992357,-0.519858,433
791,N-340B,CV-645A,2023-12-15T00:00:59.097Z,0.0,0.0,812
792,Corts Valencianes 2A,Corts Valencianes 2B,2023-12-15T00:01:09.097Z,38.986084,-0.534517,459
793,Alfons MagnanimA,Alfons MagnanimB,2023-12-15T00:01:09.097Z,38.986084,-0.534517,604
794,Abu Masaifa,Reina,2023-12-15T00:01:09.097Z,38.987684,-0.53061,eXX
795,Ximen ToviaA,Ausias MarchA,2023-12-15T00:01:09.097Z,38.991913,-0.524291,225
796,Ximen ToviaB,Ximen ToviaA,2023-12-15T00:01:09.097Z,38.992357,-0.519858,422
797,Gregorio Molina,Abu Masaifa,2023-12-15T00:01:09.097Z,38.991213,-0.523787,966
798,Albereda 2,Cosmografo,2023-12-15T00:01:09.097Z,38.990742,-0.513,966
799,Cosmografo,Maulets,2023-12-15T00:01:09.097Z,38.991249,-0.518678,494
800,Maulets,Carme 1,2023-12-15T00:01:09.097Z,38.992357,-0.519858,False
801,N-340A,Carme 1,2023-12-15T00:01:09.097Z,38.992357,-0.519858,689
802,N-340B,CV-645A,2023-12-15T00:01:09.097Z,0.0,0.0,936
803,CV-645A,Corts Valencianes 1B,2023-12-15T00:01:19.097Z,38.985252,-0.537441,812
804,CV-645B,CV-645A,2023-12-15T00:01:19.097Z,0.0,0.0,False
805,Corts Valencianes 1A,CV-645B,2023-12-15T00:01:19.097Z,38.985252,-0.537441,486
806,Corts Valencianes 1B,Corts Valencianes 1A,2023-12-15T00:01:19.097Z,38.986084,-0.534517,906
807,PalasietB,PalasietA,2023-12-15T00:01:19.097Z,38.985252,-0.537441,049
808,Alfons MagnanimA,Corts Valencianes 2B,2023-12-15T00:01:19.097Z,38.986084,-0.534517,False
809,Alfons MagnanimB,9 OctubreB,2023-12-15T00:01:19.097Z,38.987144,-0.535236,604
810,9 OctubreB,Reina,2023-12-15T00:01:19.097Z,38.987684,-0.53061,False
811,Beata InesA,9 OctubreA,2023-12-15T00:01:19.097Z,38.987684,-0.53061,False
812,Reina,Republica Argentina,2023-12-15T00:01:19.097Z,38.989955,-0.523503,841
813,Gregorio Molina,Abu Masaifa,2023-12-15T00:01:19.097Z,38.991213,-0.523787,878
814,Carme 1,Carme 2,2023-12-15T00:01:19.097Z,38.99105,-0.519778,999
815,Cosmografo,Maulets,2023-12-15T00:01:19.097Z,38.991249,-0.518678,False
816,N-340A,Ximen ToviaA,2023-12-15T00:01:19.097Z,38.992357,-0.519858,267
817,N-340B,Beata InesA,2023-12-15T00:01:19.097Z,0.0,0.0,769
818,Corts Valencianes 1A,PalasietA,2023-12-15T00:01:29.097Z,38.985252,-0.537441,807
819,Corts Valencianes 1B,Corts Valencianes 2B,2023-12-15T00:01:29.097Z,38.986084,-0.534517,812
820,Alfons MagnanimA,Aben FerriB,2023-12-15T00:01:29.097Z,38.986084,-0.534517,969
821,9 OctubreB,Corts Valencianes 2A,2023-12-15T00:01:29.097Z,38.987684,-0.53061,604
822,Ausias MarchA,9 OctubreA,2023-12-15T00:01:29.097Z,38.987684,-0.53061,921
823,Ausias MarchB,Ausias MarchA,2023-12-15T00:01:29.097Z,38.991913,-0.524291,912
824,Beata InesA,Ausias MarchB,2023-12-15T00:01:29.097Z,38.987684,-0.53061,300
825,Reina,Republica Argentina,2023-12-15T00:01:29.097Z,38.989955,-0.523503,883
826,Baixada estacio 1,Abu Masaifa,2023-12-15T00:01:29.097Z,38.991213,-0.523787,627
827,Gregorio Molina,Abu Masaifa,2023-12-15T00:01:29.097Z,38.991213,-0.523787,357
828,Albereda 2,Cosmografo,2023-12-15T00:01:29.097Z,38.990742,-0.513,787
829,Carme 1,Carme 2,2023-12-15T00:01:29.097Z,38.99105,-0.519778,884
830,Carme 2,Albereda 2,2023-12-15T00:01:29.097Z,38.990122,-0.519633,566
831,Cosmografo,Maulets,2023-12-15T00:01:29.097Z,38.991249,-0.518678,966
832,Maulets,N-340B,2023-12-15T00:01:29.097Z,38.992357,-0.519858,False
833,N-340A,Gregorio Molina,2023-12-15T00:01:29.097Z,38.992357,-0.519858,997
834,N-340B,Beata InesA,2023-12-15T00:01:29.097Z,0.0,0.0,974
835,CV-645A,Corts Valencianes 1B,2023-12-15T00:01:39.097Z,38.985252,-0.537441,936
836,Aben FerriB,PalasietB,2023-12-15T00:01:39.097Z,38.985489,-0.534157,631
837,Ausias MarchA,Ausias MarchA,2023-12-15T00:01:39.097Z,38.987684,-0.53061,485
838,Ausias MarchB,Ximen ToviaB,2023-12-15T00:01:39.097Z,38.991913,-0.524291,969
839,Beata InesA,Corts Valencianes 2A,2023-12-15T00:01:39.097Z,38.987684,-0.53061,486
840,Ximen ToviaA,Baixada estacio 1,2023-12-15T00:01:39.097Z,38.991913,-0.524291,422
841,Gregorio Molina,Abu Masaifa,2023-12-15T00:01:39.097Z,38.991213,-0.523787,iXX
842,Carme 2,Albereda 2,2023-12-15T00:01:39.097Z,38.990122,-0.519633,884
843,Maulets,Gregorio Molina,2023-12-15T00:01:39.097Z,38.992357,-0.519858,969
844,N-340A,Gregorio Molina,2023-12-15T00:01:39.097Z,38.992357,-0.519858,869
845,N-340B,N-340A,2023-12-15T00:01:39.097Z,0.0,0.0,False
846,CV-645A,Corts Valencianes 1B,2023-12-15T00:01:49.097Z,38.985252,-0.537441,False
847,Corts Valencianes 1B,Corts Valencianes 1A,2023-12-15T00:01:49.097Z,38.986084,-0.534517,936
848,Corts Valencianes 2A,Corts Valencianes 1A,2023-12-15T00:01:49.097Z,38.986084,-0.534517,604
849,PalasietA,Aben FerriA,2023-12-15T00:01:49.097Z,38.985489,-0.534157,049
850,PalasietB,PalasietA,2023-12-15T00:01:49.097Z,38.985252,-0.537441,631
851,Aben FerriA,Corts Valencianes 1A,2023-12-15T00:01:49.097Z,38.986084,-0.534517,889
852,Ausias MarchB,Ausias MarchA,2023-12-15T00:01:49.097Z,38.991913,-0.524291,962
853,Beata InesA,Ausias MarchB,2023-12-15T00:01:49.097Z,38.987684,-0.53061,991
854,Reina,Republica Argentina,2023-12-15T00:01:49.097Z,38.989955,-0.523503,False
855,Gregorio Molina,Abu Masaifa,2023-12-15T00:01:49.097Z,38.991213,-0.523787,401
856,N-340A,Carme 1,2023-12-15T00:01:49.097Z,38.992357,-0.519858,827
857,N-340B,Beata InesA,2023-12-15T00:01:49.097Z,0.0,0.0,916
858,CV-645B,N-340A,2023-12-15T00:01:59.097Z,0.0,0.0,734
859,Corts Valencianes 1A,PalasietA,2023-12-15T00:01:59.097Z,38.985252,-0.537441,936
860,PalasietA,Aben FerriA,2023-12-15T00:01:59.097Z,38.985489,-0.534157,807
861,Aben FerriA,Corts Valencianes 1A,2023-12-15T00:01:59.097Z,38.986084,-0.534517,049
862,Ausias MarchB,Baixada estacio 1,2023-12-15T00:01:59.097Z,38.991913,-0.524291,False
863,Beata InesA,Reina,2023-12-15T00:01:59.097Z,38.987684,-0.53061,098
864,Reina,Albereda 1,2023-12-15T00:01:59.097Z,38.989955,-0.523503,False
865,Ximen ToviaA,Ximen ToviaB,2023-12-15T00:01:59.097Z,38.991913,-0.524291,687
866,Ximen ToviaB,N-340B,2023-12-15T00:01:59.097Z,38.992357,-0.519858,False
867,Gregorio Molina,Abu Masaifa,2023-12-15T00:01:59.097Z,38.991213,-0.523787,647
868,Carme 1,Academic Maravall,2023-12-15T00:01:59.097Z,38.99105,-0.519778,296
869,N-340B,N-340A,2023-12-15T00:01:59.097Z,0.0,0.0,060
870,Corts Valencianes 1A,Corts Valencianes 1B,2023-12-15T00:02:09.097Z,38.985252,-0.537441,604
871,PalasietA,Aben FerriA,2023-12-15T00:02:09.097Z,38.985489,-0.534157,631
872,Aben FerriA,Corts Valencianes 2B,2023-12-15T00:02:09.097Z,38.986084,-0.534517,907
873,Argenteria,PalasietB,2023-12-15T00:02:09.097Z,38.985489,-0.534157,196
874,Ausias MarchA,Corts Valencianes 2A,2023-12-15T00:02:09.097Z,38.987684,-0.53061,225
875,Beata InesA,Ausias MarchB,2023-12-15T00:02:09.097Z,38.987684,-0.53061,919
876,Albereda 1,Albereda 2,2023-12-15T00:02:09.097Z,38.990122,-0.519633,684
877,Albereda 2,Cosmografo,2023-12-15T00:02:09.097Z,38.990742,-0.513,986
878,N-340B,N-340A,2023-12-15T00:02:09.097Z,0.0,0.0,343
879,Republica Argentina,Academic Maravall,2023-12-15T00:02:09.097Z,38.99105,-0.519778,080
880,Corts Valencianes 1A,CV-645B,2023-12-15T00:02:19.097Z,38.985252,-0.537441,863
881,Corts Valencianes 1B,Corts Valencianes 2B,2023-12-15T00:02:19.097Z,38.986084,-0.534517,604
882,PalasietA,Aben FerriA,2023-12-15T00:02:19.097Z,38.985489,-0.534157,996
883,Argenteria,Aben FerriA,2023-12-15T00:02:19.097Z,38.985489,-0.534157,718
884,Ausias MarchA,Corts Valencianes 2A,2023-12-15T00:02:19.097Z,38.987684,-0.53061,869
885,Beata InesA,9 OctubreA,2023-12-15T00:02:19.097Z,38.987684,-0.53061,018
886,Gregorio Molina,Abu Masaifa,2023-12-15T00:02:19.097Z,38.991213,-0.523787,CH6
887,Republica Argentina,Carme 2,2023-12-15T00:02:19.097Z,38.99105,-0.519778,712
888,Corts Valencianes 1A,CV-645B,2023-12-15T00:02:29.097Z,38.985252,-0.537441,049
889,Aben FerriA,Alfons MagnanimB,2023-12-15T00:02:29.097Z,38.986084,-0.534517,936
890,Ausias MarchA,Ausias MarchB,2023-12-15T00:02:29.097Z,38.987684,-0.53061,485
891,Beata InesA,Argenteria,2023-12-15T00:02:29.097Z,38.987684,-0.53061,796
892,Carme 2,Albereda 2,2023-12-15T00:02:29.097Z,38.990122,-0.519633,712
893,Cosmografo,Maulets,2023-12-15T00:02:29.097Z,38.991249,-0.518678,797
894,Republica Argentina,Carme 2,2023-12-15T00:02:29.097Z,38.99105,-0.519778,843
895,Alfons MagnanimB,Alfons MagnanimA,2023-12-15T00:02:39.097Z,38.987144,-0.535236,698
896,Aben FerriA,Alfons MagnanimB,2023-12-15T00:02:39.097Z,38.986084,-0.534517,False
897,Ausias MarchA,Argenteria,2023-12-15T00:02:39.097Z,38.987684,-0.53061,962
898,Beata InesA,9 OctubreA,2023-12-15T00:02:39.097Z,38.987684,-0.53061,690
899,Beata InesB,CV-645A,2023-12-15T00:02:39.097Z,0.0,0.0,525
900,Gregorio Molina,Abu Masaifa,2023-12-15T00:02:39.097Z,38.991213,-0.523787,777
901,Carme 2,Albereda 2,2023-12-15T00:02:39.097Z,38.990122,-0.519633,841
902,Maulets,Ximen ToviaA,2023-12-15T00:02:39.097Z,38.992357,-0.519858,797
903,N-340A,Carme 1,2023-12-15T00:02:39.097Z,38.992357,-0.519858,268
904,Republica Argentina,Academic Maravall,2023-12-15T00:02:39.097Z,38.99105,-0.519778,883
905,Alfons MagnanimA,Aben FerriB,2023-12-15T00:02:49.097Z,38.986084,-0.534517,700
906,Alfons MagnanimB,9 OctubreB,2023-12-15T00:02:49.097Z,38.987144,-0.535236,771
907,9 OctubreA,9 OctubreB,2023-12-15T00:02:49.097Z,38.987144,-0.535236,710
908,Ausias MarchB,Ximen ToviaB,2023-12-15T00:02:49.097Z,38.991913,-0.524291,949
909,Beata InesA,Ausias MarchB,2023-12-15T00:02:49.097Z,38.987684,-0.53061,197
910,Albereda 2,Cosmografo,2023-12-15T00:02:49.097Z,38.990742,-0.513,684
911,Carme 1,Academic Maravall,2023-12-15T00:02:49.097Z,38.99105,-0.519778,768
912,Academic Maravall,Maulets,2023-12-15T00:02:49.097Z,38.991249,-0.518678,080
913,Republica Argentina,Carme 2,2023-12-15T00:02:49.097Z,38.99105,-0.519778,False
914,Alfons MagnanimA,Aben FerriB,2023-12-15T00:02:59.097Z,38.986084,-0.534517,936
915,Aben FerriB,PalasietB,2023-12-15T00:02:59.097Z,38.985489,-0.534157,760
916,Argenteria,PalasietB,2023-12-15T00:02:59.097Z,38.985489,-0.534157,False
917,9 OctubreA,Alfons MagnanimA,2023-12-15T00:02:59.097Z,38.987144,-0.535236,921
918,Beata InesA,9 OctubreA,2023-12-15T00:02:59.097Z,38.987684,-0.53061,999
919,Baixada estacio 1,Abu Masaifa,2023-12-15T00:02:59.097Z,38.991213,-0.523787,422
920,Albereda 2,N-340B,2023-12-15T00:02:59.097Z,38.990742,-0.513,016
921,Academic Maravall,Maulets,2023-12-15T00:02:59.097Z,38.991249,-0.518678,803
922,Maulets,Ximen ToviaA,2023-12-15T00:02:59.097Z,38.992357,-0.519858,080
923,N-340A,Ximen ToviaA,2023-12-15T00:02:59.097Z,38.992357,-0.519858,False
924,N-340B,Beata InesA,2023-12-15T00:02:59.097Z,0.0,0.0,075
925,Corts Valencianes 2A,Alfons MagnanimB,2023-12-15T00:03:09.097Z,38.986084,-0.534517,223
926,PalasietB,Corts Valencianes 1B,2023-12-15T00:03:09.097Z,38.985252,-0.537441,196
927,Alfons MagnanimA,Corts Valencianes 2B,2023-12-15T00:03:09.097Z,38.986084,-0.534517,971
928,Aben FerriB,PalasietB,2023-12-15T00:03:09.097Z,38.985489,-0.534157,996
929,9 OctubreA,9 OctubreB,2023-12-15T00:03:09.097Z,38.987144,-0.535236,018
930,9 OctubreB,Ausias MarchB,2023-12-15T00:03:09.097Z,38.987684,-0.53061,997
931,Albereda 2,Cosmografo,2023-12-15T00:03:09.097Z,38.990742,-0.513,712
932,Carme 2,Albereda 2,2023-12-15T00:03:09.097Z,38.990122,-0.519633,False
933,Maulets,Gregorio Molina,2023-12-15T00:03:09.097Z,38.992357,-0.519858,803
934,N-340A,Carme 1,2023-12-15T00:03:09.097Z,38.992357,-0.519858,662
935,N-340B,Beata InesA,2023-12-15T00:03:09.097Z,0.0,0.0,870
936,CV-645B,Beata InesA,2023-12-15T00:03:19.097Z,0.0,0.0,319
937,Alfons MagnanimB,Alfons MagnanimA,2023-12-15T00:03:19.097Z,38.987144,-0.535236,229
938,9 OctubreA,Alfons MagnanimA,2023-12-15T00:03:19.097Z,38.987144,-0.535236,696
939,9 OctubreB,Ausias MarchB,2023-12-15T00:03:19.097Z,38.987684,-0.53061,710
940,Beata InesB,Beata InesA,2023-12-15T00:03:19.097Z,0.0,0.0,098
941,Cosmografo,Maulets,2023-12-15T00:03:19.097Z,38.991249,-0.518678,696
942,N-340A,Gregorio Molina,2023-12-15T00:03:19.097Z,38.992357,-0.519858,409
943,N-340B,Beata InesA,2023-12-15T00:03:19.097Z,0.0,0.0,756
944,CV-645A,PalasietA,2023-12-15T00:03:29.097Z,38.985252,-0.537441,949
945,Corts Valencianes 1B,Aben FerriB,2023-12-15T00:03:29.097Z,38.986084,-0.534517,736
946,PalasietB,PalasietA,2023-12-15T00:03:29.097Z,38.985252,-0.537441,700
947,Aben FerriB,PalasietB,2023-12-15T00:03:29.097Z,38.985489,-0.534157,628
948,Beata InesA,Argenteria,2023-12-15T00:03:29.097Z,38.987684,-0.53061,False
949,Beata InesB,Beata InesA,2023-12-15T00:03:29.097Z,0.0,0.0,False
950,Gregorio Molina,Abu Masaifa,2023-12-15T00:03:29.097Z,38.991213,-0.523787,803
951,Carme 1,Academic Maravall,2023-12-15T00:03:29.097Z,38.99105,-0.519778,662
952,Cosmografo,Maulets,2023-12-15T00:03:29.097Z,38.991249,-0.518678,712
953,Maulets,Gregorio Molina,2023-12-15T00:03:29.097Z,38.992357,-0.519858,884
954,N-340A,Gregorio Molina,2023-12-15T00:03:29.097Z,38.992357,-0.519858,892
955,N-340B,Beata InesA,2023-12-15T00:03:29.097Z,0.0,0.0,806
956,PalasietB,Corts Valencianes 1B,2023-12-15T00:03:39.097Z,38.985252,-0.537441,False
957,Alfons MagnanimA,Corts Valencianes 1A,2023-12-15T00:03:39.097Z,38.986084,-0.534517,223
958,Alfons MagnanimB,9 OctubreB,2023-12-15T00:03:39.097Z,38.987144,-0.535236,825
959,Aben FerriA,Corts Valencianes 1A,2023-12-15T00:03:39.097Z,38.986084,-0.534517,699
960,9 OctubreA,Alfons MagnanimA,2023-12-15T00:03:39.097Z,38.987144,-0.535236,999
961,9 OctubreB,Corts Valencianes 2A,2023-12-15T00:03:39.097Z,38.987684,-0.53061,016
962,Beata InesA,Corts Valencianes 2A,2023-12-15T00:03:39.097Z,38.987684,-0.53061,669
963,Ximen ToviaA,Ximen ToviaB,2023-12-15T00:03:39.097Z,38.991913,-0.524291,787
964,Academic Maravall,Maulets,2023-12-15T00:03:39.097Z,38.991249,-0.518678,662
965,Cosmografo,Maulets,2023-12-15T00:03:39.097Z,38.991249,-0.518678,370
966,Maulets,N-340B,2023-12-15T00:03:39.097Z,38.992357,-0.519858,712
967,N-340B,Beata InesA,2023-12-15T00:03:39.097Z,0.0,0.0,996
968,CV-645B,N-340A,2023-12-15T00:03:49.097Z,0.0,0.0,798
969,Corts Valencianes 1A,PalasietA,2023-12-15T00:03:49.097Z,38.985252,-0.537441,225
970,Corts Valencianes 1B,Corts Valencianes 1A,2023-12-15T00:03:49.097Z,38.986084,-0.534517,False
971,Corts Valencianes 2A,Corts Valencianes 1A,2023-12-15T00:03:49.097Z,38.986084,-0.534517,019
972,PalasietA,Aben FerriA,2023-12-15T00:03:49.097Z,38.985489,-0.534157,545
973,Alfons MagnanimA,Alfons MagnanimB,2023-12-15T00:03:49.097Z,38.986084,-0.534517,False
974,Beata InesA,Argenteria,2023-12-15T00:03:49.097Z,38.987684,-0.53061,916
975,Ximen ToviaB,Carme 1,2023-12-15T00:03:49.097Z,38.992357,-0.519858,267
976,Gregorio Molina,Abu Masaifa,2023-12-15T00:03:49.097Z,38.991213,-0.523787,False
977,Cosmografo,Maulets,2023-12-15T00:03:49.097Z,38.991249,-0.518678,990
978,Maulets,Ximen ToviaA,2023-12-15T00:03:49.097Z,38.992357,-0.519858,290
979,N-340A,Gregorio Molina,2023-12-15T00:03:49.097Z,38.992357,-0.519858,False
980,N-340B,N-340A,2023-12-15T00:03:49.097Z,0.0,0.0,427
981,CV-645B,Beata InesA,2023-12-15T00:03:59.097Z,0.0,0.0,847
982,Corts Valencianes 2A,Corts Valencianes 2B,2023-12-15T00:03:59.097Z,38.986084,-0.534517,669
983,PalasietA,Aben FerriA,2023-12-15T00:03:59.097Z,38.985489,-0.534157,700
984,PalasietB,CV-645B,2023-12-15T00:03:59.097Z,38.985252,-0.537441,628
985,Alfons MagnanimA,Alfons MagnanimB,2023-12-15T00:03:59.097Z,38.986084,-0.534517,999
986,Alfons MagnanimB,9 OctubreB,2023-12-15T00:03:59.097Z,38.987144,-0.535236,696
987,Aben FerriA,Corts Valencianes 1A,2023-12-15T00:03:59.097Z,38.986084,-0.534517,949
988,9 OctubreB,Corts Valencianes 2A,2023-12-15T00:03:59.097Z,38.987684,-0.53061,825
989,Ausias MarchB,Ximen ToviaB,2023-12-15T00:03:59.097Z,38.991913,-0.524291,485
990,Ximen ToviaB,Carme 1,2023-12-15T00:03:59.097Z,38.992357,-0.519858,919
991,Maulets,Ximen ToviaA,2023-12-15T00:03:59.097Z,38.992357,-0.519858,298
992,N-340A,Ximen ToviaA,2023-12-15T00:03:59.097Z,38.992357,-0.519858,False
993,Corts Valencianes 1A,CV-645B,2023-12-15T00:04:09.097Z,38.985252,-0.537441,217
994,PalasietA,Aben FerriA,2023-12-15T00:04:09.097Z,38.985489,-0.534157,229
995,Aben FerriA,Corts Valencianes 1A,2023-12-15T00:04:09.097Z,38.986084,-0.534517,760
996,Beata InesA,Reina,2023-12-15T00:04:09.097Z,38.987684,-0.53061,888
997,Ximen ToviaA,Baixada estacio 1,2023-12-15T00:04:09.097Z,38.991913,-0.524291,080
998,Gregorio Molina,Abu Masaifa,2023-12-15T00:04:09.097Z,38.991213,-0.523787,892
999,Maulets,N-340B,2023-12-15T00:04:09.097Z,38.992357,-0.519858,767
