,enter,exit,date,latitude,longitude,matricula
0,Gregorio Molina,Abu Masaifa,2023-09-27T16:38:09.097Z,38.991213,-0.523787,False
1,N-340B,N-340B,2023-09-27T16:38:09.097Z,0.0,0.0,469
2,Corts Valencianes 1B,Corts Valencianes 1A,2023-09-27T16:38:19.097Z,38.986084,-0.534517,604
3,Corts Valencianes 2B,Reina,2023-09-27T16:38:19.097Z,38.987684,-0.53061,673
4,PalasietB,PalasietA,2023-09-27T16:38:19.097Z,38.985252,-0.537441,864
5,Aben FerriA,Corts Valencianes 2B,2023-09-27T16:38:19.097Z,38.986084,-0.534517,False
6,Aben FerriB,PalasietB,2023-09-27T16:38:19.097Z,38.985489,-0.534157,False
7,9 OctubreA,Alfons MagnanimA,2023-09-27T16:38:19.097Z,38.987144,-0.535236,395
8,9 OctubreB,Reina,2023-09-27T16:38:19.097Z,38.987684,-0.53061,693
9,Ximen ToviaA,Baixada estacio 1,2023-09-27T16:38:19.097Z,38.991913,-0.524291,False
10,CV-645B,CV-645A,2023-09-27T16:38:29.097Z,0.0,0.0,710
11,Corts Valencianes 1A,PalasietA,2023-09-27T16:38:29.097Z,38.985252,-0.537441,604
12,Corts Valencianes 2B,9 OctubreA,2023-09-27T16:38:29.097Z,38.987684,-0.53061,796
13,PalasietA,Aben FerriA,2023-09-27T16:38:29.097Z,38.985489,-0.534157,127
14,PalasietB,CV-645B,2023-09-27T16:38:29.097Z,38.985252,-0.537441,878
15,Alfons MagnanimA,Aben FerriB,2023-09-27T16:38:29.097Z,38.986084,-0.534517,395
16,Aben FerriA,Corts Valencianes 2B,2023-09-27T16:38:29.097Z,38.986084,-0.534517,274
17,Ausias MarchA,Reina,2023-09-27T16:38:29.097Z,38.987684,-0.53061,600
18,Beata InesA,Ausias MarchB,2023-09-27T16:38:29.097Z,38.987684,-0.53061,716
19,N-340B,CV-645A,2023-09-27T16:38:29.097Z,0.0,0.0,699
20,CV-645B,Beata InesA,2023-09-27T16:38:39.097Z,0.0,0.0,239
21,Corts Valencianes 1A,Corts Valencianes 1B,2023-09-27T16:38:39.097Z,38.985252,-0.537441,False
22,Corts Valencianes 2A,Corts Valencianes 1A,2023-09-27T16:38:39.097Z,38.986084,-0.534517,False
23,Corts Valencianes 2B,Ausias MarchB,2023-09-27T16:38:39.097Z,38.987684,-0.53061,767
24,PalasietA,Aben FerriA,2023-09-27T16:38:39.097Z,38.985489,-0.534157,466
25,Aben FerriA,Alfons MagnanimB,2023-09-27T16:38:39.097Z,38.986084,-0.534517,544
26,Aben FerriB,PalasietB,2023-09-27T16:38:39.097Z,38.985489,-0.534157,395
27,9 OctubreA,9 OctubreB,2023-09-27T16:38:39.097Z,38.987144,-0.535236,049
28,Abu Masaifa,Ausias MarchB,2023-09-27T16:38:39.097Z,38.987684,-0.53061,706
29,Ausias MarchB,Ausias MarchA,2023-09-27T16:38:39.097Z,38.991913,-0.524291,355
30,Beata InesA,Argenteria,2023-09-27T16:38:39.097Z,38.987684,-0.53061,240
31,Beata InesB,CV-645A,2023-09-27T16:38:39.097Z,0.0,0.0,108
32,Baixada estacio 1,Abu Masaifa,2023-09-27T16:38:39.097Z,38.991213,-0.523787,False
33,CV-645A,Corts Valencianes 1B,2023-09-27T16:38:49.097Z,38.985252,-0.537441,849
34,Corts Valencianes 1A,CV-645B,2023-09-27T16:38:49.097Z,38.985252,-0.537441,994
35,Corts Valencianes 2A,Corts Valencianes 2B,2023-09-27T16:38:49.097Z,38.986084,-0.534517,eso
36,Corts Valencianes 2B,Ausias MarchB,2023-09-27T16:38:49.097Z,38.987684,-0.53061,970
37,PalasietB,Corts Valencianes 1B,2023-09-27T16:38:49.097Z,38.985252,-0.537441,086
38,Alfons MagnanimB,9 OctubreB,2023-09-27T16:38:49.097Z,38.987144,-0.535236,544
39,Aben FerriA,Corts Valencianes 2B,2023-09-27T16:38:49.097Z,38.986084,-0.534517,487
40,Abu Masaifa,Reina,2023-09-27T16:38:49.097Z,38.987684,-0.53061,047
41,Ausias MarchB,Ximen ToviaB,2023-09-27T16:38:49.097Z,38.991913,-0.524291,218
42,Beata InesA,Argenteria,2023-09-27T16:38:49.097Z,38.987684,-0.53061,869
43,CV-645B,Beata InesA,2023-09-27T16:38:59.097Z,0.0,0.0,False
44,Corts Valencianes 1B,Corts Valencianes 2B,2023-09-27T16:38:59.097Z,38.986084,-0.534517,False
45,Corts Valencianes 2B,Ausias MarchB,2023-09-27T16:38:59.097Z,38.987684,-0.53061,False
46,PalasietA,Aben FerriA,2023-09-27T16:38:59.097Z,38.985489,-0.534157,864
47,PalasietB,Corts Valencianes 1B,2023-09-27T16:38:59.097Z,38.985252,-0.537441,940
48,Aben FerriA,Corts Valencianes 1A,2023-09-27T16:38:59.097Z,38.986084,-0.534517,816
49,9 OctubreA,9 OctubreB,2023-09-27T16:38:59.097Z,38.987144,-0.535236,861
50,Abu Masaifa,9 OctubreA,2023-09-27T16:38:59.097Z,38.987684,-0.53061,938
51,Ausias MarchA,Reina,2023-09-27T16:38:59.097Z,38.987684,-0.53061,119
52,Ausias MarchB,Ausias MarchA,2023-09-27T16:38:59.097Z,38.991913,-0.524291,635
53,Beata InesA,Argenteria,2023-09-27T16:38:59.097Z,38.987684,-0.53061,120
54,Beata InesB,Beata InesB,2023-09-27T16:38:59.097Z,0.0,0.0,862
55,N-340B,Beata InesA,2023-09-27T16:38:59.097Z,0.0,0.0,492
56,CV-645B,Beata InesA,2023-09-27T16:39:09.097Z,0.0,0.0,379
57,Corts Valencianes 1A,PalasietA,2023-09-27T16:39:09.097Z,38.985252,-0.537441,816
58,PalasietA,Aben FerriA,2023-09-27T16:39:09.097Z,38.985489,-0.534157,False
59,9 OctubreB,Corts Valencianes 2A,2023-09-27T16:39:09.097Z,38.987684,-0.53061,049
60,Abu Masaifa,Ausias MarchB,2023-09-27T16:39:09.097Z,38.987684,-0.53061,False
61,Ausias MarchA,Reina,2023-09-27T16:39:09.097Z,38.987684,-0.53061,994
62,Ausias MarchB,Baixada estacio 1,2023-09-27T16:39:09.097Z,38.991913,-0.524291,488
63,Beata InesA,Corts Valencianes 2A,2023-09-27T16:39:09.097Z,38.987684,-0.53061,906
64,Ximen ToviaB,N-340B,2023-09-27T16:39:09.097Z,38.992357,-0.519858,216
65,N-340B,N-340A,2023-09-27T16:39:09.097Z,0.0,0.0,552
66,CV-645A,Corts Valencianes 1B,2023-09-27T16:39:19.097Z,38.985252,-0.537441,770
67,CV-645B,CV-645A,2023-09-27T16:39:19.097Z,0.0,0.0,919
68,Corts Valencianes 1B,Corts Valencianes 2B,2023-09-27T16:39:19.097Z,38.986084,-0.534517,182
69,Corts Valencianes 2B,Ausias MarchB,2023-09-27T16:39:19.097Z,38.987684,-0.53061,050
70,PalasietB,PalasietA,2023-09-27T16:39:19.097Z,38.985252,-0.537441,960
71,Aben FerriA,Corts Valencianes 2B,2023-09-27T16:39:19.097Z,38.986084,-0.534517,127
72,Abu Masaifa,Beata InesB,2023-09-27T16:39:19.097Z,38.987684,-0.53061,False
73,Ausias MarchA,Ausias MarchB,2023-09-27T16:39:19.097Z,38.987684,-0.53061,063
74,Beata InesA,Ausias MarchB,2023-09-27T16:39:19.097Z,38.987684,-0.53061,False
75,Baixada estacio 1,Abu Masaifa,2023-09-27T16:39:19.097Z,38.991213,-0.523787,488
76,CV-645A,Corts Valencianes 1B,2023-09-27T16:39:29.097Z,38.985252,-0.537441,893
77,CV-645B,CV-645B,2023-09-27T16:39:29.097Z,0.0,0.0,460
78,Corts Valencianes 2B,Ausias MarchB,2023-09-27T16:39:29.097Z,38.987684,-0.53061,126
79,PalasietB,CV-645B,2023-09-27T16:39:29.097Z,38.985252,-0.537441,483
80,9 OctubreA,Alfons MagnanimA,2023-09-27T16:39:29.097Z,38.987144,-0.535236,938
81,Abu Masaifa,Argenteria,2023-09-27T16:39:29.097Z,38.987684,-0.53061,771
82,Beata InesB,CV-645A,2023-09-27T16:39:29.097Z,0.0,0.0,862
83,Ximen ToviaA,Ximen ToviaB,2023-09-27T16:39:29.097Z,38.991913,-0.524291,796
84,CV-645B,CV-645B,2023-09-27T16:39:39.097Z,0.0,0.0,926
85,Corts Valencianes 1B,Corts Valencianes 2B,2023-09-27T16:39:39.097Z,38.986084,-0.534517,849
86,Corts Valencianes 2B,Ausias MarchB,2023-09-27T16:39:39.097Z,38.987684,-0.53061,676
87,Aben FerriA,Aben FerriB,2023-09-27T16:39:39.097Z,38.986084,-0.534517,444
88,9 OctubreB,9 OctubreA,2023-09-27T16:39:39.097Z,38.987684,-0.53061,544
89,Ausias MarchB,Ausias MarchA,2023-09-27T16:39:39.097Z,38.991913,-0.524291,698
90,Beata InesA,9 OctubreA,2023-09-27T16:39:39.097Z,38.987684,-0.53061,974
91,Beata InesB,Beata InesA,2023-09-27T16:39:39.097Z,0.0,0.0,480
92,N-340B,N-340A,2023-09-27T16:39:39.097Z,0.0,0.0,196
93,CV-645A,PalasietA,2023-09-27T16:39:49.097Z,38.985252,-0.537441,108
94,Corts Valencianes 1B,Alfons MagnanimB,2023-09-27T16:39:49.097Z,38.986084,-0.534517,086
95,Corts Valencianes 2B,Ausias MarchB,2023-09-27T16:39:49.097Z,38.987684,-0.53061,479
96,PalasietA,Aben FerriA,2023-09-27T16:39:49.097Z,38.985489,-0.534157,815
97,PalasietB,Corts Valencianes 1B,2023-09-27T16:39:49.097Z,38.985252,-0.537441,False
98,Aben FerriA,Alfons MagnanimB,2023-09-27T16:39:49.097Z,38.986084,-0.534517,864
99,Aben FerriB,PalasietB,2023-09-27T16:39:49.097Z,38.985489,-0.534157,466
100,Argenteria,PalasietB,2023-09-27T16:39:49.097Z,38.985489,-0.534157,769
101,9 OctubreA,Alfons MagnanimA,2023-09-27T16:39:49.097Z,38.987144,-0.535236,229
102,9 OctubreB,Ausias MarchB,2023-09-27T16:39:49.097Z,38.987684,-0.53061,796
103,Ausias MarchA,Argenteria,2023-09-27T16:39:49.097Z,38.987684,-0.53061,996
104,Ausias MarchB,Ausias MarchB,2023-09-27T16:39:49.097Z,38.991913,-0.524291,908
105,Beata InesA,Reina,2023-09-27T16:39:49.097Z,38.987684,-0.53061,073
106,N-340B,CV-645A,2023-09-27T16:39:49.097Z,0.0,0.0,794
107,CV-645A,Corts Valencianes 1B,2023-09-27T16:39:59.097Z,38.985252,-0.537441,449
108,CV-645B,Beata InesA,2023-09-27T16:39:59.097Z,0.0,0.0,914
109,Corts Valencianes 1B,Corts Valencianes 2B,2023-09-27T16:39:59.097Z,38.986084,-0.534517,140
110,Corts Valencianes 2B,Reina,2023-09-27T16:39:59.097Z,38.987684,-0.53061,025
111,PalasietA,PalasietB,2023-09-27T16:39:59.097Z,38.985489,-0.534157,616
112,PalasietB,CV-645B,2023-09-27T16:39:59.097Z,38.985252,-0.537441,497
113,Alfons MagnanimA,Corts Valencianes 2B,2023-09-27T16:39:59.097Z,38.986084,-0.534517,False
114,Alfons MagnanimB,9 OctubreB,2023-09-27T16:39:59.097Z,38.987144,-0.535236,086
115,Aben FerriA,Corts Valencianes 2B,2023-09-27T16:39:59.097Z,38.986084,-0.534517,604
116,Argenteria,PalasietB,2023-09-27T16:39:59.097Z,38.985489,-0.534157,False
117,9 OctubreA,9 OctubreB,2023-09-27T16:39:59.097Z,38.987144,-0.535236,239
118,Ausias MarchA,Reina,2023-09-27T16:39:59.097Z,38.987684,-0.53061,635
119,Ausias MarchB,Ausias MarchA,2023-09-27T16:39:59.097Z,38.991913,-0.524291,300
120,Beata InesA,Reina,2023-09-27T16:39:59.097Z,38.987684,-0.53061,492
121,Beata InesB,CV-645A,2023-09-27T16:39:59.097Z,0.0,0.0,480
122,N-340B,N-340A,2023-09-27T16:39:59.097Z,0.0,0.0,808
123,Corts Valencianes 1B,Alfons MagnanimB,2023-09-27T16:40:09.097Z,38.986084,-0.534517,710
124,Corts Valencianes 2A,Corts Valencianes 1A,2023-09-27T16:40:09.097Z,38.986084,-0.534517,094
125,Corts Valencianes 2B,Argenteria,2023-09-27T16:40:09.097Z,38.987684,-0.53061,989
126,PalasietB,Corts Valencianes 1B,2023-09-27T16:40:09.097Z,38.985252,-0.537441,627
127,Alfons MagnanimB,9 OctubreB,2023-09-27T16:40:09.097Z,38.987144,-0.535236,864
128,Ausias MarchA,Reina,2023-09-27T16:40:09.097Z,38.987684,-0.53061,XXX
129,Beata InesA,Argenteria,2023-09-27T16:40:09.097Z,38.987684,-0.53061,379
130,Beata InesB,Beata InesA,2023-09-27T16:40:09.097Z,0.0,0.0,046
131,N-340B,Beata InesA,2023-09-27T16:40:09.097Z,0.0,0.0,203
132,CV-645A,PalasietA,2023-09-27T16:40:19.097Z,38.985252,-0.537441,862
133,CV-645B,Beata InesA,2023-09-27T16:40:19.097Z,0.0,0.0,813
134,Corts Valencianes 1B,Corts Valencianes 2B,2023-09-27T16:40:19.097Z,38.986084,-0.534517,687
135,Corts Valencianes 2B,Ausias MarchB,2023-09-27T16:40:19.097Z,38.987684,-0.53061,274
136,PalasietA,PalasietB,2023-09-27T16:40:19.097Z,38.985489,-0.534157,108
137,PalasietB,PalasietA,2023-09-27T16:40:19.097Z,38.985252,-0.537441,934
138,Aben FerriA,Corts Valencianes 2B,2023-09-27T16:40:19.097Z,38.986084,-0.534517,960
139,Beata InesA,Argenteria,2023-09-27T16:40:19.097Z,38.987684,-0.53061,969
140,Beata InesB,Beata InesA,2023-09-27T16:40:19.097Z,0.0,0.0,921
141,Ximen ToviaB,Gregorio Molina,2023-09-27T16:40:19.097Z,38.992357,-0.519858,False
142,N-340B,N-340A,2023-09-27T16:40:19.097Z,0.0,0.0,949
143,CV-645A,PalasietA,2023-09-27T16:40:29.097Z,38.985252,-0.537441,794
144,CV-645B,CV-645B,2023-09-27T16:40:29.097Z,0.0,0.0,936
145,Corts Valencianes 1A,Corts Valencianes 1B,2023-09-27T16:40:29.097Z,38.985252,-0.537441,094
146,Corts Valencianes 2A,Alfons MagnanimB,2023-09-27T16:40:29.097Z,38.986084,-0.534517,496
147,PalasietB,Corts Valencianes 1B,2023-09-27T16:40:29.097Z,38.985252,-0.537441,750
148,Alfons MagnanimA,Corts Valencianes 1A,2023-09-27T16:40:29.097Z,38.986084,-0.534517,938
149,Alfons MagnanimB,Alfons MagnanimA,2023-09-27T16:40:29.097Z,38.987144,-0.535236,702
150,9 OctubreB,Argenteria,2023-09-27T16:40:29.097Z,38.987684,-0.53061,239
151,Ausias MarchB,Ximen ToviaB,2023-09-27T16:40:29.097Z,38.991913,-0.524291,803
152,Beata InesA,Argenteria,2023-09-27T16:40:29.097Z,38.987684,-0.53061,914
153,N-340B,Beata InesA,2023-09-27T16:40:29.097Z,0.0,0.0,False
154,Corts Valencianes 1A,CV-645B,2023-09-27T16:40:39.097Z,38.985252,-0.537441,719
155,Corts Valencianes 1B,Aben FerriB,2023-09-27T16:40:39.097Z,38.986084,-0.534517,XXX
156,Corts Valencianes 2A,Alfons MagnanimB,2023-09-27T16:40:39.097Z,38.986084,-0.534517,906
157,PalasietA,Aben FerriA,2023-09-27T16:40:39.097Z,38.985489,-0.534157,862
158,PalasietB,CV-645B,2023-09-27T16:40:39.097Z,38.985252,-0.537441,916
159,Alfons MagnanimB,9 OctubreB,2023-09-27T16:40:39.097Z,38.987144,-0.535236,496
160,9 OctubreB,Argenteria,2023-09-27T16:40:39.097Z,38.987684,-0.53061,109
161,Ausias MarchA,Reina,2023-09-27T16:40:39.097Z,38.987684,-0.53061,300
162,Ausias MarchB,Baixada estacio 1,2023-09-27T16:40:39.097Z,38.991913,-0.524291,False
163,Beata InesA,Corts Valencianes 2A,2023-09-27T16:40:39.097Z,38.987684,-0.53061,045
164,Corts Valencianes 1B,Corts Valencianes 2B,2023-09-27T16:40:49.097Z,38.986084,-0.534517,919
165,Corts Valencianes 2B,Ausias MarchB,2023-09-27T16:40:49.097Z,38.987684,-0.53061,False
166,PalasietA,Aben FerriA,2023-09-27T16:40:49.097Z,38.985489,-0.534157,934
167,PalasietB,PalasietA,2023-09-27T16:40:49.097Z,38.985252,-0.537441,990
168,Alfons MagnanimB,9 OctubreB,2023-09-27T16:40:49.097Z,38.987144,-0.535236,906
169,Aben FerriA,Aben FerriB,2023-09-27T16:40:49.097Z,38.986084,-0.534517,862
170,Aben FerriB,Aben FerriA,2023-09-27T16:40:49.097Z,38.985489,-0.534157,XXX
171,Argenteria,PalasietB,2023-09-27T16:40:49.097Z,38.985489,-0.534157,355
172,Beata InesA,Ausias MarchB,2023-09-27T16:40:49.097Z,38.987684,-0.53061,769
173,Ximen ToviaB,N-340B,2023-09-27T16:40:49.097Z,38.992357,-0.519858,803
174,Gregorio Molina,Abu Masaifa,2023-09-27T16:40:49.097Z,38.991213,-0.523787,False
175,N-340B,N-340B,2023-09-27T16:40:49.097Z,0.0,0.0,719
176,CV-645A,Corts Valencianes 1B,2023-09-27T16:40:59.097Z,38.985252,-0.537441,430
177,Corts Valencianes 1A,CV-645B,2023-09-27T16:40:59.097Z,38.985252,-0.537441,938
178,Corts Valencianes 1B,Corts Valencianes 1A,2023-09-27T16:40:59.097Z,38.986084,-0.534517,954
179,Corts Valencianes 2B,Argenteria,2023-09-27T16:40:59.097Z,38.987684,-0.53061,207
180,PalasietA,PalasietB,2023-09-27T16:40:59.097Z,38.985489,-0.534157,794
181,Aben FerriB,PalasietB,2023-09-27T16:40:59.097Z,38.985489,-0.534157,862
182,Argenteria,Argenteria,2023-09-27T16:40:59.097Z,38.985489,-0.534157,989
183,Beata InesA,Argenteria,2023-09-27T16:40:59.097Z,38.987684,-0.53061,819
184,CV-645B,N-340A,2023-09-27T16:41:09.097Z,0.0,0.0,False
185,Corts Valencianes 1A,PalasietA,2023-09-27T16:41:09.097Z,38.985252,-0.537441,627
186,Corts Valencianes 1B,Corts Valencianes 2B,2023-09-27T16:41:09.097Z,38.986084,-0.534517,049
187,Corts Valencianes 2A,Aben FerriB,2023-09-27T16:41:09.097Z,38.986084,-0.534517,046
188,Corts Valencianes 2B,Ausias MarchB,2023-09-27T16:41:09.097Z,38.987684,-0.53061,127
189,PalasietA,PalasietA,2023-09-27T16:41:09.097Z,38.985489,-0.534157,056
190,PalasietB,Corts Valencianes 1B,2023-09-27T16:41:09.097Z,38.985252,-0.537441,299
191,9 OctubreB,Beata InesB,2023-09-27T16:41:09.097Z,38.987684,-0.53061,496
192,Ausias MarchB,Ausias MarchA,2023-09-27T16:41:09.097Z,38.991913,-0.524291,False
193,Beata InesA,Argenteria,2023-09-27T16:41:09.097Z,38.987684,-0.53061,971
194,CV-645B,N-340A,2023-09-27T16:41:19.097Z,0.0,0.0,369
195,Corts Valencianes 1B,Corts Valencianes 2B,2023-09-27T16:41:19.097Z,38.986084,-0.534517,010
196,Corts Valencianes 2B,Corts Valencianes 2A,2023-09-27T16:41:19.097Z,38.987684,-0.53061,849
197,PalasietB,Corts Valencianes 1B,2023-09-27T16:41:19.097Z,38.985252,-0.537441,159
198,Argenteria,PalasietB,2023-09-27T16:41:19.097Z,38.985489,-0.534157,240
199,Ausias MarchB,Baixada estacio 1,2023-09-27T16:41:19.097Z,38.991913,-0.524291,066
200,Beata InesA,Corts Valencianes 2A,2023-09-27T16:41:19.097Z,38.987684,-0.53061,False
201,Corts Valencianes 1B,Aben FerriB,2023-09-27T16:41:29.097Z,38.986084,-0.534517,False
202,Corts Valencianes 2B,9 OctubreA,2023-09-27T16:41:29.097Z,38.987684,-0.53061,940
203,Aben FerriA,Corts Valencianes 2B,2023-09-27T16:41:29.097Z,38.986084,-0.534517,934
204,9 OctubreB,Reina,2023-09-27T16:41:29.097Z,38.987684,-0.53061,906
205,Corts Valencianes 1B,Aben FerriB,2023-09-27T16:41:39.097Z,38.986084,-0.534517,299
206,Corts Valencianes 2B,Reina,2023-09-27T16:41:39.097Z,38.987684,-0.53061,False
207,PalasietA,Aben FerriA,2023-09-27T16:41:39.097Z,38.985489,-0.534157,954
208,PalasietB,Corts Valencianes 1B,2023-09-27T16:41:39.097Z,38.985252,-0.537441,926
209,Aben FerriA,Corts Valencianes 2B,2023-09-27T16:41:39.097Z,38.986084,-0.534517,False
210,Argenteria,Aben FerriA,2023-09-27T16:41:39.097Z,38.985489,-0.534157,974
211,9 OctubreB,9 OctubreA,2023-09-27T16:41:39.097Z,38.987684,-0.53061,086
212,Ausias MarchA,Corts Valencianes 2A,2023-09-27T16:41:39.097Z,38.987684,-0.53061,767
213,Ausias MarchB,Ximen ToviaB,2023-09-27T16:41:39.097Z,38.991913,-0.524291,946
214,Baixada estacio 1,Baixada estacio 2,2023-09-27T16:41:39.097Z,38.991213,-0.523787,706
215,Corts Valencianes 2B,Ausias MarchB,2023-09-27T16:41:49.097Z,38.987684,-0.53061,604
216,PalasietA,PalasietB,2023-09-27T16:41:49.097Z,38.985489,-0.534157,056
217,PalasietB,Corts Valencianes 1B,2023-09-27T16:41:49.097Z,38.985252,-0.537441,686
218,Alfons MagnanimA,Corts Valencianes 1A,2023-09-27T16:41:49.097Z,38.986084,-0.534517,770
219,Aben FerriA,Corts Valencianes 2B,2023-09-27T16:41:49.097Z,38.986084,-0.534517,627
220,Aben FerriB,Aben FerriA,2023-09-27T16:41:49.097Z,38.985489,-0.534157,False
221,Ausias MarchB,Ximen ToviaB,2023-09-27T16:41:49.097Z,38.991913,-0.524291,False
222,Beata InesB,N-340A,2023-09-27T16:41:49.097Z,0.0,0.0,False
223,CV-645B,Beata InesA,2023-09-27T16:41:59.097Z,0.0,0.0,561
224,Corts Valencianes 1B,Alfons MagnanimB,2023-09-27T16:41:59.097Z,38.986084,-0.534517,126
225,Corts Valencianes 2B,Argenteria,2023-09-27T16:41:59.097Z,38.987684,-0.53061,696
226,PalasietB,Corts Valencianes 1B,2023-09-27T16:41:59.097Z,38.985252,-0.537441,054
227,Aben FerriA,Alfons MagnanimB,2023-09-27T16:41:59.097Z,38.986084,-0.534517,239
228,Aben FerriB,PalasietB,2023-09-27T16:41:59.097Z,38.985489,-0.534157,046
229,Argenteria,Aben FerriA,2023-09-27T16:41:59.097Z,38.985489,-0.534157,334
230,Abu Masaifa,Reina,2023-09-27T16:41:59.097Z,38.987684,-0.53061,False
231,Ausias MarchB,Ausias MarchA,2023-09-27T16:41:59.097Z,38.991913,-0.524291,030
232,Baixada estacio 1,Abu Masaifa,2023-09-27T16:41:59.097Z,38.991213,-0.523787,716
233,Albereda 2,Cosmografo,2023-09-27T16:41:59.097Z,38.990742,-0.513,979
234,N-340B,N-340B,2023-09-27T16:41:59.097Z,0.0,0.0,007
235,CV-645B,CV-645A,2023-09-27T16:42:09.097Z,0.0,0.0,022
236,Corts Valencianes 1A,CV-645B,2023-09-27T16:42:09.097Z,38.985252,-0.537441,770
237,Corts Valencianes 2B,9 OctubreA,2023-09-27T16:42:09.097Z,38.987684,-0.53061,960
238,PalasietB,Corts Valencianes 1B,2023-09-27T16:42:09.097Z,38.985252,-0.537441,699
239,Ausias MarchB,Ximen ToviaB,2023-09-27T16:42:09.097Z,38.991913,-0.524291,560
240,Ximen ToviaB,Ximen ToviaA,2023-09-27T16:42:09.097Z,38.992357,-0.519858,946
241,Albereda 1,Albereda 2,2023-09-27T16:42:09.097Z,38.990122,-0.519633,761
242,Carme 2,Albereda 2,2023-09-27T16:42:09.097Z,38.990122,-0.519633,742
243,CV-645B,CV-645B,2023-09-27T16:42:19.097Z,0.0,0.0,292
244,Corts Valencianes 1B,Corts Valencianes 2B,2023-09-27T16:42:19.097Z,38.986084,-0.534517,False
245,Corts Valencianes 2A,Alfons MagnanimB,2023-09-27T16:42:19.097Z,38.986084,-0.534517,629
246,Corts Valencianes 2B,Ausias MarchB,2023-09-27T16:42:19.097Z,38.987684,-0.53061,911
247,PalasietB,PalasietA,2023-09-27T16:42:19.097Z,38.985252,-0.537441,308
248,Aben FerriA,Corts Valencianes 1A,2023-09-27T16:42:19.097Z,38.986084,-0.534517,914
249,Aben FerriB,Aben FerriA,2023-09-27T16:42:19.097Z,38.985489,-0.534157,739
250,9 OctubreA,Alfons MagnanimA,2023-09-27T16:42:19.097Z,38.987144,-0.535236,940
251,Ausias MarchB,Ausias MarchA,2023-09-27T16:42:19.097Z,38.991913,-0.524291,090
252,Ximen ToviaB,Ximen ToviaA,2023-09-27T16:42:19.097Z,38.992357,-0.519858,False
253,Cosmografo,Maulets,2023-09-27T16:42:19.097Z,38.991249,-0.518678,879
254,N-340B,Beata InesA,2023-09-27T16:42:19.097Z,0.0,0.0,False
255,Corts Valencianes 2B,Corts Valencianes 2A,2023-09-27T16:42:29.097Z,38.987684,-0.53061,919
256,PalasietB,Corts Valencianes 1B,2023-09-27T16:42:29.097Z,38.985252,-0.537441,844
257,Alfons MagnanimA,Alfons MagnanimB,2023-09-27T16:42:29.097Z,38.986084,-0.534517,940
258,Alfons MagnanimB,9 OctubreB,2023-09-27T16:42:29.097Z,38.987144,-0.535236,926
259,Aben FerriA,Corts Valencianes 2B,2023-09-27T16:42:29.097Z,38.986084,-0.534517,299
260,Ausias MarchA,Beata InesB,2023-09-27T16:42:29.097Z,38.987684,-0.53061,False
261,Ausias MarchB,Ximen ToviaB,2023-09-27T16:42:29.097Z,38.991913,-0.524291,063
262,N-340B,CV-645A,2023-09-27T16:42:29.097Z,0.0,0.0,False
263,CV-645B,CV-645A,2023-09-27T16:42:39.097Z,0.0,0.0,500
264,Corts Valencianes 1A,Corts Valencianes 1B,2023-09-27T16:42:39.097Z,38.985252,-0.537441,914
265,Corts Valencianes 1B,Aben FerriB,2023-09-27T16:42:39.097Z,38.986084,-0.534517,False
266,Corts Valencianes 2A,Corts Valencianes 2B,2023-09-27T16:42:39.097Z,38.986084,-0.534517,False
267,Corts Valencianes 2B,Beata InesB,2023-09-27T16:42:39.097Z,38.987684,-0.53061,487
268,PalasietA,Aben FerriA,2023-09-27T16:42:39.097Z,38.985489,-0.534157,303
269,PalasietB,Corts Valencianes 1B,2023-09-27T16:42:39.097Z,38.985252,-0.537441,016
270,Alfons MagnanimB,Alfons MagnanimA,2023-09-27T16:42:39.097Z,38.987144,-0.535236,239
271,Argenteria,PalasietB,2023-09-27T16:42:39.097Z,38.985489,-0.534157,287
272,9 OctubreA,Alfons MagnanimA,2023-09-27T16:42:39.097Z,38.987144,-0.535236,086
273,Ausias MarchB,Baixada estacio 1,2023-09-27T16:42:39.097Z,38.991913,-0.524291,160
274,Beata InesA,9 OctubreA,2023-09-27T16:42:39.097Z,38.987684,-0.53061,583
275,Ximen ToviaA,Baixada estacio 1,2023-09-27T16:42:39.097Z,38.991913,-0.524291,946
276,N-340B,Beata InesA,2023-09-27T16:42:39.097Z,0.0,0.0,109
277,CV-645A,PalasietA,2023-09-27T16:42:49.097Z,38.985252,-0.537441,022
278,CV-645B,Beata InesA,2023-09-27T16:42:49.097Z,0.0,0.0,246
279,Corts Valencianes 1B,Corts Valencianes 1B,2023-09-27T16:42:49.097Z,38.986084,-0.534517,996
280,Corts Valencianes 2A,Aben FerriB,2023-09-27T16:42:49.097Z,38.986084,-0.534517,767
281,Corts Valencianes 2B,Reina,2023-09-27T16:42:49.097Z,38.987684,-0.53061,False
282,Alfons MagnanimA,Aben FerriB,2023-09-27T16:42:49.097Z,38.986084,-0.534517,239
283,Alfons MagnanimB,9 OctubreB,2023-09-27T16:42:49.097Z,38.987144,-0.535236,629
284,Aben FerriB,Aben FerriA,2023-09-27T16:42:49.097Z,38.985489,-0.534157,054
285,Argenteria,PalasietB,2023-09-27T16:42:49.097Z,38.985489,-0.534157,811
286,Beata InesA,Reina,2023-09-27T16:42:49.097Z,38.987684,-0.53061,False
287,Ximen ToviaA,Ausias MarchA,2023-09-27T16:42:49.097Z,38.991913,-0.524291,970
288,Ximen ToviaB,N-340B,2023-09-27T16:42:49.097Z,38.992357,-0.519858,980
289,Republica Argentina,Carme 2,2023-09-27T16:42:49.097Z,38.99105,-0.519778,020
290,Corts Valencianes 1B,Corts Valencianes 2B,2023-09-27T16:42:59.097Z,38.986084,-0.534517,799
291,Corts Valencianes 2A,Aben FerriB,2023-09-27T16:42:59.097Z,38.986084,-0.534517,530
292,PalasietB,CV-645B,2023-09-27T16:42:59.097Z,38.985252,-0.537441,851
293,Alfons MagnanimA,Corts Valencianes 2B,2023-09-27T16:42:59.097Z,38.986084,-0.534517,086
294,Alfons MagnanimB,9 OctubreB,2023-09-27T16:42:59.097Z,38.987144,-0.535236,940
295,Aben FerriA,Corts Valencianes 2B,2023-09-27T16:42:59.097Z,38.986084,-0.534517,308
296,Aben FerriB,PalasietB,2023-09-27T16:42:59.097Z,38.985489,-0.534157,767
297,Argenteria,Aben FerriA,2023-09-27T16:42:59.097Z,38.985489,-0.534157,989
298,Abu Masaifa,Argenteria,2023-09-27T16:42:59.097Z,38.987684,-0.53061,718
299,Ausias MarchB,Ausias MarchB,2023-09-27T16:42:59.097Z,38.991913,-0.524291,676
300,Baixada estacio 1,Abu Masaifa,2023-09-27T16:42:59.097Z,38.991213,-0.523787,False
301,Albereda 2,Cosmografo,2023-09-27T16:42:59.097Z,38.990742,-0.513,969
302,Republica Argentina,Academic Maravall,2023-09-27T16:42:59.097Z,38.99105,-0.519778,613
303,CV-645A,Corts Valencianes 1B,2023-09-27T16:43:09.097Z,38.985252,-0.537441,690
304,CV-645B,CV-645A,2023-09-27T16:43:09.097Z,0.0,0.0,632
305,Corts Valencianes 2B,9 OctubreA,2023-09-27T16:43:09.097Z,38.987684,-0.53061,010
306,PalasietA,PalasietA,2023-09-27T16:43:09.097Z,38.985489,-0.534157,022
307,9 OctubreA,9 OctubreB,2023-09-27T16:43:09.097Z,38.987144,-0.535236,960
308,9 OctubreB,Reina,2023-09-27T16:43:09.097Z,38.987684,-0.53061,926
309,Ausias MarchA,Corts Valencianes 2A,2023-09-27T16:43:09.097Z,38.987684,-0.53061,050
310,Beata InesB,CV-645A,2023-09-27T16:43:09.097Z,0.0,0.0,496
311,Ximen ToviaB,N-340B,2023-09-27T16:43:09.097Z,38.992357,-0.519858,False
312,Baixada estacio 1,Abu Masaifa,2023-09-27T16:43:09.097Z,38.991213,-0.523787,946
313,Albereda 2,N-340B,2023-09-27T16:43:09.097Z,38.990742,-0.513,158
314,Republica Argentina,Republica Argentina,2023-09-27T16:43:09.097Z,38.99105,-0.519778,145
315,CV-645A,PalasietA,2023-09-27T16:43:19.097Z,38.985252,-0.537441,False
316,CV-645B,CV-645A,2023-09-27T16:43:19.097Z,0.0,0.0,864
317,Corts Valencianes 1B,Aben FerriB,2023-09-27T16:43:19.097Z,38.986084,-0.534517,334
318,Corts Valencianes 2B,Argenteria,2023-09-27T16:43:19.097Z,38.987684,-0.53061,334
319,PalasietB,CV-645B,2023-09-27T16:43:19.097Z,38.985252,-0.537441,413
320,9 OctubreA,Alfons MagnanimA,2023-09-27T16:43:19.097Z,38.987144,-0.535236,583
321,Ausias MarchA,9 OctubreA,2023-09-27T16:43:19.097Z,38.987684,-0.53061,978
322,Ausias MarchB,Ximen ToviaB,2023-09-27T16:43:19.097Z,38.991913,-0.524291,796
323,Baixada estacio 2,Albereda 1,2023-09-27T16:43:19.097Z,38.989955,-0.523503,674
324,Albereda 1,Albereda 2,2023-09-27T16:43:19.097Z,38.990122,-0.519633,216
325,Carme 2,Albereda 2,2023-09-27T16:43:19.097Z,38.990122,-0.519633,670
326,Corts Valencianes 1B,Alfons MagnanimB,2023-09-27T16:43:29.097Z,38.986084,-0.534517,749
327,PalasietB,CV-645B,2023-09-27T16:43:29.097Z,38.985252,-0.537441,965
328,Aben FerriA,Corts Valencianes 1A,2023-09-27T16:43:29.097Z,38.986084,-0.534517,989
329,Aben FerriB,Aben FerriA,2023-09-27T16:43:29.097Z,38.985489,-0.534157,449
330,Argenteria,PalasietB,2023-09-27T16:43:29.097Z,38.985489,-0.534157,100
331,9 OctubreA,9 OctubreB,2023-09-27T16:43:29.097Z,38.987144,-0.535236,976
332,Beata InesB,Beata InesA,2023-09-27T16:43:29.097Z,0.0,0.0,272
333,Ximen ToviaB,Ximen ToviaA,2023-09-27T16:43:29.097Z,38.992357,-0.519858,758
334,Albereda 2,N-340B,2023-09-27T16:43:29.097Z,38.990742,-0.513,595
335,CV-645B,Beata InesA,2023-09-27T16:43:39.097Z,0.0,0.0,649
336,Corts Valencianes 1B,Corts Valencianes 2B,2023-09-27T16:43:39.097Z,38.986084,-0.534517,996
337,Corts Valencianes 2A,Aben FerriB,2023-09-27T16:43:39.097Z,38.986084,-0.534517,050
338,Corts Valencianes 2B,Ausias MarchB,2023-09-27T16:43:39.097Z,38.987684,-0.53061,XXX
339,PalasietA,PalasietB,2023-09-27T16:43:39.097Z,38.985489,-0.534157,022
340,PalasietB,Corts Valencianes 1B,2023-09-27T16:43:39.097Z,38.985252,-0.537441,976
341,Alfons MagnanimA,Alfons MagnanimB,2023-09-27T16:43:39.097Z,38.986084,-0.534517,583
342,Aben FerriA,Corts Valencianes 1A,2023-09-27T16:43:39.097Z,38.986084,-0.534517,449
343,Aben FerriB,PalasietB,2023-09-27T16:43:39.097Z,38.985489,-0.534157,334
344,Argenteria,PalasietB,2023-09-27T16:43:39.097Z,38.985489,-0.534157,149
345,9 OctubreA,9 OctubreB,2023-09-27T16:43:39.097Z,38.987144,-0.535236,970
346,9 OctubreB,Ausias MarchB,2023-09-27T16:43:39.097Z,38.987684,-0.53061,629
347,Ausias MarchB,Ausias MarchA,2023-09-27T16:43:39.097Z,38.991913,-0.524291,908
348,Baixada estacio 2,Republica Argentina,2023-09-27T16:43:39.097Z,38.989955,-0.523503,669
349,Albereda 2,N-340B,2023-09-27T16:43:39.097Z,38.990742,-0.513,979
350,CV-645A,Corts Valencianes 1B,2023-09-27T16:43:49.097Z,38.985252,-0.537441,632
351,PalasietA,PalasietB,2023-09-27T16:43:49.097Z,38.985489,-0.534157,500
352,PalasietB,Corts Valencianes 1B,2023-09-27T16:43:49.097Z,38.985252,-0.537441,996
353,Alfons MagnanimB,Alfons MagnanimA,2023-09-27T16:43:49.097Z,38.987144,-0.535236,749
354,Aben FerriB,PalasietB,2023-09-27T16:43:49.097Z,38.985489,-0.534157,050
355,9 OctubreB,Ausias MarchB,2023-09-27T16:43:49.097Z,38.987684,-0.53061,940
356,Ausias MarchB,Ausias MarchB,2023-09-27T16:43:49.097Z,38.991913,-0.524291,274
357,Beata InesA,Ausias MarchB,2023-09-27T16:43:49.097Z,38.987684,-0.53061,False
358,Beata InesB,CV-645A,2023-09-27T16:43:49.097Z,0.0,0.0,False
359,Ximen ToviaA,Ausias MarchA,2023-09-27T16:43:49.097Z,38.991913,-0.524291,798
360,Baixada estacio 2,Albereda 1,2023-09-27T16:43:49.097Z,38.989955,-0.523503,505
361,Albereda 1,Albereda 2,2023-09-27T16:43:49.097Z,38.990122,-0.519633,416
362,Albereda 2,Cosmografo,2023-09-27T16:43:49.097Z,38.990742,-0.513,231
363,Carme 2,Albereda 2,2023-09-27T16:43:49.097Z,38.990122,-0.519633,619
364,N-340B,N-340A,2023-09-27T16:43:49.097Z,0.0,0.0,449
365,CV-645A,Corts Valencianes 1B,2023-09-27T16:43:59.097Z,38.985252,-0.537441,496
366,CV-645B,CV-645B,2023-09-27T16:43:59.097Z,0.0,0.0,627
367,Corts Valencianes 1B,Alfons MagnanimB,2023-09-27T16:43:59.097Z,38.986084,-0.534517,False
368,Corts Valencianes 2B,Beata InesB,2023-09-27T16:43:59.097Z,38.987684,-0.53061,954
369,9 OctubreB,Beata InesB,2023-09-27T16:43:59.097Z,38.987684,-0.53061,996
370,Beata InesA,Argenteria,2023-09-27T16:43:59.097Z,38.987684,-0.53061,246
371,Albereda 1,Albereda 2,2023-09-27T16:43:59.097Z,38.990122,-0.519633,734
372,Albereda 2,N-340B,2023-09-27T16:43:59.097Z,38.990742,-0.513,769
373,Carme 2,Albereda 2,2023-09-27T16:43:59.097Z,38.990122,-0.519633,937
374,Cosmografo,Maulets,2023-09-27T16:43:59.097Z,38.991249,-0.518678,197
375,CV-645A,Corts Valencianes 1B,2023-09-27T16:44:09.097Z,38.985252,-0.537441,864
376,CV-645B,Beata InesA,2023-09-27T16:44:09.097Z,0.0,0.0,019
377,Corts Valencianes 1A,CV-645B,2023-09-27T16:44:09.097Z,38.985252,-0.537441,False
378,Alfons MagnanimA,Corts Valencianes 2B,2023-09-27T16:44:09.097Z,38.986084,-0.534517,016
379,Argenteria,PalasietB,2023-09-27T16:44:09.097Z,38.985489,-0.534157,False
380,9 OctubreB,Beata InesB,2023-09-27T16:44:09.097Z,38.987684,-0.53061,976
381,Ausias MarchA,Beata InesB,2023-09-27T16:44:09.097Z,38.987684,-0.53061,308
382,Beata InesA,Argenteria,2023-09-27T16:44:09.097Z,38.987684,-0.53061,120
383,Reina,Republica Argentina,2023-09-27T16:44:09.097Z,38.989955,-0.523503,971
384,Baixada estacio 2,Republica Argentina,2023-09-27T16:44:09.097Z,38.989955,-0.523503,351
385,Carme 1,Carme 2,2023-09-27T16:44:09.097Z,38.99105,-0.519778,False
386,Maulets,Carme 1,2023-09-27T16:44:09.097Z,38.992357,-0.519858,66e
387,CV-645A,PalasietA,2023-09-27T16:44:19.097Z,38.985252,-0.537441,976
388,Corts Valencianes 1A,Corts Valencianes 1A,2023-09-27T16:44:19.097Z,38.985252,-0.537441,530
389,Corts Valencianes 1B,Alfons MagnanimB,2023-09-27T16:44:19.097Z,38.986084,-0.534517,632
390,Corts Valencianes 2B,Ausias MarchB,2023-09-27T16:44:19.097Z,38.987684,-0.53061,686
391,PalasietB,CV-645B,2023-09-27T16:44:19.097Z,38.985252,-0.537441,502
392,Alfons MagnanimB,9 OctubreB,2023-09-27T16:44:19.097Z,38.987144,-0.535236,561
393,Argenteria,PalasietB,2023-09-27T16:44:19.097Z,38.985489,-0.534157,934
394,9 OctubreB,Reina,2023-09-27T16:44:19.097Z,38.987684,-0.53061,970
395,Abu Masaifa,Argenteria,2023-09-27T16:44:19.097Z,38.987684,-0.53061,False
396,Ausias MarchB,Ausias MarchA,2023-09-27T16:44:19.097Z,38.991913,-0.524291,717
397,Beata InesA,9 OctubreA,2023-09-27T16:44:19.097Z,38.987684,-0.53061,649
398,Carme 1,Carme 2,2023-09-27T16:44:19.097Z,38.99105,-0.519778,XXX
399,CV-645B,N-340A,2023-09-27T16:44:29.097Z,0.0,0.0,426
400,Corts Valencianes 1A,CV-645B,2023-09-27T16:44:29.097Z,38.985252,-0.537441,069
401,Corts Valencianes 1B,Corts Valencianes 1A,2023-09-27T16:44:29.097Z,38.986084,-0.534517,False
402,Corts Valencianes 2B,Ausias MarchB,2023-09-27T16:44:29.097Z,38.987684,-0.53061,919
403,PalasietA,Aben FerriA,2023-09-27T16:44:29.097Z,38.985489,-0.534157,False
404,PalasietB,CV-645B,2023-09-27T16:44:29.097Z,38.985252,-0.537441,941
405,Aben FerriA,Corts Valencianes 1A,2023-09-27T16:44:29.097Z,38.986084,-0.534517,697
406,Abu Masaifa,Argenteria,2023-09-27T16:44:29.097Z,38.987684,-0.53061,946
407,Ausias MarchB,Ausias MarchA,2023-09-27T16:44:29.097Z,38.991913,-0.524291,False
408,Reina,Albereda 1,2023-09-27T16:44:29.097Z,38.989955,-0.523503,236
409,Baixada estacio 2,Republica Argentina,2023-09-27T16:44:29.097Z,38.989955,-0.523503,706
410,Maulets,Ximen ToviaA,2023-09-27T16:44:29.097Z,38.992357,-0.519858,581
411,N-340B,CV-645A,2023-09-27T16:44:29.097Z,0.0,0.0,474
412,CV-645B,Beata InesA,2023-09-27T16:44:39.097Z,0.0,0.0,717
413,Corts Valencianes 1A,CV-645B,2023-09-27T16:44:39.097Z,38.985252,-0.537441,053
414,Corts Valencianes 1B,Corts Valencianes 2B,2023-09-27T16:44:39.097Z,38.986084,-0.534517,496
415,Corts Valencianes 2B,Reina,2023-09-27T16:44:39.097Z,38.987684,-0.53061,False
416,PalasietB,CV-645B,2023-09-27T16:44:39.097Z,38.985252,-0.537441,479
417,Aben FerriA,Alfons MagnanimB,2023-09-27T16:44:39.097Z,38.986084,-0.534517,976
418,Argenteria,PalasietB,2023-09-27T16:44:39.097Z,38.985489,-0.534157,480
419,9 OctubreA,Alfons MagnanimA,2023-09-27T16:44:39.097Z,38.987144,-0.535236,669
420,9 OctubreB,Argenteria,2023-09-27T16:44:39.097Z,38.987684,-0.53061,561
421,Abu Masaifa,Beata InesB,2023-09-27T16:44:39.097Z,38.987684,-0.53061,480
422,Ausias MarchA,Reina,2023-09-27T16:44:39.097Z,38.987684,-0.53061,False
423,Beata InesA,9 OctubreA,2023-09-27T16:44:39.097Z,38.987684,-0.53061,016
424,Maulets,N-340B,2023-09-27T16:44:39.097Z,38.992357,-0.519858,779
425,N-340B,N-340A,2023-09-27T16:44:39.097Z,0.0,0.0,999
426,Corts Valencianes 1A,PalasietA,2023-09-27T16:44:49.097Z,38.985252,-0.537441,490
427,Corts Valencianes 1B,Alfons MagnanimB,2023-09-27T16:44:49.097Z,38.986084,-0.534517,864
428,Corts Valencianes 2B,Argenteria,2023-09-27T16:44:49.097Z,38.987684,-0.53061,159
429,Alfons MagnanimB,9 OctubreB,2023-09-27T16:44:49.097Z,38.987144,-0.535236,False
430,Ausias MarchA,Reina,2023-09-27T16:44:49.097Z,38.987684,-0.53061,203
431,Ausias MarchB,Ximen ToviaB,2023-09-27T16:44:49.097Z,38.991913,-0.524291,127
432,Beata InesA,Ausias MarchB,2023-09-27T16:44:49.097Z,38.987684,-0.53061,717
433,Reina,Albereda 1,2023-09-27T16:44:49.097Z,38.989955,-0.523503,900
434,Baixada estacio 2,Republica Argentina,2023-09-27T16:44:49.097Z,38.989955,-0.523503,979
435,Albereda 2,Cosmografo,2023-09-27T16:44:49.097Z,38.990742,-0.513,251
436,Maulets,Ximen ToviaA,2023-09-27T16:44:49.097Z,38.992357,-0.519858,869
437,N-340B,N-340A,2023-09-27T16:44:49.097Z,0.0,0.0,589
438,Corts Valencianes 2B,Beata InesB,2023-09-27T16:44:59.097Z,38.987684,-0.53061,086
439,PalasietB,PalasietA,2023-09-27T16:44:59.097Z,38.985252,-0.537441,False
440,Alfons MagnanimB,9 OctubreB,2023-09-27T16:44:59.097Z,38.987144,-0.535236,632
441,Argenteria,PalasietB,2023-09-27T16:44:59.097Z,38.985489,-0.534157,687
442,Reina,Albereda 1,2023-09-27T16:44:59.097Z,38.989955,-0.523503,363
443,CV-645B,CV-645B,2023-09-27T16:45:09.097Z,0.0,0.0,362
444,Corts Valencianes 1B,Corts Valencianes 1A,2023-09-27T16:45:09.097Z,38.986084,-0.534517,644
445,Corts Valencianes 2B,Ausias MarchB,2023-09-27T16:45:09.097Z,38.987684,-0.53061,308
446,PalasietB,CV-645B,2023-09-27T16:45:09.097Z,38.985252,-0.537441,837
447,Alfons MagnanimB,Alfons MagnanimA,2023-09-27T16:45:09.097Z,38.987144,-0.535236,False
448,Aben FerriA,Aben FerriB,2023-09-27T16:45:09.097Z,38.986084,-0.534517,054
449,Argenteria,PalasietB,2023-09-27T16:45:09.097Z,38.985489,-0.534157,206
450,9 OctubreA,9 OctubreB,2023-09-27T16:45:09.097Z,38.987144,-0.535236,016
451,9 OctubreB,Ausias MarchB,2023-09-27T16:45:09.097Z,38.987684,-0.53061,690
452,Ausias MarchB,Ximen ToviaB,2023-09-27T16:45:09.097Z,38.991913,-0.524291,969
453,Reina,Albereda 1,2023-09-27T16:45:09.097Z,38.989955,-0.523503,128
454,Ximen ToviaA,Ausias MarchA,2023-09-27T16:45:09.097Z,38.991913,-0.524291,997
455,Ximen ToviaB,N-340B,2023-09-27T16:45:09.097Z,38.992357,-0.519858,127
456,Albereda 2,Cosmografo,2023-09-27T16:45:09.097Z,38.990742,-0.513,904
457,CV-645B,N-340A,2023-09-27T16:45:19.097Z,0.0,0.0,False
458,Corts Valencianes 1A,PalasietA,2023-09-27T16:45:19.097Z,38.985252,-0.537441,644
459,Corts Valencianes 2B,Corts Valencianes 2A,2023-09-27T16:45:19.097Z,38.987684,-0.53061,699
460,PalasietA,PalasietB,2023-09-27T16:45:19.097Z,38.985489,-0.534157,490
461,Alfons MagnanimA,Corts Valencianes 1A,2023-09-27T16:45:19.097Z,38.986084,-0.534517,026
462,Argenteria,Aben FerriA,2023-09-27T16:45:19.097Z,38.985489,-0.534157,122
463,9 OctubreB,9 OctubreB,2023-09-27T16:45:19.097Z,38.987684,-0.53061,632
464,Ausias MarchB,Ximen ToviaB,2023-09-27T16:45:19.097Z,38.991913,-0.524291,False
465,Reina,Albereda 1,2023-09-27T16:45:19.097Z,38.989955,-0.523503,273
466,Ximen ToviaA,Ausias MarchA,2023-09-27T16:45:19.097Z,38.991913,-0.524291,276
467,Albereda 1,Albereda 2,2023-09-27T16:45:19.097Z,38.990122,-0.519633,False
468,Carme 2,Albereda 2,2023-09-27T16:45:19.097Z,38.990122,-0.519633,385
469,CV-645B,CV-645B,2023-09-27T16:45:29.097Z,0.0,0.0,644
470,Corts Valencianes 1A,PalasietA,2023-09-27T16:45:29.097Z,38.985252,-0.537441,669
471,Corts Valencianes 1B,Aben FerriB,2023-09-27T16:45:29.097Z,38.986084,-0.534517,976
472,Corts Valencianes 2A,Aben FerriB,2023-09-27T16:45:29.097Z,38.986084,-0.534517,699
473,Corts Valencianes 2B,Corts Valencianes 2A,2023-09-27T16:45:29.097Z,38.987684,-0.53061,766
474,PalasietA,Aben FerriA,2023-09-27T16:45:29.097Z,38.985489,-0.534157,False
475,PalasietB,Corts Valencianes 1B,2023-09-27T16:45:29.097Z,38.985252,-0.537441,720
476,Alfons MagnanimA,Aben FerriB,2023-09-27T16:45:29.097Z,38.986084,-0.534517,False
477,Alfons MagnanimB,9 OctubreB,2023-09-27T16:45:29.097Z,38.987144,-0.535236,676
478,Aben FerriA,Corts Valencianes 1A,2023-09-27T16:45:29.097Z,38.986084,-0.534517,272
479,Aben FerriB,PalasietB,2023-09-27T16:45:29.097Z,38.985489,-0.534157,901
480,Argenteria,Aben FerriA,2023-09-27T16:45:29.097Z,38.985489,-0.534157,False
481,9 OctubreB,Corts Valencianes 2A,2023-09-27T16:45:29.097Z,38.987684,-0.53061,019
482,Ausias MarchA,Ausias MarchB,2023-09-27T16:45:29.097Z,38.987684,-0.53061,581
483,Ausias MarchB,Ximen ToviaB,2023-09-27T16:45:29.097Z,38.991913,-0.524291,False
484,Reina,Albereda 1,2023-09-27T16:45:29.097Z,38.989955,-0.523503,027
485,Albereda 1,Albereda 2,2023-09-27T16:45:29.097Z,38.990122,-0.519633,969
486,CV-645A,Corts Valencianes 1B,2023-09-27T16:45:39.097Z,38.985252,-0.537441,False
487,CV-645B,CV-645A,2023-09-27T16:45:39.097Z,0.0,0.0,936
488,Corts Valencianes 1B,Corts Valencianes 2B,2023-09-27T16:45:39.097Z,38.986084,-0.534517,720
489,Corts Valencianes 2B,9 OctubreA,2023-09-27T16:45:39.097Z,38.987684,-0.53061,496
490,PalasietB,Corts Valencianes 1B,2023-09-27T16:45:39.097Z,38.985252,-0.537441,080
491,Aben FerriA,Corts Valencianes 2B,2023-09-27T16:45:39.097Z,38.986084,-0.534517,False
492,Aben FerriB,Aben FerriA,2023-09-27T16:45:39.097Z,38.985489,-0.534157,239
493,Argenteria,PalasietB,2023-09-27T16:45:39.097Z,38.985489,-0.534157,946
494,9 OctubreB,Argenteria,2023-09-27T16:45:39.097Z,38.987684,-0.53061,632
495,Ausias MarchB,Ausias MarchA,2023-09-27T16:45:39.097Z,38.991913,-0.524291,XXX
496,Reina,Albereda 1,2023-09-27T16:45:39.097Z,38.989955,-0.523503,443
497,CV-645B,CV-645A,2023-09-27T16:45:49.097Z,0.0,0.0,313
498,Corts Valencianes 1A,Corts Valencianes 1B,2023-09-27T16:45:49.097Z,38.985252,-0.537441,272
499,Corts Valencianes 1B,Corts Valencianes 1A,2023-09-27T16:45:49.097Z,38.986084,-0.534517,474
500,Corts Valencianes 2B,9 OctubreA,2023-09-27T16:45:49.097Z,38.987684,-0.53061,720
501,PalasietA,PalasietB,2023-09-27T16:45:49.097Z,38.985489,-0.534157,003
502,PalasietB,PalasietA,2023-09-27T16:45:49.097Z,38.985252,-0.537441,447
503,Aben FerriA,Aben FerriB,2023-09-27T16:45:49.097Z,38.986084,-0.534517,False
504,9 OctubreB,Corts Valencianes 2A,2023-09-27T16:45:49.097Z,38.987684,-0.53061,864
505,Ausias MarchB,Baixada estacio 1,2023-09-27T16:45:49.097Z,38.991913,-0.524291,629
506,Beata InesB,Beata InesA,2023-09-27T16:45:49.097Z,0.0,0.0,038
507,Ximen ToviaB,N-340B,2023-09-27T16:45:49.097Z,38.992357,-0.519858,911
508,CV-645A,Corts Valencianes 1B,2023-09-27T16:45:59.097Z,38.985252,-0.537441,996
509,CV-645B,N-340A,2023-09-27T16:45:59.097Z,0.0,0.0,711
510,Corts Valencianes 1A,PalasietA,2023-09-27T16:45:59.097Z,38.985252,-0.537441,False
511,Corts Valencianes 1B,Corts Valencianes 2B,2023-09-27T16:45:59.097Z,38.986084,-0.534517,080
512,Corts Valencianes 2B,Corts Valencianes 2A,2023-09-27T16:45:59.097Z,38.987684,-0.53061,False
513,PalasietA,Aben FerriA,2023-09-27T16:45:59.097Z,38.985489,-0.534157,026
514,Aben FerriA,Corts Valencianes 2B,2023-09-27T16:45:59.097Z,38.986084,-0.534517,974
515,Aben FerriB,Aben FerriA,2023-09-27T16:45:59.097Z,38.985489,-0.534157,976
516,Argenteria,PalasietB,2023-09-27T16:45:59.097Z,38.985489,-0.534157,159
517,9 OctubreA,9 OctubreB,2023-09-27T16:45:59.097Z,38.987144,-0.535236,496
518,Ausias MarchA,Corts Valencianes 2A,2023-09-27T16:45:59.097Z,38.987684,-0.53061,869
519,Ausias MarchB,Ximen ToviaB,2023-09-27T16:45:59.097Z,38.991913,-0.524291,172
520,Ximen ToviaB,N-340B,2023-09-27T16:45:59.097Z,38.992357,-0.519858,676
521,CV-645A,Corts Valencianes 1B,2023-09-27T16:46:09.097Z,38.985252,-0.537441,479
522,Corts Valencianes 2A,Corts Valencianes 1A,2023-09-27T16:46:09.097Z,38.986084,-0.534517,016
523,PalasietB,Corts Valencianes 1B,2023-09-27T16:46:09.097Z,38.985252,-0.537441,False
524,Aben FerriA,Aben FerriB,2023-09-27T16:46:09.097Z,38.986084,-0.534517,026
525,Aben FerriB,PalasietB,2023-09-27T16:46:09.097Z,38.985489,-0.534157,False
526,9 OctubreA,9 OctubreB,2023-09-27T16:46:09.097Z,38.987144,-0.535236,False
527,Ausias MarchA,Corts Valencianes 2A,2023-09-27T16:46:09.097Z,38.987684,-0.53061,False
528,Beata InesA,9 OctubreA,2023-09-27T16:46:09.097Z,38.987684,-0.53061,030
529,Beata InesB,Beata InesA,2023-09-27T16:46:09.097Z,0.0,0.0,976
530,CV-645B,CV-645A,2023-09-27T16:46:19.097Z,0.0,0.0,319
531,Corts Valencianes 1A,CV-645B,2023-09-27T16:46:19.097Z,38.985252,-0.537441,749
532,Corts Valencianes 1B,Alfons MagnanimB,2023-09-27T16:46:19.097Z,38.986084,-0.534517,272
533,Corts Valencianes 2A,Corts Valencianes 1A,2023-09-27T16:46:19.097Z,38.986084,-0.534517,018
534,PalasietA,Aben FerriA,2023-09-27T16:46:19.097Z,38.985489,-0.534157,676
535,PalasietB,CV-645B,2023-09-27T16:46:19.097Z,38.985252,-0.537441,924
536,Aben FerriA,Corts Valencianes 1A,2023-09-27T16:46:19.097Z,38.986084,-0.534517,126
537,Aben FerriB,PalasietB,2023-09-27T16:46:19.097Z,38.985489,-0.534157,976
538,Argenteria,PalasietB,2023-09-27T16:46:19.097Z,38.985489,-0.534157,632
539,Ausias MarchB,Ximen ToviaB,2023-09-27T16:46:19.097Z,38.991913,-0.524291,940
540,Beata InesB,CV-645A,2023-09-27T16:46:19.097Z,0.0,0.0,308
541,Ximen ToviaB,N-340B,2023-09-27T16:46:19.097Z,38.992357,-0.519858,479
542,N-340B,N-340B,2023-09-27T16:46:19.097Z,0.0,0.0,668
543,Corts Valencianes 1A,Corts Valencianes 1A,2023-09-27T16:46:29.097Z,38.985252,-0.537441,018
544,Corts Valencianes 1B,Corts Valencianes 1A,2023-09-27T16:46:29.097Z,38.986084,-0.534517,936
545,PalasietB,CV-645B,2023-09-27T16:46:29.097Z,38.985252,-0.537441,550
546,Alfons MagnanimB,Alfons MagnanimA,2023-09-27T16:46:29.097Z,38.987144,-0.535236,122
547,Aben FerriA,Corts Valencianes 2B,2023-09-27T16:46:29.097Z,38.986084,-0.534517,676
548,Argenteria,PalasietB,2023-09-27T16:46:29.097Z,38.985489,-0.534157,583
549,9 OctubreA,Alfons MagnanimA,2023-09-27T16:46:29.097Z,38.987144,-0.535236,False
550,Ausias MarchB,Baixada estacio 1,2023-09-27T16:46:29.097Z,38.991913,-0.524291,109
551,Beata InesB,Beata InesA,2023-09-27T16:46:29.097Z,0.0,0.0,996
552,Ximen ToviaB,N-340B,2023-09-27T16:46:29.097Z,38.992357,-0.519858,172
553,Baixada estacio 1,Baixada estacio 2,2023-09-27T16:46:29.097Z,38.991213,-0.523787,629
554,CV-645A,PalasietA,2023-09-27T16:46:39.097Z,38.985252,-0.537441,019
555,Corts Valencianes 1A,PalasietA,2023-09-27T16:46:39.097Z,38.985252,-0.537441,076
556,Corts Valencianes 1B,Corts Valencianes 2B,2023-09-27T16:46:39.097Z,38.986084,-0.534517,479
557,Corts Valencianes 2A,Corts Valencianes 1A,2023-09-27T16:46:39.097Z,38.986084,-0.534517,False
558,Corts Valencianes 2B,Reina,2023-09-27T16:46:39.097Z,38.987684,-0.53061,080
559,PalasietB,Corts Valencianes 1B,2023-09-27T16:46:39.097Z,38.985252,-0.537441,False
560,Aben FerriB,PalasietB,2023-09-27T16:46:39.097Z,38.985489,-0.534157,026
561,9 OctubreB,Corts Valencianes 2A,2023-09-27T16:46:39.097Z,38.987684,-0.53061,496
562,Ausias MarchB,Ximen ToviaB,2023-09-27T16:46:39.097Z,38.991913,-0.524291,171
563,Beata InesA,Reina,2023-09-27T16:46:39.097Z,38.987684,-0.53061,010
564,Beata InesB,CV-645A,2023-09-27T16:46:39.097Z,0.0,0.0,954
565,Baixada estacio 2,Republica Argentina,2023-09-27T16:46:39.097Z,38.989955,-0.523503,629
566,CV-645B,Beata InesA,2023-09-27T16:46:49.097Z,0.0,0.0,964
567,Corts Valencianes 1A,PalasietA,2023-09-27T16:46:49.097Z,38.985252,-0.537441,916
568,Corts Valencianes 2B,9 OctubreA,2023-09-27T16:46:49.097Z,38.987684,-0.53061,239
569,PalasietB,Corts Valencianes 1B,2023-09-27T16:46:49.097Z,38.985252,-0.537441,710
570,Alfons MagnanimA,Corts Valencianes 2B,2023-09-27T16:46:49.097Z,38.986084,-0.534517,120
571,Argenteria,PalasietB,2023-09-27T16:46:49.097Z,38.985489,-0.534157,925
572,9 OctubreB,Reina,2023-09-27T16:46:49.097Z,38.987684,-0.53061,720
573,Ausias MarchA,Beata InesB,2023-09-27T16:46:49.097Z,38.987684,-0.53061,796
574,Ausias MarchB,Baixada estacio 1,2023-09-27T16:46:49.097Z,38.991913,-0.524291,False
575,Beata InesB,CV-645A,2023-09-27T16:46:49.097Z,0.0,0.0,086
576,Baixada estacio 1,Abu Masaifa,2023-09-27T16:46:49.097Z,38.991213,-0.523787,109
577,CV-645A,Corts Valencianes 1B,2023-09-27T16:46:59.097Z,38.985252,-0.537441,108
578,CV-645B,CV-645A,2023-09-27T16:46:59.097Z,0.0,0.0,933
579,Corts Valencianes 1A,Corts Valencianes 1B,2023-09-27T16:46:59.097Z,38.985252,-0.537441,016
580,Corts Valencianes 1B,Corts Valencianes 2B,2023-09-27T16:46:59.097Z,38.986084,-0.534517,False
581,Corts Valencianes 2A,Corts Valencianes 1A,2023-09-27T16:46:59.097Z,38.986084,-0.534517,XXX
582,Beata InesA,Argenteria,2023-09-27T16:46:59.097Z,38.987684,-0.53061,815
583,Baixada estacio 1,Abu Masaifa,2023-09-27T16:46:59.097Z,38.991213,-0.523787,False
584,N-340B,N-340B,2023-09-27T16:46:59.097Z,0.0,0.0,979
585,Corts Valencianes 1A,CV-645B,2023-09-27T16:47:09.097Z,38.985252,-0.537441,False
586,Corts Valencianes 1B,Corts Valencianes 2B,2023-09-27T16:47:09.097Z,38.986084,-0.534517,496
587,Corts Valencianes 2B,Ausias MarchB,2023-09-27T16:47:09.097Z,38.987684,-0.53061,474
588,PalasietA,PalasietB,2023-09-27T16:47:09.097Z,38.985489,-0.534157,126
589,Argenteria,Aben FerriA,2023-09-27T16:47:09.097Z,38.985489,-0.534157,971
590,Beata InesA,Corts Valencianes 2A,2023-09-27T16:47:09.097Z,38.987684,-0.53061,164
591,Ximen ToviaB,Ximen ToviaA,2023-09-27T16:47:09.097Z,38.992357,-0.519858,940
592,N-340B,N-340A,2023-09-27T16:47:09.097Z,0.0,0.0,625
593,CV-645A,PalasietA,2023-09-27T16:47:19.097Z,38.985252,-0.537441,627
594,CV-645B,CV-645A,2023-09-27T16:47:19.097Z,0.0,0.0,655
595,Corts Valencianes 1A,CV-645B,2023-09-27T16:47:19.097Z,38.985252,-0.537441,075
596,Corts Valencianes 2A,Corts Valencianes 2B,2023-09-27T16:47:19.097Z,38.986084,-0.534517,869
597,PalasietA,Aben FerriA,2023-09-27T16:47:19.097Z,38.985489,-0.534157,936
598,PalasietB,PalasietA,2023-09-27T16:47:19.097Z,38.985252,-0.537441,792
599,Aben FerriA,Corts Valencianes 1A,2023-09-27T16:47:19.097Z,38.986084,-0.534517,971
600,Ximen ToviaB,N-340B,2023-09-27T16:47:19.097Z,38.992357,-0.519858,274
601,CV-645A,PalasietA,2023-09-27T16:47:29.097Z,38.985252,-0.537441,086
602,Corts Valencianes 2A,Corts Valencianes 2B,2023-09-27T16:47:29.097Z,38.986084,-0.534517,864
603,Corts Valencianes 2B,Argenteria,2023-09-27T16:47:29.097Z,38.987684,-0.53061,479
604,PalasietA,PalasietB,2023-09-27T16:47:29.097Z,38.985489,-0.534157,660
605,PalasietB,Corts Valencianes 1B,2023-09-27T16:47:29.097Z,38.985252,-0.537441,395
606,Aben FerriA,Aben FerriB,2023-09-27T16:47:29.097Z,38.986084,-0.534517,996
607,Ausias MarchB,Ximen ToviaB,2023-09-27T16:47:29.097Z,38.991913,-0.524291,919
608,Beata InesB,CV-645A,2023-09-27T16:47:29.097Z,0.0,0.0,796
609,CV-645B,Beata InesA,2023-09-27T16:47:39.097Z,0.0,0.0,False
610,Corts Valencianes 1B,Alfons MagnanimB,2023-09-27T16:47:39.097Z,38.986084,-0.534517,False
611,Corts Valencianes 2A,Aben FerriB,2023-09-27T16:47:39.097Z,38.986084,-0.534517,669
612,Corts Valencianes 2B,Ausias MarchB,2023-09-27T16:47:39.097Z,38.987684,-0.53061,272
613,PalasietB,CV-645B,2023-09-27T16:47:39.097Z,38.985252,-0.537441,284
614,Aben FerriB,PalasietB,2023-09-27T16:47:39.097Z,38.985489,-0.534157,996
615,9 OctubreA,Alfons MagnanimA,2023-09-27T16:47:39.097Z,38.987144,-0.535236,974
616,Abu Masaifa,Argenteria,2023-09-27T16:47:39.097Z,38.987684,-0.53061,False
617,Ausias MarchB,Ximen ToviaB,2023-09-27T16:47:39.097Z,38.991913,-0.524291,717
618,Ximen ToviaA,Ausias MarchA,2023-09-27T16:47:39.097Z,38.991913,-0.524291,140
619,N-340B,CV-645A,2023-09-27T16:47:39.097Z,0.0,0.0,869
620,CV-645A,PalasietA,2023-09-27T16:47:49.097Z,38.985252,-0.537441,933
621,CV-645B,CV-645A,2023-09-27T16:47:49.097Z,0.0,0.0,459
622,Corts Valencianes 1A,Corts Valencianes 1B,2023-09-27T16:47:49.097Z,38.985252,-0.537441,971
623,Corts Valencianes 1B,Corts Valencianes 2B,2023-09-27T16:47:49.097Z,38.986084,-0.534517,108
624,Corts Valencianes 2A,Corts Valencianes 1A,2023-09-27T16:47:49.097Z,38.986084,-0.534517,496
625,Corts Valencianes 2B,Argenteria,2023-09-27T16:47:49.097Z,38.987684,-0.53061,False
626,PalasietA,PalasietB,2023-09-27T16:47:49.097Z,38.985489,-0.534157,994
627,Alfons MagnanimA,Alfons MagnanimB,2023-09-27T16:47:49.097Z,38.986084,-0.534517,239
628,Alfons MagnanimB,9 OctubreB,2023-09-27T16:47:49.097Z,38.987144,-0.535236,710
629,Aben FerriB,Aben FerriA,2023-09-27T16:47:49.097Z,38.985489,-0.534157,164
630,Argenteria,Aben FerriA,2023-09-27T16:47:49.097Z,38.985489,-0.534157,313
631,Ausias MarchB,Ximen ToviaB,2023-09-27T16:47:49.097Z,38.991913,-0.524291,308
632,Beata InesA,9 OctubreA,2023-09-27T16:47:49.097Z,38.987684,-0.53061,False
633,N-340B,Beata InesA,2023-09-27T16:47:49.097Z,0.0,0.0,969
634,CV-645B,CV-645B,2023-09-27T16:47:59.097Z,0.0,0.0,955
635,Corts Valencianes 1B,Alfons MagnanimB,2023-09-27T16:47:59.097Z,38.986084,-0.534517,018
636,Corts Valencianes 2B,Ausias MarchB,2023-09-27T16:47:59.097Z,38.987684,-0.53061,496
637,PalasietA,Aben FerriA,2023-09-27T16:47:59.097Z,38.985489,-0.534157,792
638,Alfons MagnanimA,Corts Valencianes 2B,2023-09-27T16:47:59.097Z,38.986084,-0.534517,609
639,Alfons MagnanimB,9 OctubreB,2023-09-27T16:47:59.097Z,38.987144,-0.535236,239
640,Aben FerriA,Corts Valencianes 1A,2023-09-27T16:47:59.097Z,38.986084,-0.534517,669
641,Argenteria,Aben FerriA,2023-09-27T16:47:59.097Z,38.985489,-0.534157,False
642,CV-645A,Corts Valencianes 1B,2023-09-27T16:48:09.097Z,38.985252,-0.537441,899
643,CV-645B,Beata InesA,2023-09-27T16:48:09.097Z,0.0,0.0,False
644,Corts Valencianes 1A,CV-645B,2023-09-27T16:48:09.097Z,38.985252,-0.537441,496
645,Corts Valencianes 1B,Alfons MagnanimB,2023-09-27T16:48:09.097Z,38.986084,-0.534517,395
646,PalasietA,Aben FerriA,2023-09-27T16:48:09.097Z,38.985489,-0.534157,086
647,Alfons MagnanimB,9 OctubreB,2023-09-27T16:48:09.097Z,38.987144,-0.535236,019
648,Aben FerriA,Alfons MagnanimB,2023-09-27T16:48:09.097Z,38.986084,-0.534517,313
649,Argenteria,PalasietB,2023-09-27T16:48:09.097Z,38.985489,-0.534157,960
650,9 OctubreA,Alfons MagnanimA,2023-09-27T16:48:09.097Z,38.987144,-0.535236,False
651,Abu Masaifa,Beata InesB,2023-09-27T16:48:09.097Z,38.987684,-0.53061,False
652,Ausias MarchA,Ausias MarchA,2023-09-27T16:48:09.097Z,38.987684,-0.53061,940
653,Ausias MarchB,Ximen ToviaB,2023-09-27T16:48:09.097Z,38.991913,-0.524291,False
654,CV-645B,CV-645A,2023-09-27T16:48:19.097Z,0.0,0.0,166
655,Corts Valencianes 2B,Argenteria,2023-09-27T16:48:19.097Z,38.987684,-0.53061,912
656,PalasietA,PalasietB,2023-09-27T16:48:19.097Z,38.985489,-0.534157,933
657,PalasietB,CV-645B,2023-09-27T16:48:19.097Z,38.985252,-0.537441,466
658,Aben FerriA,Corts Valencianes 1A,2023-09-27T16:48:19.097Z,38.986084,-0.534517,192
659,Argenteria,Aben FerriA,2023-09-27T16:48:19.097Z,38.985489,-0.534157,False
660,Ausias MarchA,Ausias MarchB,2023-09-27T16:48:19.097Z,38.987684,-0.53061,940
661,Ausias MarchB,Baixada estacio 1,2023-09-27T16:48:19.097Z,38.991913,-0.524291,997
662,Beata InesA,Reina,2023-09-27T16:48:19.097Z,38.987684,-0.53061,969
663,N-340B,N-340B,2023-09-27T16:48:19.097Z,0.0,0.0,484
664,CV-645A,Corts Valencianes 1B,2023-09-27T16:48:29.097Z,38.985252,-0.537441,796
665,CV-645B,Beata InesA,2023-09-27T16:48:29.097Z,0.0,0.0,969
666,Corts Valencianes 1A,PalasietA,2023-09-27T16:48:29.097Z,38.985252,-0.537441,669
667,Corts Valencianes 2B,Ausias MarchB,2023-09-27T16:48:29.097Z,38.987684,-0.53061,676
668,PalasietB,Corts Valencianes 1B,2023-09-27T16:48:29.097Z,38.985252,-0.537441,769
669,Alfons MagnanimB,9 OctubreB,2023-09-27T16:48:29.097Z,38.987144,-0.535236,395
670,Aben FerriA,Aben FerriB,2023-09-27T16:48:29.097Z,38.986084,-0.534517,False
671,9 OctubreB,Argenteria,2023-09-27T16:48:29.097Z,38.987684,-0.53061,976
672,Ausias MarchB,Ximen ToviaB,2023-09-27T16:48:29.097Z,38.991913,-0.524291,604
673,Beata InesA,Argenteria,2023-09-27T16:48:29.097Z,38.987684,-0.53061,493
674,Beata InesB,Beata InesB,2023-09-27T16:48:29.097Z,0.0,0.0,False
675,CV-645A,PalasietA,2023-09-27T16:48:39.097Z,38.985252,-0.537441,777
676,CV-645B,CV-645B,2023-09-27T16:48:39.097Z,0.0,0.0,827
677,Corts Valencianes 1A,CV-645B,2023-09-27T16:48:39.097Z,38.985252,-0.537441,792
678,Corts Valencianes 1B,Corts Valencianes 2B,2023-09-27T16:48:39.097Z,38.986084,-0.534517,971
679,Corts Valencianes 2B,Ausias MarchB,2023-09-27T16:48:39.097Z,38.987684,-0.53061,308
680,PalasietB,PalasietA,2023-09-27T16:48:39.097Z,38.985252,-0.537441,920
681,Alfons MagnanimA,Aben FerriB,2023-09-27T16:48:39.097Z,38.986084,-0.534517,XXX
682,Alfons MagnanimB,Alfons MagnanimA,2023-09-27T16:48:39.097Z,38.987144,-0.535236,313
683,Aben FerriA,Corts Valencianes 2B,2023-09-27T16:48:39.097Z,38.986084,-0.534517,086
684,Aben FerriB,PalasietB,2023-09-27T16:48:39.097Z,38.985489,-0.534157,994
685,Argenteria,PalasietB,2023-09-27T16:48:39.097Z,38.985489,-0.534157,276
686,9 OctubreB,Reina,2023-09-27T16:48:39.097Z,38.987684,-0.53061,239
687,Ausias MarchB,Ximen ToviaB,2023-09-27T16:48:39.097Z,38.991913,-0.524291,False
688,Beata InesB,Beata InesA,2023-09-27T16:48:39.097Z,0.0,0.0,False
689,Ximen ToviaB,Gregorio Molina,2023-09-27T16:48:39.097Z,38.992357,-0.519858,299
690,Baixada estacio 1,Baixada estacio 2,2023-09-27T16:48:39.097Z,38.991213,-0.523787,997
691,CV-645B,CV-645B,2023-09-27T16:48:49.097Z,0.0,0.0,699
692,Corts Valencianes 1B,Alfons MagnanimB,2023-09-27T16:48:49.097Z,38.986084,-0.534517,655
693,Corts Valencianes 2B,Reina,2023-09-27T16:48:49.097Z,38.987684,-0.53061,False
694,PalasietA,PalasietB,2023-09-27T16:48:49.097Z,38.985489,-0.534157,019
695,PalasietB,CV-645B,2023-09-27T16:48:49.097Z,38.985252,-0.537441,818
696,Alfons MagnanimA,Corts Valencianes 1A,2023-09-27T16:48:49.097Z,38.986084,-0.534517,479
697,Aben FerriA,Aben FerriA,2023-09-27T16:48:49.097Z,38.986084,-0.534517,False
698,Aben FerriB,PalasietB,2023-09-27T16:48:49.097Z,38.985489,-0.534157,aeX
699,9 OctubreB,Reina,2023-09-27T16:48:49.097Z,38.987684,-0.53061,018
700,Ausias MarchB,Ausias MarchA,2023-09-27T16:48:49.097Z,38.991913,-0.524291,272
701,Beata InesA,Corts Valencianes 2A,2023-09-27T16:48:49.097Z,38.987684,-0.53061,448
702,Ximen ToviaB,Gregorio Molina,2023-09-27T16:48:49.097Z,38.992357,-0.519858,717
703,Corts Valencianes 2B,Ausias MarchB,2023-09-27T16:48:59.097Z,38.987684,-0.53061,921
704,PalasietB,CV-645B,2023-09-27T16:48:59.097Z,38.985252,-0.537441,771
705,Alfons MagnanimB,9 OctubreB,2023-09-27T16:48:59.097Z,38.987144,-0.535236,899
706,Aben FerriA,Corts Valencianes 2B,2023-09-27T16:48:59.097Z,38.986084,-0.534517,False
707,Ausias MarchB,Baixada estacio 1,2023-09-27T16:48:59.097Z,38.991913,-0.524291,False
708,Ximen ToviaB,Ximen ToviaA,2023-09-27T16:48:59.097Z,38.992357,-0.519858,308
709,N-340B,Beata InesA,2023-09-27T16:48:59.097Z,0.0,0.0,916
710,CV-645A,PalasietA,2023-09-27T16:49:09.097Z,38.985252,-0.537441,499
711,Corts Valencianes 1B,Corts Valencianes 2B,2023-09-27T16:49:09.097Z,38.986084,-0.534517,758
712,Corts Valencianes 2A,Corts Valencianes 2B,2023-09-27T16:49:09.097Z,38.986084,-0.534517,969
713,PalasietA,PalasietB,2023-09-27T16:49:09.097Z,38.985489,-0.534157,964
714,Ausias MarchA,Corts Valencianes 2A,2023-09-27T16:49:09.097Z,38.987684,-0.53061,272
715,Ausias MarchB,Ximen ToviaB,2023-09-27T16:49:09.097Z,38.991913,-0.524291,940
716,Ximen ToviaB,Ximen ToviaA,2023-09-27T16:49:09.097Z,38.992357,-0.519858,690
717,N-340B,N-340A,2023-09-27T16:49:09.097Z,0.0,0.0,781
718,CV-645A,Corts Valencianes 1B,2023-09-27T16:49:19.097Z,38.985252,-0.537441,486
719,CV-645B,N-340A,2023-09-27T16:49:19.097Z,0.0,0.0,331
720,Corts Valencianes 2A,Corts Valencianes 2A,2023-09-27T16:49:19.097Z,38.986084,-0.534517,120
721,PalasietA,PalasietB,2023-09-27T16:49:19.097Z,38.985489,-0.534157,211
722,PalasietB,Corts Valencianes 1B,2023-09-27T16:49:19.097Z,38.985252,-0.537441,108
723,Argenteria,PalasietB,2023-09-27T16:49:19.097Z,38.985489,-0.534157,710
724,Ausias MarchB,Ximen ToviaB,2023-09-27T16:49:19.097Z,38.991913,-0.524291,464
725,Baixada estacio 1,Baixada estacio 2,2023-09-27T16:49:19.097Z,38.991213,-0.523787,False
726,Gregorio Molina,Baixada estacio 2,2023-09-27T16:49:19.097Z,38.991213,-0.523787,299
727,CV-645B,Beata InesA,2023-09-27T16:49:29.097Z,0.0,0.0,730
728,Corts Valencianes 1A,Corts Valencianes 1B,2023-09-27T16:49:29.097Z,38.985252,-0.537441,313
729,Corts Valencianes 1B,Alfons MagnanimB,2023-09-27T16:49:29.097Z,38.986084,-0.534517,328
730,Corts Valencianes 2B,Argenteria,2023-09-27T16:49:29.097Z,38.987684,-0.53061,086
731,PalasietA,Aben FerriA,2023-09-27T16:49:29.097Z,38.985489,-0.534157,920
732,PalasietB,CV-645B,2023-09-27T16:49:29.097Z,38.985252,-0.537441,False
733,Argenteria,PalasietB,2023-09-27T16:49:29.097Z,38.985489,-0.534157,493
734,Ximen ToviaB,Ximen ToviaA,2023-09-27T16:49:29.097Z,38.992357,-0.519858,604
735,Gregorio Molina,Abu Masaifa,2023-09-27T16:49:29.097Z,38.991213,-0.523787,717
736,CV-645B,Beata InesA,2023-09-27T16:49:39.097Z,0.0,0.0,906
737,Corts Valencianes 1B,Alfons MagnanimB,2023-09-27T16:49:39.097Z,38.986084,-0.534517,166
738,Corts Valencianes 2A,Corts Valencianes 2B,2023-09-27T16:49:39.097Z,38.986084,-0.534517,122
739,PalasietB,Corts Valencianes 1B,2023-09-27T16:49:39.097Z,38.985252,-0.537441,794
740,Alfons MagnanimB,Alfons MagnanimA,2023-09-27T16:49:39.097Z,38.987144,-0.535236,120
741,Aben FerriA,Corts Valencianes 2B,2023-09-27T16:49:39.097Z,38.986084,-0.534517,920
742,9 OctubreB,Argenteria,2023-09-27T16:49:39.097Z,38.987684,-0.53061,395
743,Corts Valencianes 1B,Corts Valencianes 1A,2023-09-27T16:49:49.097Z,38.986084,-0.534517,108
744,Alfons MagnanimA,Corts Valencianes 2B,2023-09-27T16:49:49.097Z,38.986084,-0.534517,328
745,Alfons MagnanimB,Alfons MagnanimB,2023-09-27T16:49:49.097Z,38.987144,-0.535236,486
746,Aben FerriB,PalasietB,2023-09-27T16:49:49.097Z,38.985489,-0.534157,160
747,Argenteria,PalasietB,2023-09-27T16:49:49.097Z,38.985489,-0.534157,086
748,Beata InesA,9 OctubreA,2023-09-27T16:49:49.097Z,38.987684,-0.53061,False
749,Ximen ToviaA,Baixada estacio 1,2023-09-27T16:49:49.097Z,38.991913,-0.524291,308
750,N-340B,N-340B,2023-09-27T16:49:49.097Z,0.0,0.0,991
751,CV-645B,CV-645A,2023-09-27T16:49:59.097Z,0.0,0.0,390
752,Corts Valencianes 1B,Corts Valencianes 2B,2023-09-27T16:49:59.097Z,38.986084,-0.534517,313
753,PalasietA,PalasietB,2023-09-27T16:49:59.097Z,38.985489,-0.534157,459
754,PalasietB,Corts Valencianes 1B,2023-09-27T16:49:59.097Z,38.985252,-0.537441,240
755,Alfons MagnanimB,9 OctubreB,2023-09-27T16:49:59.097Z,38.987144,-0.535236,486
756,Abu Masaifa,Argenteria,2023-09-27T16:49:59.097Z,38.987684,-0.53061,717
757,Beata InesA,9 OctubreA,2023-09-27T16:49:59.097Z,38.987684,-0.53061,916
758,Ximen ToviaB,Ximen ToviaA,2023-09-27T16:49:59.097Z,38.992357,-0.519858,771
759,N-340B,N-340B,2023-09-27T16:49:59.097Z,0.0,0.0,234
760,CV-645B,CV-645B,2023-09-27T16:50:09.097Z,0.0,0.0,963
761,Corts Valencianes 1A,Corts Valencianes 1A,2023-09-27T16:50:09.097Z,38.985252,-0.537441,108
762,Corts Valencianes 1B,Alfons MagnanimB,2023-09-27T16:50:09.097Z,38.986084,-0.534517,794
763,Corts Valencianes 2B,Ausias MarchB,2023-09-27T16:50:09.097Z,38.987684,-0.53061,False
764,Ausias MarchB,Ausias MarchA,2023-09-27T16:50:09.097Z,38.991913,-0.524291,921
765,Beata InesA,Ausias MarchB,2023-09-27T16:50:09.097Z,38.987684,-0.53061,730
766,Ximen ToviaA,Baixada estacio 1,2023-09-27T16:50:09.097Z,38.991913,-0.524291,496
767,Ximen ToviaB,Gregorio Molina,2023-09-27T16:50:09.097Z,38.992357,-0.519858,940
768,N-340B,N-340A,2023-09-27T16:50:09.097Z,0.0,0.0,725
769,CV-645B,Beata InesA,2023-09-27T16:50:19.097Z,0.0,0.0,False
770,Corts Valencianes 1A,CV-645B,2023-09-27T16:50:19.097Z,38.985252,-0.537441,108
771,Corts Valencianes 2B,Ausias MarchB,2023-09-27T16:50:19.097Z,38.987684,-0.53061,796
772,PalasietB,CV-645B,2023-09-27T16:50:19.097Z,38.985252,-0.537441,990
773,Ausias MarchB,Baixada estacio 1,2023-09-27T16:50:19.097Z,38.991913,-0.524291,908
774,Ximen ToviaA,Ausias MarchA,2023-09-27T16:50:19.097Z,38.991913,-0.524291,604
775,Baixada estacio 1,Abu Masaifa,2023-09-27T16:50:19.097Z,38.991213,-0.523787,303
776,N-340B,N-340B,2023-09-27T16:50:19.097Z,0.0,0.0,707
777,CV-645A,Corts Valencianes 1B,2023-09-27T16:50:29.097Z,38.985252,-0.537441,390
778,CV-645B,Beata InesA,2023-09-27T16:50:29.097Z,0.0,0.0,697
779,Corts Valencianes 1B,Corts Valencianes 1A,2023-09-27T16:50:29.097Z,38.986084,-0.534517,240
780,Corts Valencianes 2B,9 OctubreA,2023-09-27T16:50:29.097Z,38.987684,-0.53061,969
781,PalasietB,PalasietA,2023-09-27T16:50:29.097Z,38.985252,-0.537441,045
782,Argenteria,Aben FerriA,2023-09-27T16:50:29.097Z,38.985489,-0.534157,395
783,9 OctubreB,Ausias MarchB,2023-09-27T16:50:29.097Z,38.987684,-0.53061,486
784,Ausias MarchB,Ausias MarchA,2023-09-27T16:50:29.097Z,38.991913,-0.524291,False
785,Ximen ToviaA,Ausias MarchA,2023-09-27T16:50:29.097Z,38.991913,-0.524291,771
786,Ximen ToviaB,Gregorio Molina,2023-09-27T16:50:29.097Z,38.992357,-0.519858,864
787,Baixada estacio 1,Baixada estacio 2,2023-09-27T16:50:29.097Z,38.991213,-0.523787,False
788,Gregorio Molina,Abu Masaifa,2023-09-27T16:50:29.097Z,38.991213,-0.523787,940
789,N-340B,N-340B,2023-09-27T16:50:29.097Z,0.0,0.0,oeX
790,CV-645B,CV-645A,2023-09-27T16:50:39.097Z,0.0,0.0,False
791,Corts Valencianes 1A,CV-645B,2023-09-27T16:50:39.097Z,38.985252,-0.537441,240
792,Corts Valencianes 1B,Aben FerriB,2023-09-27T16:50:39.097Z,38.986084,-0.534517,390
793,Corts Valencianes 2B,Reina,2023-09-27T16:50:39.097Z,38.987684,-0.53061,272
794,PalasietB,CV-645B,2023-09-27T16:50:39.097Z,38.985252,-0.537441,207
795,Aben FerriA,Corts Valencianes 2B,2023-09-27T16:50:39.097Z,38.986084,-0.534517,395
796,9 OctubreA,Alfons MagnanimA,2023-09-27T16:50:39.097Z,38.987144,-0.535236,916
797,9 OctubreB,Reina,2023-09-27T16:50:39.097Z,38.987684,-0.53061,855
798,Ausias MarchB,Ausias MarchA,2023-09-27T16:50:39.097Z,38.991913,-0.524291,710
799,Baixada estacio 1,Abu Masaifa,2023-09-27T16:50:39.097Z,38.991213,-0.523787,308
800,Gregorio Molina,Abu Masaifa,2023-09-27T16:50:39.097Z,38.991213,-0.523787,864
801,N-340B,N-340B,2023-09-27T16:50:39.097Z,0.0,0.0,939
802,CV-645B,CV-645B,2023-09-27T16:50:49.097Z,0.0,0.0,687
803,Corts Valencianes 2B,Reina,2023-09-27T16:50:49.097Z,38.987684,-0.53061,920
804,PalasietB,PalasietA,2023-09-27T16:50:49.097Z,38.985252,-0.537441,811
805,Alfons MagnanimA,Corts Valencianes 2B,2023-09-27T16:50:49.097Z,38.986084,-0.534517,918
806,Alfons MagnanimB,9 OctubreB,2023-09-27T16:50:49.097Z,38.987144,-0.535236,794
807,Aben FerriB,Aben FerriA,2023-09-27T16:50:49.097Z,38.985489,-0.534157,390
808,Argenteria,Aben FerriA,2023-09-27T16:50:49.097Z,38.985489,-0.534157,717
809,Ausias MarchA,9 OctubreA,2023-09-27T16:50:49.097Z,38.987684,-0.53061,971
810,Beata InesB,N-340A,2023-09-27T16:50:49.097Z,0.0,0.0,488
811,CV-645A,PalasietA,2023-09-27T16:50:59.097Z,38.985252,-0.537441,False
812,CV-645B,Beata InesA,2023-09-27T16:50:59.097Z,0.0,0.0,220
813,PalasietA,Aben FerriA,2023-09-27T16:50:59.097Z,38.985489,-0.534157,046
814,PalasietB,Corts Valencianes 1B,2023-09-27T16:50:59.097Z,38.985252,-0.537441,767
815,Aben FerriA,Aben FerriA,2023-09-27T16:50:59.097Z,38.986084,-0.534517,390
816,9 OctubreA,Alfons MagnanimA,2023-09-27T16:50:59.097Z,38.987144,-0.535236,969
817,Abu Masaifa,Corts Valencianes 2A,2023-09-27T16:50:59.097Z,38.987684,-0.53061,308
818,Beata InesA,9 OctubreA,2023-09-27T16:50:59.097Z,38.987684,-0.53061,False
819,N-340B,N-340B,2023-09-27T16:50:59.097Z,0.0,0.0,False
820,CV-645B,Beata InesA,2023-09-27T16:51:09.097Z,0.0,0.0,256
821,Corts Valencianes 1B,Alfons MagnanimB,2023-09-27T16:51:09.097Z,38.986084,-0.534517,816
822,Corts Valencianes 2B,Ausias MarchB,2023-09-27T16:51:09.097Z,38.987684,-0.53061,769
823,PalasietA,Aben FerriA,2023-09-27T16:51:09.097Z,38.985489,-0.534157,913
824,PalasietB,CV-645B,2023-09-27T16:51:09.097Z,38.985252,-0.537441,864
825,Aben FerriA,Aben FerriB,2023-09-27T16:51:09.097Z,38.986084,-0.534517,717
826,Ausias MarchB,Ximen ToviaB,2023-09-27T16:51:09.097Z,38.991913,-0.524291,861
827,N-340B,N-340B,2023-09-27T16:51:09.097Z,0.0,0.0,919
828,Corts Valencianes 2B,Corts Valencianes 2A,2023-09-27T16:51:19.097Z,38.987684,-0.53061,313
829,PalasietB,CV-645B,2023-09-27T16:51:19.097Z,38.985252,-0.537441,022
830,Alfons MagnanimA,Alfons MagnanimB,2023-09-27T16:51:19.097Z,38.986084,-0.534517,969
831,Alfons MagnanimB,Alfons MagnanimA,2023-09-27T16:51:19.097Z,38.987144,-0.535236,816
832,Aben FerriA,Corts Valencianes 2B,2023-09-27T16:51:19.097Z,38.986084,-0.534517,046
833,Aben FerriB,PalasietB,2023-09-27T16:51:19.097Z,38.985489,-0.534157,717
834,Abu Masaifa,Corts Valencianes 2A,2023-09-27T16:51:19.097Z,38.987684,-0.53061,940
835,Ausias MarchA,Corts Valencianes 2A,2023-09-27T16:51:19.097Z,38.987684,-0.53061,False
836,Ausias MarchB,Ausias MarchA,2023-09-27T16:51:19.097Z,38.991913,-0.524291,486
837,N-340B,N-340B,2023-09-27T16:51:19.097Z,0.0,0.0,967
838,CV-645B,Beata InesA,2023-09-27T16:51:29.097Z,0.0,0.0,412
839,Corts Valencianes 2B,Corts Valencianes 2A,2023-09-27T16:51:29.097Z,38.987684,-0.53061,395
840,PalasietB,PalasietB,2023-09-27T16:51:29.097Z,38.985252,-0.537441,False
841,Alfons MagnanimA,Alfons MagnanimA,2023-09-27T16:51:29.097Z,38.986084,-0.534517,767
842,Alfons MagnanimB,9 OctubreB,2023-09-27T16:51:29.097Z,38.987144,-0.535236,448
843,Aben FerriA,Corts Valencianes 1A,2023-09-27T16:51:29.097Z,38.986084,-0.534517,390
844,Ausias MarchA,Argenteria,2023-09-27T16:51:29.097Z,38.987684,-0.53061,False
845,N-340B,N-340B,2023-09-27T16:51:29.097Z,0.0,0.0,949
846,Corts Valencianes 1A,Corts Valencianes 1B,2023-09-27T16:51:39.097Z,38.985252,-0.537441,390
847,PalasietB,Corts Valencianes 1B,2023-09-27T16:51:39.097Z,38.985252,-0.537441,329
848,Alfons MagnanimA,Corts Valencianes 1A,2023-09-27T16:51:39.097Z,38.986084,-0.534517,767
849,Aben FerriA,Aben FerriA,2023-09-27T16:51:39.097Z,38.986084,-0.534517,819
850,9 OctubreA,9 OctubreB,2023-09-27T16:51:39.097Z,38.987144,-0.535236,921
851,9 OctubreB,Reina,2023-09-27T16:51:39.097Z,38.987684,-0.53061,794
852,Abu Masaifa,Beata InesB,2023-09-27T16:51:39.097Z,38.987684,-0.53061,108
853,Beata InesA,Corts Valencianes 2A,2023-09-27T16:51:39.097Z,38.987684,-0.53061,False
854,Ximen ToviaB,Ximen ToviaA,2023-09-27T16:51:39.097Z,38.992357,-0.519858,798
855,Carme 2,Albereda 2,2023-09-27T16:51:39.097Z,38.990122,-0.519633,edi
856,CV-645B,CV-645B,2023-09-27T16:51:49.097Z,0.0,0.0,False
857,Corts Valencianes 1B,Corts Valencianes 2B,2023-09-27T16:51:49.097Z,38.986084,-0.534517,390
858,Corts Valencianes 2A,Alfons MagnanimB,2023-09-27T16:51:49.097Z,38.986084,-0.534517,313
859,Corts Valencianes 2B,Ausias MarchB,2023-09-27T16:51:49.097Z,38.987684,-0.53061,916
860,PalasietB,Corts Valencianes 1B,2023-09-27T16:51:49.097Z,38.985252,-0.537441,500
861,Argenteria,PalasietB,2023-09-27T16:51:49.097Z,38.985489,-0.534157,False
862,9 OctubreA,9 OctubreB,2023-09-27T16:51:49.097Z,38.987144,-0.535236,False
863,9 OctubreB,Ausias MarchB,2023-09-27T16:51:49.097Z,38.987684,-0.53061,448
864,Abu Masaifa,Beata InesB,2023-09-27T16:51:49.097Z,38.987684,-0.53061,864
865,Beata InesA,Corts Valencianes 2A,2023-09-27T16:51:49.097Z,38.987684,-0.53061,999
866,Reina,Republica Argentina,2023-09-27T16:51:49.097Z,38.989955,-0.523503,982
867,Baixada estacio 2,Republica Argentina,2023-09-27T16:51:49.097Z,38.989955,-0.523503,581
868,Maulets,Carme 1,2023-09-27T16:51:49.097Z,38.992357,-0.519858,076
869,N-340B,Beata InesA,2023-09-27T16:51:49.097Z,0.0,0.0,785
870,CV-645B,CV-645A,2023-09-27T16:51:59.097Z,0.0,0.0,528
871,Corts Valencianes 1B,Corts Valencianes 2B,2023-09-27T16:51:59.097Z,38.986084,-0.534517,329
872,PalasietA,PalasietB,2023-09-27T16:51:59.097Z,38.985489,-0.534157,False
873,PalasietB,CV-645B,2023-09-27T16:51:59.097Z,38.985252,-0.537441,050
874,Alfons MagnanimB,9 OctubreB,2023-09-27T16:51:59.097Z,38.987144,-0.535236,313
875,Aben FerriA,Alfons MagnanimB,2023-09-27T16:51:59.097Z,38.986084,-0.534517,819
876,9 OctubreA,Alfons MagnanimA,2023-09-27T16:51:59.097Z,38.987144,-0.535236,False
877,Ausias MarchA,Corts Valencianes 2A,2023-09-27T16:51:59.097Z,38.987684,-0.53061,486
878,Beata InesA,9 OctubreA,2023-09-27T16:51:59.097Z,38.987684,-0.53061,045
879,Beata InesB,Beata InesB,2023-09-27T16:51:59.097Z,0.0,0.0,999
880,Ximen ToviaA,Ausias MarchA,2023-09-27T16:51:59.097Z,38.991913,-0.524291,796
881,Albereda 2,Cosmografo,2023-09-27T16:51:59.097Z,38.990742,-0.513,646
882,Carme 1,Carme 2,2023-09-27T16:51:59.097Z,38.99105,-0.519778,078
883,N-340A,Carme 1,2023-09-27T16:51:59.097Z,38.992357,-0.519858,200
884,Republica Argentina,Academic Maravall,2023-09-27T16:51:59.097Z,38.99105,-0.519778,235
885,CV-645B,CV-645B,2023-09-27T16:52:09.097Z,0.0,0.0,878
886,Corts Valencianes 1A,PalasietA,2023-09-27T16:52:09.097Z,38.985252,-0.537441,816
887,Corts Valencianes 1B,Corts Valencianes 2B,2023-09-27T16:52:09.097Z,38.986084,-0.534517,False
888,Corts Valencianes 2A,Corts Valencianes 1A,2023-09-27T16:52:09.097Z,38.986084,-0.534517,940
889,Corts Valencianes 2B,Reina,2023-09-27T16:52:09.097Z,38.987684,-0.53061,046
890,PalasietB,CV-645B,2023-09-27T16:52:09.097Z,38.985252,-0.537441,718
891,Alfons MagnanimB,9 OctubreB,2023-09-27T16:52:09.097Z,38.987144,-0.535236,913
892,9 OctubreB,Beata InesB,2023-09-27T16:52:09.097Z,38.987684,-0.53061,971
893,Beata InesA,Corts Valencianes 2A,2023-09-27T16:52:09.097Z,38.987684,-0.53061,256
894,Albereda 2,Cosmografo,2023-09-27T16:52:09.097Z,38.990742,-0.513,217
895,Academic Maravall,Maulets,2023-09-27T16:52:09.097Z,38.991249,-0.518678,861
896,Cosmografo,Maulets,2023-09-27T16:52:09.097Z,38.991249,-0.518678,231
897,Maulets,N-340B,2023-09-27T16:52:09.097Z,38.992357,-0.519858,False
898,N-340A,Ximen ToviaA,2023-09-27T16:52:09.097Z,38.992357,-0.519858,776
899,CV-645A,PalasietA,2023-09-27T16:52:19.097Z,38.985252,-0.537441,528
900,CV-645B,CV-645B,2023-09-27T16:52:19.097Z,0.0,0.0,994
901,Corts Valencianes 2A,Corts Valencianes 2B,2023-09-27T16:52:19.097Z,38.986084,-0.534517,604
902,Corts Valencianes 2B,Corts Valencianes 2A,2023-09-27T16:52:19.097Z,38.987684,-0.53061,390
903,PalasietB,CV-645B,2023-09-27T16:52:19.097Z,38.985252,-0.537441,334
904,Ausias MarchB,Ausias MarchA,2023-09-27T16:52:19.097Z,38.991913,-0.524291,False
905,Beata InesA,Argenteria,2023-09-27T16:52:19.097Z,38.987684,-0.53061,412
906,Beata InesB,Beata InesA,2023-09-27T16:52:19.097Z,0.0,0.0,308
907,Albereda 2,Cosmografo,2023-09-27T16:52:19.097Z,38.990742,-0.513,False
908,Cosmografo,Maulets,2023-09-27T16:52:19.097Z,38.991249,-0.518678,475
909,Maulets,Ximen ToviaA,2023-09-27T16:52:19.097Z,38.992357,-0.519858,660
910,CV-645B,CV-645A,2023-09-27T16:52:29.097Z,0.0,0.0,196
911,Corts Valencianes 1A,CV-645B,2023-09-27T16:52:29.097Z,38.985252,-0.537441,940
912,Corts Valencianes 2A,Corts Valencianes 1A,2023-09-27T16:52:29.097Z,38.986084,-0.534517,395
913,Corts Valencianes 2B,9 OctubreA,2023-09-27T16:52:29.097Z,38.987684,-0.53061,149
914,PalasietA,PalasietB,2023-09-27T16:52:29.097Z,38.985489,-0.534157,767
915,PalasietB,CV-645B,2023-09-27T16:52:29.097Z,38.985252,-0.537441,False
916,Ausias MarchA,Ausias MarchB,2023-09-27T16:52:29.097Z,38.987684,-0.53061,710
917,Ausias MarchB,Ausias MarchA,2023-09-27T16:52:29.097Z,38.991913,-0.524291,916
918,Beata InesA,Ausias MarchB,2023-09-27T16:52:29.097Z,38.987684,-0.53061,785
919,Maulets,N-340B,2023-09-27T16:52:29.097Z,38.992357,-0.519858,071
920,CV-645B,Beata InesA,2023-09-27T16:52:39.097Z,0.0,0.0,592
921,Corts Valencianes 2B,9 OctubreA,2023-09-27T16:52:39.097Z,38.987684,-0.53061,False
922,PalasietA,PalasietA,2023-09-27T16:52:39.097Z,38.985489,-0.534157,528
923,PalasietB,CV-645B,2023-09-27T16:52:39.097Z,38.985252,-0.537441,893
924,Argenteria,Aben FerriA,2023-09-27T16:52:39.097Z,38.985489,-0.534157,832
925,9 OctubreA,9 OctubreB,2023-09-27T16:52:39.097Z,38.987144,-0.535236,204
926,Ausias MarchB,Baixada estacio 1,2023-09-27T16:52:39.097Z,38.991913,-0.524291,448
927,Academic Maravall,Maulets,2023-09-27T16:52:39.097Z,38.991249,-0.518678,613
928,Cosmografo,Maulets,2023-09-27T16:52:39.097Z,38.991249,-0.518678,904
929,Maulets,N-340B,2023-09-27T16:52:39.097Z,38.992357,-0.519858,957
930,N-340B,Beata InesA,2023-09-27T16:52:39.097Z,0.0,0.0,696
931,CV-645B,CV-645B,2023-09-27T16:52:49.097Z,0.0,0.0,483
932,Corts Valencianes 1A,PalasietA,2023-09-27T16:52:49.097Z,38.985252,-0.537441,395
933,Corts Valencianes 2A,Corts Valencianes 2B,2023-09-27T16:52:49.097Z,38.986084,-0.534517,032
934,Corts Valencianes 2B,9 OctubreA,2023-09-27T16:52:49.097Z,38.987684,-0.53061,False
935,PalasietB,CV-645B,2023-09-27T16:52:49.097Z,38.985252,-0.537441,679
936,Aben FerriA,Aben FerriA,2023-09-27T16:52:49.097Z,38.986084,-0.534517,832
937,9 OctubreB,Ausias MarchB,2023-09-27T16:52:49.097Z,38.987684,-0.53061,False
938,Ausias MarchA,9 OctubreA,2023-09-27T16:52:49.097Z,38.987684,-0.53061,328
939,Ausias MarchB,Baixada estacio 1,2023-09-27T16:52:49.097Z,38.991913,-0.524291,690
940,Beata InesA,Ausias MarchB,2023-09-27T16:52:49.097Z,38.987684,-0.53061,108
941,Beata InesB,Beata InesA,2023-09-27T16:52:49.097Z,0.0,0.0,864
942,Academic Maravall,Maulets,2023-09-27T16:52:49.097Z,38.991249,-0.518678,235
943,Cosmografo,Maulets,2023-09-27T16:52:49.097Z,38.991249,-0.518678,808
944,Maulets,N-340B,2023-09-27T16:52:49.097Z,38.992357,-0.519858,False
945,CV-645B,Beata InesA,2023-09-27T16:52:59.097Z,0.0,0.0,460
946,Corts Valencianes 2A,Aben FerriB,2023-09-27T16:52:59.097Z,38.986084,-0.534517,999
947,PalasietA,PalasietB,2023-09-27T16:52:59.097Z,38.985489,-0.534157,528
948,PalasietB,Corts Valencianes 1B,2023-09-27T16:52:59.097Z,38.985252,-0.537441,206
949,Alfons MagnanimA,Corts Valencianes 2B,2023-09-27T16:52:59.097Z,38.986084,-0.534517,False
950,Aben FerriA,Corts Valencianes 2B,2023-09-27T16:52:59.097Z,38.986084,-0.534517,832
951,9 OctubreB,Ausias MarchB,2023-09-27T16:52:59.097Z,38.987684,-0.53061,313
952,Ausias MarchA,Reina,2023-09-27T16:52:59.097Z,38.987684,-0.53061,474
953,Ausias MarchB,Ausias MarchA,2023-09-27T16:52:59.097Z,38.991913,-0.524291,785
954,Beata InesA,Argenteria,2023-09-27T16:52:59.097Z,38.987684,-0.53061,592
955,Baixada estacio 1,Abu Masaifa,2023-09-27T16:52:59.097Z,38.991213,-0.523787,690
956,Cosmografo,Maulets,2023-09-27T16:52:59.097Z,38.991249,-0.518678,217
957,Maulets,Maulets,2023-09-27T16:52:59.097Z,38.992357,-0.519858,False
958,N-340B,CV-645A,2023-09-27T16:52:59.097Z,0.0,0.0,881
959,CV-645B,CV-645A,2023-09-27T16:53:09.097Z,0.0,0.0,649
960,Corts Valencianes 2A,Alfons MagnanimB,2023-09-27T16:53:09.097Z,38.986084,-0.534517,999
961,Corts Valencianes 2B,Argenteria,2023-09-27T16:53:09.097Z,38.987684,-0.53061,849
962,PalasietB,Corts Valencianes 1B,2023-09-27T16:53:09.097Z,38.985252,-0.537441,490
963,Aben FerriB,PalasietB,2023-09-27T16:53:09.097Z,38.985489,-0.534157,999
964,9 OctubreA,9 OctubreB,2023-09-27T16:53:09.097Z,38.987144,-0.535236,869
965,9 OctubreB,Reina,2023-09-27T16:53:09.097Z,38.987684,-0.53061,813
966,Ximen ToviaA,Ximen ToviaB,2023-09-27T16:53:09.097Z,38.991913,-0.524291,660
967,Cosmografo,Cosmografo,2023-09-27T16:53:09.097Z,38.991249,-0.518678,609
968,Maulets,Gregorio Molina,2023-09-27T16:53:09.097Z,38.992357,-0.519858,476
969,N-340B,Beata InesA,2023-09-27T16:53:09.097Z,0.0,0.0,167
970,Corts Valencianes 2A,Corts Valencianes 1A,2023-09-27T16:53:19.097Z,38.986084,-0.534517,486
971,Alfons MagnanimB,9 OctubreB,2023-09-27T16:53:19.097Z,38.987144,-0.535236,810
972,Baixada estacio 1,Abu Masaifa,2023-09-27T16:53:19.097Z,38.991213,-0.523787,448
973,Gregorio Molina,Abu Masaifa,2023-09-27T16:53:19.097Z,38.991213,-0.523787,False
974,Maulets,Ximen ToviaA,2023-09-27T16:53:19.097Z,38.992357,-0.519858,600
975,N-340B,N-340B,2023-09-27T16:53:19.097Z,0.0,0.0,179
976,CV-645A,Corts Valencianes 1B,2023-09-27T16:53:29.097Z,38.985252,-0.537441,196
977,CV-645B,CV-645A,2023-09-27T16:53:29.097Z,0.0,0.0,False
978,Corts Valencianes 1B,Corts Valencianes 2B,2023-09-27T16:53:29.097Z,38.986084,-0.534517,490
979,Corts Valencianes 2A,Corts Valencianes 1A,2023-09-27T16:53:29.097Z,38.986084,-0.534517,False
980,PalasietB,CV-645B,2023-09-27T16:53:29.097Z,38.985252,-0.537441,094
981,Argenteria,Aben FerriA,2023-09-27T16:53:29.097Z,38.985489,-0.534157,992
982,Ausias MarchA,Beata InesB,2023-09-27T16:53:29.097Z,38.987684,-0.53061,758
983,Beata InesB,N-340A,2023-09-27T16:53:29.097Z,0.0,0.0,921
984,Maulets,N-340B,2023-09-27T16:53:29.097Z,38.992357,-0.519858,371
985,N-340A,Carme 1,2023-09-27T16:53:29.097Z,38.992357,-0.519858,082
986,N-340B,N-340B,2023-09-27T16:53:29.097Z,0.0,0.0,False
987,CV-645A,Corts Valencianes 1B,2023-09-27T16:53:39.097Z,38.985252,-0.537441,881
988,CV-645B,N-340A,2023-09-27T16:53:39.097Z,0.0,0.0,248
989,Corts Valencianes 2A,Alfons MagnanimB,2023-09-27T16:53:39.097Z,38.986084,-0.534517,390
990,PalasietB,PalasietA,2023-09-27T16:53:39.097Z,38.985252,-0.537441,966
991,Aben FerriA,Alfons MagnanimB,2023-09-27T16:53:39.097Z,38.986084,-0.534517,999
992,Ausias MarchB,Ausias MarchA,2023-09-27T16:53:39.097Z,38.991913,-0.524291,False
993,Beata InesA,9 OctubreA,2023-09-27T16:53:39.097Z,38.987684,-0.53061,969
994,CV-645A,PalasietA,2023-09-27T16:53:49.097Z,38.985252,-0.537441,325
995,CV-645B,Beata InesA,2023-09-27T16:53:49.097Z,0.0,0.0,362
996,Corts Valencianes 1A,PalasietA,2023-09-27T16:53:49.097Z,38.985252,-0.537441,166
997,Corts Valencianes 2B,Argenteria,2023-09-27T16:53:49.097Z,38.987684,-0.53061,906
998,PalasietA,PalasietA,2023-09-27T16:53:49.097Z,38.985489,-0.534157,395
999,PalasietB,CV-645B,2023-09-27T16:53:49.097Z,38.985252,-0.537441,844
