,enter,exit,date,latitude,longitude,matricula
0,PalasietB,CV-645B,2023-10-28T17:39:19.097Z,38.985252,-0.537441,676
1,Aben FerriB,Aben FerriA,2023-10-28T17:39:19.097Z,38.985489,-0.534157,926
2,Argenteria,PalasietB,2023-10-28T17:39:19.097Z,38.985489,-0.534157,False
3,9 OctubreB,Argenteria,2023-10-28T17:39:19.097Z,38.987684,-0.53061,False
4,Abu Masaifa,Ausias MarchB,2023-10-28T17:39:19.097Z,38.987684,-0.53061,472
5,Ausias MarchA,9 OctubreA,2023-10-28T17:39:19.097Z,38.987684,-0.53061,996
6,Ausias MarchB,Baixada estacio 1,2023-10-28T17:39:19.097Z,38.991913,-0.524291,964
7,Beata InesA,Corts Valencianes 2A,2023-10-28T17:39:19.097Z,38.987684,-0.53061,927
8,Reina,Republica Argentina,2023-10-28T17:39:19.097Z,38.989955,-0.523503,590
9,Ximen ToviaA,Ausias MarchA,2023-10-28T17:39:19.097Z,38.991913,-0.524291,261
10,Maulets,N-340B,2023-10-28T17:39:19.097Z,38.992357,-0.519858,474
11,N-340A,Gregorio Molina,2023-10-28T17:39:19.097Z,38.992357,-0.519858,119
12,N-340B,Beata InesA,2023-10-28T17:39:19.097Z,0.0,0.0,False
13,Republica Argentina,Carme 2,2023-10-28T17:39:19.097Z,38.99105,-0.519778,926
14,CV-645A,Corts Valencianes 1B,2023-10-28T17:39:29.097Z,38.985252,-0.537441,949
15,Corts Valencianes 1B,Corts Valencianes 1A,2023-10-28T17:39:29.097Z,38.986084,-0.534517,067
16,PalasietB,CV-645B,2023-10-28T17:39:29.097Z,38.985252,-0.537441,817
17,Aben FerriB,Aben FerriA,2023-10-28T17:39:29.097Z,38.985489,-0.534157,020
18,Argenteria,PalasietB,2023-10-28T17:39:29.097Z,38.985489,-0.534157,240
19,9 OctubreB,9 OctubreA,2023-10-28T17:39:29.097Z,38.987684,-0.53061,849
20,Abu Masaifa,Beata InesB,2023-10-28T17:39:29.097Z,38.987684,-0.53061,XXX
21,Ausias MarchA,Ausias MarchB,2023-10-28T17:39:29.097Z,38.987684,-0.53061,255
22,Ausias MarchB,Ausias MarchA,2023-10-28T17:39:29.097Z,38.991913,-0.524291,909
23,Beata InesA,Ausias MarchB,2023-10-28T17:39:29.097Z,38.987684,-0.53061,120
24,Reina,Republica Argentina,2023-10-28T17:39:29.097Z,38.989955,-0.523503,895
25,Baixada estacio 1,Baixada estacio 1,2023-10-28T17:39:29.097Z,38.991213,-0.523787,964
26,Gregorio Molina,Abu Masaifa,2023-10-28T17:39:29.097Z,38.991213,-0.523787,350
27,Albereda 1,Albereda 2,2023-10-28T17:39:29.097Z,38.990122,-0.519633,253
28,Albereda 2,Cosmografo,2023-10-28T17:39:29.097Z,38.990742,-0.513,066
29,Academic Maravall,Maulets,2023-10-28T17:39:29.097Z,38.991249,-0.518678,854
30,Cosmografo,Maulets,2023-10-28T17:39:29.097Z,38.991249,-0.518678,208
31,Maulets,Gregorio Molina,2023-10-28T17:39:29.097Z,38.992357,-0.519858,965
32,N-340A,Ximen ToviaA,2023-10-28T17:39:29.097Z,38.992357,-0.519858,140
33,CV-645A,PalasietA,2023-10-28T17:39:39.097Z,38.985252,-0.537441,059
34,CV-645B,CV-645B,2023-10-28T17:39:39.097Z,0.0,0.0,False
35,Corts Valencianes 1A,CV-645B,2023-10-28T17:39:39.097Z,38.985252,-0.537441,False
36,Corts Valencianes 1B,Corts Valencianes 2B,2023-10-28T17:39:39.097Z,38.986084,-0.534517,969
37,Corts Valencianes 2A,Alfons MagnanimB,2023-10-28T17:39:39.097Z,38.986084,-0.534517,927
38,Corts Valencianes 2B,Reina,2023-10-28T17:39:39.097Z,38.987684,-0.53061,286
39,PalasietB,PalasietA,2023-10-28T17:39:39.097Z,38.985252,-0.537441,False
40,Aben FerriA,Corts Valencianes 1A,2023-10-28T17:39:39.097Z,38.986084,-0.534517,384
41,Aben FerriB,PalasietB,2023-10-28T17:39:39.097Z,38.985489,-0.534157,862
42,9 OctubreB,Corts Valencianes 2A,2023-10-28T17:39:39.097Z,38.987684,-0.53061,eea
43,Abu Masaifa,Corts Valencianes 2A,2023-10-28T17:39:39.097Z,38.987684,-0.53061,False
44,Ausias MarchA,Corts Valencianes 2A,2023-10-28T17:39:39.097Z,38.987684,-0.53061,226
45,Ausias MarchB,Ausias MarchA,2023-10-28T17:39:39.097Z,38.991913,-0.524291,971
46,Beata InesA,9 OctubreA,2023-10-28T17:39:39.097Z,38.987684,-0.53061,633
47,Ximen ToviaA,Ausias MarchA,2023-10-28T17:39:39.097Z,38.991913,-0.524291,False
48,Baixada estacio 1,Abu Masaifa,2023-10-28T17:39:39.097Z,38.991213,-0.523787,964
49,Maulets,Ximen ToviaA,2023-10-28T17:39:39.097Z,38.992357,-0.519858,216
50,Republica Argentina,Carme 2,2023-10-28T17:39:39.097Z,38.99105,-0.519778,891
51,CV-645B,Beata InesA,2023-10-28T17:39:49.097Z,0.0,0.0,982
52,Corts Valencianes 1A,Corts Valencianes 1B,2023-10-28T17:39:49.097Z,38.985252,-0.537441,334
53,Corts Valencianes 1B,Corts Valencianes 2B,2023-10-28T17:39:49.097Z,38.986084,-0.534517,035
54,Corts Valencianes 2B,Reina,2023-10-28T17:39:49.097Z,38.987684,-0.53061,094
55,PalasietA,Aben FerriA,2023-10-28T17:39:49.097Z,38.985489,-0.534157,059
56,Alfons MagnanimB,Alfons MagnanimB,2023-10-28T17:39:49.097Z,38.987144,-0.535236,927
57,Aben FerriA,Alfons MagnanimB,2023-10-28T17:39:49.097Z,38.986084,-0.534517,325
58,Argenteria,PalasietB,2023-10-28T17:39:49.097Z,38.985489,-0.534157,False
59,9 OctubreA,Alfons MagnanimA,2023-10-28T17:39:49.097Z,38.987144,-0.535236,311
60,9 OctubreB,Argenteria,2023-10-28T17:39:49.097Z,38.987684,-0.53061,False
61,Ausias MarchA,Ausias MarchB,2023-10-28T17:39:49.097Z,38.987684,-0.53061,994
62,Ausias MarchB,Baixada estacio 1,2023-10-28T17:39:49.097Z,38.991913,-0.524291,998
63,Beata InesA,Argenteria,2023-10-28T17:39:49.097Z,38.987684,-0.53061,499
64,Reina,Republica Argentina,2023-10-28T17:39:49.097Z,38.989955,-0.523503,002
65,Ximen ToviaA,Ausias MarchA,2023-10-28T17:39:49.097Z,38.991913,-0.524291,062
66,Gregorio Molina,Abu Masaifa,2023-10-28T17:39:49.097Z,38.991213,-0.523787,565
67,Albereda 2,Cosmografo,2023-10-28T17:39:49.097Z,38.990742,-0.513,796
68,Cosmografo,Maulets,2023-10-28T17:39:49.097Z,38.991249,-0.518678,605
69,Maulets,Carme 1,2023-10-28T17:39:49.097Z,38.992357,-0.519858,786
70,N-340A,Gregorio Molina,2023-10-28T17:39:49.097Z,38.992357,-0.519858,060
71,N-340B,CV-645A,2023-10-28T17:39:49.097Z,0.0,0.0,791
72,Republica Argentina,Academic Maravall,2023-10-28T17:39:49.097Z,38.99105,-0.519778,239
73,CV-645B,Beata InesA,2023-10-28T17:39:59.097Z,0.0,0.0,769
74,Corts Valencianes 2B,Argenteria,2023-10-28T17:39:59.097Z,38.987684,-0.53061,496
75,PalasietA,Aben FerriA,2023-10-28T17:39:59.097Z,38.985489,-0.534157,False
76,PalasietB,Corts Valencianes 1B,2023-10-28T17:39:59.097Z,38.985252,-0.537441,False
77,9 OctubreA,9 OctubreB,2023-10-28T17:39:59.097Z,38.987144,-0.535236,159
78,Abu Masaifa,Argenteria,2023-10-28T17:39:59.097Z,38.987684,-0.53061,False
79,Beata InesA,Corts Valencianes 2A,2023-10-28T17:39:59.097Z,38.987684,-0.53061,320
80,Reina,Albereda 1,2023-10-28T17:39:59.097Z,38.989955,-0.523503,985
81,Ximen ToviaA,Ausias MarchA,2023-10-28T17:39:59.097Z,38.991913,-0.524291,969
82,Baixada estacio 1,Abu Masaifa,2023-10-28T17:39:59.097Z,38.991213,-0.523787,998
83,Albereda 2,N-340B,2023-10-28T17:39:59.097Z,38.990742,-0.513,990
84,Academic Maravall,Maulets,2023-10-28T17:39:59.097Z,38.991249,-0.518678,239
85,Cosmografo,Maulets,2023-10-28T17:39:59.097Z,38.991249,-0.518678,066
86,N-340B,N-340A,2023-10-28T17:39:59.097Z,0.0,0.0,767
87,Corts Valencianes 2A,Corts Valencianes 2A,2023-10-28T17:40:09.097Z,38.986084,-0.534517,eea
88,PalasietB,CV-645B,2023-10-28T17:40:09.097Z,38.985252,-0.537441,False
89,Alfons MagnanimA,Aben FerriB,2023-10-28T17:40:09.097Z,38.986084,-0.534517,971
90,Alfons MagnanimB,Alfons MagnanimA,2023-10-28T17:40:09.097Z,38.987144,-0.535236,325
91,Aben FerriA,Alfons MagnanimB,2023-10-28T17:40:09.097Z,38.986084,-0.534517,020
92,9 OctubreA,9 OctubreB,2023-10-28T17:40:09.097Z,38.987144,-0.535236,187
93,9 OctubreB,Corts Valencianes 2A,2023-10-28T17:40:09.097Z,38.987684,-0.53061,283
94,Abu Masaifa,9 OctubreA,2023-10-28T17:40:09.097Z,38.987684,-0.53061,False
95,Ausias MarchA,Reina,2023-10-28T17:40:09.097Z,38.987684,-0.53061,267
96,Reina,Republica Argentina,2023-10-28T17:40:09.097Z,38.989955,-0.523503,999
97,Ximen ToviaA,Ximen ToviaB,2023-10-28T17:40:09.097Z,38.991913,-0.524291,004
98,Gregorio Molina,Abu Masaifa,2023-10-28T17:40:09.097Z,38.991213,-0.523787,982
99,Albereda 2,Cosmografo,2023-10-28T17:40:09.097Z,38.990742,-0.513,696
100,Maulets,Ximen ToviaA,2023-10-28T17:40:09.097Z,38.992357,-0.519858,699
101,N-340B,N-340A,2023-10-28T17:40:09.097Z,0.0,0.0,934
102,Republica Argentina,Carme 2,2023-10-28T17:40:09.097Z,38.99105,-0.519778,724
103,CV-645A,Corts Valencianes 1B,2023-10-28T17:40:19.097Z,38.985252,-0.537441,753
104,CV-645B,N-340A,2023-10-28T17:40:19.097Z,0.0,0.0,896
105,Corts Valencianes 1B,Corts Valencianes 2B,2023-10-28T17:40:19.097Z,38.986084,-0.534517,949
106,Corts Valencianes 2A,Alfons MagnanimB,2023-10-28T17:40:19.097Z,38.986084,-0.534517,False
107,Corts Valencianes 2B,Beata InesB,2023-10-28T17:40:19.097Z,38.987684,-0.53061,066
108,PalasietB,PalasietB,2023-10-28T17:40:19.097Z,38.985252,-0.537441,914
109,Alfons MagnanimB,9 OctubreB,2023-10-28T17:40:19.097Z,38.987144,-0.535236,927
110,Aben FerriB,PalasietB,2023-10-28T17:40:19.097Z,38.985489,-0.534157,311
111,9 OctubreB,Reina,2023-10-28T17:40:19.097Z,38.987684,-0.53061,380
112,Abu Masaifa,Beata InesB,2023-10-28T17:40:19.097Z,38.987684,-0.53061,970
113,Ausias MarchA,9 OctubreA,2023-10-28T17:40:19.097Z,38.987684,-0.53061,909
114,Beata InesB,N-340A,2023-10-28T17:40:19.097Z,0.0,0.0,XXX
115,Reina,Albereda 1,2023-10-28T17:40:19.097Z,38.989955,-0.523503,086
116,Albereda 1,Albereda 2,2023-10-28T17:40:19.097Z,38.990122,-0.519633,967
117,Albereda 2,Cosmografo,2023-10-28T17:40:19.097Z,38.990742,-0.513,750
118,Carme 2,Albereda 2,2023-10-28T17:40:19.097Z,38.990122,-0.519633,009
119,Cosmografo,Maulets,2023-10-28T17:40:19.097Z,38.991249,-0.518678,796
120,Maulets,Gregorio Molina,2023-10-28T17:40:19.097Z,38.992357,-0.519858,False
121,N-340A,Gregorio Molina,2023-10-28T17:40:19.097Z,38.992357,-0.519858,488
122,N-340B,N-340A,2023-10-28T17:40:19.097Z,0.0,0.0,408
123,Republica Argentina,Academic Maravall,2023-10-28T17:40:19.097Z,38.99105,-0.519778,999
124,CV-645B,Beata InesA,2023-10-28T17:40:29.097Z,0.0,0.0,264
125,Corts Valencianes 1B,Alfons MagnanimB,2023-10-28T17:40:29.097Z,38.986084,-0.534517,334
126,Corts Valencianes 2A,Corts Valencianes 2A,2023-10-28T17:40:29.097Z,38.986084,-0.534517,226
127,Corts Valencianes 2B,Corts Valencianes 2A,2023-10-28T17:40:29.097Z,38.987684,-0.53061,631
128,PalasietB,CV-645B,2023-10-28T17:40:29.097Z,38.985252,-0.537441,897
129,Alfons MagnanimA,Corts Valencianes 1A,2023-10-28T17:40:29.097Z,38.986084,-0.534517,325
130,Alfons MagnanimB,9 OctubreB,2023-10-28T17:40:29.097Z,38.987144,-0.535236,020
131,Aben FerriA,Corts Valencianes 1A,2023-10-28T17:40:29.097Z,38.986084,-0.534517,556
132,Argenteria,Aben FerriA,2023-10-28T17:40:29.097Z,38.985489,-0.534157,684
133,9 OctubreA,9 OctubreB,2023-10-28T17:40:29.097Z,38.987144,-0.535236,924
134,9 OctubreB,Argenteria,2023-10-28T17:40:29.097Z,38.987684,-0.53061,958
135,Ausias MarchA,Argenteria,2023-10-28T17:40:29.097Z,38.987684,-0.53061,971
136,Beata InesA,Ausias MarchB,2023-10-28T17:40:29.097Z,38.987684,-0.53061,299
137,Ximen ToviaA,Ausias MarchA,2023-10-28T17:40:29.097Z,38.991913,-0.524291,254
138,Ximen ToviaB,Carme 1,2023-10-28T17:40:29.097Z,38.992357,-0.519858,449
139,Albereda 2,N-340B,2023-10-28T17:40:29.097Z,38.990742,-0.513,719
140,Carme 1,Academic Maravall,2023-10-28T17:40:29.097Z,38.99105,-0.519778,788
141,Academic Maravall,Academic Maravall,2023-10-28T17:40:29.097Z,38.991249,-0.518678,999
142,Maulets,Ximen ToviaA,2023-10-28T17:40:29.097Z,38.992357,-0.519858,False
143,N-340A,Carme 1,2023-10-28T17:40:29.097Z,38.992357,-0.519858,625
144,N-340B,N-340A,2023-10-28T17:40:29.097Z,0.0,0.0,470
145,Republica Argentina,Academic Maravall,2023-10-28T17:40:29.097Z,38.99105,-0.519778,False
146,CV-645B,CV-645B,2023-10-28T17:40:39.097Z,0.0,0.0,354
147,Corts Valencianes 1B,Corts Valencianes 2B,2023-10-28T17:40:39.097Z,38.986084,-0.534517,960
148,Alfons MagnanimB,Alfons MagnanimA,2023-10-28T17:40:39.097Z,38.987144,-0.535236,669
149,Aben FerriA,Alfons MagnanimB,2023-10-28T17:40:39.097Z,38.986084,-0.534517,False
150,Argenteria,PalasietB,2023-10-28T17:40:39.097Z,38.985489,-0.534157,False
151,9 OctubreA,Alfons MagnanimA,2023-10-28T17:40:39.097Z,38.987144,-0.535236,276
152,9 OctubreB,Ausias MarchB,2023-10-28T17:40:39.097Z,38.987684,-0.53061,181
153,Abu Masaifa,Reina,2023-10-28T17:40:39.097Z,38.987684,-0.53061,235
154,Ausias MarchA,Reina,2023-10-28T17:40:39.097Z,38.987684,-0.53061,False
155,Ausias MarchB,Ausias MarchA,2023-10-28T17:40:39.097Z,38.991913,-0.524291,False
156,Beata InesA,Reina,2023-10-28T17:40:39.097Z,38.987684,-0.53061,702
157,Reina,Republica Argentina,2023-10-28T17:40:39.097Z,38.989955,-0.523503,692
158,Ximen ToviaA,Ausias MarchA,2023-10-28T17:40:39.097Z,38.991913,-0.524291,False
159,Gregorio Molina,Abu Masaifa,2023-10-28T17:40:39.097Z,38.991213,-0.523787,False
160,Albereda 1,Albereda 2,2023-10-28T17:40:39.097Z,38.990122,-0.519633,484
161,Albereda 2,N-340B,2023-10-28T17:40:39.097Z,38.990742,-0.513,363
162,Carme 1,Academic Maravall,2023-10-28T17:40:39.097Z,38.99105,-0.519778,199
163,Carme 2,Albereda 2,2023-10-28T17:40:39.097Z,38.990122,-0.519633,710
164,Academic Maravall,Maulets,2023-10-28T17:40:39.097Z,38.991249,-0.518678,786
165,Maulets,Maulets,2023-10-28T17:40:39.097Z,38.992357,-0.519858,False
166,N-340A,Ximen ToviaA,2023-10-28T17:40:39.097Z,38.992357,-0.519858,iXX
167,N-340B,Beata InesA,2023-10-28T17:40:39.097Z,0.0,0.0,False
168,Republica Argentina,Carme 2,2023-10-28T17:40:39.097Z,38.99105,-0.519778,571
169,CV-645B,CV-645A,2023-10-28T17:40:49.097Z,0.0,0.0,364
170,Corts Valencianes 1A,PalasietA,2023-10-28T17:40:49.097Z,38.985252,-0.537441,926
171,Corts Valencianes 1B,Alfons MagnanimB,2023-10-28T17:40:49.097Z,38.986084,-0.534517,753
172,Corts Valencianes 2A,Corts Valencianes 2B,2023-10-28T17:40:49.097Z,38.986084,-0.534517,320
173,Corts Valencianes 2B,Argenteria,2023-10-28T17:40:49.097Z,38.987684,-0.53061,019
174,PalasietB,CV-645B,2023-10-28T17:40:49.097Z,38.985252,-0.537441,604
175,Alfons MagnanimA,Corts Valencianes 2B,2023-10-28T17:40:49.097Z,38.986084,-0.534517,669
176,Alfons MagnanimB,9 OctubreB,2023-10-28T17:40:49.097Z,38.987144,-0.535236,384
177,Argenteria,PalasietB,2023-10-28T17:40:49.097Z,38.985489,-0.534157,459
178,9 OctubreA,9 OctubreB,2023-10-28T17:40:49.097Z,38.987144,-0.535236,162
179,9 OctubreB,Ausias MarchB,2023-10-28T17:40:49.097Z,38.987684,-0.53061,927
180,Ausias MarchA,Beata InesB,2023-10-28T17:40:49.097Z,38.987684,-0.53061,230
181,Ausias MarchB,Baixada estacio 1,2023-10-28T17:40:49.097Z,38.991913,-0.524291,998
182,Beata InesA,Argenteria,2023-10-28T17:40:49.097Z,38.987684,-0.53061,749
183,Reina,Republica Argentina,2023-10-28T17:40:49.097Z,38.989955,-0.523503,819
184,Ximen ToviaA,Ausias MarchA,2023-10-28T17:40:49.097Z,38.991913,-0.524291,473
185,Gregorio Molina,Abu Masaifa,2023-10-28T17:40:49.097Z,38.991213,-0.523787,488
186,Albereda 2,N-340B,2023-10-28T17:40:49.097Z,38.990742,-0.513,519
187,Carme 1,Academic Maravall,2023-10-28T17:40:49.097Z,38.99105,-0.519778,False
188,Maulets,Ximen ToviaA,2023-10-28T17:40:49.097Z,38.992357,-0.519858,858
189,N-340A,Carme 1,2023-10-28T17:40:49.097Z,38.992357,-0.519858,716
190,N-340B,N-340A,2023-10-28T17:40:49.097Z,0.0,0.0,771
191,Republica Argentina,Carme 2,2023-10-28T17:40:49.097Z,38.99105,-0.519778,056
192,Corts Valencianes 1A,Corts Valencianes 1B,2023-10-28T17:40:59.097Z,38.985252,-0.537441,556
193,Corts Valencianes 2B,9 OctubreA,2023-10-28T17:40:59.097Z,38.987684,-0.53061,949
194,PalasietB,CV-645B,2023-10-28T17:40:59.097Z,38.985252,-0.537441,732
195,Alfons MagnanimA,Corts Valencianes 1A,2023-10-28T17:40:59.097Z,38.986084,-0.534517,912
196,Alfons MagnanimB,9 OctubreB,2023-10-28T17:40:59.097Z,38.987144,-0.535236,False
197,Aben FerriA,Alfons MagnanimB,2023-10-28T17:40:59.097Z,38.986084,-0.534517,016
198,Argenteria,PalasietB,2023-10-28T17:40:59.097Z,38.985489,-0.534157,496
199,9 OctubreA,Alfons MagnanimA,2023-10-28T17:40:59.097Z,38.987144,-0.535236,False
200,Abu Masaifa,9 OctubreA,2023-10-28T17:40:59.097Z,38.987684,-0.53061,069
201,Ausias MarchA,Ausias MarchB,2023-10-28T17:40:59.097Z,38.987684,-0.53061,216
202,Beata InesA,Ausias MarchB,2023-10-28T17:40:59.097Z,38.987684,-0.53061,442
203,Reina,Albereda 1,2023-10-28T17:40:59.097Z,38.989955,-0.523503,395
204,Ximen ToviaA,Ximen ToviaA,2023-10-28T17:40:59.097Z,38.991913,-0.524291,140
205,Baixada estacio 1,Abu Masaifa,2023-10-28T17:40:59.097Z,38.991213,-0.523787,998
206,Albereda 1,Albereda 2,2023-10-28T17:40:59.097Z,38.990122,-0.519633,683
207,Albereda 2,N-340B,2023-10-28T17:40:59.097Z,38.990742,-0.513,864
208,Carme 1,Carme 1,2023-10-28T17:40:59.097Z,38.99105,-0.519778,919
209,Carme 2,Albereda 2,2023-10-28T17:40:59.097Z,38.990122,-0.519633,680
210,Academic Maravall,Maulets,2023-10-28T17:40:59.097Z,38.991249,-0.518678,False
211,Maulets,Gregorio Molina,2023-10-28T17:40:59.097Z,38.992357,-0.519858,878
212,N-340A,Gregorio Molina,2023-10-28T17:40:59.097Z,38.992357,-0.519858,507
213,N-340B,N-340B,2023-10-28T17:40:59.097Z,0.0,0.0,106
214,Republica Argentina,Academic Maravall,2023-10-28T17:40:59.097Z,38.99105,-0.519778,750
215,CV-645A,Corts Valencianes 1B,2023-10-28T17:41:09.097Z,38.985252,-0.537441,964
216,CV-645B,Beata InesA,2023-10-28T17:41:09.097Z,0.0,0.0,False
217,Corts Valencianes 1A,PalasietA,2023-10-28T17:41:09.097Z,38.985252,-0.537441,313
218,Corts Valencianes 1B,Aben FerriB,2023-10-28T17:41:09.097Z,38.986084,-0.534517,109
219,Corts Valencianes 2A,Corts Valencianes 2B,2023-10-28T17:41:09.097Z,38.986084,-0.534517,283
220,PalasietA,PalasietB,2023-10-28T17:41:09.097Z,38.985489,-0.534157,649
221,PalasietB,PalasietA,2023-10-28T17:41:09.097Z,38.985252,-0.537441,969
222,Alfons MagnanimA,Aben FerriB,2023-10-28T17:41:09.097Z,38.986084,-0.534517,667
223,Alfons MagnanimB,9 OctubreB,2023-10-28T17:41:09.097Z,38.987144,-0.535236,753
224,Argenteria,Aben FerriA,2023-10-28T17:41:09.097Z,38.985489,-0.534157,799
225,Ausias MarchB,Ximen ToviaB,2023-10-28T17:41:09.097Z,38.991913,-0.524291,False
226,Beata InesA,Argenteria,2023-10-28T17:41:09.097Z,38.987684,-0.53061,828
227,Beata InesB,Beata InesB,2023-10-28T17:41:09.097Z,0.0,0.0,970
228,Ximen ToviaA,Ximen ToviaB,2023-10-28T17:41:09.097Z,38.991913,-0.524291,776
229,Gregorio Molina,Abu Masaifa,2023-10-28T17:41:09.097Z,38.991213,-0.523787,616
230,Albereda 1,Albereda 2,2023-10-28T17:41:09.097Z,38.990122,-0.519633,899
231,Albereda 2,N-340B,2023-10-28T17:41:09.097Z,38.990742,-0.513,912
232,Carme 1,Carme 2,2023-10-28T17:41:09.097Z,38.99105,-0.519778,979
233,Academic Maravall,Maulets,2023-10-28T17:41:09.097Z,38.991249,-0.518678,464
234,Cosmografo,Maulets,2023-10-28T17:41:09.097Z,38.991249,-0.518678,398
235,N-340A,Carme 1,2023-10-28T17:41:09.097Z,38.992357,-0.519858,747
236,N-340B,N-340B,2023-10-28T17:41:09.097Z,0.0,0.0,719
237,Republica Argentina,Carme 2,2023-10-28T17:41:09.097Z,38.99105,-0.519778,False
238,CV-645B,N-340A,2023-10-28T17:41:19.097Z,0.0,0.0,938
239,Corts Valencianes 2B,Ausias MarchB,2023-10-28T17:41:19.097Z,38.987684,-0.53061,320
240,PalasietA,PalasietB,2023-10-28T17:41:19.097Z,38.985489,-0.534157,313
241,PalasietB,CV-645B,2023-10-28T17:41:19.097Z,38.985252,-0.537441,767
242,Aben FerriA,Alfons MagnanimB,2023-10-28T17:41:19.097Z,38.986084,-0.534517,696
243,9 OctubreB,Ausias MarchB,2023-10-28T17:41:19.097Z,38.987684,-0.53061,020
244,Abu Masaifa,9 OctubreA,2023-10-28T17:41:19.097Z,38.987684,-0.53061,647
245,Ausias MarchB,Ximen ToviaB,2023-10-28T17:41:19.097Z,38.991913,-0.524291,994
246,Beata InesA,Ausias MarchB,2023-10-28T17:41:19.097Z,38.987684,-0.53061,744
247,Reina,Republica Argentina,2023-10-28T17:41:19.097Z,38.989955,-0.523503,False
248,Maulets,Ximen ToviaA,2023-10-28T17:41:19.097Z,38.992357,-0.519858,738
249,N-340B,N-340A,2023-10-28T17:41:19.097Z,0.0,0.0,200
250,Corts Valencianes 1A,Corts Valencianes 1B,2023-10-28T17:41:29.097Z,38.985252,-0.537441,869
251,Corts Valencianes 2A,Corts Valencianes 2B,2023-10-28T17:41:29.097Z,38.986084,-0.534517,697
252,Corts Valencianes 2B,Argenteria,2023-10-28T17:41:29.097Z,38.987684,-0.53061,False
253,PalasietB,Corts Valencianes 1B,2023-10-28T17:41:29.097Z,38.985252,-0.537441,149
254,Alfons MagnanimB,Alfons MagnanimA,2023-10-28T17:41:29.097Z,38.987144,-0.535236,910
255,Argenteria,PalasietB,2023-10-28T17:41:29.097Z,38.985489,-0.534157,032
256,9 OctubreA,9 OctubreB,2023-10-28T17:41:29.097Z,38.987144,-0.535236,430
257,9 OctubreB,Beata InesB,2023-10-28T17:41:29.097Z,38.987684,-0.53061,924
258,Abu Masaifa,Argenteria,2023-10-28T17:41:29.097Z,38.987684,-0.53061,448
259,Beata InesA,Corts Valencianes 2A,2023-10-28T17:41:29.097Z,38.987684,-0.53061,528
260,Beata InesB,N-340A,2023-10-28T17:41:29.097Z,0.0,0.0,970
261,Ximen ToviaA,Ausias MarchA,2023-10-28T17:41:29.097Z,38.991913,-0.524291,216
262,Gregorio Molina,Baixada estacio 2,2023-10-28T17:41:29.097Z,38.991213,-0.523787,507
263,Maulets,Ximen ToviaA,2023-10-28T17:41:29.097Z,38.992357,-0.519858,809
264,N-340A,Ximen ToviaA,2023-10-28T17:41:29.097Z,38.992357,-0.519858,994
265,N-340B,CV-645A,2023-10-28T17:41:29.097Z,0.0,0.0,022
266,CV-645B,Beata InesA,2023-10-28T17:41:39.097Z,0.0,0.0,627
267,Corts Valencianes 1B,Aben FerriB,2023-10-28T17:41:39.097Z,38.986084,-0.534517,364
268,Corts Valencianes 2B,Ausias MarchB,2023-10-28T17:41:39.097Z,38.987684,-0.53061,283
269,PalasietB,Corts Valencianes 1B,2023-10-28T17:41:39.097Z,38.985252,-0.537441,240
270,Alfons MagnanimA,Corts Valencianes 2B,2023-10-28T17:41:39.097Z,38.986084,-0.534517,910
271,Alfons MagnanimB,9 OctubreB,2023-10-28T17:41:39.097Z,38.987144,-0.535236,False
272,Aben FerriB,Aben FerriA,2023-10-28T17:41:39.097Z,38.985489,-0.534157,False
273,Argenteria,PalasietB,2023-10-28T17:41:39.097Z,38.985489,-0.534157,959
274,9 OctubreA,9 OctubreB,2023-10-28T17:41:39.097Z,38.987144,-0.535236,080
275,9 OctubreB,9 OctubreA,2023-10-28T17:41:39.097Z,38.987684,-0.53061,384
276,Abu Masaifa,9 OctubreA,2023-10-28T17:41:39.097Z,38.987684,-0.53061,200
277,Ausias MarchA,Argenteria,2023-10-28T17:41:39.097Z,38.987684,-0.53061,254
278,Ausias MarchB,Ximen ToviaB,2023-10-28T17:41:39.097Z,38.991913,-0.524291,181
279,Beata InesA,9 OctubreA,2023-10-28T17:41:39.097Z,38.987684,-0.53061,228
280,Reina,Republica Argentina,2023-10-28T17:41:39.097Z,38.989955,-0.523503,676
281,Ximen ToviaA,Ausias MarchA,2023-10-28T17:41:39.097Z,38.991913,-0.524291,217
282,Baixada estacio 2,Republica Argentina,2023-10-28T17:41:39.097Z,38.989955,-0.523503,016
283,Albereda 2,Cosmografo,2023-10-28T17:41:39.097Z,38.990742,-0.513,801
284,Maulets,N-340B,2023-10-28T17:41:39.097Z,38.992357,-0.519858,674
285,N-340B,N-340A,2023-10-28T17:41:39.097Z,0.0,0.0,971
286,Republica Argentina,Academic Maravall,2023-10-28T17:41:39.097Z,38.99105,-0.519778,888
287,CV-645B,CV-645B,2023-10-28T17:41:49.097Z,0.0,0.0,False
288,Corts Valencianes 1B,Corts Valencianes 2B,2023-10-28T17:41:49.097Z,38.986084,-0.534517,276
289,Corts Valencianes 2A,Aben FerriB,2023-10-28T17:41:49.097Z,38.986084,-0.534517,969
290,PalasietA,Aben FerriA,2023-10-28T17:41:49.097Z,38.985489,-0.534157,696
291,Aben FerriA,Corts Valencianes 1A,2023-10-28T17:41:49.097Z,38.986084,-0.534517,False
292,Aben FerriB,PalasietB,2023-10-28T17:41:49.097Z,38.985489,-0.534157,059
293,9 OctubreB,Beata InesB,2023-10-28T17:41:49.097Z,38.987684,-0.53061,False
294,Abu Masaifa,Reina,2023-10-28T17:41:49.097Z,38.987684,-0.53061,600
295,Ausias MarchB,Ximen ToviaB,2023-10-28T17:41:49.097Z,38.991913,-0.524291,927
296,Beata InesA,Ausias MarchB,2023-10-28T17:41:49.097Z,38.987684,-0.53061,264
297,Beata InesB,CV-645A,2023-10-28T17:41:49.097Z,0.0,0.0,230
298,Ximen ToviaA,Ximen ToviaB,2023-10-28T17:41:49.097Z,38.991913,-0.524291,False
299,Albereda 2,N-340B,2023-10-28T17:41:49.097Z,38.990742,-0.513,976
300,Carme 2,Albereda 2,2023-10-28T17:41:49.097Z,38.990122,-0.519633,994
301,Academic Maravall,Maulets,2023-10-28T17:41:49.097Z,38.991249,-0.518678,888
302,Maulets,Ximen ToviaA,2023-10-28T17:41:49.097Z,38.992357,-0.519858,979
303,N-340B,Beata InesA,2023-10-28T17:41:49.097Z,0.0,0.0,789
304,Republica Argentina,Carme 2,2023-10-28T17:41:49.097Z,38.99105,-0.519778,False
305,CV-645B,CV-645B,2023-10-28T17:41:59.097Z,0.0,0.0,976
306,Corts Valencianes 1A,CV-645B,2023-10-28T17:41:59.097Z,38.985252,-0.537441,949
307,Corts Valencianes 2A,Alfons MagnanimB,2023-10-28T17:41:59.097Z,38.986084,-0.534517,569
308,Corts Valencianes 2B,Ausias MarchB,2023-10-28T17:41:59.097Z,38.987684,-0.53061,977
309,PalasietB,CV-645B,2023-10-28T17:41:59.097Z,38.985252,-0.537441,False
310,Aben FerriA,Corts Valencianes 1A,2023-10-28T17:41:59.097Z,38.986084,-0.534517,696
311,Argenteria,Aben FerriA,2023-10-28T17:41:59.097Z,38.985489,-0.534157,035
312,Abu Masaifa,Argenteria,2023-10-28T17:41:59.097Z,38.987684,-0.53061,803
313,Ausias MarchA,Corts Valencianes 2A,2023-10-28T17:41:59.097Z,38.987684,-0.53061,472
314,Ausias MarchB,Baixada estacio 1,2023-10-28T17:41:59.097Z,38.991913,-0.524291,969
315,Beata InesA,Ausias MarchB,2023-10-28T17:41:59.097Z,38.987684,-0.53061,339
316,Beata InesB,Beata InesA,2023-10-28T17:41:59.097Z,0.0,0.0,948
317,Reina,Albereda 1,2023-10-28T17:41:59.097Z,38.989955,-0.523503,001
318,Ximen ToviaA,Baixada estacio 1,2023-10-28T17:41:59.097Z,38.991913,-0.524291,048
319,Albereda 1,Albereda 2,2023-10-28T17:41:59.097Z,38.990122,-0.519633,966
320,Albereda 2,Cosmografo,2023-10-28T17:41:59.097Z,38.990742,-0.513,oeX
321,Carme 2,Albereda 2,2023-10-28T17:41:59.097Z,38.990122,-0.519633,False
322,Cosmografo,Maulets,2023-10-28T17:41:59.097Z,38.991249,-0.518678,801
323,Maulets,Gregorio Molina,2023-10-28T17:41:59.097Z,38.992357,-0.519858,308
324,N-340B,N-340A,2023-10-28T17:41:59.097Z,0.0,0.0,505
325,Republica Argentina,Republica Argentina,2023-10-28T17:41:59.097Z,38.99105,-0.519778,590
326,CV-645B,CV-645A,2023-10-28T17:42:09.097Z,0.0,0.0,994
327,Corts Valencianes 1B,Corts Valencianes 1A,2023-10-28T17:42:09.097Z,38.986084,-0.534517,False
328,Corts Valencianes 2A,Aben FerriB,2023-10-28T17:42:09.097Z,38.986084,-0.534517,928
329,PalasietB,CV-645B,2023-10-28T17:42:09.097Z,38.985252,-0.537441,311
330,Alfons MagnanimB,9 OctubreB,2023-10-28T17:42:09.097Z,38.987144,-0.535236,226
331,Aben FerriA,Alfons MagnanimB,2023-10-28T17:42:09.097Z,38.986084,-0.534517,910
332,Argenteria,PalasietB,2023-10-28T17:42:09.097Z,38.985489,-0.534157,497
333,9 OctubreA,9 OctubreB,2023-10-28T17:42:09.097Z,38.987144,-0.535236,182
334,9 OctubreB,Reina,2023-10-28T17:42:09.097Z,38.987684,-0.53061,672
335,Abu Masaifa,Reina,2023-10-28T17:42:09.097Z,38.987684,-0.53061,403
336,Ausias MarchB,Baixada estacio 1,2023-10-28T17:42:09.097Z,38.991913,-0.524291,442
337,Beata InesA,9 OctubreA,2023-10-28T17:42:09.097Z,38.987684,-0.53061,False
338,Ximen ToviaA,Ximen ToviaB,2023-10-28T17:42:09.097Z,38.991913,-0.524291,047
339,Ximen ToviaB,N-340B,2023-10-28T17:42:09.097Z,38.992357,-0.519858,776
340,Baixada estacio 1,Abu Masaifa,2023-10-28T17:42:09.097Z,38.991213,-0.523787,749
341,Albereda 1,Albereda 2,2023-10-28T17:42:09.097Z,38.990122,-0.519633,490
342,Cosmografo,Maulets,2023-10-28T17:42:09.097Z,38.991249,-0.518678,XXX
343,Maulets,N-340B,2023-10-28T17:42:09.097Z,38.992357,-0.519858,687
344,N-340B,N-340A,2023-10-28T17:42:09.097Z,0.0,0.0,318
345,CV-645A,PalasietA,2023-10-28T17:42:19.097Z,38.985252,-0.537441,022
346,CV-645B,Beata InesA,2023-10-28T17:42:19.097Z,0.0,0.0,954
347,Corts Valencianes 1B,Corts Valencianes 1A,2023-10-28T17:42:19.097Z,38.986084,-0.534517,240
348,Corts Valencianes 2B,Beata InesB,2023-10-28T17:42:19.097Z,38.987684,-0.53061,684
349,Alfons MagnanimB,Alfons MagnanimA,2023-10-28T17:42:19.097Z,38.987144,-0.535236,019
350,Aben FerriB,Aben FerriA,2023-10-28T17:42:19.097Z,38.985489,-0.534157,364
351,Argenteria,Aben FerriA,2023-10-28T17:42:19.097Z,38.985489,-0.534157,828
352,Ausias MarchA,Corts Valencianes 2A,2023-10-28T17:42:19.097Z,38.987684,-0.53061,146
353,Ausias MarchB,Ximen ToviaB,2023-10-28T17:42:19.097Z,38.991913,-0.524291,320
354,Beata InesA,Argenteria,2023-10-28T17:42:19.097Z,38.987684,-0.53061,627
355,Beata InesB,Beata InesA,2023-10-28T17:42:19.097Z,0.0,0.0,924
356,Ximen ToviaA,Ximen ToviaB,2023-10-28T17:42:19.097Z,38.991913,-0.524291,False
357,Ximen ToviaB,Gregorio Molina,2023-10-28T17:42:19.097Z,38.992357,-0.519858,328
358,Baixada estacio 1,Abu Masaifa,2023-10-28T17:42:19.097Z,38.991213,-0.523787,048
359,Albereda 2,Cosmografo,2023-10-28T17:42:19.097Z,38.990742,-0.513,990
360,Academic Maravall,Maulets,2023-10-28T17:42:19.097Z,38.991249,-0.518678,625
361,Maulets,N-340B,2023-10-28T17:42:19.097Z,38.992357,-0.519858,413
362,Republica Argentina,Academic Maravall,2023-10-28T17:42:19.097Z,38.99105,-0.519778,696
363,CV-645B,Beata InesA,2023-10-28T17:42:29.097Z,0.0,0.0,811
364,Corts Valencianes 2B,Argenteria,2023-10-28T17:42:29.097Z,38.987684,-0.53061,869
365,PalasietB,CV-645B,2023-10-28T17:42:29.097Z,38.985252,-0.537441,334
366,Alfons MagnanimA,Aben FerriB,2023-10-28T17:42:29.097Z,38.986084,-0.534517,035
367,Aben FerriA,Alfons MagnanimB,2023-10-28T17:42:29.097Z,38.986084,-0.534517,False
368,Aben FerriB,Aben FerriA,2023-10-28T17:42:29.097Z,38.985489,-0.534157,969
369,Argenteria,PalasietB,2023-10-28T17:42:29.097Z,38.985489,-0.534157,False
370,9 OctubreA,Alfons MagnanimA,2023-10-28T17:42:29.097Z,38.987144,-0.535236,845
371,9 OctubreB,Beata InesB,2023-10-28T17:42:29.097Z,38.987684,-0.53061,490
372,Ausias MarchA,Argenteria,2023-10-28T17:42:29.097Z,38.987684,-0.53061,473
373,Ausias MarchB,Ximen ToviaB,2023-10-28T17:42:29.097Z,38.991913,-0.524291,020
374,Beata InesA,Ausias MarchB,2023-10-28T17:42:29.097Z,38.987684,-0.53061,769
375,Beata InesB,Beata InesA,2023-10-28T17:42:29.097Z,0.0,0.0,218
376,Reina,Republica Argentina,2023-10-28T17:42:29.097Z,38.989955,-0.523503,False
377,Ximen ToviaA,Ausias MarchA,2023-10-28T17:42:29.097Z,38.991913,-0.524291,140
378,Gregorio Molina,Abu Masaifa,2023-10-28T17:42:29.097Z,38.991213,-0.523787,308
379,Albereda 1,Albereda 2,2023-10-28T17:42:29.097Z,38.990122,-0.519633,026
380,Albereda 2,N-340B,2023-10-28T17:42:29.097Z,38.990742,-0.513,685
381,Academic Maravall,Maulets,2023-10-28T17:42:29.097Z,38.991249,-0.518678,895
382,Maulets,N-340B,2023-10-28T17:42:29.097Z,38.992357,-0.519858,098
383,N-340B,N-340A,2023-10-28T17:42:29.097Z,0.0,0.0,164
384,Republica Argentina,Carme 2,2023-10-28T17:42:29.097Z,38.99105,-0.519778,002
385,Corts Valencianes 1A,Corts Valencianes 1B,2023-10-28T17:42:39.097Z,38.985252,-0.537441,False
386,Corts Valencianes 2A,Corts Valencianes 2B,2023-10-28T17:42:39.097Z,38.986084,-0.534517,472
387,Alfons MagnanimB,9 OctubreB,2023-10-28T17:42:39.097Z,38.987144,-0.535236,964
388,Aben FerriA,Alfons MagnanimB,2023-10-28T17:42:39.097Z,38.986084,-0.534517,626
389,Argenteria,PalasietB,2023-10-28T17:42:39.097Z,38.985489,-0.534157,448
390,9 OctubreA,Alfons MagnanimA,2023-10-28T17:42:39.097Z,38.987144,-0.535236,633
391,9 OctubreB,Corts Valencianes 2A,2023-10-28T17:42:39.097Z,38.987684,-0.53061,False
392,Abu Masaifa,Ausias MarchB,2023-10-28T17:42:39.097Z,38.987684,-0.53061,638
393,Ausias MarchB,Baixada estacio 1,2023-10-28T17:42:39.097Z,38.991913,-0.524291,744
394,Beata InesA,9 OctubreA,2023-10-28T17:42:39.097Z,38.987684,-0.53061,066
395,Reina,Albereda 1,2023-10-28T17:42:39.097Z,38.989955,-0.523503,588
396,Ximen ToviaA,Ausias MarchA,2023-10-28T17:42:39.097Z,38.991913,-0.524291,738
397,Ximen ToviaB,Ximen ToviaA,2023-10-28T17:42:39.097Z,38.992357,-0.519858,187
398,Gregorio Molina,Baixada estacio 2,2023-10-28T17:42:39.097Z,38.991213,-0.523787,324
399,Albereda 1,Albereda 2,2023-10-28T17:42:39.097Z,38.990122,-0.519633,694
400,Albereda 2,N-340B,2023-10-28T17:42:39.097Z,38.990742,-0.513,982
401,Carme 2,Albereda 2,2023-10-28T17:42:39.097Z,38.990122,-0.519633,524
402,N-340A,Gregorio Molina,2023-10-28T17:42:39.097Z,38.992357,-0.519858,968
403,N-340B,N-340A,2023-10-28T17:42:39.097Z,0.0,0.0,400
404,Republica Argentina,Carme 2,2023-10-28T17:42:39.097Z,38.99105,-0.519778,601
405,CV-645B,Beata InesA,2023-10-28T17:42:49.097Z,0.0,0.0,False
406,Corts Valencianes 1A,CV-645B,2023-10-28T17:42:49.097Z,38.985252,-0.537441,976
407,Corts Valencianes 2A,Aben FerriB,2023-10-28T17:42:49.097Z,38.986084,-0.534517,False
408,PalasietB,Corts Valencianes 1B,2023-10-28T17:42:49.097Z,38.985252,-0.537441,698
409,Alfons MagnanimA,Aben FerriB,2023-10-28T17:42:49.097Z,38.986084,-0.534517,849
410,Alfons MagnanimB,Alfons MagnanimA,2023-10-28T17:42:49.097Z,38.987144,-0.535236,828
411,Argenteria,Aben FerriA,2023-10-28T17:42:49.097Z,38.985489,-0.534157,294
412,9 OctubreA,9 OctubreB,2023-10-28T17:42:49.097Z,38.987144,-0.535236,999
413,9 OctubreB,Ausias MarchB,2023-10-28T17:42:49.097Z,38.987684,-0.53061,080
414,Abu Masaifa,Argenteria,2023-10-28T17:42:49.097Z,38.987684,-0.53061,364
415,Ausias MarchB,Ximen ToviaB,2023-10-28T17:42:49.097Z,38.991913,-0.524291,172
416,Reina,Republica Argentina,2023-10-28T17:42:49.097Z,38.989955,-0.523503,697
417,Ximen ToviaA,Ximen ToviaB,2023-10-28T17:42:49.097Z,38.991913,-0.524291,855
418,Ximen ToviaB,N-340B,2023-10-28T17:42:49.097Z,38.992357,-0.519858,927
419,Baixada estacio 1,Abu Masaifa,2023-10-28T17:42:49.097Z,38.991213,-0.523787,False
420,Albereda 2,Cosmografo,2023-10-28T17:42:49.097Z,38.990742,-0.513,922
421,Academic Maravall,Maulets,2023-10-28T17:42:49.097Z,38.991249,-0.518678,004
422,Maulets,N-340B,2023-10-28T17:42:49.097Z,38.992357,-0.519858,054
423,N-340A,Gregorio Molina,2023-10-28T17:42:49.097Z,38.992357,-0.519858,iXX
424,N-340B,N-340A,2023-10-28T17:42:49.097Z,0.0,0.0,076
425,Republica Argentina,Academic Maravall,2023-10-28T17:42:49.097Z,38.99105,-0.519778,005
426,CV-645A,PalasietA,2023-10-28T17:42:59.097Z,38.985252,-0.537441,062
427,CV-645B,Beata InesA,2023-10-28T17:42:59.097Z,0.0,0.0,False
428,Corts Valencianes 1A,CV-645B,2023-10-28T17:42:59.097Z,38.985252,-0.537441,240
429,Corts Valencianes 1B,Alfons MagnanimB,2023-10-28T17:42:59.097Z,38.986084,-0.534517,690
430,Corts Valencianes 2A,Corts Valencianes 2B,2023-10-28T17:42:59.097Z,38.986084,-0.534517,799
431,PalasietA,Aben FerriA,2023-10-28T17:42:59.097Z,38.985489,-0.534157,022
432,PalasietB,PalasietA,2023-10-28T17:42:59.097Z,38.985252,-0.537441,459
433,Alfons MagnanimA,Alfons MagnanimB,2023-10-28T17:42:59.097Z,38.986084,-0.534517,633
434,Abu Masaifa,Beata InesB,2023-10-28T17:42:59.097Z,38.987684,-0.53061,965
435,Ausias MarchB,Baixada estacio 1,2023-10-28T17:42:59.097Z,38.991913,-0.524291,283
436,Reina,Republica Argentina,2023-10-28T17:42:59.097Z,38.989955,-0.523503,666
437,Baixada estacio 2,Republica Argentina,2023-10-28T17:42:59.097Z,38.989955,-0.523503,324
438,Gregorio Molina,Abu Masaifa,2023-10-28T17:42:59.097Z,38.991213,-0.523787,896
439,Albereda 2,Cosmografo,2023-10-28T17:42:59.097Z,38.990742,-0.513,045
440,Maulets,N-340B,2023-10-28T17:42:59.097Z,38.992357,-0.519858,False
441,N-340A,Ximen ToviaA,2023-10-28T17:42:59.097Z,38.992357,-0.519858,408
442,N-340B,N-340A,2023-10-28T17:42:59.097Z,0.0,0.0,False
443,Republica Argentina,Academic Maravall,2023-10-28T17:42:59.097Z,38.99105,-0.519778,992
444,CV-645B,Beata InesA,2023-10-28T17:43:09.097Z,0.0,0.0,167
445,Corts Valencianes 1A,CV-645B,2023-10-28T17:43:09.097Z,38.985252,-0.537441,False
446,Corts Valencianes 1B,Corts Valencianes 2B,2023-10-28T17:43:09.097Z,38.986084,-0.534517,XXX
447,PalasietA,Aben FerriA,2023-10-28T17:43:09.097Z,38.985489,-0.534157,062
448,PalasietB,Corts Valencianes 1B,2023-10-28T17:43:09.097Z,38.985252,-0.537441,496
449,Alfons MagnanimA,Corts Valencianes 1A,2023-10-28T17:43:09.097Z,38.986084,-0.534517,828
450,Alfons MagnanimB,9 OctubreB,2023-10-28T17:43:09.097Z,38.987144,-0.535236,690
451,Aben FerriA,Corts Valencianes 2B,2023-10-28T17:43:09.097Z,38.986084,-0.534517,294
452,Aben FerriB,PalasietB,2023-10-28T17:43:09.097Z,38.985489,-0.534157,928
453,Argenteria,PalasietB,2023-10-28T17:43:09.097Z,38.985489,-0.534157,627
454,9 OctubreA,9 OctubreB,2023-10-28T17:43:09.097Z,38.987144,-0.535236,103
455,9 OctubreB,Argenteria,2023-10-28T17:43:09.097Z,38.987684,-0.53061,569
456,Abu Masaifa,Corts Valencianes 2A,2023-10-28T17:43:09.097Z,38.987684,-0.53061,906
457,Ausias MarchA,Ausias MarchB,2023-10-28T17:43:09.097Z,38.987684,-0.53061,216
458,Ausias MarchB,Baixada estacio 1,2023-10-28T17:43:09.097Z,38.991913,-0.524291,264
459,Reina,Republica Argentina,2023-10-28T17:43:09.097Z,38.989955,-0.523503,027
460,Ximen ToviaB,N-340B,2023-10-28T17:43:09.097Z,38.992357,-0.519858,047
461,Baixada estacio 1,Abu Masaifa,2023-10-28T17:43:09.097Z,38.991213,-0.523787,201
462,Albereda 1,Albereda 2,2023-10-28T17:43:09.097Z,38.990122,-0.519633,449
463,Albereda 2,Cosmografo,2023-10-28T17:43:09.097Z,38.990742,-0.513,304
464,Carme 1,Academic Maravall,2023-10-28T17:43:09.097Z,38.99105,-0.519778,747
465,Carme 2,Albereda 2,2023-10-28T17:43:09.097Z,38.990122,-0.519633,655
466,Academic Maravall,Maulets,2023-10-28T17:43:09.097Z,38.991249,-0.518678,005
467,Maulets,N-340B,2023-10-28T17:43:09.097Z,38.992357,-0.519858,False
468,N-340A,Ximen ToviaA,2023-10-28T17:43:09.097Z,38.992357,-0.519858,False
469,N-340B,CV-645A,2023-10-28T17:43:09.097Z,0.0,0.0,613
470,Republica Argentina,Academic Maravall,2023-10-28T17:43:09.097Z,38.99105,-0.519778,879
471,CV-645A,PalasietA,2023-10-28T17:43:19.097Z,38.985252,-0.537441,064
472,CV-645B,CV-645B,2023-10-28T17:43:19.097Z,0.0,0.0,679
473,Corts Valencianes 1B,Alfons MagnanimB,2023-10-28T17:43:19.097Z,38.986084,-0.534517,496
474,Corts Valencianes 2B,Argenteria,2023-10-28T17:43:19.097Z,38.987684,-0.53061,472
475,Aben FerriA,Corts Valencianes 2B,2023-10-28T17:43:19.097Z,38.986084,-0.534517,022
476,Aben FerriB,PalasietB,2023-10-28T17:43:19.097Z,38.985489,-0.534157,035
477,9 OctubreA,Alfons MagnanimA,2023-10-28T17:43:19.097Z,38.987144,-0.535236,479
478,9 OctubreB,Beata InesB,2023-10-28T17:43:19.097Z,38.987684,-0.53061,182
479,Abu Masaifa,Ausias MarchB,2023-10-28T17:43:19.097Z,38.987684,-0.53061,False
480,Ausias MarchA,Corts Valencianes 2A,2023-10-28T17:43:19.097Z,38.987684,-0.53061,217
481,Ausias MarchB,Ximen ToviaB,2023-10-28T17:43:19.097Z,38.991913,-0.524291,stX
482,Beata InesA,Corts Valencianes 2A,2023-10-28T17:43:19.097Z,38.987684,-0.53061,954
483,Ximen ToviaA,Baixada estacio 1,2023-10-28T17:43:19.097Z,38.991913,-0.524291,False
484,Baixada estacio 1,Abu Masaifa,2023-10-28T17:43:19.097Z,38.991213,-0.523787,264
485,Gregorio Molina,Abu Masaifa,2023-10-28T17:43:19.097Z,38.991213,-0.523787,XXX
486,Albereda 1,Albereda 2,2023-10-28T17:43:19.097Z,38.990122,-0.519633,491
487,Academic Maravall,Maulets,2023-10-28T17:43:19.097Z,38.991249,-0.518678,692
488,Cosmografo,Maulets,2023-10-28T17:43:19.097Z,38.991249,-0.518678,010
489,Maulets,Maulets,2023-10-28T17:43:19.097Z,38.992357,-0.519858,269
490,N-340B,Beata InesA,2023-10-28T17:43:19.097Z,0.0,0.0,994
491,Republica Argentina,Carme 2,2023-10-28T17:43:19.097Z,38.99105,-0.519778,False
492,CV-645B,Beata InesA,2023-10-28T17:43:29.097Z,0.0,0.0,965
493,Corts Valencianes 2B,Corts Valencianes 2B,2023-10-28T17:43:29.097Z,38.987684,-0.53061,False
494,PalasietB,CV-645B,2023-10-28T17:43:29.097Z,38.985252,-0.537441,313
495,Alfons MagnanimB,9 OctubreB,2023-10-28T17:43:29.097Z,38.987144,-0.535236,499
496,Aben FerriB,PalasietB,2023-10-28T17:43:29.097Z,38.985489,-0.534157,746
497,Argenteria,PalasietB,2023-10-28T17:43:29.097Z,38.985489,-0.534157,276
498,9 OctubreA,9 OctubreB,2023-10-28T17:43:29.097Z,38.987144,-0.535236,530
499,9 OctubreB,Argenteria,2023-10-28T17:43:29.097Z,38.987684,-0.53061,364
500,Ausias MarchA,Argenteria,2023-10-28T17:43:29.097Z,38.987684,-0.53061,140
501,Beata InesA,Argenteria,2023-10-28T17:43:29.097Z,38.987684,-0.53061,924
502,Reina,Republica Argentina,2023-10-28T17:43:29.097Z,38.989955,-0.523503,999
503,Ximen ToviaA,Baixada estacio 1,2023-10-28T17:43:29.097Z,38.991913,-0.524291,187
504,Ximen ToviaB,N-340B,2023-10-28T17:43:29.097Z,38.992357,-0.519858,False
505,Baixada estacio 1,Abu Masaifa,2023-10-28T17:43:29.097Z,38.991213,-0.523787,979
506,Albereda 2,N-340B,2023-10-28T17:43:29.097Z,38.990742,-0.513,714
507,Maulets,N-340B,2023-10-28T17:43:29.097Z,38.992357,-0.519858,971
508,N-340B,CV-645A,2023-10-28T17:43:29.097Z,0.0,0.0,712
509,CV-645A,PalasietA,2023-10-28T17:43:39.097Z,38.985252,-0.537441,919
510,CV-645B,N-340A,2023-10-28T17:43:39.097Z,0.0,0.0,197
511,Corts Valencianes 1A,Corts Valencianes 1B,2023-10-28T17:43:39.097Z,38.985252,-0.537441,828
512,Corts Valencianes 2B,Reina,2023-10-28T17:43:39.097Z,38.987684,-0.53061,096
513,PalasietA,Aben FerriA,2023-10-28T17:43:39.097Z,38.985489,-0.534157,459
514,PalasietB,Corts Valencianes 1B,2023-10-28T17:43:39.097Z,38.985252,-0.537441,False
515,Alfons MagnanimA,Aben FerriB,2023-10-28T17:43:39.097Z,38.986084,-0.534517,479
516,Aben FerriA,Corts Valencianes 1A,2023-10-28T17:43:39.097Z,38.986084,-0.534517,631
517,Aben FerriB,PalasietB,2023-10-28T17:43:39.097Z,38.985489,-0.534157,390
518,Argenteria,PalasietB,2023-10-28T17:43:39.097Z,38.985489,-0.534157,415
519,9 OctubreB,Reina,2023-10-28T17:43:39.097Z,38.987684,-0.53061,688
520,Abu Masaifa,Beata InesB,2023-10-28T17:43:39.097Z,38.987684,-0.53061,796
521,Beata InesA,Argenteria,2023-10-28T17:43:39.097Z,38.987684,-0.53061,819
522,Ximen ToviaA,Baixada estacio 1,2023-10-28T17:43:39.097Z,38.991913,-0.524291,406
523,Academic Maravall,Maulets,2023-10-28T17:43:39.097Z,38.991249,-0.518678,747
524,N-340A,Ximen ToviaA,2023-10-28T17:43:39.097Z,38.992357,-0.519858,709
525,N-340B,CV-645A,2023-10-28T17:43:39.097Z,0.0,0.0,866
526,CV-645A,Corts Valencianes 1B,2023-10-28T17:43:49.097Z,38.985252,-0.537441,False
527,CV-645B,CV-645A,2023-10-28T17:43:49.097Z,0.0,0.0,390
528,Corts Valencianes 1A,PalasietA,2023-10-28T17:43:49.097Z,38.985252,-0.537441,631
529,Corts Valencianes 2B,Beata InesB,2023-10-28T17:43:49.097Z,38.987684,-0.53061,False
530,PalasietB,Corts Valencianes 1B,2023-10-28T17:43:49.097Z,38.985252,-0.537441,958
531,Alfons MagnanimB,9 OctubreB,2023-10-28T17:43:49.097Z,38.987144,-0.535236,496
532,Aben FerriA,Alfons MagnanimB,2023-10-28T17:43:49.097Z,38.986084,-0.534517,230
533,Aben FerriB,PalasietB,2023-10-28T17:43:49.097Z,38.985489,-0.534157,479
534,Argenteria,PalasietB,2023-10-28T17:43:49.097Z,38.985489,-0.534157,364
535,9 OctubreA,Alfons MagnanimA,2023-10-28T17:43:49.097Z,38.987144,-0.535236,647
536,9 OctubreB,Beata InesB,2023-10-28T17:43:49.097Z,38.987684,-0.53061,499
537,Beata InesA,Ausias MarchB,2023-10-28T17:43:49.097Z,38.987684,-0.53061,218
538,Beata InesB,Beata InesA,2023-10-28T17:43:49.097Z,0.0,0.0,016
539,Reina,Albereda 1,2023-10-28T17:43:49.097Z,38.989955,-0.523503,753
540,Baixada estacio 1,Baixada estacio 2,2023-10-28T17:43:49.097Z,38.991213,-0.523787,181
541,Academic Maravall,Maulets,2023-10-28T17:43:49.097Z,38.991249,-0.518678,870
542,N-340A,Ximen ToviaA,2023-10-28T17:43:49.097Z,38.992357,-0.519858,938
543,N-340B,Beata InesA,2023-10-28T17:43:49.097Z,0.0,0.0,784
544,CV-645A,PalasietA,2023-10-28T17:43:59.097Z,38.985252,-0.537441,986
545,Corts Valencianes 1B,Aben FerriB,2023-10-28T17:43:59.097Z,38.986084,-0.534517,828
546,PalasietA,Aben FerriA,2023-10-28T17:43:59.097Z,38.985489,-0.534157,False
547,Alfons MagnanimA,Corts Valencianes 1A,2023-10-28T17:43:59.097Z,38.986084,-0.534517,647
548,Alfons MagnanimB,9 OctubreB,2023-10-28T17:43:59.097Z,38.987144,-0.535236,667
549,Aben FerriA,Alfons MagnanimB,2023-10-28T17:43:59.097Z,38.986084,-0.534517,499
550,Argenteria,PalasietB,2023-10-28T17:43:59.097Z,38.985489,-0.534157,226
551,Ausias MarchB,Ximen ToviaB,2023-10-28T17:43:59.097Z,38.991913,-0.524291,769
552,Beata InesA,Corts Valencianes 2A,2023-10-28T17:43:59.097Z,38.987684,-0.53061,799
553,Reina,Republica Argentina,2023-10-28T17:43:59.097Z,38.989955,-0.523503,769
554,Ximen ToviaB,N-340B,2023-10-28T17:43:59.097Z,38.992357,-0.519858,False
555,Baixada estacio 2,Republica Argentina,2023-10-28T17:43:59.097Z,38.989955,-0.523503,187
556,Maulets,N-340B,2023-10-28T17:43:59.097Z,38.992357,-0.519858,549
557,N-340B,N-340A,2023-10-28T17:43:59.097Z,0.0,0.0,False
558,CV-645B,Beata InesA,2023-10-28T17:44:09.097Z,0.0,0.0,644
559,Corts Valencianes 1B,Corts Valencianes 1A,2023-10-28T17:44:09.097Z,38.986084,-0.534517,False
560,PalasietA,PalasietB,2023-10-28T17:44:09.097Z,38.985489,-0.534157,613
561,PalasietB,CV-645B,2023-10-28T17:44:09.097Z,38.985252,-0.537441,059
562,Alfons MagnanimB,Alfons MagnanimA,2023-10-28T17:44:09.097Z,38.987144,-0.535236,230
563,Aben FerriA,Corts Valencianes 1A,2023-10-28T17:44:09.097Z,38.986084,-0.534517,998
564,Ausias MarchB,Ximen ToviaB,2023-10-28T17:44:09.097Z,38.991913,-0.524291,638
565,Reina,Albereda 1,2023-10-28T17:44:09.097Z,38.989955,-0.523503,396
566,Ximen ToviaA,Ximen ToviaB,2023-10-28T17:44:09.097Z,38.991913,-0.524291,470
567,N-340A,Gregorio Molina,2023-10-28T17:44:09.097Z,38.992357,-0.519858,250
568,N-340B,Beata InesA,2023-10-28T17:44:09.097Z,0.0,0.0,False
569,CV-645A,Corts Valencianes 1B,2023-10-28T17:44:19.097Z,38.985252,-0.537441,390
570,Corts Valencianes 1A,PalasietA,2023-10-28T17:44:19.097Z,38.985252,-0.537441,647
571,PalasietA,PalasietB,2023-10-28T17:44:19.097Z,38.985489,-0.534157,631
572,PalasietB,PalasietA,2023-10-28T17:44:19.097Z,38.985252,-0.537441,749
573,Alfons MagnanimA,Corts Valencianes 2B,2023-10-28T17:44:19.097Z,38.986084,-0.534517,230
574,Alfons MagnanimB,Alfons MagnanimB,2023-10-28T17:44:19.097Z,38.987144,-0.535236,459
575,Abu Masaifa,Argenteria,2023-10-28T17:44:19.097Z,38.987684,-0.53061,998
576,Ausias MarchB,Ausias MarchA,2023-10-28T17:44:19.097Z,38.991913,-0.524291,080
577,Beata InesA,9 OctubreA,2023-10-28T17:44:19.097Z,38.987684,-0.53061,False
578,Reina,Republica Argentina,2023-10-28T17:44:19.097Z,38.989955,-0.523503,381
579,Ximen ToviaA,Ximen ToviaB,2023-10-28T17:44:19.097Z,38.991913,-0.524291,994
580,Ximen ToviaB,Ximen ToviaA,2023-10-28T17:44:19.097Z,38.992357,-0.519858,020
581,Albereda 2,N-340B,2023-10-28T17:44:19.097Z,38.990742,-0.513,327
582,N-340A,Ximen ToviaA,2023-10-28T17:44:19.097Z,38.992357,-0.519858,970
583,N-340B,N-340A,2023-10-28T17:44:19.097Z,0.0,0.0,806
584,CV-645B,CV-645A,2023-10-28T17:44:29.097Z,0.0,0.0,719
585,Corts Valencianes 1A,CV-645B,2023-10-28T17:44:29.097Z,38.985252,-0.537441,464
586,Corts Valencianes 1B,Alfons MagnanimB,2023-10-28T17:44:29.097Z,38.986084,-0.534517,112
587,Alfons MagnanimB,9 OctubreB,2023-10-28T17:44:29.097Z,38.987144,-0.535236,459
588,Aben FerriA,Corts Valencianes 1A,2023-10-28T17:44:29.097Z,38.986084,-0.534517,False
589,9 OctubreA,Alfons MagnanimA,2023-10-28T17:44:29.097Z,38.987144,-0.535236,228
590,Abu Masaifa,Corts Valencianes 2A,2023-10-28T17:44:29.097Z,38.987684,-0.53061,878
591,Ausias MarchB,Baixada estacio 1,2023-10-28T17:44:29.097Z,38.991913,-0.524291,216
592,Beata InesA,Ausias MarchB,2023-10-28T17:44:29.097Z,38.987684,-0.53061,167
593,Reina,Republica Argentina,2023-10-28T17:44:29.097Z,38.989955,-0.523503,973
594,Ximen ToviaB,N-340B,2023-10-28T17:44:29.097Z,38.992357,-0.519858,120
595,Gregorio Molina,Baixada estacio 2,2023-10-28T17:44:29.097Z,38.991213,-0.523787,250
596,Carme 2,Albereda 2,2023-10-28T17:44:29.097Z,38.990122,-0.519633,465
597,N-340B,N-340A,2023-10-28T17:44:29.097Z,0.0,0.0,714
598,Republica Argentina,Carme 2,2023-10-28T17:44:29.097Z,38.99105,-0.519778,676
599,CV-645B,CV-645A,2023-10-28T17:44:39.097Z,0.0,0.0,996
600,Corts Valencianes 1A,Corts Valencianes 1B,2023-10-28T17:44:39.097Z,38.985252,-0.537441,False
601,Corts Valencianes 1B,Alfons MagnanimB,2023-10-28T17:44:39.097Z,38.986084,-0.534517,959
602,PalasietA,PalasietB,2023-10-28T17:44:39.097Z,38.985489,-0.534157,986
603,PalasietB,Corts Valencianes 1B,2023-10-28T17:44:39.097Z,38.985252,-0.537441,662
604,Alfons MagnanimA,Alfons MagnanimB,2023-10-28T17:44:39.097Z,38.986084,-0.534517,228
605,9 OctubreA,Alfons MagnanimA,2023-10-28T17:44:39.097Z,38.987144,-0.535236,169
606,Abu Masaifa,Corts Valencianes 2A,2023-10-28T17:44:39.097Z,38.987684,-0.53061,118
607,Beata InesB,Beata InesB,2023-10-28T17:44:39.097Z,0.0,0.0,192
608,Reina,Albereda 1,2023-10-28T17:44:39.097Z,38.989955,-0.523503,114
609,Ximen ToviaA,Baixada estacio 1,2023-10-28T17:44:39.097Z,38.991913,-0.524291,709
610,Ximen ToviaB,N-340B,2023-10-28T17:44:39.097Z,38.992357,-0.519858,False
611,Baixada estacio 2,Albereda 1,2023-10-28T17:44:39.097Z,38.989955,-0.523503,250
612,Albereda 1,Albereda 2,2023-10-28T17:44:39.097Z,38.990122,-0.519633,460
613,Carme 2,Albereda 2,2023-10-28T17:44:39.097Z,38.990122,-0.519633,699
614,N-340A,Gregorio Molina,2023-10-28T17:44:39.097Z,38.992357,-0.519858,971
615,N-340B,N-340A,2023-10-28T17:44:39.097Z,0.0,0.0,300
616,CV-645B,CV-645A,2023-10-28T17:44:49.097Z,0.0,0.0,825
617,Corts Valencianes 1A,CV-645B,2023-10-28T17:44:49.097Z,38.985252,-0.537441,False
618,Corts Valencianes 2A,Aben FerriB,2023-10-28T17:44:49.097Z,38.986084,-0.534517,217
619,PalasietA,Aben FerriA,2023-10-28T17:44:49.097Z,38.985489,-0.534157,647
620,PalasietB,CV-645B,2023-10-28T17:44:49.097Z,38.985252,-0.537441,969
621,Alfons MagnanimA,Corts Valencianes 2B,2023-10-28T17:44:49.097Z,38.986084,-0.534517,662
622,Alfons MagnanimB,9 OctubreB,2023-10-28T17:44:49.097Z,38.987144,-0.535236,712
623,Argenteria,PalasietB,2023-10-28T17:44:49.097Z,38.985489,-0.534157,472
624,9 OctubreA,Alfons MagnanimA,2023-10-28T17:44:49.097Z,38.987144,-0.535236,619
625,9 OctubreB,Corts Valencianes 2A,2023-10-28T17:44:49.097Z,38.987684,-0.53061,303
626,Abu Masaifa,Reina,2023-10-28T17:44:49.097Z,38.987684,-0.53061,216
627,Ximen ToviaA,Baixada estacio 1,2023-10-28T17:44:49.097Z,38.991913,-0.524291,938
628,Baixada estacio 1,Baixada estacio 2,2023-10-28T17:44:49.097Z,38.991213,-0.523787,709
629,Gregorio Molina,Abu Masaifa,2023-10-28T17:44:49.097Z,38.991213,-0.523787,False
630,N-340A,Ximen ToviaA,2023-10-28T17:44:49.097Z,38.992357,-0.519858,905
631,N-340B,Beata InesA,2023-10-28T17:44:49.097Z,0.0,0.0,474
632,Corts Valencianes 1B,Aben FerriB,2023-10-28T17:44:59.097Z,38.986084,-0.534517,390
633,Corts Valencianes 2A,Aben FerriB,2023-10-28T17:44:59.097Z,38.986084,-0.534517,954
634,PalasietA,Aben FerriA,2023-10-28T17:44:59.097Z,38.985489,-0.534157,990
635,PalasietB,PalasietA,2023-10-28T17:44:59.097Z,38.985252,-0.537441,928
636,Aben FerriA,Aben FerriB,2023-10-28T17:44:59.097Z,38.986084,-0.534517,647
637,Aben FerriB,Aben FerriA,2023-10-28T17:44:59.097Z,38.985489,-0.534157,217
638,9 OctubreA,Alfons MagnanimA,2023-10-28T17:44:59.097Z,38.987144,-0.535236,946
639,9 OctubreB,Ausias MarchB,2023-10-28T17:44:59.097Z,38.987684,-0.53061,633
640,Abu Masaifa,Argenteria,2023-10-28T17:44:59.097Z,38.987684,-0.53061,048
641,Beata InesA,Corts Valencianes 2A,2023-10-28T17:44:59.097Z,38.987684,-0.53061,155
642,Reina,Republica Argentina,2023-10-28T17:44:59.097Z,38.989955,-0.523503,224
643,Ximen ToviaA,Ausias MarchA,2023-10-28T17:44:59.097Z,38.991913,-0.524291,020
644,Ximen ToviaB,N-340B,2023-10-28T17:44:59.097Z,38.992357,-0.519858,977
645,Baixada estacio 1,Abu Masaifa,2023-10-28T17:44:59.097Z,38.991213,-0.523787,938
646,N-340A,Carme 1,2023-10-28T17:44:59.097Z,38.992357,-0.519858,918
647,N-340B,N-340A,2023-10-28T17:44:59.097Z,0.0,0.0,028
648,Republica Argentina,Academic Maravall,2023-10-28T17:44:59.097Z,38.99105,-0.519778,999
649,CV-645A,PalasietA,2023-10-28T17:45:09.097Z,38.985252,-0.537441,719
650,CV-645B,CV-645A,2023-10-28T17:45:09.097Z,0.0,0.0,False
651,Corts Valencianes 1B,Alfons MagnanimB,2023-10-28T17:45:09.097Z,38.986084,-0.534517,070
652,Corts Valencianes 2A,Alfons MagnanimB,2023-10-28T17:45:09.097Z,38.986084,-0.534517,False
653,PalasietB,Corts Valencianes 1B,2023-10-28T17:45:09.097Z,38.985252,-0.537441,627
654,Alfons MagnanimA,Aben FerriB,2023-10-28T17:45:09.097Z,38.986084,-0.534517,949
655,Aben FerriA,Aben FerriB,2023-10-28T17:45:09.097Z,38.986084,-0.534517,497
656,Aben FerriB,Aben FerriA,2023-10-28T17:45:09.097Z,38.985489,-0.534157,390
657,Argenteria,PalasietB,2023-10-28T17:45:09.097Z,38.985489,-0.534157,140
658,9 OctubreA,9 OctubreB,2023-10-28T17:45:09.097Z,38.987144,-0.535236,996
659,Abu Masaifa,Corts Valencianes 2A,2023-10-28T17:45:09.097Z,38.987684,-0.53061,308
660,Ausias MarchB,Ximen ToviaB,2023-10-28T17:45:09.097Z,38.991913,-0.524291,339
661,Beata InesA,9 OctubreA,2023-10-28T17:45:09.097Z,38.987684,-0.53061,969
662,Beata InesB,Beata InesA,2023-10-28T17:45:09.097Z,0.0,0.0,430
663,Reina,Republica Argentina,2023-10-28T17:45:09.097Z,38.989955,-0.523503,777
664,Ximen ToviaA,Baixada estacio 1,2023-10-28T17:45:09.097Z,38.991913,-0.524291,970
665,Ximen ToviaB,Gregorio Molina,2023-10-28T17:45:09.097Z,38.992357,-0.519858,False
666,Baixada estacio 1,Abu Masaifa,2023-10-28T17:45:09.097Z,38.991213,-0.523787,216
667,N-340A,Ximen ToviaA,2023-10-28T17:45:09.097Z,38.992357,-0.519858,416
668,N-340B,N-340A,2023-10-28T17:45:09.097Z,0.0,0.0,097
669,CV-645A,PalasietA,2023-10-28T17:45:19.097Z,38.985252,-0.537441,936
670,CV-645B,Beata InesA,2023-10-28T17:45:19.097Z,0.0,0.0,638
671,Corts Valencianes 1B,Alfons MagnanimB,2023-10-28T17:45:19.097Z,38.986084,-0.534517,662
672,Corts Valencianes 2A,Alfons MagnanimB,2023-10-28T17:45:19.097Z,38.986084,-0.534517,878
673,Argenteria,Aben FerriA,2023-10-28T17:45:19.097Z,38.985489,-0.534157,924
674,9 OctubreA,9 OctubreB,2023-10-28T17:45:19.097Z,38.987144,-0.535236,False
675,Abu Masaifa,Beata InesB,2023-10-28T17:45:19.097Z,38.987684,-0.53061,350
676,Ausias MarchA,Corts Valencianes 2A,2023-10-28T17:45:19.097Z,38.987684,-0.53061,080
677,Ausias MarchB,Ausias MarchA,2023-10-28T17:45:19.097Z,38.991913,-0.524291,167
678,Beata InesA,9 OctubreA,2023-10-28T17:45:19.097Z,38.987684,-0.53061,684
679,Beata InesB,Beata InesA,2023-10-28T17:45:19.097Z,0.0,0.0,182
680,Reina,Albereda 1,2023-10-28T17:45:19.097Z,38.989955,-0.523503,886
681,Ximen ToviaA,Baixada estacio 1,2023-10-28T17:45:19.097Z,38.991913,-0.524291,505
682,N-340A,Gregorio Molina,2023-10-28T17:45:19.097Z,38.992357,-0.519858,400
683,N-340B,CV-645A,2023-10-28T17:45:19.097Z,0.0,0.0,830
684,CV-645A,Corts Valencianes 1B,2023-10-28T17:45:29.097Z,38.985252,-0.537441,825
685,Corts Valencianes 2A,Corts Valencianes 1A,2023-10-28T17:45:29.097Z,38.986084,-0.534517,118
686,PalasietB,PalasietB,2023-10-28T17:45:29.097Z,38.985252,-0.537441,146
687,Alfons MagnanimB,Alfons MagnanimA,2023-10-28T17:45:29.097Z,38.987144,-0.535236,False
688,Aben FerriB,PalasietB,2023-10-28T17:45:29.097Z,38.985489,-0.534157,647
689,Argenteria,PalasietB,2023-10-28T17:45:29.097Z,38.985489,-0.534157,813
690,Ausias MarchB,Ausias MarchA,2023-10-28T17:45:29.097Z,38.991913,-0.524291,693
691,Beata InesB,Beata InesA,2023-10-28T17:45:29.097Z,0.0,0.0,565
692,Reina,Republica Argentina,2023-10-28T17:45:29.097Z,38.989955,-0.523503,841
693,Ximen ToviaB,Carme 1,2023-10-28T17:45:29.097Z,38.992357,-0.519858,789
694,Baixada estacio 1,Abu Masaifa,2023-10-28T17:45:29.097Z,38.991213,-0.523787,408
695,N-340A,Carme 1,2023-10-28T17:45:29.097Z,38.992357,-0.519858,False
696,N-340B,Beata InesA,2023-10-28T17:45:29.097Z,0.0,0.0,767
697,CV-645A,PalasietA,2023-10-28T17:45:39.097Z,38.985252,-0.537441,446
698,CV-645B,CV-645B,2023-10-28T17:45:39.097Z,0.0,0.0,966
699,Corts Valencianes 1A,CV-645B,2023-10-28T17:45:39.097Z,38.985252,-0.537441,716
700,Corts Valencianes 2A,Corts Valencianes 2B,2023-10-28T17:45:39.097Z,38.986084,-0.534517,303
701,Corts Valencianes 2B,9 OctubreA,2023-10-28T17:45:39.097Z,38.987684,-0.53061,294
702,PalasietA,PalasietB,2023-10-28T17:45:39.097Z,38.985489,-0.534157,719
703,Alfons MagnanimA,Corts Valencianes 1A,2023-10-28T17:45:39.097Z,38.986084,-0.534517,False
704,Alfons MagnanimB,9 OctubreB,2023-10-28T17:45:39.097Z,38.987144,-0.535236,298
705,Aben FerriB,PalasietB,2023-10-28T17:45:39.097Z,38.985489,-0.534157,196
706,Argenteria,PalasietB,2023-10-28T17:45:39.097Z,38.985489,-0.534157,609
707,9 OctubreA,9 OctubreB,2023-10-28T17:45:39.097Z,38.987144,-0.535236,False
708,9 OctubreB,Corts Valencianes 2A,2023-10-28T17:45:39.097Z,38.987684,-0.53061,919
709,Beata InesB,Beata InesA,2023-10-28T17:45:39.097Z,0.0,0.0,False
710,Reina,Republica Argentina,2023-10-28T17:45:39.097Z,38.989955,-0.523503,844
711,Ximen ToviaA,Baixada estacio 1,2023-10-28T17:45:39.097Z,38.991913,-0.524291,False
712,Ximen ToviaB,N-340B,2023-10-28T17:45:39.097Z,38.992357,-0.519858,838
713,Baixada estacio 1,Baixada estacio 2,2023-10-28T17:45:39.097Z,38.991213,-0.523787,505
714,Carme 1,Carme 2,2023-10-28T17:45:39.097Z,38.99105,-0.519778,789
715,N-340A,Gregorio Molina,2023-10-28T17:45:39.097Z,38.992357,-0.519858,912
716,N-340B,N-340A,2023-10-28T17:45:39.097Z,0.0,0.0,False
717,CV-645B,Beata InesA,2023-10-28T17:45:49.097Z,0.0,0.0,669
718,Corts Valencianes 1A,PalasietA,2023-10-28T17:45:49.097Z,38.985252,-0.537441,False
719,Corts Valencianes 1B,Alfons MagnanimB,2023-10-28T17:45:49.097Z,38.986084,-0.534517,825
720,Corts Valencianes 2A,Alfons MagnanimB,2023-10-28T17:45:49.097Z,38.986084,-0.534517,155
721,Corts Valencianes 2B,Corts Valencianes 2A,2023-10-28T17:45:49.097Z,38.987684,-0.53061,022
722,PalasietA,PalasietB,2023-10-28T17:45:49.097Z,38.985489,-0.534157,698
723,PalasietB,CV-645B,2023-10-28T17:45:49.097Z,38.985252,-0.537441,912
724,Alfons MagnanimB,9 OctubreB,2023-10-28T17:45:49.097Z,38.987144,-0.535236,616
725,Aben FerriA,Corts Valencianes 1A,2023-10-28T17:45:49.097Z,38.986084,-0.534517,624
726,Aben FerriB,Aben FerriA,2023-10-28T17:45:49.097Z,38.985489,-0.534157,948
727,Argenteria,PalasietB,2023-10-28T17:45:49.097Z,38.985489,-0.534157,998
728,9 OctubreA,9 OctubreB,2023-10-28T17:45:49.097Z,38.987144,-0.535236,969
729,9 OctubreB,9 OctubreA,2023-10-28T17:45:49.097Z,38.987684,-0.53061,496
730,Abu Masaifa,Corts Valencianes 2A,2023-10-28T17:45:49.097Z,38.987684,-0.53061,False
731,Beata InesB,Beata InesA,2023-10-28T17:45:49.097Z,0.0,0.0,XXX
732,Baixada estacio 1,Baixada estacio 2,2023-10-28T17:45:49.097Z,38.991213,-0.523787,164
733,N-340B,N-340A,2023-10-28T17:45:49.097Z,0.0,0.0,894
734,Republica Argentina,Academic Maravall,2023-10-28T17:45:49.097Z,38.99105,-0.519778,091
735,CV-645A,PalasietA,2023-10-28T17:45:59.097Z,38.985252,-0.537441,830
736,Corts Valencianes 1B,Corts Valencianes 1A,2023-10-28T17:45:59.097Z,38.986084,-0.534517,867
737,Corts Valencianes 2B,Ausias MarchB,2023-10-28T17:45:59.097Z,38.987684,-0.53061,799
738,Alfons MagnanimB,9 OctubreB,2023-10-28T17:45:59.097Z,38.987144,-0.535236,228
739,Aben FerriA,Corts Valencianes 2B,2023-10-28T17:45:59.097Z,38.986084,-0.534517,066
740,Argenteria,PalasietB,2023-10-28T17:45:59.097Z,38.985489,-0.534157,048
741,9 OctubreB,Reina,2023-10-28T17:45:59.097Z,38.987684,-0.53061,False
742,Ausias MarchA,Ausias MarchA,2023-10-28T17:45:59.097Z,38.987684,-0.53061,020
743,Beata InesA,Corts Valencianes 2A,2023-10-28T17:45:59.097Z,38.987684,-0.53061,786
744,Beata InesB,Beata InesB,2023-10-28T17:45:59.097Z,0.0,0.0,119
745,Reina,Albereda 1,2023-10-28T17:45:59.097Z,38.989955,-0.523503,582
746,Ximen ToviaB,Carme 1,2023-10-28T17:45:59.097Z,38.992357,-0.519858,False
747,Gregorio Molina,Abu Masaifa,2023-10-28T17:45:59.097Z,38.991213,-0.523787,699
748,N-340A,Gregorio Molina,2023-10-28T17:45:59.097Z,38.992357,-0.519858,197
749,N-340B,N-340A,2023-10-28T17:45:59.097Z,0.0,0.0,971
750,Republica Argentina,Carme 2,2023-10-28T17:45:59.097Z,38.99105,-0.519778,697
751,CV-645B,N-340A,2023-10-28T17:46:09.097Z,0.0,0.0,027
752,PalasietA,PalasietB,2023-10-28T17:46:09.097Z,38.985489,-0.534157,496
753,PalasietB,CV-645B,2023-10-28T17:46:09.097Z,38.985252,-0.537441,479
754,Alfons MagnanimB,9 OctubreB,2023-10-28T17:46:09.097Z,38.987144,-0.535236,959
755,Aben FerriB,PalasietB,2023-10-28T17:46:09.097Z,38.985489,-0.534157,828
756,Argenteria,PalasietB,2023-10-28T17:46:09.097Z,38.985489,-0.534157,False
757,Abu Masaifa,9 OctubreA,2023-10-28T17:46:09.097Z,38.987684,-0.53061,968
758,Ausias MarchA,9 OctubreA,2023-10-28T17:46:09.097Z,38.987684,-0.53061,167
759,Beata InesA,9 OctubreA,2023-10-28T17:46:09.097Z,38.987684,-0.53061,135
760,Beata InesB,CV-645A,2023-10-28T17:46:09.097Z,0.0,0.0,999
761,Gregorio Molina,Abu Masaifa,2023-10-28T17:46:09.097Z,38.991213,-0.523787,400
762,N-340B,N-340A,2023-10-28T17:46:09.097Z,0.0,0.0,047
763,CV-645B,CV-645A,2023-10-28T17:46:19.097Z,0.0,0.0,436
764,Corts Valencianes 1A,Corts Valencianes 1B,2023-10-28T17:46:19.097Z,38.985252,-0.537441,924
765,Corts Valencianes 2B,Reina,2023-10-28T17:46:19.097Z,38.987684,-0.53061,562
766,PalasietB,PalasietA,2023-10-28T17:46:19.097Z,38.985252,-0.537441,926
767,Aben FerriB,PalasietB,2023-10-28T17:46:19.097Z,38.985489,-0.534157,954
768,9 OctubreA,9 OctubreB,2023-10-28T17:46:19.097Z,38.987144,-0.535236,200
769,Abu Masaifa,Argenteria,2023-10-28T17:46:19.097Z,38.987684,-0.53061,283
770,Ausias MarchA,Ausias MarchA,2023-10-28T17:46:19.097Z,38.987684,-0.53061,693
771,Beata InesA,Ausias MarchB,2023-10-28T17:46:19.097Z,38.987684,-0.53061,False
772,Ximen ToviaB,N-340B,2023-10-28T17:46:19.097Z,38.992357,-0.519858,994
773,Gregorio Molina,Abu Masaifa,2023-10-28T17:46:19.097Z,38.991213,-0.523787,612
774,N-340B,Beata InesA,2023-10-28T17:46:19.097Z,0.0,0.0,333
775,CV-645A,PalasietA,2023-10-28T17:46:29.097Z,38.985252,-0.537441,119
776,Corts Valencianes 1A,CV-645B,2023-10-28T17:46:29.097Z,38.985252,-0.537441,271
777,Corts Valencianes 1B,Alfons MagnanimB,2023-10-28T17:46:29.097Z,38.986084,-0.534517,924
778,Corts Valencianes 2A,Corts Valencianes 2B,2023-10-28T17:46:29.097Z,38.986084,-0.534517,080
779,Corts Valencianes 2B,Beata InesB,2023-10-28T17:46:29.097Z,38.987684,-0.53061,303
780,PalasietA,Aben FerriA,2023-10-28T17:46:29.097Z,38.985489,-0.534157,967
781,PalasietB,PalasietB,2023-10-28T17:46:29.097Z,38.985252,-0.537441,949
782,Aben FerriA,Corts Valencianes 1A,2023-10-28T17:46:29.097Z,38.986084,-0.534517,217
783,9 OctubreB,Corts Valencianes 2A,2023-10-28T17:46:29.097Z,38.987684,-0.53061,459
784,Abu Masaifa,Corts Valencianes 2A,2023-10-28T17:46:29.097Z,38.987684,-0.53061,264
785,Beata InesA,Reina,2023-10-28T17:46:29.097Z,38.987684,-0.53061,474
786,Ximen ToviaB,Ximen ToviaA,2023-10-28T17:46:29.097Z,38.992357,-0.519858,320
787,N-340B,Beata InesA,2023-10-28T17:46:29.097Z,0.0,0.0,738
788,CV-645B,Beata InesA,2023-10-28T17:46:39.097Z,0.0,0.0,550
789,Corts Valencianes 2A,Corts Valencianes 2B,2023-10-28T17:46:39.097Z,38.986084,-0.534517,998
790,PalasietB,CV-645B,2023-10-28T17:46:39.097Z,38.985252,-0.537441,669
791,Alfons MagnanimB,9 OctubreB,2023-10-28T17:46:39.097Z,38.987144,-0.535236,False
792,Aben FerriA,Corts Valencianes 2B,2023-10-28T17:46:39.097Z,38.986084,-0.534517,830
793,Aben FerriB,PalasietB,2023-10-28T17:46:39.097Z,38.985489,-0.534157,769
794,Argenteria,PalasietB,2023-10-28T17:46:39.097Z,38.985489,-0.534157,201
795,9 OctubreB,Ausias MarchB,2023-10-28T17:46:39.097Z,38.987684,-0.53061,712
796,Abu Masaifa,Argenteria,2023-10-28T17:46:39.097Z,38.987684,-0.53061,False
797,Ausias MarchA,Ausias MarchB,2023-10-28T17:46:39.097Z,38.987684,-0.53061,710
798,Ausias MarchB,Ausias MarchA,2023-10-28T17:46:39.097Z,38.991913,-0.524291,779
799,Beata InesA,Argenteria,2023-10-28T17:46:39.097Z,38.987684,-0.53061,480
800,Ximen ToviaB,Gregorio Molina,2023-10-28T17:46:39.097Z,38.992357,-0.519858,False
801,N-340B,N-340A,2023-10-28T17:46:39.097Z,0.0,0.0,215
802,Corts Valencianes 1A,CV-645B,2023-10-28T17:46:49.097Z,38.985252,-0.537441,217
803,Corts Valencianes 2A,Corts Valencianes 1A,2023-10-28T17:46:49.097Z,38.986084,-0.534517,069
804,PalasietB,CV-645B,2023-10-28T17:46:49.097Z,38.985252,-0.537441,226
805,Alfons MagnanimB,Alfons MagnanimB,2023-10-28T17:46:49.097Z,38.987144,-0.535236,924
806,9 OctubreA,Alfons MagnanimA,2023-10-28T17:46:49.097Z,38.987144,-0.535236,496
807,9 OctubreB,Reina,2023-10-28T17:46:49.097Z,38.987684,-0.53061,346
808,Abu Masaifa,Corts Valencianes 2A,2023-10-28T17:46:49.097Z,38.987684,-0.53061,979
809,Ausias MarchA,Argenteria,2023-10-28T17:46:49.097Z,38.987684,-0.53061,020
810,Beata InesA,Ausias MarchB,2023-10-28T17:46:49.097Z,38.987684,-0.53061,863
811,Beata InesB,N-340A,2023-10-28T17:46:49.097Z,0.0,0.0,791
812,Ximen ToviaA,Ausias MarchA,2023-10-28T17:46:49.097Z,38.991913,-0.524291,320
813,N-340B,N-340A,2023-10-28T17:46:49.097Z,0.0,0.0,497
814,CV-645A,Corts Valencianes 1B,2023-10-28T17:46:59.097Z,38.985252,-0.537441,365
815,CV-645B,Beata InesA,2023-10-28T17:46:59.097Z,0.0,0.0,False
816,Corts Valencianes 2A,Corts Valencianes 1A,2023-10-28T17:46:59.097Z,38.986084,-0.534517,022
817,PalasietB,Corts Valencianes 1B,2023-10-28T17:46:59.097Z,38.985252,-0.537441,613
818,Alfons MagnanimA,Corts Valencianes 1A,2023-10-28T17:46:59.097Z,38.986084,-0.534517,496
819,Alfons MagnanimB,Alfons MagnanimA,2023-10-28T17:46:59.097Z,38.987144,-0.535236,924
820,9 OctubreA,Alfons MagnanimA,2023-10-28T17:46:59.097Z,38.987144,-0.535236,968
821,Abu Masaifa,Corts Valencianes 2A,2023-10-28T17:46:59.097Z,38.987684,-0.53061,971
822,Ausias MarchA,Ausias MarchB,2023-10-28T17:46:59.097Z,38.987684,-0.53061,499
823,Beata InesA,Corts Valencianes 2A,2023-10-28T17:46:59.097Z,38.987684,-0.53061,182
824,N-340B,N-340A,2023-10-28T17:46:59.097Z,0.0,0.0,537
825,Corts Valencianes 2A,Aben FerriB,2023-10-28T17:47:09.097Z,38.986084,-0.534517,edi
826,PalasietA,Aben FerriA,2023-10-28T17:47:09.097Z,38.985489,-0.534157,926
827,PalasietB,CV-645B,2023-10-28T17:47:09.097Z,38.985252,-0.537441,631
828,9 OctubreA,9 OctubreB,2023-10-28T17:47:09.097Z,38.987144,-0.535236,167
829,9 OctubreB,Beata InesB,2023-10-28T17:47:09.097Z,38.987684,-0.53061,662
830,Abu Masaifa,9 OctubreA,2023-10-28T17:47:09.097Z,38.987684,-0.53061,938
831,Ausias MarchA,Beata InesB,2023-10-28T17:47:09.097Z,38.987684,-0.53061,False
832,Beata InesA,Argenteria,2023-10-28T17:47:09.097Z,38.987684,-0.53061,851
833,Beata InesB,Beata InesA,2023-10-28T17:47:09.097Z,0.0,0.0,909
834,Baixada estacio 1,Abu Masaifa,2023-10-28T17:47:09.097Z,38.991213,-0.523787,447
835,N-340B,Beata InesA,2023-10-28T17:47:09.097Z,0.0,0.0,181
836,Corts Valencianes 1A,CV-645B,2023-10-28T17:47:19.097Z,38.985252,-0.537441,022
837,Corts Valencianes 1B,Alfons MagnanimB,2023-10-28T17:47:19.097Z,38.986084,-0.534517,436
838,Corts Valencianes 2A,Aben FerriB,2023-10-28T17:47:19.097Z,38.986084,-0.534517,768
839,PalasietB,Corts Valencianes 1B,2023-10-28T17:47:19.097Z,38.985252,-0.537441,866
840,Alfons MagnanimA,Corts Valencianes 2B,2023-10-28T17:47:19.097Z,38.986084,-0.534517,924
841,Aben FerriA,Alfons MagnanimB,2023-10-28T17:47:19.097Z,38.986084,-0.534517,325
842,Aben FerriB,Aben FerriA,2023-10-28T17:47:19.097Z,38.985489,-0.534157,False
843,9 OctubreA,9 OctubreB,2023-10-28T17:47:19.097Z,38.987144,-0.535236,212
844,9 OctubreB,Reina,2023-10-28T17:47:19.097Z,38.987684,-0.53061,False
845,Abu Masaifa,Reina,2023-10-28T17:47:19.097Z,38.987684,-0.53061,216
846,Ausias MarchA,Beata InesB,2023-10-28T17:47:19.097Z,38.987684,-0.53061,320
847,Ausias MarchB,Ausias MarchA,2023-10-28T17:47:19.097Z,38.991913,-0.524291,False
848,Beata InesA,9 OctubreA,2023-10-28T17:47:19.097Z,38.987684,-0.53061,370
849,Gregorio Molina,Abu Masaifa,2023-10-28T17:47:19.097Z,38.991213,-0.523787,157
850,N-340B,Beata InesA,2023-10-28T17:47:19.097Z,0.0,0.0,147
851,CV-645B,CV-645A,2023-10-28T17:47:29.097Z,0.0,0.0,False
852,Corts Valencianes 1A,CV-645B,2023-10-28T17:47:29.097Z,38.985252,-0.537441,496
853,Corts Valencianes 1B,Corts Valencianes 2B,2023-10-28T17:47:29.097Z,38.986084,-0.534517,612
854,PalasietA,Aben FerriA,2023-10-28T17:47:29.097Z,38.985489,-0.534157,119
855,PalasietB,CV-645B,2023-10-28T17:47:29.097Z,38.985252,-0.537441,False
856,Alfons MagnanimA,Corts Valencianes 2B,2023-10-28T17:47:29.097Z,38.986084,-0.534517,896
857,Aben FerriA,Corts Valencianes 1A,2023-10-28T17:47:29.097Z,38.986084,-0.534517,390
858,Aben FerriB,Aben FerriA,2023-10-28T17:47:29.097Z,38.985489,-0.534157,768
859,Argenteria,PalasietB,2023-10-28T17:47:29.097Z,38.985489,-0.534157,False
860,9 OctubreB,Argenteria,2023-10-28T17:47:29.097Z,38.987684,-0.53061,878
861,Ausias MarchB,Baixada estacio 1,2023-10-28T17:47:29.097Z,38.991913,-0.524291,112
862,Beata InesA,9 OctubreA,2023-10-28T17:47:29.097Z,38.987684,-0.53061,False
863,Gregorio Molina,Abu Masaifa,2023-10-28T17:47:29.097Z,38.991213,-0.523787,339
864,N-340B,Beata InesA,2023-10-28T17:47:29.097Z,0.0,0.0,697
865,CV-645B,Beata InesA,2023-10-28T17:47:39.097Z,0.0,0.0,False
866,Corts Valencianes 1A,PalasietA,2023-10-28T17:47:39.097Z,38.985252,-0.537441,390
867,Corts Valencianes 1B,Alfons MagnanimB,2023-10-28T17:47:39.097Z,38.986084,-0.534517,986
868,Corts Valencianes 2A,Corts Valencianes 2B,2023-10-28T17:47:39.097Z,38.986084,-0.534517,499
869,PalasietA,PalasietB,2023-10-28T17:47:39.097Z,38.985489,-0.534157,False
870,PalasietB,CV-645B,2023-10-28T17:47:39.097Z,38.985252,-0.537441,140
871,Alfons MagnanimB,Alfons MagnanimA,2023-10-28T17:47:39.097Z,38.987144,-0.535236,436
872,Argenteria,Aben FerriA,2023-10-28T17:47:39.097Z,38.985489,-0.534157,480
873,9 OctubreA,9 OctubreB,2023-10-28T17:47:39.097Z,38.987144,-0.535236,384
874,9 OctubreB,Argenteria,2023-10-28T17:47:39.097Z,38.987684,-0.53061,996
875,Abu Masaifa,Corts Valencianes 2A,2023-10-28T17:47:39.097Z,38.987684,-0.53061,208
876,Ausias MarchB,Ximen ToviaB,2023-10-28T17:47:39.097Z,38.991913,-0.524291,718
877,Beata InesA,Argenteria,2023-10-28T17:47:39.097Z,38.987684,-0.53061,669
878,Baixada estacio 1,Baixada estacio 2,2023-10-28T17:47:39.097Z,38.991213,-0.523787,712
879,N-340B,N-340A,2023-10-28T17:47:39.097Z,0.0,0.0,783
880,CV-645A,Corts Valencianes 1B,2023-10-28T17:47:49.097Z,38.985252,-0.537441,False
881,Corts Valencianes 2A,Corts Valencianes 2B,2023-10-28T17:47:49.097Z,38.986084,-0.534517,264
882,Corts Valencianes 2B,Argenteria,2023-10-28T17:47:49.097Z,38.987684,-0.53061,080
883,PalasietA,PalasietB,2023-10-28T17:47:49.097Z,38.985489,-0.534157,390
884,PalasietB,Corts Valencianes 1B,2023-10-28T17:47:49.097Z,38.985252,-0.537441,647
885,Alfons MagnanimB,9 OctubreB,2023-10-28T17:47:49.097Z,38.987144,-0.535236,325
886,Aben FerriA,Alfons MagnanimB,2023-10-28T17:47:49.097Z,38.986084,-0.534517,119
887,Argenteria,PalasietB,2023-10-28T17:47:49.097Z,38.985489,-0.534157,020
888,9 OctubreA,Alfons MagnanimA,2023-10-28T17:47:49.097Z,38.987144,-0.535236,254
889,Abu Masaifa,Ausias MarchB,2023-10-28T17:47:49.097Z,38.987684,-0.53061,488
890,Beata InesA,Corts Valencianes 2A,2023-10-28T17:47:49.097Z,38.987684,-0.53061,698
891,Beata InesB,Beata InesB,2023-10-28T17:47:49.097Z,0.0,0.0,799
892,N-340B,CV-645A,2023-10-28T17:47:49.097Z,0.0,0.0,008
893,CV-645B,CV-645B,2023-10-28T17:47:59.097Z,0.0,0.0,331
894,Corts Valencianes 2A,Corts Valencianes 1A,2023-10-28T17:47:59.097Z,38.986084,-0.534517,887
895,PalasietB,PalasietA,2023-10-28T17:47:59.097Z,38.985252,-0.537441,819
896,Alfons MagnanimB,9 OctubreB,2023-10-28T17:47:59.097Z,38.987144,-0.535236,866
897,9 OctubreA,Alfons MagnanimA,2023-10-28T17:47:59.097Z,38.987144,-0.535236,938
898,9 OctubreB,Argenteria,2023-10-28T17:47:59.097Z,38.987684,-0.53061,228
899,Abu Masaifa,Beata InesB,2023-10-28T17:47:59.097Z,38.987684,-0.53061,136
900,Ausias MarchB,Ximen ToviaB,2023-10-28T17:47:59.097Z,38.991913,-0.524291,638
901,Beata InesA,Reina,2023-10-28T17:47:59.097Z,38.987684,-0.53061,333
902,N-340B,Beata InesA,2023-10-28T17:47:59.097Z,0.0,0.0,817
903,CV-645B,Beata InesA,2023-10-28T17:48:09.097Z,0.0,0.0,108
904,Corts Valencianes 1B,Aben FerriB,2023-10-28T17:48:09.097Z,38.986084,-0.534517,False
905,Corts Valencianes 2A,Alfons MagnanimB,2023-10-28T17:48:09.097Z,38.986084,-0.534517,971
906,Corts Valencianes 2B,Reina,2023-10-28T17:48:09.097Z,38.987684,-0.53061,998
907,PalasietB,CV-645B,2023-10-28T17:48:09.097Z,38.985252,-0.537441,False
908,Alfons MagnanimB,9 OctubreB,2023-10-28T17:48:09.097Z,38.987144,-0.535236,994
909,Aben FerriA,Alfons MagnanimB,2023-10-28T17:48:09.097Z,38.986084,-0.534517,786
910,9 OctubreA,9 OctubreB,2023-10-28T17:48:09.097Z,38.987144,-0.535236,False
911,9 OctubreB,Corts Valencianes 2A,2023-10-28T17:48:09.097Z,38.987684,-0.53061,959
912,Abu Masaifa,9 OctubreA,2023-10-28T17:48:09.097Z,38.987684,-0.53061,400
913,Ausias MarchA,Reina,2023-10-28T17:48:09.097Z,38.987684,-0.53061,987
914,Beata InesA,Reina,2023-10-28T17:48:09.097Z,38.987684,-0.53061,738
915,Beata InesB,Beata InesA,2023-10-28T17:48:09.097Z,0.0,0.0,152
916,Ximen ToviaB,Gregorio Molina,2023-10-28T17:48:09.097Z,38.992357,-0.519858,710
917,Baixada estacio 1,Abu Masaifa,2023-10-28T17:48:09.097Z,38.991213,-0.523787,570
918,N-340B,N-340A,2023-10-28T17:48:09.097Z,0.0,0.0,052
919,Corts Valencianes 1A,Corts Valencianes 1B,2023-10-28T17:48:19.097Z,38.985252,-0.537441,False
920,Corts Valencianes 1B,Alfons MagnanimB,2023-10-28T17:48:19.097Z,38.986084,-0.534517,647
921,Corts Valencianes 2A,Aben FerriB,2023-10-28T17:48:19.097Z,38.986084,-0.534517,182
922,Corts Valencianes 2B,Ausias MarchB,2023-10-28T17:48:19.097Z,38.987684,-0.53061,830
923,PalasietA,Aben FerriA,2023-10-28T17:48:19.097Z,38.985489,-0.534157,813
924,PalasietB,Corts Valencianes 1B,2023-10-28T17:48:19.097Z,38.985252,-0.537441,199
925,Alfons MagnanimB,9 OctubreB,2023-10-28T17:48:19.097Z,38.987144,-0.535236,164
926,Argenteria,PalasietB,2023-10-28T17:48:19.097Z,38.985489,-0.534157,965
927,9 OctubreA,9 OctubreB,2023-10-28T17:48:19.097Z,38.987144,-0.535236,False
928,9 OctubreB,Beata InesB,2023-10-28T17:48:19.097Z,38.987684,-0.53061,005
929,Ausias MarchB,Ximen ToviaB,2023-10-28T17:48:19.097Z,38.991913,-0.524291,893
930,Beata InesA,Argenteria,2023-10-28T17:48:19.097Z,38.987684,-0.53061,550
931,Beata InesB,Beata InesA,2023-10-28T17:48:19.097Z,0.0,0.0,799
932,Gregorio Molina,Abu Masaifa,2023-10-28T17:48:19.097Z,38.991213,-0.523787,796
933,N-340B,CV-645A,2023-10-28T17:48:19.097Z,0.0,0.0,881
934,CV-645B,CV-645A,2023-10-28T17:48:29.097Z,0.0,0.0,983
935,Corts Valencianes 1A,CV-645B,2023-10-28T17:48:29.097Z,38.985252,-0.537441,449
936,Corts Valencianes 1B,Corts Valencianes 2B,2023-10-28T17:48:29.097Z,38.986084,-0.534517,False
937,Corts Valencianes 2A,Corts Valencianes 1A,2023-10-28T17:48:29.097Z,38.986084,-0.534517,308
938,Corts Valencianes 2B,Reina,2023-10-28T17:48:29.097Z,38.987684,-0.53061,230
939,PalasietA,PalasietB,2023-10-28T17:48:29.097Z,38.985489,-0.534157,928
940,Alfons MagnanimB,9 OctubreB,2023-10-28T17:48:29.097Z,38.987144,-0.535236,971
941,Aben FerriB,PalasietB,2023-10-28T17:48:29.097Z,38.985489,-0.534157,False
942,9 OctubreA,9 OctubreB,2023-10-28T17:48:29.097Z,38.987144,-0.535236,684
943,9 OctubreB,Ausias MarchB,2023-10-28T17:48:29.097Z,38.987684,-0.53061,False
944,Beata InesA,Argenteria,2023-10-28T17:48:29.097Z,38.987684,-0.53061,919
945,Beata InesB,CV-645A,2023-10-28T17:48:29.097Z,0.0,0.0,862
946,Ximen ToviaB,Ximen ToviaA,2023-10-28T17:48:29.097Z,38.992357,-0.519858,863
947,N-340B,N-340A,2023-10-28T17:48:29.097Z,0.0,0.0,734
948,CV-645B,Beata InesA,2023-10-28T17:48:39.097Z,0.0,0.0,837
949,Corts Valencianes 1B,Corts Valencianes 2B,2023-10-28T17:48:39.097Z,38.986084,-0.534517,719
950,Corts Valencianes 2A,Alfons MagnanimB,2023-10-28T17:48:39.097Z,38.986084,-0.534517,406
951,Corts Valencianes 2B,Argenteria,2023-10-28T17:48:39.097Z,38.987684,-0.53061,949
952,Alfons MagnanimA,Aben FerriB,2023-10-28T17:48:39.097Z,38.986084,-0.534517,254
953,Aben FerriA,Corts Valencianes 2B,2023-10-28T17:48:39.097Z,38.986084,-0.534517,744
954,Aben FerriB,PalasietB,2023-10-28T17:48:39.097Z,38.985489,-0.534157,182
955,Argenteria,Aben FerriA,2023-10-28T17:48:39.097Z,38.985489,-0.534157,965
956,9 OctubreB,9 OctubreB,2023-10-28T17:48:39.097Z,38.987684,-0.53061,167
957,Abu Masaifa,Beata InesB,2023-10-28T17:48:39.097Z,38.987684,-0.53061,442
958,Beata InesA,Ausias MarchB,2023-10-28T17:48:39.097Z,38.987684,-0.53061,909
959,Ximen ToviaB,N-340B,2023-10-28T17:48:39.097Z,38.992357,-0.519858,893
960,N-340B,N-340A,2023-10-28T17:48:39.097Z,0.0,0.0,850
961,CV-645B,CV-645B,2023-10-28T17:48:49.097Z,0.0,0.0,996
962,Corts Valencianes 1A,PalasietA,2023-10-28T17:48:49.097Z,38.985252,-0.537441,999
963,Corts Valencianes 2A,Alfons MagnanimB,2023-10-28T17:48:49.097Z,38.986084,-0.534517,698
964,Corts Valencianes 2B,9 OctubreA,2023-10-28T17:48:49.097Z,38.987684,-0.53061,924
965,PalasietB,CV-645B,2023-10-28T17:48:49.097Z,38.985252,-0.537441,736
966,Alfons MagnanimA,Corts Valencianes 2B,2023-10-28T17:48:49.097Z,38.986084,-0.534517,619
967,Alfons MagnanimB,9 OctubreB,2023-10-28T17:48:49.097Z,38.987144,-0.535236,768
968,Aben FerriA,Corts Valencianes 1A,2023-10-28T17:48:49.097Z,38.986084,-0.534517,969
969,Aben FerriB,PalasietB,2023-10-28T17:48:49.097Z,38.985489,-0.534157,254
970,Argenteria,Aben FerriA,2023-10-28T17:48:49.097Z,38.985489,-0.534157,962
971,9 OctubreA,9 OctubreB,2023-10-28T17:48:49.097Z,38.987144,-0.535236,400
972,Beata InesA,9 OctubreA,2023-10-28T17:48:49.097Z,38.987684,-0.53061,181
973,Ximen ToviaA,Baixada estacio 1,2023-10-28T17:48:49.097Z,38.991913,-0.524291,863
974,N-340B,CV-645A,2023-10-28T17:48:49.097Z,0.0,0.0,487
975,CV-645A,PalasietA,2023-10-28T17:48:59.097Z,38.985252,-0.537441,008
976,CV-645B,CV-645A,2023-10-28T17:48:59.097Z,0.0,0.0,632
977,Corts Valencianes 1A,PalasietA,2023-10-28T17:48:59.097Z,38.985252,-0.537441,969
978,Corts Valencianes 2A,Aben FerriB,2023-10-28T17:48:59.097Z,38.986084,-0.534517,959
979,Corts Valencianes 2B,Ausias MarchB,2023-10-28T17:48:59.097Z,38.987684,-0.53061,919
980,PalasietB,Corts Valencianes 1B,2023-10-28T17:48:59.097Z,38.985252,-0.537441,803
981,Alfons MagnanimB,9 OctubreB,2023-10-28T17:48:59.097Z,38.987144,-0.535236,647
982,Aben FerriA,Aben FerriA,2023-10-28T17:48:59.097Z,38.986084,-0.534517,362
983,Beata InesA,9 OctubreA,2023-10-28T17:48:59.097Z,38.987684,-0.53061,147
984,N-340B,Beata InesA,2023-10-28T17:48:59.097Z,0.0,0.0,419
985,CV-645A,Corts Valencianes 1B,2023-10-28T17:49:09.097Z,38.985252,-0.537441,881
986,Corts Valencianes 1B,Corts Valencianes 1A,2023-10-28T17:49:09.097Z,38.986084,-0.534517,803
987,Corts Valencianes 2B,Argenteria,2023-10-28T17:49:09.097Z,38.987684,-0.53061,896
988,Alfons MagnanimA,Alfons MagnanimB,2023-10-28T17:49:09.097Z,38.986084,-0.534517,365
989,Aben FerriA,Alfons MagnanimB,2023-10-28T17:49:09.097Z,38.986084,-0.534517,813
990,Aben FerriB,PalasietB,2023-10-28T17:49:09.097Z,38.985489,-0.534157,159
991,9 OctubreB,Argenteria,2023-10-28T17:49:09.097Z,38.987684,-0.53061,212
992,Beata InesA,9 OctubreA,2023-10-28T17:49:09.097Z,38.987684,-0.53061,848
993,Baixada estacio 1,Abu Masaifa,2023-10-28T17:49:09.097Z,38.991213,-0.523787,863
994,N-340B,CV-645A,2023-10-28T17:49:09.097Z,0.0,0.0,660
995,CV-645A,Corts Valencianes 1B,2023-10-28T17:49:19.097Z,38.985252,-0.537441,962
996,CV-645B,Beata InesA,2023-10-28T17:49:19.097Z,0.0,0.0,False
997,Corts Valencianes 1A,CV-645B,2023-10-28T17:49:19.097Z,38.985252,-0.537441,803
998,Corts Valencianes 1B,Corts Valencianes 1A,2023-10-28T17:49:19.097Z,38.986084,-0.534517,881
999,Corts Valencianes 2B,Beata InesB,2023-10-28T17:49:19.097Z,38.987684,-0.53061,459
