,enter,exit,date,latitude,longitude,matricula
0,N-340A,Ximen ToviaA,2023-12-12T08:23:19.097Z,38.992357,-0.519858,False
1,Republica Argentina,Carme 2,2023-12-12T08:23:19.097Z,38.99105,-0.519778,220
2,CV-645B,CV-645A,2023-12-12T08:23:29.097Z,0.0,0.0,969
3,Corts Valencianes 1A,PalasietA,2023-12-12T08:23:29.097Z,38.985252,-0.537441,False
4,Corts Valencianes 1B,Corts Valencianes 1A,2023-12-12T08:23:29.097Z,38.986084,-0.534517,632
5,PalasietB,CV-645B,2023-12-12T08:23:29.097Z,38.985252,-0.537441,999
6,Aben FerriA,Alfons MagnanimB,2023-12-12T08:23:29.097Z,38.986084,-0.534517,666
7,Argenteria,PalasietB,2023-12-12T08:23:29.097Z,38.985489,-0.534157,502
8,9 OctubreA,9 OctubreB,2023-12-12T08:23:29.097Z,38.987144,-0.535236,384
9,Abu Masaifa,Reina,2023-12-12T08:23:29.097Z,38.987684,-0.53061,725
10,Ausias MarchB,Ausias MarchA,2023-12-12T08:23:29.097Z,38.991913,-0.524291,100
11,Beata InesA,9 OctubreA,2023-12-12T08:23:29.097Z,38.987684,-0.53061,False
12,Ximen ToviaA,Ausias MarchA,2023-12-12T08:23:29.097Z,38.991913,-0.524291,400
13,Ximen ToviaB,Ximen ToviaA,2023-12-12T08:23:29.097Z,38.992357,-0.519858,940
14,Albereda 1,Albereda 2,2023-12-12T08:23:29.097Z,38.990122,-0.519633,816
15,Carme 2,Albereda 2,2023-12-12T08:23:29.097Z,38.990122,-0.519633,320
16,Academic Maravall,Maulets,2023-12-12T08:23:29.097Z,38.991249,-0.518678,710
17,Maulets,Gregorio Molina,2023-12-12T08:23:29.097Z,38.992357,-0.519858,897
18,N-340B,Beata InesA,2023-12-12T08:23:29.097Z,0.0,0.0,697
19,Corts Valencianes 1A,PalasietA,2023-12-12T08:23:39.097Z,38.985252,-0.537441,632
20,Corts Valencianes 2A,Corts Valencianes 2B,2023-12-12T08:23:39.097Z,38.986084,-0.534517,616
21,Corts Valencianes 2B,Beata InesB,2023-12-12T08:23:39.097Z,38.987684,-0.53061,120
22,PalasietA,PalasietB,2023-12-12T08:23:39.097Z,38.985489,-0.534157,965
23,PalasietB,CV-645B,2023-12-12T08:23:39.097Z,38.985252,-0.537441,187
24,9 OctubreA,9 OctubreB,2023-12-12T08:23:39.097Z,38.987144,-0.535236,207
25,9 OctubreB,Reina,2023-12-12T08:23:39.097Z,38.987684,-0.53061,False
26,Abu Masaifa,Corts Valencianes 2A,2023-12-12T08:23:39.097Z,38.987684,-0.53061,712
27,Ausias MarchA,Beata InesB,2023-12-12T08:23:39.097Z,38.987684,-0.53061,999
28,Ausias MarchB,Baixada estacio 1,2023-12-12T08:23:39.097Z,38.991913,-0.524291,604
29,Reina,Republica Argentina,2023-12-12T08:23:39.097Z,38.989955,-0.523503,025
30,Ximen ToviaB,Gregorio Molina,2023-12-12T08:23:39.097Z,38.992357,-0.519858,False
31,Gregorio Molina,Abu Masaifa,2023-12-12T08:23:39.097Z,38.991213,-0.523787,897
32,Albereda 1,Albereda 2,2023-12-12T08:23:39.097Z,38.990122,-0.519633,884
33,Carme 1,Academic Maravall,2023-12-12T08:23:39.097Z,38.99105,-0.519778,333
34,N-340B,N-340A,2023-12-12T08:23:39.097Z,0.0,0.0,193
35,Republica Argentina,Academic Maravall,2023-12-12T08:23:39.097Z,38.99105,-0.519778,732
36,CV-645A,Corts Valencianes 1B,2023-12-12T08:23:49.097Z,38.985252,-0.537441,687
37,CV-645B,CV-645A,2023-12-12T08:23:49.097Z,0.0,0.0,325
38,Corts Valencianes 2B,Argenteria,2023-12-12T08:23:49.097Z,38.987684,-0.53061,927
39,PalasietB,Corts Valencianes 1B,2023-12-12T08:23:49.097Z,38.985252,-0.537441,643
40,Argenteria,PalasietB,2023-12-12T08:23:49.097Z,38.985489,-0.534157,792
41,9 OctubreA,9 OctubreB,2023-12-12T08:23:49.097Z,38.987144,-0.535236,False
42,9 OctubreB,Ausias MarchB,2023-12-12T08:23:49.097Z,38.987684,-0.53061,994
43,Abu Masaifa,9 OctubreA,2023-12-12T08:23:49.097Z,38.987684,-0.53061,077
44,Ausias MarchB,Ausias MarchA,2023-12-12T08:23:49.097Z,38.991913,-0.524291,False
45,Beata InesA,Reina,2023-12-12T08:23:49.097Z,38.987684,-0.53061,248
46,Reina,Republica Argentina,2023-12-12T08:23:49.097Z,38.989955,-0.523503,725
47,Ximen ToviaA,Ximen ToviaB,2023-12-12T08:23:49.097Z,38.991913,-0.524291,020
48,Baixada estacio 1,Abu Masaifa,2023-12-12T08:23:49.097Z,38.991213,-0.523787,604
49,Albereda 1,Albereda 2,2023-12-12T08:23:49.097Z,38.990122,-0.519633,350
50,Academic Maravall,Maulets,2023-12-12T08:23:49.097Z,38.991249,-0.518678,333
51,CV-645B,CV-645A,2023-12-12T08:23:59.097Z,0.0,0.0,968
52,Corts Valencianes 2B,9 OctubreA,2023-12-12T08:23:59.097Z,38.987684,-0.53061,676
53,PalasietA,PalasietB,2023-12-12T08:23:59.097Z,38.985489,-0.534157,False
54,PalasietB,PalasietA,2023-12-12T08:23:59.097Z,38.985252,-0.537441,False
55,Ausias MarchA,9 OctubreA,2023-12-12T08:23:59.097Z,38.987684,-0.53061,769
56,Ausias MarchB,Ximen ToviaB,2023-12-12T08:23:59.097Z,38.991913,-0.524291,647
57,Beata InesA,Ausias MarchB,2023-12-12T08:23:59.097Z,38.987684,-0.53061,451
58,Reina,Albereda 1,2023-12-12T08:23:59.097Z,38.989955,-0.523503,206
59,Gregorio Molina,Abu Masaifa,2023-12-12T08:23:59.097Z,38.991213,-0.523787,917
60,Academic Maravall,Maulets,2023-12-12T08:23:59.097Z,38.991249,-0.518678,732
61,N-340B,N-340A,2023-12-12T08:23:59.097Z,0.0,0.0,XXX
62,Republica Argentina,Academic Maravall,2023-12-12T08:23:59.097Z,38.99105,-0.519778,025
63,Corts Valencianes 1B,Alfons MagnanimB,2023-12-12T08:24:09.097Z,38.986084,-0.534517,643
64,Corts Valencianes 2B,Reina,2023-12-12T08:24:09.097Z,38.987684,-0.53061,665
65,PalasietA,Aben FerriA,2023-12-12T08:24:09.097Z,38.985489,-0.534157,632
66,Aben FerriA,Corts Valencianes 1A,2023-12-12T08:24:09.097Z,38.986084,-0.534517,False
67,Argenteria,Aben FerriA,2023-12-12T08:24:09.097Z,38.985489,-0.534157,324
68,9 OctubreA,9 OctubreB,2023-12-12T08:24:09.097Z,38.987144,-0.535236,077
69,9 OctubreB,Ausias MarchB,2023-12-12T08:24:09.097Z,38.987684,-0.53061,893
70,Abu Masaifa,9 OctubreA,2023-12-12T08:24:09.097Z,38.987684,-0.53061,470
71,Ausias MarchA,9 OctubreA,2023-12-12T08:24:09.097Z,38.987684,-0.53061,380
72,Ausias MarchB,Ximen ToviaB,2023-12-12T08:24:09.097Z,38.991913,-0.524291,062
73,Academic Maravall,Maulets,2023-12-12T08:24:09.097Z,38.991249,-0.518678,025
74,N-340B,CV-645A,2023-12-12T08:24:09.097Z,0.0,0.0,629
75,Republica Argentina,Academic Maravall,2023-12-12T08:24:09.097Z,38.99105,-0.519778,725
76,CV-645A,PalasietA,2023-12-12T08:24:19.097Z,38.985252,-0.537441,649
77,CV-645B,CV-645A,2023-12-12T08:24:19.097Z,0.0,0.0,056
78,PalasietA,Aben FerriA,2023-12-12T08:24:19.097Z,38.985489,-0.534157,917
79,PalasietB,Corts Valencianes 1B,2023-12-12T08:24:19.097Z,38.985252,-0.537441,765
80,Aben FerriA,Alfons MagnanimB,2023-12-12T08:24:19.097Z,38.986084,-0.534517,632
81,Argenteria,Aben FerriA,2023-12-12T08:24:19.097Z,38.985489,-0.534157,False
82,9 OctubreA,Alfons MagnanimA,2023-12-12T08:24:19.097Z,38.987144,-0.535236,864
83,9 OctubreB,Argenteria,2023-12-12T08:24:19.097Z,38.987684,-0.53061,277
84,Abu Masaifa,Argenteria,2023-12-12T08:24:19.097Z,38.987684,-0.53061,666
85,Ausias MarchB,Ausias MarchA,2023-12-12T08:24:19.097Z,38.991913,-0.524291,873
86,Beata InesB,Beata InesA,2023-12-12T08:24:19.097Z,0.0,0.0,eso
87,Albereda 2,N-340B,2023-12-12T08:24:19.097Z,38.990742,-0.513,696
88,Academic Maravall,Maulets,2023-12-12T08:24:19.097Z,38.991249,-0.518678,725
89,Maulets,N-340B,2023-12-12T08:24:19.097Z,38.992357,-0.519858,342
90,N-340A,Gregorio Molina,2023-12-12T08:24:19.097Z,38.992357,-0.519858,159
91,N-340B,N-340A,2023-12-12T08:24:19.097Z,0.0,0.0,False
92,CV-645A,Corts Valencianes 1B,2023-12-12T08:24:29.097Z,38.985252,-0.537441,968
93,CV-645B,N-340A,2023-12-12T08:24:29.097Z,0.0,0.0,941
94,Corts Valencianes 1A,CV-645B,2023-12-12T08:24:29.097Z,38.985252,-0.537441,False
95,Corts Valencianes 1B,Corts Valencianes 2B,2023-12-12T08:24:29.097Z,38.986084,-0.534517,765
96,Corts Valencianes 2B,Argenteria,2023-12-12T08:24:29.097Z,38.987684,-0.53061,552
97,PalasietB,CV-645B,2023-12-12T08:24:29.097Z,38.985252,-0.537441,007
98,Alfons MagnanimA,Alfons MagnanimB,2023-12-12T08:24:29.097Z,38.986084,-0.534517,676
99,Alfons MagnanimB,9 OctubreB,2023-12-12T08:24:29.097Z,38.987144,-0.535236,632
100,Aben FerriA,Corts Valencianes 2B,2023-12-12T08:24:29.097Z,38.986084,-0.534517,932
101,Aben FerriB,PalasietB,2023-12-12T08:24:29.097Z,38.985489,-0.534157,False
102,Argenteria,Aben FerriA,2023-12-12T08:24:29.097Z,38.985489,-0.534157,212
103,9 OctubreA,9 OctubreB,2023-12-12T08:24:29.097Z,38.987144,-0.535236,769
104,Abu Masaifa,9 OctubreA,2023-12-12T08:24:29.097Z,38.987684,-0.53061,200
105,Ausias MarchA,Argenteria,2023-12-12T08:24:29.097Z,38.987684,-0.53061,503
106,Beata InesB,CV-645A,2023-12-12T08:24:29.097Z,0.0,0.0,False
107,Reina,Republica Argentina,2023-12-12T08:24:29.097Z,38.989955,-0.523503,248
108,Maulets,Carme 1,2023-12-12T08:24:29.097Z,38.992357,-0.519858,155
109,N-340B,N-340A,2023-12-12T08:24:29.097Z,0.0,0.0,767
110,CV-645B,N-340A,2023-12-12T08:24:39.097Z,0.0,0.0,395
111,Corts Valencianes 1B,Aben FerriB,2023-12-12T08:24:39.097Z,38.986084,-0.534517,968
112,Corts Valencianes 2B,Corts Valencianes 2A,2023-12-12T08:24:39.097Z,38.987684,-0.53061,635
113,PalasietA,PalasietB,2023-12-12T08:24:39.097Z,38.985489,-0.534157,325
114,PalasietB,CV-645B,2023-12-12T08:24:39.097Z,38.985252,-0.537441,053
115,Alfons MagnanimB,9 OctubreB,2023-12-12T08:24:39.097Z,38.987144,-0.535236,864
116,Argenteria,Aben FerriA,2023-12-12T08:24:39.097Z,38.985489,-0.534157,334
117,9 OctubreB,Argenteria,2023-12-12T08:24:39.097Z,38.987684,-0.53061,335
118,Ausias MarchA,Corts Valencianes 2A,2023-12-12T08:24:39.097Z,38.987684,-0.53061,100
119,Beata InesB,Beata InesA,2023-12-12T08:24:39.097Z,0.0,0.0,017
120,Reina,Albereda 1,2023-12-12T08:24:39.097Z,38.989955,-0.523503,665
121,Ximen ToviaA,Ausias MarchA,2023-12-12T08:24:39.097Z,38.991913,-0.524291,201
122,Gregorio Molina,Baixada estacio 2,2023-12-12T08:24:39.097Z,38.991213,-0.523787,159
123,N-340B,CV-645A,2023-12-12T08:24:39.097Z,0.0,0.0,137
124,CV-645A,PalasietA,2023-12-12T08:24:49.097Z,38.985252,-0.537441,629
125,Corts Valencianes 2B,Argenteria,2023-12-12T08:24:49.097Z,38.987684,-0.53061,616
126,PalasietB,Corts Valencianes 1B,2023-12-12T08:24:49.097Z,38.985252,-0.537441,502
127,Aben FerriA,Aben FerriB,2023-12-12T08:24:49.097Z,38.986084,-0.534517,False
128,Aben FerriB,Aben FerriA,2023-12-12T08:24:49.097Z,38.985489,-0.534157,968
129,Argenteria,Aben FerriA,2023-12-12T08:24:49.097Z,38.985489,-0.534157,232
130,9 OctubreA,9 OctubreB,2023-12-12T08:24:49.097Z,38.987144,-0.535236,110
131,9 OctubreB,Beata InesB,2023-12-12T08:24:49.097Z,38.987684,-0.53061,124
132,Abu Masaifa,Argenteria,2023-12-12T08:24:49.097Z,38.987684,-0.53061,False
133,Ausias MarchA,Reina,2023-12-12T08:24:49.097Z,38.987684,-0.53061,400
134,Beata InesA,9 OctubreA,2023-12-12T08:24:49.097Z,38.987684,-0.53061,718
135,Baixada estacio 2,Albereda 1,2023-12-12T08:24:49.097Z,38.989955,-0.523503,159
136,Albereda 1,Albereda 2,2023-12-12T08:24:49.097Z,38.990122,-0.519633,865
137,Maulets,Ximen ToviaA,2023-12-12T08:24:49.097Z,38.992357,-0.519858,750
138,CV-645A,Corts Valencianes 1B,2023-12-12T08:24:59.097Z,38.985252,-0.537441,056
139,Corts Valencianes 1B,Aben FerriB,2023-12-12T08:24:59.097Z,38.986084,-0.534517,502
140,PalasietB,CV-645B,2023-12-12T08:24:59.097Z,38.985252,-0.537441,969
141,Aben FerriA,Corts Valencianes 2B,2023-12-12T08:24:59.097Z,38.986084,-0.534517,212
142,Argenteria,PalasietB,2023-12-12T08:24:59.097Z,38.985489,-0.534157,927
143,9 OctubreB,Beata InesB,2023-12-12T08:24:59.097Z,38.987684,-0.53061,430
144,Abu Masaifa,Argenteria,2023-12-12T08:24:59.097Z,38.987684,-0.53061,897
145,Beata InesA,9 OctubreA,2023-12-12T08:24:59.097Z,38.987684,-0.53061,017
146,Ximen ToviaA,Ausias MarchA,2023-12-12T08:24:59.097Z,38.991913,-0.524291,940
147,Baixada estacio 1,Abu Masaifa,2023-12-12T08:24:59.097Z,38.991213,-0.523787,669
148,Cosmografo,Maulets,2023-12-12T08:24:59.097Z,38.991249,-0.518678,351
149,Maulets,Gregorio Molina,2023-12-12T08:24:59.097Z,38.992357,-0.519858,710
150,N-340A,Carme 1,2023-12-12T08:24:59.097Z,38.992357,-0.519858,XXX
151,Corts Valencianes 1B,Corts Valencianes 1A,2023-12-12T08:25:09.097Z,38.986084,-0.534517,990
152,Corts Valencianes 2A,Corts Valencianes 1A,2023-12-12T08:25:09.097Z,38.986084,-0.534517,435
153,Corts Valencianes 2B,Beata InesB,2023-12-12T08:25:09.097Z,38.987684,-0.53061,932
154,9 OctubreA,Alfons MagnanimA,2023-12-12T08:25:09.097Z,38.987144,-0.535236,380
155,Abu Masaifa,Argenteria,2023-12-12T08:25:09.097Z,38.987684,-0.53061,604
156,Ausias MarchA,9 OctubreA,2023-12-12T08:25:09.097Z,38.987684,-0.53061,769
157,Reina,Albereda 1,2023-12-12T08:25:09.097Z,38.989955,-0.523503,007
158,Ximen ToviaB,N-340B,2023-12-12T08:25:09.097Z,38.992357,-0.519858,020
159,Gregorio Molina,Abu Masaifa,2023-12-12T08:25:09.097Z,38.991213,-0.523787,167
160,Albereda 2,N-340B,2023-12-12T08:25:09.097Z,38.990742,-0.513,950
161,Carme 1,Carme 2,2023-12-12T08:25:09.097Z,38.99105,-0.519778,XXX
162,Maulets,N-340B,2023-12-12T08:25:09.097Z,38.992357,-0.519858,129
163,N-340A,Gregorio Molina,2023-12-12T08:25:09.097Z,38.992357,-0.519858,False
164,Republica Argentina,Carme 2,2023-12-12T08:25:09.097Z,38.99105,-0.519778,248
165,CV-645B,CV-645A,2023-12-12T08:25:19.097Z,0.0,0.0,087
166,Corts Valencianes 1A,PalasietA,2023-12-12T08:25:19.097Z,38.985252,-0.537441,056
167,Corts Valencianes 1B,Aben FerriB,2023-12-12T08:25:19.097Z,38.986084,-0.534517,477
168,Corts Valencianes 2A,Corts Valencianes 1A,2023-12-12T08:25:19.097Z,38.986084,-0.534517,100
169,PalasietB,CV-645B,2023-12-12T08:25:19.097Z,38.985252,-0.537441,False
170,Alfons MagnanimA,Corts Valencianes 2B,2023-12-12T08:25:19.097Z,38.986084,-0.534517,380
171,Aben FerriA,Alfons MagnanimB,2023-12-12T08:25:19.097Z,38.986084,-0.534517,968
172,9 OctubreB,Reina,2023-12-12T08:25:19.097Z,38.987684,-0.53061,910
173,Abu Masaifa,Reina,2023-12-12T08:25:19.097Z,38.987684,-0.53061,917
174,Ausias MarchA,Beata InesB,2023-12-12T08:25:19.097Z,38.987684,-0.53061,873
175,Gregorio Molina,Baixada estacio 2,2023-12-12T08:25:19.097Z,38.991213,-0.523787,677
176,Albereda 2,Cosmografo,2023-12-12T08:25:19.097Z,38.990742,-0.513,837
177,Republica Argentina,Carme 2,2023-12-12T08:25:19.097Z,38.99105,-0.519778,397
178,Corts Valencianes 1A,CV-645B,2023-12-12T08:25:29.097Z,38.985252,-0.537441,635
179,PalasietA,Aben FerriA,2023-12-12T08:25:29.097Z,38.985489,-0.534157,629
180,Alfons MagnanimB,Alfons MagnanimA,2023-12-12T08:25:29.097Z,38.987144,-0.535236,968
181,Aben FerriB,PalasietB,2023-12-12T08:25:29.097Z,38.985489,-0.534157,477
182,Argenteria,PalasietB,2023-12-12T08:25:29.097Z,38.985489,-0.534157,277
183,9 OctubreA,9 OctubreB,2023-12-12T08:25:29.097Z,38.987144,-0.535236,169
184,9 OctubreB,Ausias MarchB,2023-12-12T08:25:29.097Z,38.987684,-0.53061,796
185,Ausias MarchA,9 OctubreA,2023-12-12T08:25:29.097Z,38.987684,-0.53061,False
186,Baixada estacio 2,Republica Argentina,2023-12-12T08:25:29.097Z,38.989955,-0.523503,344
187,Carme 2,Albereda 2,2023-12-12T08:25:29.097Z,38.990122,-0.519633,248
188,CV-645B,Beata InesA,2023-12-12T08:25:39.097Z,0.0,0.0,698
189,Corts Valencianes 1A,PalasietA,2023-12-12T08:25:39.097Z,38.985252,-0.537441,100
190,PalasietB,PalasietA,2023-12-12T08:25:39.097Z,38.985252,-0.537441,False
191,Alfons MagnanimA,Corts Valencianes 1A,2023-12-12T08:25:39.097Z,38.986084,-0.534517,166
192,Aben FerriA,Corts Valencianes 1A,2023-12-12T08:25:39.097Z,38.986084,-0.534517,262
193,Aben FerriB,PalasietB,2023-12-12T08:25:39.097Z,38.985489,-0.534157,063
194,Argenteria,Aben FerriA,2023-12-12T08:25:39.097Z,38.985489,-0.534157,666
195,9 OctubreA,9 OctubreB,2023-12-12T08:25:39.097Z,38.987144,-0.535236,718
196,Ximen ToviaA,Ausias MarchA,2023-12-12T08:25:39.097Z,38.991913,-0.524291,969
197,Carme 2,Albereda 2,2023-12-12T08:25:39.097Z,38.990122,-0.519633,166
198,N-340B,Beata InesA,2023-12-12T08:25:39.097Z,0.0,0.0,487
199,Republica Argentina,Academic Maravall,2023-12-12T08:25:39.097Z,38.99105,-0.519778,False
200,Corts Valencianes 1A,PalasietA,2023-12-12T08:25:49.097Z,38.985252,-0.537441,968
201,Aben FerriA,Alfons MagnanimB,2023-12-12T08:25:49.097Z,38.986084,-0.534517,False
202,Argenteria,PalasietB,2023-12-12T08:25:49.097Z,38.985489,-0.534157,992
203,9 OctubreA,Alfons MagnanimA,2023-12-12T08:25:49.097Z,38.987144,-0.535236,017
204,9 OctubreB,Argenteria,2023-12-12T08:25:49.097Z,38.987684,-0.53061,584
205,Abu Masaifa,Corts Valencianes 2A,2023-12-12T08:25:49.097Z,38.987684,-0.53061,164
206,Beata InesA,9 OctubreA,2023-12-12T08:25:49.097Z,38.987684,-0.53061,698
207,N-340B,Beata InesA,2023-12-12T08:25:49.097Z,0.0,0.0,False
208,Corts Valencianes 1A,CV-645B,2023-12-12T08:25:59.097Z,38.985252,-0.537441,474
209,Corts Valencianes 2A,Corts Valencianes 2B,2023-12-12T08:25:59.097Z,38.986084,-0.534517,964
210,PalasietA,PalasietB,2023-12-12T08:25:59.097Z,38.985489,-0.534157,100
211,PalasietB,CV-645B,2023-12-12T08:25:59.097Z,38.985252,-0.537441,497
212,Alfons MagnanimA,Alfons MagnanimB,2023-12-12T08:25:59.097Z,38.986084,-0.534517,017
213,Alfons MagnanimB,9 OctubreB,2023-12-12T08:25:59.097Z,38.987144,-0.535236,849
214,Aben FerriA,Aben FerriB,2023-12-12T08:25:59.097Z,38.986084,-0.534517,091
215,Argenteria,PalasietB,2023-12-12T08:25:59.097Z,38.985489,-0.534157,503
216,9 OctubreA,9 OctubreB,2023-12-12T08:25:59.097Z,38.987144,-0.535236,911
217,9 OctubreB,Ausias MarchB,2023-12-12T08:25:59.097Z,38.987684,-0.53061,616
218,Abu Masaifa,Corts Valencianes 2A,2023-12-12T08:25:59.097Z,38.987684,-0.53061,738
219,Beata InesA,9 OctubreA,2023-12-12T08:25:59.097Z,38.987684,-0.53061,332
220,Beata InesB,N-340A,2023-12-12T08:25:59.097Z,0.0,0.0,769
221,CV-645B,CV-645A,2023-12-12T08:26:09.097Z,0.0,0.0,False
222,Corts Valencianes 2B,Corts Valencianes 2A,2023-12-12T08:26:09.097Z,38.987684,-0.53061,212
223,Alfons MagnanimB,9 OctubreB,2023-12-12T08:26:09.097Z,38.987144,-0.535236,017
224,Aben FerriB,PalasietB,2023-12-12T08:26:09.097Z,38.985489,-0.534157,091
225,Argenteria,Aben FerriA,2023-12-12T08:26:09.097Z,38.985489,-0.534157,936
226,9 OctubreB,Ausias MarchB,2023-12-12T08:26:09.097Z,38.987684,-0.53061,610
227,Beata InesA,Corts Valencianes 2A,2023-12-12T08:26:09.097Z,38.987684,-0.53061,XXX
228,Beata InesB,N-340A,2023-12-12T08:26:09.097Z,0.0,0.0,False
229,Reina,Republica Argentina,2023-12-12T08:26:09.097Z,38.989955,-0.523503,910
230,Albereda 1,Albereda 2,2023-12-12T08:26:09.097Z,38.990122,-0.519633,400
231,N-340B,N-340A,2023-12-12T08:26:09.097Z,0.0,0.0,841
232,CV-645A,PalasietA,2023-12-12T08:26:19.097Z,38.985252,-0.537441,False
233,CV-645B,Beata InesA,2023-12-12T08:26:19.097Z,0.0,0.0,475
234,Corts Valencianes 2B,Corts Valencianes 2A,2023-12-12T08:26:19.097Z,38.987684,-0.53061,380
235,PalasietB,Corts Valencianes 1B,2023-12-12T08:26:19.097Z,38.985252,-0.537441,927
236,Aben FerriA,Alfons MagnanimB,2023-12-12T08:26:19.097Z,38.986084,-0.534517,936
237,9 OctubreA,9 OctubreB,2023-12-12T08:26:19.097Z,38.987144,-0.535236,937
238,9 OctubreB,Ausias MarchB,2023-12-12T08:26:19.097Z,38.987684,-0.53061,405
239,Ausias MarchB,Ximen ToviaB,2023-12-12T08:26:19.097Z,38.991913,-0.524291,491
240,Beata InesB,CV-645A,2023-12-12T08:26:19.097Z,0.0,0.0,124
241,Reina,Albereda 1,2023-12-12T08:26:19.097Z,38.989955,-0.523503,917
242,CV-645A,Corts Valencianes 1B,2023-12-12T08:26:29.097Z,38.985252,-0.537441,137
243,Corts Valencianes 2B,Beata InesB,2023-12-12T08:26:29.097Z,38.987684,-0.53061,669
244,PalasietA,Aben FerriA,2023-12-12T08:26:29.097Z,38.985489,-0.534157,567
245,PalasietB,Corts Valencianes 1B,2023-12-12T08:26:29.097Z,38.985252,-0.537441,597
246,Aben FerriB,PalasietB,2023-12-12T08:26:29.097Z,38.985489,-0.534157,False
247,Argenteria,Aben FerriA,2023-12-12T08:26:29.097Z,38.985489,-0.534157,989
248,9 OctubreA,9 OctubreB,2023-12-12T08:26:29.097Z,38.987144,-0.535236,027
249,9 OctubreB,Reina,2023-12-12T08:26:29.097Z,38.987684,-0.53061,484
250,Ausias MarchB,Ximen ToviaB,2023-12-12T08:26:29.097Z,38.991913,-0.524291,False
251,Gregorio Molina,Abu Masaifa,2023-12-12T08:26:29.097Z,38.991213,-0.523787,False
252,N-340B,N-340A,2023-12-12T08:26:29.097Z,0.0,0.0,False
253,CV-645A,PalasietA,2023-12-12T08:26:39.097Z,38.985252,-0.537441,False
254,CV-645B,Beata InesA,2023-12-12T08:26:39.097Z,0.0,0.0,429
255,Corts Valencianes 1B,Alfons MagnanimB,2023-12-12T08:26:39.097Z,38.986084,-0.534517,927
256,Alfons MagnanimB,Alfons MagnanimA,2023-12-12T08:26:39.097Z,38.987144,-0.535236,335
257,Aben FerriA,Alfons MagnanimB,2023-12-12T08:26:39.097Z,38.986084,-0.534517,False
258,Argenteria,PalasietB,2023-12-12T08:26:39.097Z,38.985489,-0.534157,759
259,9 OctubreA,9 OctubreB,2023-12-12T08:26:39.097Z,38.987144,-0.535236,200
260,9 OctubreB,Ausias MarchB,2023-12-12T08:26:39.097Z,38.987684,-0.53061,334
261,Ausias MarchA,Ausias MarchB,2023-12-12T08:26:39.097Z,38.987684,-0.53061,750
262,Ausias MarchB,Ximen ToviaB,2023-12-12T08:26:39.097Z,38.991913,-0.524291,108
263,Albereda 1,Albereda 2,2023-12-12T08:26:39.097Z,38.990122,-0.519633,917
264,N-340B,CV-645A,2023-12-12T08:26:39.097Z,0.0,0.0,756
265,Republica Argentina,Academic Maravall,2023-12-12T08:26:39.097Z,38.99105,-0.519778,910
266,CV-645A,Corts Valencianes 1B,2023-12-12T08:26:49.097Z,38.985252,-0.537441,False
267,CV-645B,Beata InesA,2023-12-12T08:26:49.097Z,0.0,0.0,978
268,Corts Valencianes 1B,Alfons MagnanimB,2023-12-12T08:26:49.097Z,38.986084,-0.534517,137
269,Corts Valencianes 2A,Corts Valencianes 1A,2023-12-12T08:26:49.097Z,38.986084,-0.534517,644
270,PalasietB,CV-645B,2023-12-12T08:26:49.097Z,38.985252,-0.537441,477
271,Alfons MagnanimA,Aben FerriB,2023-12-12T08:26:49.097Z,38.986084,-0.534517,336
272,Aben FerriA,Corts Valencianes 1A,2023-12-12T08:26:49.097Z,38.986084,-0.534517,599
273,9 OctubreA,Alfons MagnanimA,2023-12-12T08:26:49.097Z,38.987144,-0.535236,699
274,9 OctubreB,Ausias MarchB,2023-12-12T08:26:49.097Z,38.987684,-0.53061,447
275,Ausias MarchA,Beata InesB,2023-12-12T08:26:49.097Z,38.987684,-0.53061,318
276,Ausias MarchB,Baixada estacio 1,2023-12-12T08:26:49.097Z,38.991913,-0.524291,697
277,Cosmografo,Maulets,2023-12-12T08:26:49.097Z,38.991249,-0.518678,857
278,Corts Valencianes 2A,Corts Valencianes 2B,2023-12-12T08:26:59.097Z,38.986084,-0.534517,996
279,PalasietA,Aben FerriA,2023-12-12T08:26:59.097Z,38.985489,-0.534157,334
280,Alfons MagnanimB,9 OctubreB,2023-12-12T08:26:59.097Z,38.987144,-0.535236,956
281,Aben FerriA,Corts Valencianes 1A,2023-12-12T08:26:59.097Z,38.986084,-0.534517,054
282,Aben FerriB,PalasietB,2023-12-12T08:26:59.097Z,38.985489,-0.534157,336
283,Argenteria,PalasietB,2023-12-12T08:26:59.097Z,38.985489,-0.534157,604
284,9 OctubreA,Alfons MagnanimA,2023-12-12T08:26:59.097Z,38.987144,-0.535236,816
285,9 OctubreB,Reina,2023-12-12T08:26:59.097Z,38.987684,-0.53061,207
286,Ausias MarchB,Baixada estacio 1,2023-12-12T08:26:59.097Z,38.991913,-0.524291,893
287,Beata InesA,Corts Valencianes 2A,2023-12-12T08:26:59.097Z,38.987684,-0.53061,969
288,Reina,Albereda 1,2023-12-12T08:26:59.097Z,38.989955,-0.523503,False
289,Ximen ToviaB,N-340B,2023-12-12T08:26:59.097Z,38.992357,-0.519858,647
290,Albereda 2,N-340B,2023-12-12T08:26:59.097Z,38.990742,-0.513,383
291,Academic Maravall,Maulets,2023-12-12T08:26:59.097Z,38.991249,-0.518678,910
292,Maulets,N-340B,2023-12-12T08:26:59.097Z,38.992357,-0.519858,333
293,N-340B,Beata InesA,2023-12-12T08:26:59.097Z,0.0,0.0,False
294,CV-645A,PalasietA,2023-12-12T08:27:09.097Z,38.985252,-0.537441,124
295,Corts Valencianes 1A,Corts Valencianes 1B,2023-12-12T08:27:09.097Z,38.985252,-0.537441,644
296,Corts Valencianes 2A,Alfons MagnanimB,2023-12-12T08:27:09.097Z,38.986084,-0.534517,380
297,PalasietA,PalasietB,2023-12-12T08:27:09.097Z,38.985489,-0.534157,087
298,PalasietB,PalasietA,2023-12-12T08:27:09.097Z,38.985252,-0.537441,277
299,Alfons MagnanimA,Corts Valencianes 2B,2023-12-12T08:27:09.097Z,38.986084,-0.534517,332
300,Argenteria,PalasietB,2023-12-12T08:27:09.097Z,38.985489,-0.534157,830
301,9 OctubreA,9 OctubreB,2023-12-12T08:27:09.097Z,38.987144,-0.535236,588
302,9 OctubreB,Corts Valencianes 2A,2023-12-12T08:27:09.097Z,38.987684,-0.53061,False
303,Abu Masaifa,Argenteria,2023-12-12T08:27:09.097Z,38.987684,-0.53061,False
304,Ausias MarchB,Ximen ToviaB,2023-12-12T08:27:09.097Z,38.991913,-0.524291,098
305,Beata InesA,Argenteria,2023-12-12T08:27:09.097Z,38.987684,-0.53061,429
306,Albereda 2,Cosmografo,2023-12-12T08:27:09.097Z,38.990742,-0.513,209
307,CV-645B,N-340A,2023-12-12T08:27:19.097Z,0.0,0.0,873
308,Corts Valencianes 1B,Corts Valencianes 1A,2023-12-12T08:27:19.097Z,38.986084,-0.534517,597
309,Corts Valencianes 2A,Corts Valencianes 2B,2023-12-12T08:27:19.097Z,38.986084,-0.534517,710
310,Corts Valencianes 2B,9 OctubreA,2023-12-12T08:27:19.097Z,38.987684,-0.53061,False
311,PalasietA,PalasietB,2023-12-12T08:27:19.097Z,38.985489,-0.534157,724
312,PalasietB,CV-645B,2023-12-12T08:27:19.097Z,38.985252,-0.537441,063
313,Alfons MagnanimB,9 OctubreB,2023-12-12T08:27:19.097Z,38.987144,-0.535236,967
314,Aben FerriA,Corts Valencianes 1A,2023-12-12T08:27:19.097Z,38.986084,-0.534517,914
315,Aben FerriB,PalasietB,2023-12-12T08:27:19.097Z,38.985489,-0.534157,933
316,Argenteria,PalasietB,2023-12-12T08:27:19.097Z,38.985489,-0.534157,584
317,9 OctubreB,Reina,2023-12-12T08:27:19.097Z,38.987684,-0.53061,072
318,Ausias MarchB,Baixada estacio 1,2023-12-12T08:27:19.097Z,38.991913,-0.524291,False
319,Beata InesA,Reina,2023-12-12T08:27:19.097Z,38.987684,-0.53061,978
320,Baixada estacio 1,Abu Masaifa,2023-12-12T08:27:19.097Z,38.991213,-0.523787,893
321,Albereda 2,Cosmografo,2023-12-12T08:27:19.097Z,38.990742,-0.513,700
322,Corts Valencianes 1A,Corts Valencianes 1B,2023-12-12T08:27:29.097Z,38.985252,-0.537441,054
323,Corts Valencianes 2A,Alfons MagnanimB,2023-12-12T08:27:29.097Z,38.986084,-0.534517,479
324,PalasietA,Aben FerriA,2023-12-12T08:27:29.097Z,38.985489,-0.534157,277
325,PalasietB,CV-645B,2023-12-12T08:27:29.097Z,38.985252,-0.537441,992
326,Alfons MagnanimA,Corts Valencianes 2B,2023-12-12T08:27:29.097Z,38.986084,-0.534517,931
327,Alfons MagnanimB,9 OctubreB,2023-12-12T08:27:29.097Z,38.987144,-0.535236,137
328,Argenteria,PalasietB,2023-12-12T08:27:29.097Z,38.985489,-0.534157,851
329,Ausias MarchB,Baixada estacio 1,2023-12-12T08:27:29.097Z,38.991913,-0.524291,616
330,Beata InesA,9 OctubreA,2023-12-12T08:27:29.097Z,38.987684,-0.53061,XXX
331,N-340A,Carme 1,2023-12-12T08:27:29.097Z,38.992357,-0.519858,726
332,N-340B,Beata InesA,2023-12-12T08:27:29.097Z,0.0,0.0,609
333,CV-645A,Corts Valencianes 1B,2023-12-12T08:27:39.097Z,38.985252,-0.537441,756
334,Corts Valencianes 1B,Alfons MagnanimB,2023-12-12T08:27:39.097Z,38.986084,-0.534517,717
335,Corts Valencianes 2A,Corts Valencianes 2B,2023-12-12T08:27:39.097Z,38.986084,-0.534517,False
336,PalasietB,Corts Valencianes 1B,2023-12-12T08:27:39.097Z,38.985252,-0.537441,100
337,Alfons MagnanimA,Corts Valencianes 2B,2023-12-12T08:27:39.097Z,38.986084,-0.534517,770
338,Alfons MagnanimB,9 OctubreB,2023-12-12T08:27:39.097Z,38.987144,-0.535236,380
339,Aben FerriA,Corts Valencianes 1A,2023-12-12T08:27:39.097Z,38.986084,-0.534517,277
340,Argenteria,Aben FerriA,2023-12-12T08:27:39.097Z,38.985489,-0.534157,False
341,9 OctubreB,Reina,2023-12-12T08:27:39.097Z,38.987684,-0.53061,769
342,Ausias MarchA,9 OctubreA,2023-12-12T08:27:39.097Z,38.987684,-0.53061,140
343,Ausias MarchB,Ausias MarchA,2023-12-12T08:27:39.097Z,38.991913,-0.524291,498
344,Beata InesA,Ausias MarchB,2023-12-12T08:27:39.097Z,38.987684,-0.53061,803
345,Ximen ToviaB,N-340B,2023-12-12T08:27:39.097Z,38.992357,-0.519858,282
346,Baixada estacio 1,Baixada estacio 2,2023-12-12T08:27:39.097Z,38.991213,-0.523787,False
347,Albereda 1,Albereda 2,2023-12-12T08:27:39.097Z,38.990122,-0.519633,484
348,Albereda 2,N-340B,2023-12-12T08:27:39.097Z,38.990742,-0.513,916
349,Carme 1,Carme 2,2023-12-12T08:27:39.097Z,38.99105,-0.519778,726
350,Carme 2,Albereda 2,2023-12-12T08:27:39.097Z,38.990122,-0.519633,870
351,Maulets,N-340B,2023-12-12T08:27:39.097Z,38.992357,-0.519858,732
352,N-340A,Carme 1,2023-12-12T08:27:39.097Z,38.992357,-0.519858,761
353,N-340B,CV-645A,2023-12-12T08:27:39.097Z,0.0,0.0,905
354,Corts Valencianes 1B,Alfons MagnanimB,2023-12-12T08:27:49.097Z,38.986084,-0.534517,644
355,Corts Valencianes 2B,Ausias MarchB,2023-12-12T08:27:49.097Z,38.987684,-0.53061,050
356,Alfons MagnanimB,Alfons MagnanimA,2023-12-12T08:27:49.097Z,38.987144,-0.535236,479
357,9 OctubreA,9 OctubreB,2023-12-12T08:27:49.097Z,38.987144,-0.535236,XXX
358,9 OctubreB,Corts Valencianes 2A,2023-12-12T08:27:49.097Z,38.987684,-0.53061,864
359,Beata InesB,Beata InesA,2023-12-12T08:27:49.097Z,0.0,0.0,127
360,Baixada estacio 1,Baixada estacio 2,2023-12-12T08:27:49.097Z,38.991213,-0.523787,916
361,Baixada estacio 2,Albereda 1,2023-12-12T08:27:49.097Z,38.989955,-0.523503,192
362,Carme 2,Albereda 2,2023-12-12T08:27:49.097Z,38.990122,-0.519633,720
363,N-340A,Gregorio Molina,2023-12-12T08:27:49.097Z,38.992357,-0.519858,395
364,CV-645B,CV-645A,2023-12-12T08:27:59.097Z,0.0,0.0,717
365,Corts Valencianes 1B,Corts Valencianes 2B,2023-12-12T08:27:59.097Z,38.986084,-0.534517,094
366,PalasietB,CV-645B,2023-12-12T08:27:59.097Z,38.985252,-0.537441,503
367,Alfons MagnanimB,9 OctubreB,2023-12-12T08:27:59.097Z,38.987144,-0.535236,717
368,Aben FerriA,Corts Valencianes 2B,2023-12-12T08:27:59.097Z,38.986084,-0.534517,False
369,Aben FerriB,PalasietB,2023-12-12T08:27:59.097Z,38.985489,-0.534157,502
370,9 OctubreA,9 OctubreB,2023-12-12T08:27:59.097Z,38.987144,-0.535236,False
371,9 OctubreB,Ausias MarchB,2023-12-12T08:27:59.097Z,38.987684,-0.53061,470
372,Ausias MarchA,Corts Valencianes 2A,2023-12-12T08:27:59.097Z,38.987684,-0.53061,190
373,Ausias MarchB,Baixada estacio 1,2023-12-12T08:27:59.097Z,38.991913,-0.524291,405
374,Baixada estacio 2,Republica Argentina,2023-12-12T08:27:59.097Z,38.989955,-0.523503,916
375,Carme 1,Carme 2,2023-12-12T08:27:59.097Z,38.99105,-0.519778,767
376,N-340A,Gregorio Molina,2023-12-12T08:27:59.097Z,38.992357,-0.519858,False
377,CV-645B,CV-645A,2023-12-12T08:28:09.097Z,0.0,0.0,019
378,Alfons MagnanimA,Corts Valencianes 1A,2023-12-12T08:28:09.097Z,38.986084,-0.534517,479
379,Alfons MagnanimB,Alfons MagnanimA,2023-12-12T08:28:09.097Z,38.987144,-0.535236,644
380,Aben FerriA,Corts Valencianes 1A,2023-12-12T08:28:09.097Z,38.986084,-0.534517,631
381,9 OctubreB,Argenteria,2023-12-12T08:28:09.097Z,38.987684,-0.53061,969
382,Ausias MarchB,Ausias MarchA,2023-12-12T08:28:09.097Z,38.991913,-0.524291,384
383,Beata InesB,N-340A,2023-12-12T08:28:09.097Z,0.0,0.0,964
384,Albereda 1,Albereda 2,2023-12-12T08:28:09.097Z,38.990122,-0.519633,192
385,Carme 2,Albereda 2,2023-12-12T08:28:09.097Z,38.990122,-0.519633,767
386,Cosmografo,Maulets,2023-12-12T08:28:09.097Z,38.991249,-0.518678,700
387,Corts Valencianes 1B,Corts Valencianes 1A,2023-12-12T08:28:19.097Z,38.986084,-0.534517,756
388,Corts Valencianes 2A,Corts Valencianes 2B,2023-12-12T08:28:19.097Z,38.986084,-0.534517,610
389,Corts Valencianes 2B,Ausias MarchB,2023-12-12T08:28:19.097Z,38.987684,-0.53061,167
390,PalasietB,Corts Valencianes 1B,2023-12-12T08:28:19.097Z,38.985252,-0.537441,216
391,Aben FerriB,PalasietB,2023-12-12T08:28:19.097Z,38.985489,-0.534157,550
392,Ausias MarchB,Ximen ToviaB,2023-12-12T08:28:19.097Z,38.991913,-0.524291,750
393,Beata InesA,Reina,2023-12-12T08:28:19.097Z,38.987684,-0.53061,127
394,Beata InesB,N-340A,2023-12-12T08:28:19.097Z,0.0,0.0,False
395,Reina,Albereda 1,2023-12-12T08:28:19.097Z,38.989955,-0.523503,072
396,Cosmografo,Maulets,2023-12-12T08:28:19.097Z,38.991249,-0.518678,641
397,N-340A,Gregorio Molina,2023-12-12T08:28:19.097Z,38.992357,-0.519858,False
398,N-340B,Beata InesA,2023-12-12T08:28:19.097Z,0.0,0.0,826
399,CV-645A,PalasietA,2023-12-12T08:28:29.097Z,38.985252,-0.537441,False
400,CV-645B,Beata InesA,2023-12-12T08:28:29.097Z,0.0,0.0,436
401,Corts Valencianes 1A,PalasietA,2023-12-12T08:28:29.097Z,38.985252,-0.537441,597
402,Corts Valencianes 1B,Corts Valencianes 2B,2023-12-12T08:28:29.097Z,38.986084,-0.534517,100
403,Corts Valencianes 2A,Corts Valencianes 2B,2023-12-12T08:28:29.097Z,38.986084,-0.534517,712
404,Corts Valencianes 2B,Beata InesB,2023-12-12T08:28:29.097Z,38.987684,-0.53061,941
405,PalasietB,CV-645B,2023-12-12T08:28:29.097Z,38.985252,-0.537441,759
406,Alfons MagnanimA,Aben FerriB,2023-12-12T08:28:29.097Z,38.986084,-0.534517,212
407,9 OctubreB,Argenteria,2023-12-12T08:28:29.097Z,38.987684,-0.53061,169
408,Ausias MarchB,Ximen ToviaB,2023-12-12T08:28:29.097Z,38.991913,-0.524291,False
409,Beata InesA,Corts Valencianes 2A,2023-12-12T08:28:29.097Z,38.987684,-0.53061,626
410,Reina,Republica Argentina,2023-12-12T08:28:29.097Z,38.989955,-0.523503,976
411,Gregorio Molina,Abu Masaifa,2023-12-12T08:28:29.097Z,38.991213,-0.523787,395
412,N-340A,Gregorio Molina,2023-12-12T08:28:29.097Z,38.992357,-0.519858,841
413,Corts Valencianes 1B,Alfons MagnanimB,2023-12-12T08:28:39.097Z,38.986084,-0.534517,False
414,Corts Valencianes 2B,Reina,2023-12-12T08:28:39.097Z,38.987684,-0.53061,False
415,PalasietB,Corts Valencianes 1B,2023-12-12T08:28:39.097Z,38.985252,-0.537441,335
416,Aben FerriB,PalasietB,2023-12-12T08:28:39.097Z,38.985489,-0.534157,212
417,9 OctubreB,Ausias MarchB,2023-12-12T08:28:39.097Z,38.987684,-0.53061,911
418,Ausias MarchB,Ausias MarchA,2023-12-12T08:28:39.097Z,38.991913,-0.524291,609
419,Reina,Republica Argentina,2023-12-12T08:28:39.097Z,38.989955,-0.523503,163
420,Baixada estacio 1,Abu Masaifa,2023-12-12T08:28:39.097Z,38.991213,-0.523787,405
421,Gregorio Molina,Abu Masaifa,2023-12-12T08:28:39.097Z,38.991213,-0.523787,769
422,N-340A,Ximen ToviaA,2023-12-12T08:28:39.097Z,38.992357,-0.519858,594
423,N-340B,Beata InesA,2023-12-12T08:28:39.097Z,0.0,0.0,False
424,CV-645A,PalasietA,2023-12-12T08:28:49.097Z,38.985252,-0.537441,717
425,CV-645B,CV-645A,2023-12-12T08:28:49.097Z,0.0,0.0,False
426,Corts Valencianes 1B,Corts Valencianes 1A,2023-12-12T08:28:49.097Z,38.986084,-0.534517,364
427,Corts Valencianes 2B,Corts Valencianes 2A,2023-12-12T08:28:49.097Z,38.987684,-0.53061,702
428,PalasietA,Aben FerriA,2023-12-12T08:28:49.097Z,38.985489,-0.534157,False
429,PalasietB,CV-645B,2023-12-12T08:28:49.097Z,38.985252,-0.537441,False
430,Ausias MarchA,Reina,2023-12-12T08:28:49.097Z,38.987684,-0.53061,334
431,Beata InesA,Corts Valencianes 2A,2023-12-12T08:28:49.097Z,38.987684,-0.53061,436
432,Reina,Republica Argentina,2023-12-12T08:28:49.097Z,38.989955,-0.523503,127
433,Baixada estacio 1,Abu Masaifa,2023-12-12T08:28:49.097Z,38.991213,-0.523787,817
434,Gregorio Molina,Abu Masaifa,2023-12-12T08:28:49.097Z,38.991213,-0.523787,989
435,Albereda 1,Albereda 2,2023-12-12T08:28:49.097Z,38.990122,-0.519633,072
436,N-340A,Ximen ToviaA,2023-12-12T08:28:49.097Z,38.992357,-0.519858,073
437,CV-645A,Corts Valencianes 1B,2023-12-12T08:28:59.097Z,38.985252,-0.537441,319
438,Corts Valencianes 1A,Corts Valencianes 1B,2023-12-12T08:28:59.097Z,38.985252,-0.537441,334
439,Corts Valencianes 2A,Corts Valencianes 2B,2023-12-12T08:28:59.097Z,38.986084,-0.534517,626
440,Corts Valencianes 2B,Reina,2023-12-12T08:28:59.097Z,38.987684,-0.53061,False
441,PalasietB,Corts Valencianes 1B,2023-12-12T08:28:59.097Z,38.985252,-0.537441,666
442,Aben FerriA,Corts Valencianes 2B,2023-12-12T08:28:59.097Z,38.986084,-0.534517,905
443,Argenteria,Aben FerriA,2023-12-12T08:28:59.097Z,38.985489,-0.534157,429
444,9 OctubreA,9 OctubreB,2023-12-12T08:28:59.097Z,38.987144,-0.535236,140
445,9 OctubreB,Reina,2023-12-12T08:28:59.097Z,38.987684,-0.53061,629
446,Beata InesB,CV-645A,2023-12-12T08:28:59.097Z,0.0,0.0,999
447,Ximen ToviaA,Ausias MarchA,2023-12-12T08:28:59.097Z,38.991913,-0.524291,996
448,N-340A,Ximen ToviaA,2023-12-12T08:28:59.097Z,38.992357,-0.519858,669
449,N-340B,N-340A,2023-12-12T08:28:59.097Z,0.0,0.0,466
450,Republica Argentina,Carme 2,2023-12-12T08:28:59.097Z,38.99105,-0.519778,769
451,Corts Valencianes 1A,CV-645B,2023-12-12T08:29:09.097Z,38.985252,-0.537441,277
452,Corts Valencianes 1B,Corts Valencianes 2B,2023-12-12T08:29:09.097Z,38.986084,-0.534517,910
453,Corts Valencianes 2A,Aben FerriB,2023-12-12T08:29:09.097Z,38.986084,-0.534517,770
454,Corts Valencianes 2B,Reina,2023-12-12T08:29:09.097Z,38.987684,-0.53061,False
455,PalasietA,Aben FerriA,2023-12-12T08:29:09.097Z,38.985489,-0.534157,597
456,PalasietB,CV-645B,2023-12-12T08:29:09.097Z,38.985252,-0.537441,830
457,Alfons MagnanimB,9 OctubreB,2023-12-12T08:29:09.097Z,38.987144,-0.535236,216
458,Aben FerriA,Corts Valencianes 2B,2023-12-12T08:29:09.097Z,38.986084,-0.534517,121
459,9 OctubreB,Argenteria,2023-12-12T08:29:09.097Z,38.987684,-0.53061,676
460,Abu Masaifa,Reina,2023-12-12T08:29:09.097Z,38.987684,-0.53061,668
461,Ausias MarchA,Corts Valencianes 2A,2023-12-12T08:29:09.097Z,38.987684,-0.53061,803
462,Ausias MarchB,Ausias MarchA,2023-12-12T08:29:09.097Z,38.991913,-0.524291,050
463,Beata InesA,Corts Valencianes 2A,2023-12-12T08:29:09.097Z,38.987684,-0.53061,dwl
464,Reina,Albereda 1,2023-12-12T08:29:09.097Z,38.989955,-0.523503,603
465,Gregorio Molina,Abu Masaifa,2023-12-12T08:29:09.097Z,38.991213,-0.523787,841
466,N-340B,N-340A,2023-12-12T08:29:09.097Z,0.0,0.0,994
467,Republica Argentina,Academic Maravall,2023-12-12T08:29:09.097Z,38.99105,-0.519778,127
468,Corts Valencianes 1B,Alfons MagnanimB,2023-12-12T08:29:19.097Z,38.986084,-0.534517,334
469,Corts Valencianes 2B,Beata InesB,2023-12-12T08:29:19.097Z,38.987684,-0.53061,610
470,PalasietA,Aben FerriA,2023-12-12T08:29:19.097Z,38.985489,-0.534157,717
471,Aben FerriB,PalasietB,2023-12-12T08:29:19.097Z,38.985489,-0.534157,770
472,Argenteria,PalasietB,2023-12-12T08:29:19.097Z,38.985489,-0.534157,960
473,9 OctubreB,Argenteria,2023-12-12T08:29:19.097Z,38.987684,-0.53061,017
474,Ausias MarchB,Ausias MarchA,2023-12-12T08:29:19.097Z,38.991913,-0.524291,110
475,Carme 2,Albereda 2,2023-12-12T08:29:19.097Z,38.990122,-0.519633,769
476,N-340B,Beata InesA,2023-12-12T08:29:19.097Z,0.0,0.0,138
477,CV-645A,PalasietA,2023-12-12T08:29:29.097Z,38.985252,-0.537441,False
478,CV-645B,N-340A,2023-12-12T08:29:29.097Z,0.0,0.0,False
479,Corts Valencianes 1A,PalasietA,2023-12-12T08:29:29.097Z,38.985252,-0.537441,479
480,Corts Valencianes 1B,Alfons MagnanimB,2023-12-12T08:29:29.097Z,38.986084,-0.534517,666
481,Corts Valencianes 2B,9 OctubreA,2023-12-12T08:29:29.097Z,38.987684,-0.53061,109
482,PalasietB,CV-645B,2023-12-12T08:29:29.097Z,38.985252,-0.537441,953
483,Alfons MagnanimB,Alfons MagnanimA,2023-12-12T08:29:29.097Z,38.987144,-0.535236,679
484,Aben FerriA,Corts Valencianes 2B,2023-12-12T08:29:29.097Z,38.986084,-0.534517,597
485,9 OctubreB,Reina,2023-12-12T08:29:29.097Z,38.987684,-0.53061,794
486,Ausias MarchB,Ausias MarchA,2023-12-12T08:29:29.097Z,38.991913,-0.524291,710
487,Ximen ToviaB,N-340B,2023-12-12T08:29:29.097Z,38.992357,-0.519858,919
488,Albereda 1,Albereda 2,2023-12-12T08:29:29.097Z,38.990122,-0.519633,603
489,Albereda 2,N-340B,2023-12-12T08:29:29.097Z,38.990742,-0.513,109
490,Academic Maravall,Maulets,2023-12-12T08:29:29.097Z,38.991249,-0.518678,127
491,Maulets,N-340B,2023-12-12T08:29:29.097Z,38.992357,-0.519858,769
492,N-340A,Carme 1,2023-12-12T08:29:29.097Z,38.992357,-0.519858,False
493,CV-645A,Corts Valencianes 1B,2023-12-12T08:29:39.097Z,38.985252,-0.537441,810
494,Corts Valencianes 1A,CV-645B,2023-12-12T08:29:39.097Z,38.985252,-0.537441,631
495,Corts Valencianes 2A,Alfons MagnanimB,2023-12-12T08:29:39.097Z,38.986084,-0.534517,436
496,PalasietB,PalasietA,2023-12-12T08:29:39.097Z,38.985252,-0.537441,584
497,Alfons MagnanimB,9 OctubreB,2023-12-12T08:29:39.097Z,38.987144,-0.535236,927
498,Aben FerriA,Corts Valencianes 1A,2023-12-12T08:29:39.097Z,38.986084,-0.534517,717
499,Aben FerriB,PalasietB,2023-12-12T08:29:39.097Z,38.985489,-0.534157,False
500,Argenteria,PalasietB,2023-12-12T08:29:39.097Z,38.985489,-0.534157,696
501,Beata InesA,Ausias MarchB,2023-12-12T08:29:39.097Z,38.987684,-0.53061,138
502,Albereda 2,Cosmografo,2023-12-12T08:29:39.097Z,38.990742,-0.513,600
503,Carme 1,Carme 2,2023-12-12T08:29:39.097Z,38.99105,-0.519778,False
504,Maulets,Ximen ToviaA,2023-12-12T08:29:39.097Z,38.992357,-0.519858,725
505,CV-645B,N-340A,2023-12-12T08:29:49.097Z,0.0,0.0,872
506,Corts Valencianes 1B,Aben FerriB,2023-12-12T08:29:49.097Z,38.986084,-0.534517,810
507,Corts Valencianes 2A,Corts Valencianes 2B,2023-12-12T08:29:49.097Z,38.986084,-0.534517,803
508,Corts Valencianes 2B,Reina,2023-12-12T08:29:49.097Z,38.987684,-0.53061,712
509,Alfons MagnanimA,Corts Valencianes 2B,2023-12-12T08:29:49.097Z,38.986084,-0.534517,334
510,Alfons MagnanimB,9 OctubreB,2023-12-12T08:29:49.097Z,38.987144,-0.535236,087
511,Aben FerriB,PalasietB,2023-12-12T08:29:49.097Z,38.985489,-0.534157,239
512,Argenteria,PalasietB,2023-12-12T08:29:49.097Z,38.985489,-0.534157,662
513,9 OctubreB,Reina,2023-12-12T08:29:49.097Z,38.987684,-0.53061,005
514,Beata InesB,Beata InesA,2023-12-12T08:29:49.097Z,0.0,0.0,981
515,Reina,Republica Argentina,2023-12-12T08:29:49.097Z,38.989955,-0.523503,384
516,Ximen ToviaA,Baixada estacio 1,2023-12-12T08:29:49.097Z,38.991913,-0.524291,873
517,Albereda 2,Cosmografo,2023-12-12T08:29:49.097Z,38.990742,-0.513,899
518,Carme 2,Albereda 2,2023-12-12T08:29:49.097Z,38.990122,-0.519633,444
519,Maulets,Ximen ToviaA,2023-12-12T08:29:49.097Z,38.992357,-0.519858,351
520,N-340A,Ximen ToviaA,2023-12-12T08:29:49.097Z,38.992357,-0.519858,465
521,CV-645B,CV-645A,2023-12-12T08:29:59.097Z,0.0,0.0,862
522,Corts Valencianes 1A,PalasietA,2023-12-12T08:29:59.097Z,38.985252,-0.537441,756
523,PalasietA,PalasietB,2023-12-12T08:29:59.097Z,38.985489,-0.534157,False
524,Alfons MagnanimB,Alfons MagnanimA,2023-12-12T08:29:59.097Z,38.987144,-0.535236,436
525,Aben FerriB,PalasietB,2023-12-12T08:29:59.097Z,38.985489,-0.534157,697
526,9 OctubreB,Argenteria,2023-12-12T08:29:59.097Z,38.987684,-0.53061,996
527,Ausias MarchA,Corts Valencianes 2A,2023-12-12T08:29:59.097Z,38.987684,-0.53061,916
528,Ausias MarchB,Ximen ToviaB,2023-12-12T08:29:59.097Z,38.991913,-0.524291,716
529,Beata InesB,Beata InesA,2023-12-12T08:29:59.097Z,0.0,0.0,932
530,Reina,Albereda 1,2023-12-12T08:29:59.097Z,38.989955,-0.523503,901
531,Ximen ToviaA,Baixada estacio 1,2023-12-12T08:29:59.097Z,38.991913,-0.524291,964
532,Baixada estacio 1,Baixada estacio 2,2023-12-12T08:29:59.097Z,38.991213,-0.523787,False
533,Gregorio Molina,Abu Masaifa,2023-12-12T08:29:59.097Z,38.991213,-0.523787,952
534,Cosmografo,Maulets,2023-12-12T08:29:59.097Z,38.991249,-0.518678,669
535,Maulets,Ximen ToviaA,2023-12-12T08:29:59.097Z,38.992357,-0.519858,897
536,CV-645B,CV-645A,2023-12-12T08:30:09.097Z,0.0,0.0,969
537,Corts Valencianes 2A,Corts Valencianes 2B,2023-12-12T08:30:09.097Z,38.986084,-0.534517,971
538,Corts Valencianes 2B,Ausias MarchB,2023-12-12T08:30:09.097Z,38.987684,-0.53061,332
539,PalasietA,Aben FerriA,2023-12-12T08:30:09.097Z,38.985489,-0.534157,969
540,PalasietB,PalasietA,2023-12-12T08:30:09.097Z,38.985252,-0.537441,851
541,Argenteria,PalasietB,2023-12-12T08:30:09.097Z,38.985489,-0.534157,911
542,9 OctubreA,Alfons MagnanimA,2023-12-12T08:30:09.097Z,38.987144,-0.535236,100
543,9 OctubreB,Corts Valencianes 2A,2023-12-12T08:30:09.097Z,38.987684,-0.53061,986
544,Ausias MarchA,Corts Valencianes 2A,2023-12-12T08:30:09.097Z,38.987684,-0.53061,050
545,Beata InesA,9 OctubreA,2023-12-12T08:30:09.097Z,38.987684,-0.53061,931
546,Reina,Republica Argentina,2023-12-12T08:30:09.097Z,38.989955,-0.523503,629
547,Baixada estacio 2,Republica Argentina,2023-12-12T08:30:09.097Z,38.989955,-0.523503,073
548,N-340B,Beata InesA,2023-12-12T08:30:09.097Z,0.0,0.0,False
549,Republica Argentina,Carme 2,2023-12-12T08:30:09.097Z,38.99105,-0.519778,384
550,CV-645B,CV-645A,2023-12-12T08:30:19.097Z,0.0,0.0,437
551,Corts Valencianes 2A,Alfons MagnanimB,2023-12-12T08:30:19.097Z,38.986084,-0.534517,594
552,Corts Valencianes 2B,Reina,2023-12-12T08:30:19.097Z,38.987684,-0.53061,826
553,PalasietB,CV-645B,2023-12-12T08:30:19.097Z,38.985252,-0.537441,502
554,Alfons MagnanimA,Alfons MagnanimB,2023-12-12T08:30:19.097Z,38.986084,-0.534517,100
555,Aben FerriA,Aben FerriB,2023-12-12T08:30:19.097Z,38.986084,-0.534517,479
556,9 OctubreB,Reina,2023-12-12T08:30:19.097Z,38.987684,-0.53061,520
557,Abu Masaifa,9 OctubreA,2023-12-12T08:30:19.097Z,38.987684,-0.53061,395
558,Reina,Republica Argentina,2023-12-12T08:30:19.097Z,38.989955,-0.523503,False
559,Ximen ToviaA,Ausias MarchA,2023-12-12T08:30:19.097Z,38.991913,-0.524291,140
560,Cosmografo,Maulets,2023-12-12T08:30:19.097Z,38.991249,-0.518678,886
561,PalasietA,Aben FerriA,2023-12-12T08:30:29.097Z,38.985489,-0.534157,756
562,PalasietB,Corts Valencianes 1B,2023-12-12T08:30:29.097Z,38.985252,-0.537441,550
563,Alfons MagnanimB,Alfons MagnanimA,2023-12-12T08:30:29.097Z,38.987144,-0.535236,594
564,Aben FerriB,PalasietB,2023-12-12T08:30:29.097Z,38.985489,-0.534157,479
565,Argenteria,PalasietB,2023-12-12T08:30:29.097Z,38.985489,-0.534157,996
566,9 OctubreA,Alfons MagnanimA,2023-12-12T08:30:29.097Z,38.987144,-0.535236,931
567,9 OctubreB,Corts Valencianes 2A,2023-12-12T08:30:29.097Z,38.987684,-0.53061,False
568,Abu Masaifa,Argenteria,2023-12-12T08:30:29.097Z,38.987684,-0.53061,908
569,Ausias MarchA,Reina,2023-12-12T08:30:29.097Z,38.987684,-0.53061,110
570,Beata InesB,CV-645A,2023-12-12T08:30:29.097Z,0.0,0.0,049
571,Reina,Albereda 1,2023-12-12T08:30:29.097Z,38.989955,-0.523503,893
572,Ximen ToviaA,Ausias MarchA,2023-12-12T08:30:29.097Z,38.991913,-0.524291,351
573,Ximen ToviaB,N-340B,2023-12-12T08:30:29.097Z,38.992357,-0.519858,999
574,Albereda 1,Albereda 2,2023-12-12T08:30:29.097Z,38.990122,-0.519633,094
575,Albereda 2,N-340B,2023-12-12T08:30:29.097Z,38.990742,-0.513,216
576,Carme 1,Carme 2,2023-12-12T08:30:29.097Z,38.99105,-0.519778,337
577,Maulets,N-340B,2023-12-12T08:30:29.097Z,38.992357,-0.519858,910
578,N-340B,Beata InesA,2023-12-12T08:30:29.097Z,0.0,0.0,False
579,Corts Valencianes 2B,Ausias MarchB,2023-12-12T08:30:39.097Z,38.987684,-0.53061,905
580,PalasietA,Aben FerriA,2023-12-12T08:30:39.097Z,38.985489,-0.534157,851
581,Alfons MagnanimB,9 OctubreB,2023-12-12T08:30:39.097Z,38.987144,-0.535236,864
582,Aben FerriA,Corts Valencianes 2B,2023-12-12T08:30:39.097Z,38.986084,-0.534517,756
583,9 OctubreB,Reina,2023-12-12T08:30:39.097Z,38.987684,-0.53061,137
584,Ausias MarchA,Reina,2023-12-12T08:30:39.097Z,38.987684,-0.53061,308
585,Beata InesA,9 OctubreA,2023-12-12T08:30:39.097Z,38.987684,-0.53061,663
586,Reina,Republica Argentina,2023-12-12T08:30:39.097Z,38.989955,-0.523503,794
587,Ximen ToviaA,Ausias MarchA,2023-12-12T08:30:39.097Z,38.991913,-0.524291,465
588,Ximen ToviaB,Gregorio Molina,2023-12-12T08:30:39.097Z,38.992357,-0.519858,908
589,Carme 2,Albereda 2,2023-12-12T08:30:39.097Z,38.990122,-0.519633,384
590,Academic Maravall,Maulets,2023-12-12T08:30:39.097Z,38.991249,-0.518678,064
591,CV-645A,PalasietA,2023-12-12T08:30:49.097Z,38.985252,-0.537441,298
592,CV-645B,N-340A,2023-12-12T08:30:49.097Z,0.0,0.0,618
593,Corts Valencianes 1B,Corts Valencianes 1A,2023-12-12T08:30:49.097Z,38.986084,-0.534517,550
594,Corts Valencianes 2A,Corts Valencianes 2B,2023-12-12T08:30:49.097Z,38.986084,-0.534517,588
595,Corts Valencianes 2B,Corts Valencianes 2A,2023-12-12T08:30:49.097Z,38.987684,-0.53061,319
596,Aben FerriA,Alfons MagnanimB,2023-12-12T08:30:49.097Z,38.986084,-0.534517,851
597,Abu Masaifa,Beata InesB,2023-12-12T08:30:49.097Z,38.987684,-0.53061,405
598,Ausias MarchB,Baixada estacio 1,2023-12-12T08:30:49.097Z,38.991913,-0.524291,138
599,Beata InesA,Corts Valencianes 2A,2023-12-12T08:30:49.097Z,38.987684,-0.53061,094
600,Reina,Albereda 1,2023-12-12T08:30:49.097Z,38.989955,-0.523503,124
601,Ximen ToviaB,Ximen ToviaA,2023-12-12T08:30:49.097Z,38.992357,-0.519858,098
602,Gregorio Molina,Abu Masaifa,2023-12-12T08:30:49.097Z,38.991213,-0.523787,911
603,Albereda 1,Albereda 2,2023-12-12T08:30:49.097Z,38.990122,-0.519633,893
604,Albereda 2,Cosmografo,2023-12-12T08:30:49.097Z,38.990742,-0.513,491
605,Carme 2,Albereda 2,2023-12-12T08:30:49.097Z,38.990122,-0.519633,917
606,N-340A,Ximen ToviaA,2023-12-12T08:30:49.097Z,38.992357,-0.519858,934
607,Republica Argentina,Academic Maravall,2023-12-12T08:30:49.097Z,38.99105,-0.519778,False
608,CV-645A,PalasietA,2023-12-12T08:30:59.097Z,38.985252,-0.537441,860
609,Corts Valencianes 1B,Corts Valencianes 2B,2023-12-12T08:30:59.097Z,38.986084,-0.534517,696
610,PalasietB,CV-645B,2023-12-12T08:30:59.097Z,38.985252,-0.537441,710
611,Alfons MagnanimB,9 OctubreB,2023-12-12T08:30:59.097Z,38.987144,-0.535236,897
612,Argenteria,Aben FerriA,2023-12-12T08:30:59.097Z,38.985489,-0.534157,960
613,9 OctubreA,Alfons MagnanimA,2023-12-12T08:30:59.097Z,38.987144,-0.535236,395
614,9 OctubreB,Reina,2023-12-12T08:30:59.097Z,38.987684,-0.53061,XXX
615,Abu Masaifa,Corts Valencianes 2A,2023-12-12T08:30:59.097Z,38.987684,-0.53061,120
616,Ausias MarchB,Ximen ToviaB,2023-12-12T08:30:59.097Z,38.991913,-0.524291,332
617,Beata InesA,Reina,2023-12-12T08:30:59.097Z,38.987684,-0.53061,176
618,Reina,Albereda 1,2023-12-12T08:30:59.097Z,38.989955,-0.523503,200
619,Baixada estacio 1,Abu Masaifa,2023-12-12T08:30:59.097Z,38.991213,-0.523787,114
620,Gregorio Molina,Abu Masaifa,2023-12-12T08:30:59.097Z,38.991213,-0.523787,308
621,Academic Maravall,Maulets,2023-12-12T08:30:59.097Z,38.991249,-0.518678,073
622,N-340A,Carme 1,2023-12-12T08:30:59.097Z,38.992357,-0.519858,False
623,N-340B,N-340A,2023-12-12T08:30:59.097Z,0.0,0.0,907
624,Corts Valencianes 1A,PalasietA,2023-12-12T08:31:09.097Z,38.985252,-0.537441,550
625,Corts Valencianes 2A,Aben FerriB,2023-12-12T08:31:09.097Z,38.986084,-0.534517,050
626,PalasietA,Aben FerriA,2023-12-12T08:31:09.097Z,38.985489,-0.534157,862
627,PalasietB,CV-645B,2023-12-12T08:31:09.097Z,38.985252,-0.537441,849
628,Aben FerriA,Corts Valencianes 2B,2023-12-12T08:31:09.097Z,38.986084,-0.534517,960
629,Argenteria,PalasietB,2023-12-12T08:31:09.097Z,38.985489,-0.534157,017
630,9 OctubreA,Alfons MagnanimA,2023-12-12T08:31:09.097Z,38.987144,-0.535236,932
631,9 OctubreB,9 OctubreA,2023-12-12T08:31:09.097Z,38.987684,-0.53061,False
632,Abu Masaifa,Ausias MarchB,2023-12-12T08:31:09.097Z,38.987684,-0.53061,783
633,Baixada estacio 1,Abu Masaifa,2023-12-12T08:31:09.097Z,38.991213,-0.523787,451
634,Baixada estacio 2,Albereda 1,2023-12-12T08:31:09.097Z,38.989955,-0.523503,609
635,Carme 1,Carme 2,2023-12-12T08:31:09.097Z,38.99105,-0.519778,False
636,N-340A,Ximen ToviaA,2023-12-12T08:31:09.097Z,38.992357,-0.519858,872
637,N-340B,Beata InesA,2023-12-12T08:31:09.097Z,0.0,0.0,197
638,Republica Argentina,Academic Maravall,2023-12-12T08:31:09.097Z,38.99105,-0.519778,866
639,CV-645A,Corts Valencianes 1B,2023-12-12T08:31:19.097Z,38.985252,-0.537441,916
640,Corts Valencianes 2A,Corts Valencianes 1A,2023-12-12T08:31:19.097Z,38.986084,-0.534517,967
641,Corts Valencianes 2B,Ausias MarchB,2023-12-12T08:31:19.097Z,38.987684,-0.53061,429
642,PalasietA,PalasietB,2023-12-12T08:31:19.097Z,38.985489,-0.534157,860
643,PalasietB,Corts Valencianes 1B,2023-12-12T08:31:19.097Z,38.985252,-0.537441,False
644,Alfons MagnanimA,Aben FerriB,2023-12-12T08:31:19.097Z,38.986084,-0.534517,395
645,Aben FerriA,Corts Valencianes 2B,2023-12-12T08:31:19.097Z,38.986084,-0.534517,False
646,Aben FerriB,PalasietB,2023-12-12T08:31:19.097Z,38.985489,-0.534157,090
647,9 OctubreB,Corts Valencianes 2A,2023-12-12T08:31:19.097Z,38.987684,-0.53061,False
648,Ausias MarchB,Ausias MarchA,2023-12-12T08:31:19.097Z,38.991913,-0.524291,905
649,Reina,Albereda 1,2023-12-12T08:31:19.097Z,38.989955,-0.523503,626
650,Academic Maravall,Maulets,2023-12-12T08:31:19.097Z,38.991249,-0.518678,False
651,N-340A,Carme 1,2023-12-12T08:31:19.097Z,38.992357,-0.519858,996
652,Republica Argentina,Carme 2,2023-12-12T08:31:19.097Z,38.99105,-0.519778,937
653,Corts Valencianes 1A,Corts Valencianes 1B,2023-12-12T08:31:29.097Z,38.985252,-0.537441,False
654,Corts Valencianes 2A,Corts Valencianes 1A,2023-12-12T08:31:29.097Z,38.986084,-0.534517,319
655,Corts Valencianes 2B,Argenteria,2023-12-12T08:31:29.097Z,38.987684,-0.53061,765
656,PalasietA,Aben FerriA,2023-12-12T08:31:29.097Z,38.985489,-0.534157,550
657,PalasietB,PalasietA,2023-12-12T08:31:29.097Z,38.985252,-0.537441,696
658,Alfons MagnanimA,Alfons MagnanimA,2023-12-12T08:31:29.097Z,38.986084,-0.534517,932
659,Aben FerriA,Alfons MagnanimB,2023-12-12T08:31:29.097Z,38.986084,-0.534517,662
660,Aben FerriB,PalasietB,2023-12-12T08:31:29.097Z,38.985489,-0.534157,395
661,9 OctubreA,Alfons MagnanimA,2023-12-12T08:31:29.097Z,38.987144,-0.535236,False
662,9 OctubreB,9 OctubreA,2023-12-12T08:31:29.097Z,38.987684,-0.53061,005
663,Abu Masaifa,Argenteria,2023-12-12T08:31:29.097Z,38.987684,-0.53061,847
664,Ausias MarchA,Argenteria,2023-12-12T08:31:29.097Z,38.987684,-0.53061,140
665,Ausias MarchB,Ausias MarchA,2023-12-12T08:31:29.097Z,38.991913,-0.524291,289
666,Ximen ToviaA,Ausias MarchA,2023-12-12T08:31:29.097Z,38.991913,-0.524291,837
667,Albereda 1,Albereda 2,2023-12-12T08:31:29.097Z,38.990122,-0.519633,712
668,Carme 1,Academic Maravall,2023-12-12T08:31:29.097Z,38.99105,-0.519778,618
669,Carme 2,Albereda 2,2023-12-12T08:31:29.097Z,38.990122,-0.519633,False
670,Cosmografo,Maulets,2023-12-12T08:31:29.097Z,38.991249,-0.518678,532
671,N-340A,Ximen ToviaA,2023-12-12T08:31:29.097Z,38.992357,-0.519858,907
672,Republica Argentina,Academic Maravall,2023-12-12T08:31:29.097Z,38.99105,-0.519778,976
673,Corts Valencianes 1A,PalasietA,2023-12-12T08:31:39.097Z,38.985252,-0.537441,019
674,Corts Valencianes 1B,Alfons MagnanimB,2023-12-12T08:31:39.097Z,38.986084,-0.534517,171
675,Corts Valencianes 2A,Corts Valencianes 1A,2023-12-12T08:31:39.097Z,38.986084,-0.534517,094
676,Corts Valencianes 2B,Ausias MarchB,2023-12-12T08:31:39.097Z,38.987684,-0.53061,679
677,PalasietA,PalasietB,2023-12-12T08:31:39.097Z,38.985489,-0.534157,096
678,PalasietB,CV-645B,2023-12-12T08:31:39.097Z,38.985252,-0.537441,239
679,Alfons MagnanimA,Corts Valencianes 2B,2023-12-12T08:31:39.097Z,38.986084,-0.534517,False
680,Alfons MagnanimB,Alfons MagnanimA,2023-12-12T08:31:39.097Z,38.987144,-0.535236,862
681,Aben FerriA,Corts Valencianes 2B,2023-12-12T08:31:39.097Z,38.986084,-0.534517,550
682,Abu Masaifa,Ausias MarchB,2023-12-12T08:31:39.097Z,38.987684,-0.53061,952
683,Beata InesB,N-340A,2023-12-12T08:31:39.097Z,0.0,0.0,False
684,Reina,Albereda 1,2023-12-12T08:31:39.097Z,38.989955,-0.523503,920
685,Ximen ToviaA,Ausias MarchA,2023-12-12T08:31:39.097Z,38.991913,-0.524291,058
686,Albereda 1,Albereda 2,2023-12-12T08:31:39.097Z,38.990122,-0.519633,200
687,Albereda 2,N-340B,2023-12-12T08:31:39.097Z,38.990742,-0.513,False
688,Carme 2,Albereda 2,2023-12-12T08:31:39.097Z,38.990122,-0.519633,937
689,Corts Valencianes 1A,Corts Valencianes 1B,2023-12-12T08:31:49.097Z,38.985252,-0.537441,166
690,Corts Valencianes 1B,Alfons MagnanimB,2023-12-12T08:31:49.097Z,38.986084,-0.534517,749
691,Corts Valencianes 2B,9 OctubreA,2023-12-12T08:31:49.097Z,38.987684,-0.53061,803
692,PalasietA,Aben FerriA,2023-12-12T08:31:49.097Z,38.985489,-0.534157,696
693,PalasietB,CV-645B,2023-12-12T08:31:49.097Z,38.985252,-0.537441,562
694,Alfons MagnanimA,Corts Valencianes 1A,2023-12-12T08:31:49.097Z,38.986084,-0.534517,932
695,Alfons MagnanimB,Alfons MagnanimA,2023-12-12T08:31:49.097Z,38.987144,-0.535236,437
696,9 OctubreA,Alfons MagnanimA,2023-12-12T08:31:49.097Z,38.987144,-0.535236,005
697,9 OctubreB,Reina,2023-12-12T08:31:49.097Z,38.987684,-0.53061,940
698,Abu Masaifa,9 OctubreA,2023-12-12T08:31:49.097Z,38.987684,-0.53061,911
699,Reina,Republica Argentina,2023-12-12T08:31:49.097Z,38.989955,-0.523503,110
700,Ximen ToviaB,N-340B,2023-12-12T08:31:49.097Z,38.992357,-0.519858,790
701,Albereda 2,N-340B,2023-12-12T08:31:49.097Z,38.990742,-0.513,715
702,Academic Maravall,Maulets,2023-12-12T08:31:49.097Z,38.991249,-0.518678,666
703,Maulets,N-340B,2023-12-12T08:31:49.097Z,38.992357,-0.519858,700
704,N-340B,N-340A,2023-12-12T08:31:49.097Z,0.0,0.0,575
705,Republica Argentina,Carme 2,2023-12-12T08:31:49.097Z,38.99105,-0.519778,False
706,CV-645B,CV-645A,2023-12-12T08:31:59.097Z,0.0,0.0,955
707,Corts Valencianes 1A,Corts Valencianes 1B,2023-12-12T08:31:59.097Z,38.985252,-0.537441,717
708,Corts Valencianes 1B,Corts Valencianes 2B,2023-12-12T08:31:59.097Z,38.986084,-0.534517,False
709,Corts Valencianes 2A,Alfons MagnanimB,2023-12-12T08:31:59.097Z,38.986084,-0.534517,False
710,Corts Valencianes 2B,Corts Valencianes 2A,2023-12-12T08:31:59.097Z,38.987684,-0.53061,679
711,PalasietB,Corts Valencianes 1B,2023-12-12T08:31:59.097Z,38.985252,-0.537441,False
712,Alfons MagnanimA,Corts Valencianes 2B,2023-12-12T08:31:59.097Z,38.986084,-0.534517,298
713,Alfons MagnanimB,9 OctubreB,2023-12-12T08:31:59.097Z,38.987144,-0.535236,False
714,Aben FerriA,Corts Valencianes 2B,2023-12-12T08:31:59.097Z,38.986084,-0.534517,690
715,9 OctubreB,Reina,2023-12-12T08:31:59.097Z,38.987684,-0.53061,216
716,Abu Masaifa,Reina,2023-12-12T08:31:59.097Z,38.987684,-0.53061,138
717,Ausias MarchA,Argenteria,2023-12-12T08:31:59.097Z,38.987684,-0.53061,351
718,Beata InesB,Beata InesA,2023-12-12T08:31:59.097Z,0.0,0.0,146
719,Reina,Albereda 1,2023-12-12T08:31:59.097Z,38.989955,-0.523503,137
720,Ximen ToviaA,Ximen ToviaB,2023-12-12T08:31:59.097Z,38.991913,-0.524291,812
721,Ximen ToviaB,Ximen ToviaA,2023-12-12T08:31:59.097Z,38.992357,-0.519858,False
722,Carme 2,Albereda 2,2023-12-12T08:31:59.097Z,38.990122,-0.519633,629
723,N-340A,Gregorio Molina,2023-12-12T08:31:59.097Z,38.992357,-0.519858,676
724,CV-645A,PalasietA,2023-12-12T08:32:09.097Z,38.985252,-0.537441,094
725,CV-645B,N-340A,2023-12-12T08:32:09.097Z,0.0,0.0,091
726,Corts Valencianes 1A,PalasietA,2023-12-12T08:32:09.097Z,38.985252,-0.537441,932
727,Corts Valencianes 2B,Reina,2023-12-12T08:32:09.097Z,38.987684,-0.53061,971
728,PalasietA,PalasietB,2023-12-12T08:32:09.097Z,38.985489,-0.534157,660
729,Alfons MagnanimA,Aben FerriB,2023-12-12T08:32:09.097Z,38.986084,-0.534517,437
730,9 OctubreB,Ausias MarchB,2023-12-12T08:32:09.097Z,38.987684,-0.53061,441
731,Abu Masaifa,9 OctubreA,2023-12-12T08:32:09.097Z,38.987684,-0.53061,908
732,Beata InesA,Ausias MarchB,2023-12-12T08:32:09.097Z,38.987684,-0.53061,191
733,Reina,Republica Argentina,2023-12-12T08:32:09.097Z,38.989955,-0.523503,738
734,Ximen ToviaA,Ximen ToviaB,2023-12-12T08:32:09.097Z,38.991913,-0.524291,907
735,Ximen ToviaB,Carme 1,2023-12-12T08:32:09.097Z,38.992357,-0.519858,718
736,Albereda 1,Albereda 2,2023-12-12T08:32:09.097Z,38.990122,-0.519633,False
737,Carme 2,Albereda 2,2023-12-12T08:32:09.097Z,38.990122,-0.519633,False
738,Republica Argentina,Academic Maravall,2023-12-12T08:32:09.097Z,38.99105,-0.519778,110
739,CV-645B,N-340A,2023-12-12T08:32:19.097Z,0.0,0.0,135
740,Corts Valencianes 1B,Aben FerriB,2023-12-12T08:32:19.097Z,38.986084,-0.534517,717
741,Corts Valencianes 2B,Reina,2023-12-12T08:32:19.097Z,38.987684,-0.53061,756
742,PalasietB,PalasietA,2023-12-12T08:32:19.097Z,38.985252,-0.537441,810
743,Alfons MagnanimA,Corts Valencianes 1A,2023-12-12T08:32:19.097Z,38.986084,-0.534517,999
744,Alfons MagnanimB,Alfons MagnanimA,2023-12-12T08:32:19.097Z,38.987144,-0.535236,False
745,Aben FerriB,Aben FerriA,2023-12-12T08:32:19.097Z,38.985489,-0.534157,171
746,9 OctubreA,Alfons MagnanimA,2023-12-12T08:32:19.097Z,38.987144,-0.535236,803
747,9 OctubreB,Beata InesB,2023-12-12T08:32:19.097Z,38.987684,-0.53061,260
748,Abu Masaifa,Reina,2023-12-12T08:32:19.097Z,38.987684,-0.53061,897
749,Beata InesA,Argenteria,2023-12-12T08:32:19.097Z,38.987684,-0.53061,146
750,Reina,Republica Argentina,2023-12-12T08:32:19.097Z,38.989955,-0.523503,False
751,Ximen ToviaA,Ausias MarchA,2023-12-12T08:32:19.097Z,38.991913,-0.524291,False
752,Ximen ToviaB,Ximen ToviaA,2023-12-12T08:32:19.097Z,38.992357,-0.519858,332
753,Academic Maravall,Maulets,2023-12-12T08:32:19.097Z,38.991249,-0.518678,994
754,N-340B,Beata InesA,2023-12-12T08:32:19.097Z,0.0,0.0,250
755,CV-645B,CV-645A,2023-12-12T08:32:29.097Z,0.0,0.0,False
756,Corts Valencianes 1A,PalasietA,2023-12-12T08:32:29.097Z,38.985252,-0.537441,999
757,Corts Valencianes 1B,Aben FerriB,2023-12-12T08:32:29.097Z,38.986084,-0.534517,False
758,Corts Valencianes 2A,Aben FerriB,2023-12-12T08:32:29.097Z,38.986084,-0.534517,334
759,PalasietA,Aben FerriA,2023-12-12T08:32:29.097Z,38.985489,-0.534157,049
760,Alfons MagnanimA,Corts Valencianes 2B,2023-12-12T08:32:29.097Z,38.986084,-0.534517,False
761,Aben FerriA,Corts Valencianes 2B,2023-12-12T08:32:29.097Z,38.986084,-0.534517,437
762,Aben FerriB,Aben FerriA,2023-12-12T08:32:29.097Z,38.985489,-0.534157,717
763,Argenteria,PalasietB,2023-12-12T08:32:29.097Z,38.985489,-0.534157,765
764,9 OctubreA,9 OctubreB,2023-12-12T08:32:29.097Z,38.987144,-0.535236,537
765,9 OctubreB,Reina,2023-12-12T08:32:29.097Z,38.987684,-0.53061,927
766,Abu Masaifa,Reina,2023-12-12T08:32:29.097Z,38.987684,-0.53061,989
767,Ausias MarchB,Baixada estacio 1,2023-12-12T08:32:29.097Z,38.991913,-0.524291,429
768,Reina,Republica Argentina,2023-12-12T08:32:29.097Z,38.989955,-0.523503,587
769,Ximen ToviaB,Gregorio Molina,2023-12-12T08:32:29.097Z,38.992357,-0.519858,812
770,Albereda 1,Albereda 2,2023-12-12T08:32:29.097Z,38.990122,-0.519633,625
771,Academic Maravall,Maulets,2023-12-12T08:32:29.097Z,38.991249,-0.518678,710
772,N-340A,Ximen ToviaA,2023-12-12T08:32:29.097Z,38.992357,-0.519858,979
773,Republica Argentina,Carme 2,2023-12-12T08:32:29.097Z,38.99105,-0.519778,710
774,Corts Valencianes 1B,Alfons MagnanimB,2023-12-12T08:32:39.097Z,38.986084,-0.534517,499
775,Corts Valencianes 2B,Reina,2023-12-12T08:32:39.097Z,38.987684,-0.53061,False
776,PalasietA,PalasietB,2023-12-12T08:32:39.097Z,38.985489,-0.534157,932
777,PalasietB,CV-645B,2023-12-12T08:32:39.097Z,38.985252,-0.537441,769
778,Aben FerriA,Corts Valencianes 1A,2023-12-12T08:32:39.097Z,38.986084,-0.534517,094
779,Aben FerriB,Aben FerriA,2023-12-12T08:32:39.097Z,38.985489,-0.534157,False
780,9 OctubreA,9 OctubreB,2023-12-12T08:32:39.097Z,38.987144,-0.535236,308
781,9 OctubreB,9 OctubreB,2023-12-12T08:32:39.097Z,38.987684,-0.53061,180
782,Abu Masaifa,Corts Valencianes 2A,2023-12-12T08:32:39.097Z,38.987684,-0.53061,853
783,Ausias MarchB,Ausias MarchA,2023-12-12T08:32:39.097Z,38.991913,-0.524291,597
784,Ximen ToviaB,Gregorio Molina,2023-12-12T08:32:39.097Z,38.992357,-0.519858,907
785,Baixada estacio 1,Baixada estacio 2,2023-12-12T08:32:39.097Z,38.991213,-0.523787,429
786,Carme 1,Academic Maravall,2023-12-12T08:32:39.097Z,38.99105,-0.519778,718
787,Carme 2,Albereda 2,2023-12-12T08:32:39.097Z,38.990122,-0.519633,167
788,Republica Argentina,Carme 2,2023-12-12T08:32:39.097Z,38.99105,-0.519778,XXX
789,CV-645B,N-340A,2023-12-12T08:32:49.097Z,0.0,0.0,963
790,Corts Valencianes 1B,Corts Valencianes 1A,2023-12-12T08:32:49.097Z,38.986084,-0.534517,887
791,Corts Valencianes 2A,Corts Valencianes 2B,2023-12-12T08:32:49.097Z,38.986084,-0.534517,953
792,Corts Valencianes 2B,Argenteria,2023-12-12T08:32:49.097Z,38.987684,-0.53061,696
793,Alfons MagnanimA,Aben FerriB,2023-12-12T08:32:49.097Z,38.986084,-0.534517,803
794,Alfons MagnanimB,Alfons MagnanimA,2023-12-12T08:32:49.097Z,38.987144,-0.535236,XXX
795,Aben FerriA,Alfons MagnanimB,2023-12-12T08:32:49.097Z,38.986084,-0.534517,717
796,Aben FerriB,PalasietB,2023-12-12T08:32:49.097Z,38.985489,-0.534157,334
797,9 OctubreB,Argenteria,2023-12-12T08:32:49.097Z,38.987684,-0.53061,109
798,Ausias MarchB,Ausias MarchA,2023-12-12T08:32:49.097Z,38.991913,-0.524291,952
799,Beata InesA,Corts Valencianes 2A,2023-12-12T08:32:49.097Z,38.987684,-0.53061,250
800,Reina,Republica Argentina,2023-12-12T08:32:49.097Z,38.989955,-0.523503,300
801,Albereda 1,Albereda 2,2023-12-12T08:32:49.097Z,38.990122,-0.519633,520
802,Academic Maravall,Maulets,2023-12-12T08:32:49.097Z,38.991249,-0.518678,eso
803,N-340B,N-340A,2023-12-12T08:32:49.097Z,0.0,0.0,842
804,Republica Argentina,Carme 2,2023-12-12T08:32:49.097Z,38.99105,-0.519778,176
805,CV-645B,N-340A,2023-12-12T08:32:59.097Z,0.0,0.0,619
806,Corts Valencianes 1A,Corts Valencianes 1B,2023-12-12T08:32:59.097Z,38.985252,-0.537441,094
807,Corts Valencianes 2B,Beata InesB,2023-12-12T08:32:59.097Z,38.987684,-0.53061,960
808,PalasietB,CV-645B,2023-12-12T08:32:59.097Z,38.985252,-0.537441,926
809,Alfons MagnanimB,Alfons MagnanimA,2023-12-12T08:32:59.097Z,38.987144,-0.535236,717
810,Aben FerriB,Aben FerriA,2023-12-12T08:32:59.097Z,38.985489,-0.534157,803
811,9 OctubreB,9 OctubreA,2023-12-12T08:32:59.097Z,38.987684,-0.53061,851
812,Beata InesB,Beata InesA,2023-12-12T08:32:59.097Z,0.0,0.0,405
813,Ximen ToviaA,Ausias MarchA,2023-12-12T08:32:59.097Z,38.991913,-0.524291,332
814,Baixada estacio 2,Republica Argentina,2023-12-12T08:32:59.097Z,38.989955,-0.523503,429
815,Gregorio Molina,Baixada estacio 2,2023-12-12T08:32:59.097Z,38.991213,-0.523787,907
816,Albereda 1,Albereda 2,2023-12-12T08:32:59.097Z,38.990122,-0.519633,137
817,Carme 2,Albereda 2,2023-12-12T08:32:59.097Z,38.990122,-0.519633,907
818,N-340B,N-340A,2023-12-12T08:32:59.097Z,0.0,0.0,806
819,Republica Argentina,Carme 2,2023-12-12T08:32:59.097Z,38.99105,-0.519778,919
820,Corts Valencianes 1A,CV-645B,2023-12-12T08:33:09.097Z,38.985252,-0.537441,887
821,Corts Valencianes 1B,Corts Valencianes 2B,2023-12-12T08:33:09.097Z,38.986084,-0.534517,094
822,Corts Valencianes 2B,Reina,2023-12-12T08:33:09.097Z,38.987684,-0.53061,917
823,PalasietA,Aben FerriA,2023-12-12T08:33:09.097Z,38.985489,-0.534157,697
824,PalasietB,Corts Valencianes 1B,2023-12-12T08:33:09.097Z,38.985252,-0.537441,991
825,Aben FerriA,Alfons MagnanimB,2023-12-12T08:33:09.097Z,38.986084,-0.534517,803
826,Argenteria,Aben FerriA,2023-12-12T08:33:09.097Z,38.985489,-0.534157,847
827,Ausias MarchA,Reina,2023-12-12T08:33:09.097Z,38.987684,-0.53061,905
828,Ausias MarchB,Ximen ToviaB,2023-12-12T08:33:09.097Z,38.991913,-0.524291,False
829,Beata InesB,N-340A,2023-12-12T08:33:09.097Z,0.0,0.0,496
830,Ximen ToviaA,Ausias MarchA,2023-12-12T08:33:09.097Z,38.991913,-0.524291,979
831,Baixada estacio 2,Republica Argentina,2023-12-12T08:33:09.097Z,38.989955,-0.523503,907
832,Albereda 2,N-340B,2023-12-12T08:33:09.097Z,38.990742,-0.513,767
833,Carme 2,Albereda 2,2023-12-12T08:33:09.097Z,38.990122,-0.519633,616
834,N-340B,N-340A,2023-12-12T08:33:09.097Z,0.0,0.0,774
835,CV-645B,CV-645A,2023-12-12T08:33:19.097Z,0.0,0.0,837
836,Corts Valencianes 1B,Corts Valencianes 2B,2023-12-12T08:33:19.097Z,38.986084,-0.534517,969
837,Corts Valencianes 2A,Aben FerriB,2023-12-12T08:33:19.097Z,38.986084,-0.534517,200
838,Corts Valencianes 2B,Corts Valencianes 2A,2023-12-12T08:33:19.097Z,38.987684,-0.53061,False
839,PalasietA,PalasietB,2023-12-12T08:33:19.097Z,38.985489,-0.534157,307
840,PalasietB,CV-645B,2023-12-12T08:33:19.097Z,38.985252,-0.537441,996
841,Alfons MagnanimB,9 OctubreB,2023-12-12T08:33:19.097Z,38.987144,-0.535236,803
842,Aben FerriA,Alfons MagnanimB,2023-12-12T08:33:19.097Z,38.986084,-0.534517,810
843,9 OctubreB,Ausias MarchB,2023-12-12T08:33:19.097Z,38.987684,-0.53061,902
844,Ausias MarchA,9 OctubreA,2023-12-12T08:33:19.097Z,38.987684,-0.53061,289
845,Albereda 1,Albereda 2,2023-12-12T08:33:19.097Z,38.990122,-0.519633,617
846,Albereda 2,Cosmografo,2023-12-12T08:33:19.097Z,38.990742,-0.513,320
847,Carme 2,Albereda 2,2023-12-12T08:33:19.097Z,38.990122,-0.519633,991
848,N-340A,Carme 1,2023-12-12T08:33:19.097Z,38.992357,-0.519858,697
849,Republica Argentina,Carme 2,2023-12-12T08:33:19.097Z,38.99105,-0.519778,False
850,CV-645B,CV-645A,2023-12-12T08:33:29.097Z,0.0,0.0,False
851,Corts Valencianes 2A,Corts Valencianes 1A,2023-12-12T08:33:29.097Z,38.986084,-0.534517,717
852,Corts Valencianes 2B,9 OctubreA,2023-12-12T08:33:29.097Z,38.987684,-0.53061,550
853,PalasietB,CV-645B,2023-12-12T08:33:29.097Z,38.985252,-0.537441,017
854,Alfons MagnanimB,Alfons MagnanimA,2023-12-12T08:33:29.097Z,38.987144,-0.535236,999
855,Aben FerriA,Aben FerriB,2023-12-12T08:33:29.097Z,38.986084,-0.534517,841
856,Aben FerriB,Aben FerriA,2023-12-12T08:33:29.097Z,38.985489,-0.534157,250
857,9 OctubreA,Alfons MagnanimA,2023-12-12T08:33:29.097Z,38.987144,-0.535236,851
858,9 OctubreB,Beata InesB,2023-12-12T08:33:29.097Z,38.987684,-0.53061,747
859,Ausias MarchA,Ausias MarchB,2023-12-12T08:33:29.097Z,38.987684,-0.53061,837
860,Ausias MarchB,Ximen ToviaB,2023-12-12T08:33:29.097Z,38.991913,-0.524291,048
861,Beata InesA,Corts Valencianes 2A,2023-12-12T08:33:29.097Z,38.987684,-0.53061,False
862,Carme 1,Academic Maravall,2023-12-12T08:33:29.097Z,38.99105,-0.519778,031
863,N-340B,CV-645A,2023-12-12T08:33:29.097Z,0.0,0.0,624
864,CV-645A,PalasietA,2023-12-12T08:33:39.097Z,38.985252,-0.537441,955
865,Corts Valencianes 2A,Corts Valencianes 1A,2023-12-12T08:33:39.097Z,38.986084,-0.534517,405
866,PalasietA,Aben FerriA,2023-12-12T08:33:39.097Z,38.985489,-0.534157,022
867,Alfons MagnanimA,Aben FerriB,2023-12-12T08:33:39.097Z,38.986084,-0.534517,False
868,Aben FerriA,Corts Valencianes 2B,2023-12-12T08:33:39.097Z,38.986084,-0.534517,250
869,Argenteria,PalasietB,2023-12-12T08:33:39.097Z,38.985489,-0.534157,740
870,9 OctubreB,Beata InesB,2023-12-12T08:33:39.097Z,38.987684,-0.53061,380
871,Ausias MarchA,Beata InesB,2023-12-12T08:33:39.097Z,38.987684,-0.53061,098
872,Reina,Republica Argentina,2023-12-12T08:33:39.097Z,38.989955,-0.523503,940
873,Ximen ToviaA,Ximen ToviaB,2023-12-12T08:33:39.097Z,38.991913,-0.524291,711
874,Academic Maravall,Maulets,2023-12-12T08:33:39.097Z,38.991249,-0.518678,697
875,N-340B,Beata InesA,2023-12-12T08:33:39.097Z,0.0,0.0,777
876,CV-645A,PalasietA,2023-12-12T08:33:49.097Z,38.985252,-0.537441,276
877,Corts Valencianes 2B,Ausias MarchB,2023-12-12T08:33:49.097Z,38.987684,-0.53061,967
878,Alfons MagnanimA,Corts Valencianes 2B,2023-12-12T08:33:49.097Z,38.986084,-0.534517,717
879,Aben FerriA,Corts Valencianes 2B,2023-12-12T08:33:49.097Z,38.986084,-0.534517,022
880,9 OctubreA,9 OctubreB,2023-12-12T08:33:49.097Z,38.987144,-0.535236,209
881,Ausias MarchA,Argenteria,2023-12-12T08:33:49.097Z,38.987684,-0.53061,447
882,Ausias MarchB,Ximen ToviaB,2023-12-12T08:33:49.097Z,38.991913,-0.524291,362
883,Carme 2,Albereda 2,2023-12-12T08:33:49.097Z,38.990122,-0.519633,300
884,Cosmografo,Maulets,2023-12-12T08:33:49.097Z,38.991249,-0.518678,320
885,CV-645A,PalasietA,2023-12-12T08:33:59.097Z,38.985252,-0.537441,837
886,CV-645B,CV-645A,2023-12-12T08:33:59.097Z,0.0,0.0,447
887,Corts Valencianes 1A,PalasietA,2023-12-12T08:33:59.097Z,38.985252,-0.537441,405
888,Corts Valencianes 2A,Corts Valencianes 1A,2023-12-12T08:33:59.097Z,38.986084,-0.534517,864
889,Corts Valencianes 2B,Argenteria,2023-12-12T08:33:59.097Z,38.987684,-0.53061,862
890,Alfons MagnanimA,Corts Valencianes 2B,2023-12-12T08:33:59.097Z,38.986084,-0.534517,810
891,Aben FerriB,Aben FerriA,2023-12-12T08:33:59.097Z,38.985489,-0.534157,399
892,Argenteria,PalasietB,2023-12-12T08:33:59.097Z,38.985489,-0.534157,351
893,9 OctubreA,9 OctubreB,2023-12-12T08:33:59.097Z,38.987144,-0.535236,550
894,9 OctubreB,Ausias MarchB,2023-12-12T08:33:59.097Z,38.987684,-0.53061,891
895,Ausias MarchA,9 OctubreA,2023-12-12T08:33:59.097Z,38.987684,-0.53061,597
896,Reina,Albereda 1,2023-12-12T08:33:59.097Z,38.989955,-0.523503,207
897,Republica Argentina,Academic Maravall,2023-12-12T08:33:59.097Z,38.99105,-0.519778,429
898,CV-645A,PalasietA,2023-12-12T08:34:09.097Z,38.985252,-0.537441,False
899,Corts Valencianes 2B,9 OctubreA,2023-12-12T08:34:09.097Z,38.987684,-0.53061,969
900,Alfons MagnanimA,Corts Valencianes 1A,2023-12-12T08:34:09.097Z,38.986084,-0.534517,851
901,Aben FerriA,Corts Valencianes 2B,2023-12-12T08:34:09.097Z,38.986084,-0.534517,499
902,Argenteria,PalasietB,2023-12-12T08:34:09.097Z,38.985489,-0.534157,146
903,9 OctubreB,Argenteria,2023-12-12T08:34:09.097Z,38.987684,-0.53061,997
904,Abu Masaifa,Beata InesB,2023-12-12T08:34:09.097Z,38.987684,-0.53061,683
905,Ausias MarchA,9 OctubreA,2023-12-12T08:34:09.097Z,38.987684,-0.53061,952
906,Beata InesA,Reina,2023-12-12T08:34:09.097Z,38.987684,-0.53061,786
907,Reina,Republica Argentina,2023-12-12T08:34:09.097Z,38.989955,-0.523503,False
908,CV-645B,Beata InesA,2023-12-12T08:34:19.097Z,0.0,0.0,130
909,Corts Valencianes 1A,CV-645B,2023-12-12T08:34:19.097Z,38.985252,-0.537441,864
910,Corts Valencianes 2B,Ausias MarchB,2023-12-12T08:34:19.097Z,38.987684,-0.53061,False
911,PalasietB,Corts Valencianes 1B,2023-12-12T08:34:19.097Z,38.985252,-0.537441,660
912,Argenteria,Aben FerriA,2023-12-12T08:34:19.097Z,38.985489,-0.534157,206
913,9 OctubreB,Corts Valencianes 2A,2023-12-12T08:34:19.097Z,38.987684,-0.53061,999
914,Ausias MarchA,Reina,2023-12-12T08:34:19.097Z,38.987684,-0.53061,337
915,Albereda 1,Albereda 2,2023-12-12T08:34:19.097Z,38.990122,-0.519633,207
916,Carme 2,Albereda 2,2023-12-12T08:34:19.097Z,38.990122,-0.519633,False
917,Academic Maravall,Maulets,2023-12-12T08:34:19.097Z,38.991249,-0.518678,121
918,N-340B,CV-645A,2023-12-12T08:34:19.097Z,0.0,0.0,565
919,Republica Argentina,Academic Maravall,2023-12-12T08:34:19.097Z,38.99105,-0.519778,940
920,CV-645A,Corts Valencianes 1B,2023-12-12T08:34:29.097Z,38.985252,-0.537441,924
921,Corts Valencianes 1A,CV-645B,2023-12-12T08:34:29.097Z,38.985252,-0.537441,851
922,Corts Valencianes 1B,Corts Valencianes 2B,2023-12-12T08:34:29.097Z,38.986084,-0.534517,660
923,Corts Valencianes 2A,Corts Valencianes 2B,2023-12-12T08:34:29.097Z,38.986084,-0.534517,908
924,Corts Valencianes 2B,Corts Valencianes 2A,2023-12-12T08:34:29.097Z,38.987684,-0.53061,437
925,PalasietB,CV-645B,2023-12-12T08:34:29.097Z,38.985252,-0.537441,050
926,Alfons MagnanimA,Corts Valencianes 2B,2023-12-12T08:34:29.097Z,38.986084,-0.534517,994
927,Aben FerriA,Aben FerriB,2023-12-12T08:34:29.097Z,38.986084,-0.534517,246
928,9 OctubreA,9 OctubreB,2023-12-12T08:34:29.097Z,38.987144,-0.535236,679
929,9 OctubreB,Reina,2023-12-12T08:34:29.097Z,38.987684,-0.53061,087
930,Beata InesA,Argenteria,2023-12-12T08:34:29.097Z,38.987684,-0.53061,130
931,Academic Maravall,Maulets,2023-12-12T08:34:29.097Z,38.991249,-0.518678,False
932,CV-645B,N-340A,2023-12-12T08:34:39.097Z,0.0,0.0,090
933,Corts Valencianes 1B,Alfons MagnanimB,2023-12-12T08:34:39.097Z,38.986084,-0.534517,924
934,Corts Valencianes 2B,Reina,2023-12-12T08:34:39.097Z,38.987684,-0.53061,853
935,PalasietB,Corts Valencianes 1B,2023-12-12T08:34:39.097Z,38.985252,-0.537441,395
936,Argenteria,PalasietB,2023-12-12T08:34:39.097Z,38.985489,-0.534157,928
937,9 OctubreA,Alfons MagnanimA,2023-12-12T08:34:39.097Z,38.987144,-0.535236,696
938,9 OctubreB,Ausias MarchB,2023-12-12T08:34:39.097Z,38.987684,-0.53061,027
939,Ausias MarchA,Ausias MarchB,2023-12-12T08:34:39.097Z,38.987684,-0.53061,979
940,Reina,Republica Argentina,2023-12-12T08:34:39.097Z,38.989955,-0.523503,dwl
941,Academic Maravall,Maulets,2023-12-12T08:34:39.097Z,38.991249,-0.518678,940
942,Republica Argentina,Academic Maravall,2023-12-12T08:34:39.097Z,38.99105,-0.519778,216
943,CV-645A,Corts Valencianes 1B,2023-12-12T08:34:49.097Z,38.985252,-0.537441,442
944,CV-645B,Beata InesA,2023-12-12T08:34:49.097Z,0.0,0.0,777
945,Corts Valencianes 1A,Corts Valencianes 1B,2023-12-12T08:34:49.097Z,38.985252,-0.537441,False
946,PalasietB,CV-645B,2023-12-12T08:34:49.097Z,38.985252,-0.537441,056
947,Alfons MagnanimA,Corts Valencianes 1A,2023-12-12T08:34:49.097Z,38.986084,-0.534517,696
948,9 OctubreA,9 OctubreB,2023-12-12T08:34:49.097Z,38.987144,-0.535236,952
949,9 OctubreB,Argenteria,2023-12-12T08:34:49.097Z,38.987684,-0.53061,803
950,Ausias MarchA,Ausias MarchB,2023-12-12T08:34:49.097Z,38.987684,-0.53061,714
951,Ausias MarchB,Ximen ToviaB,2023-12-12T08:34:49.097Z,38.991913,-0.524291,837
952,Academic Maravall,Maulets,2023-12-12T08:34:49.097Z,38.991249,-0.518678,216
953,N-340B,CV-645A,2023-12-12T08:34:49.097Z,0.0,0.0,698
954,CV-645A,Corts Valencianes 1B,2023-12-12T08:34:59.097Z,38.985252,-0.537441,565
955,CV-645B,Beata InesA,2023-12-12T08:34:59.097Z,0.0,0.0,460
956,Corts Valencianes 1A,CV-645B,2023-12-12T08:34:59.097Z,38.985252,-0.537441,690
957,Corts Valencianes 1B,Alfons MagnanimB,2023-12-12T08:34:59.097Z,38.986084,-0.534517,395
958,PalasietA,PalasietB,2023-12-12T08:34:59.097Z,38.985489,-0.534157,837
959,PalasietB,PalasietA,2023-12-12T08:34:59.097Z,38.985252,-0.537441,124
960,Aben FerriB,PalasietB,2023-12-12T08:34:59.097Z,38.985489,-0.534157,246
961,Argenteria,PalasietB,2023-12-12T08:34:59.097Z,38.985489,-0.534157,eXX
962,9 OctubreB,Reina,2023-12-12T08:34:59.097Z,38.987684,-0.53061,817
963,Ausias MarchB,Ximen ToviaB,2023-12-12T08:34:59.097Z,38.991913,-0.524291,967
964,Beata InesB,Beata InesA,2023-12-12T08:34:59.097Z,0.0,0.0,390
965,Reina,Albereda 1,2023-12-12T08:34:59.097Z,38.989955,-0.523503,756
966,N-340B,N-340A,2023-12-12T08:34:59.097Z,0.0,0.0,327
967,Corts Valencianes 1B,Alfons MagnanimB,2023-12-12T08:35:09.097Z,38.986084,-0.534517,442
968,Corts Valencianes 2B,Ausias MarchB,2023-12-12T08:35:09.097Z,38.987684,-0.53061,False
969,PalasietA,PalasietB,2023-12-12T08:35:09.097Z,38.985489,-0.534157,405
970,Alfons MagnanimB,9 OctubreB,2023-12-12T08:35:09.097Z,38.987144,-0.535236,395
971,Argenteria,PalasietB,2023-12-12T08:35:09.097Z,38.985489,-0.534157,862
972,9 OctubreB,Ausias MarchB,2023-12-12T08:35:09.097Z,38.987684,-0.53061,550
973,Ausias MarchB,Ausias MarchA,2023-12-12T08:35:09.097Z,38.991913,-0.524291,893
974,Beata InesA,Corts Valencianes 2A,2023-12-12T08:35:09.097Z,38.987684,-0.53061,777
975,Reina,Republica Argentina,2023-12-12T08:35:09.097Z,38.989955,-0.523503,697
976,Albereda 1,Albereda 2,2023-12-12T08:35:09.097Z,38.990122,-0.519633,756
977,Academic Maravall,Maulets,2023-12-12T08:35:09.097Z,38.991249,-0.518678,344
978,CV-645A,Corts Valencianes 1B,2023-12-12T08:35:19.097Z,38.985252,-0.537441,698
979,Corts Valencianes 1B,Alfons MagnanimB,2023-12-12T08:35:19.097Z,38.986084,-0.534517,False
980,Corts Valencianes 2B,9 OctubreA,2023-12-12T08:35:19.097Z,38.987684,-0.53061,049
981,PalasietA,Aben FerriA,2023-12-12T08:35:19.097Z,38.985489,-0.534157,False
982,PalasietB,CV-645B,2023-12-12T08:35:19.097Z,38.985252,-0.537441,False
983,Alfons MagnanimB,Alfons MagnanimA,2023-12-12T08:35:19.097Z,38.987144,-0.535236,442
984,Argenteria,PalasietB,2023-12-12T08:35:19.097Z,38.985489,-0.534157,537
985,9 OctubreB,Beata InesB,2023-12-12T08:35:19.097Z,38.987684,-0.53061,597
986,Ausias MarchB,Baixada estacio 1,2023-12-12T08:35:19.097Z,38.991913,-0.524291,False
987,Beata InesA,Ausias MarchB,2023-12-12T08:35:19.097Z,38.987684,-0.53061,480
988,Reina,Republica Argentina,2023-12-12T08:35:19.097Z,38.989955,-0.523503,927
989,N-340B,CV-645A,2023-12-12T08:35:19.097Z,0.0,0.0,003
990,CV-645B,Beata InesA,2023-12-12T08:35:29.097Z,0.0,0.0,977
991,Corts Valencianes 1B,Corts Valencianes 2B,2023-12-12T08:35:29.097Z,38.986084,-0.534517,965
992,PalasietA,PalasietB,2023-12-12T08:35:29.097Z,38.985489,-0.534157,968
993,PalasietB,Corts Valencianes 1B,2023-12-12T08:35:29.097Z,38.985252,-0.537441,765
994,Alfons MagnanimA,Corts Valencianes 1A,2023-12-12T08:35:29.097Z,38.986084,-0.534517,447
995,Alfons MagnanimB,9 OctubreB,2023-12-12T08:35:29.097Z,38.987144,-0.535236,False
996,Aben FerriA,Alfons MagnanimB,2023-12-12T08:35:29.097Z,38.986084,-0.534517,False
997,Argenteria,PalasietB,2023-12-12T08:35:29.097Z,38.985489,-0.534157,969
998,Ausias MarchB,Ausias MarchA,2023-12-12T08:35:29.097Z,38.991913,-0.524291,False
999,Beata InesA,Ausias MarchB,2023-12-12T08:35:29.097Z,38.987684,-0.53061,390
