,enter,exit,date,latitude,longitude,matricula
0,Beata InesA,Corts Valencianes 2A,2023-09-22T19:32:29.097Z,38.987684,-0.53061,296
1,Reina,Albereda 1,2023-09-22T19:32:29.097Z,38.989955,-0.523503,161
2,Albereda 1,Albereda 2,2023-09-22T19:32:29.097Z,38.990122,-0.519633,402
3,Albereda 2,N-340B,2023-09-22T19:32:29.097Z,38.990742,-0.513,False
4,Corts Valencianes 1A,PalasietA,2023-09-22T19:32:39.097Z,38.985252,-0.537441,969
5,Corts Valencianes 1B,Aben FerriB,2023-09-22T19:32:39.097Z,38.986084,-0.534517,239
6,Corts Valencianes 2A,Aben FerriB,2023-09-22T19:32:39.097Z,38.986084,-0.534517,308
7,Corts Valencianes 2B,Ausias MarchB,2023-09-22T19:32:39.097Z,38.987684,-0.53061,748
8,PalasietB,Corts Valencianes 1B,2023-09-22T19:32:39.097Z,38.985252,-0.537441,False
9,Alfons MagnanimB,9 OctubreB,2023-09-22T19:32:39.097Z,38.987144,-0.535236,432
10,9 OctubreA,9 OctubreB,2023-09-22T19:32:39.097Z,38.987144,-0.535236,218
11,9 OctubreB,Reina,2023-09-22T19:32:39.097Z,38.987684,-0.53061,False
12,Abu Masaifa,Corts Valencianes 2A,2023-09-22T19:32:39.097Z,38.987684,-0.53061,413
13,Ausias MarchA,9 OctubreA,2023-09-22T19:32:39.097Z,38.987684,-0.53061,785
14,Ausias MarchB,Ausias MarchA,2023-09-22T19:32:39.097Z,38.991913,-0.524291,747
15,Beata InesB,N-340A,2023-09-22T19:32:39.097Z,0.0,0.0,False
16,Reina,Republica Argentina,2023-09-22T19:32:39.097Z,38.989955,-0.523503,971
17,Ximen ToviaA,Baixada estacio 1,2023-09-22T19:32:39.097Z,38.991913,-0.524291,919
18,Gregorio Molina,Abu Masaifa,2023-09-22T19:32:39.097Z,38.991213,-0.523787,940
19,Albereda 1,Albereda 2,2023-09-22T19:32:39.097Z,38.990122,-0.519633,861
20,Albereda 2,N-340B,2023-09-22T19:32:39.097Z,38.990742,-0.513,False
21,Maulets,N-340B,2023-09-22T19:32:39.097Z,38.992357,-0.519858,910
22,CV-645B,N-340A,2023-09-22T19:32:49.097Z,0.0,0.0,False
23,Corts Valencianes 1A,Corts Valencianes 1B,2023-09-22T19:32:49.097Z,38.985252,-0.537441,637
24,Corts Valencianes 2A,Alfons MagnanimB,2023-09-22T19:32:49.097Z,38.986084,-0.534517,283
25,PalasietA,Aben FerriA,2023-09-22T19:32:49.097Z,38.985489,-0.534157,983
26,PalasietB,CV-645B,2023-09-22T19:32:49.097Z,38.985252,-0.537441,679
27,9 OctubreA,Alfons MagnanimA,2023-09-22T19:32:49.097Z,38.987144,-0.535236,442
28,Abu Masaifa,Ausias MarchB,2023-09-22T19:32:49.097Z,38.987684,-0.53061,851
29,Ausias MarchB,Ximen ToviaB,2023-09-22T19:32:49.097Z,38.991913,-0.524291,750
30,Beata InesA,9 OctubreA,2023-09-22T19:32:49.097Z,38.987684,-0.53061,389
31,Beata InesB,N-340A,2023-09-22T19:32:49.097Z,0.0,0.0,316
32,Gregorio Molina,Abu Masaifa,2023-09-22T19:32:49.097Z,38.991213,-0.523787,418
33,Albereda 1,Albereda 2,2023-09-22T19:32:49.097Z,38.990122,-0.519633,110
34,Albereda 2,N-340B,2023-09-22T19:32:49.097Z,38.990742,-0.513,254
35,Corts Valencianes 1B,Corts Valencianes 2B,2023-09-22T19:32:59.097Z,38.986084,-0.534517,False
36,Corts Valencianes 2A,Corts Valencianes 2B,2023-09-22T19:32:59.097Z,38.986084,-0.534517,145
37,Corts Valencianes 2B,Ausias MarchB,2023-09-22T19:32:59.097Z,38.987684,-0.53061,107
38,PalasietA,PalasietA,2023-09-22T19:32:59.097Z,38.985489,-0.534157,032
39,PalasietB,CV-645B,2023-09-22T19:32:59.097Z,38.985252,-0.537441,497
40,Alfons MagnanimB,9 OctubreB,2023-09-22T19:32:59.097Z,38.987144,-0.535236,177
41,Aben FerriA,Alfons MagnanimB,2023-09-22T19:32:59.097Z,38.986084,-0.534517,983
42,Argenteria,PalasietB,2023-09-22T19:32:59.097Z,38.985489,-0.534157,771
43,9 OctubreA,Alfons MagnanimA,2023-09-22T19:32:59.097Z,38.987144,-0.535236,False
44,9 OctubreB,9 OctubreA,2023-09-22T19:32:59.097Z,38.987684,-0.53061,432
45,Abu Masaifa,9 OctubreA,2023-09-22T19:32:59.097Z,38.987684,-0.53061,False
46,Ausias MarchA,Beata InesB,2023-09-22T19:32:59.097Z,38.987684,-0.53061,747
47,Ausias MarchB,Baixada estacio 1,2023-09-22T19:32:59.097Z,38.991913,-0.524291,450
48,Beata InesA,Reina,2023-09-22T19:32:59.097Z,38.987684,-0.53061,893
49,Beata InesB,CV-645A,2023-09-22T19:32:59.097Z,0.0,0.0,864
50,Reina,Albereda 1,2023-09-22T19:32:59.097Z,38.989955,-0.523503,False
51,Baixada estacio 1,Abu Masaifa,2023-09-22T19:32:59.097Z,38.991213,-0.523787,299
52,Gregorio Molina,Baixada estacio 2,2023-09-22T19:32:59.097Z,38.991213,-0.523787,451
53,Albereda 2,N-340B,2023-09-22T19:32:59.097Z,38.990742,-0.513,False
54,Maulets,N-340B,2023-09-22T19:32:59.097Z,38.992357,-0.519858,False
55,Corts Valencianes 1A,PalasietA,2023-09-22T19:33:09.097Z,38.985252,-0.537441,894
56,Corts Valencianes 2A,Aben FerriB,2023-09-22T19:33:09.097Z,38.986084,-0.534517,182
57,Corts Valencianes 2B,Corts Valencianes 2A,2023-09-22T19:33:09.097Z,38.987684,-0.53061,False
58,PalasietA,PalasietB,2023-09-22T19:33:09.097Z,38.985489,-0.534157,092
59,Alfons MagnanimA,Corts Valencianes 2B,2023-09-22T19:33:09.097Z,38.986084,-0.534517,447
60,Alfons MagnanimB,Alfons MagnanimA,2023-09-22T19:33:09.097Z,38.987144,-0.535236,False
61,Argenteria,Aben FerriA,2023-09-22T19:33:09.097Z,38.985489,-0.534157,592
62,9 OctubreB,Argenteria,2023-09-22T19:33:09.097Z,38.987684,-0.53061,218
63,Reina,Albereda 1,2023-09-22T19:33:09.097Z,38.989955,-0.523503,False
64,Ximen ToviaA,Ximen ToviaB,2023-09-22T19:33:09.097Z,38.991913,-0.524291,267
65,Gregorio Molina,Abu Masaifa,2023-09-22T19:33:09.097Z,38.991213,-0.523787,872
66,Albereda 1,Albereda 2,2023-09-22T19:33:09.097Z,38.990122,-0.519633,899
67,Albereda 2,N-340B,2023-09-22T19:33:09.097Z,38.990742,-0.513,False
68,Academic Maravall,Maulets,2023-09-22T19:33:09.097Z,38.991249,-0.518678,126
69,Maulets,Carme 1,2023-09-22T19:33:09.097Z,38.992357,-0.519858,474
70,N-340A,Ximen ToviaA,2023-09-22T19:33:09.097Z,38.992357,-0.519858,894
71,N-340B,N-340B,2023-09-22T19:33:09.097Z,0.0,0.0,545
72,CV-645B,CV-645B,2023-09-22T19:33:19.097Z,0.0,0.0,816
73,Corts Valencianes 1B,Aben FerriB,2023-09-22T19:33:19.097Z,38.986084,-0.534517,617
74,Corts Valencianes 2A,Aben FerriB,2023-09-22T19:33:19.097Z,38.986084,-0.534517,152
75,Corts Valencianes 2B,Reina,2023-09-22T19:33:19.097Z,38.987684,-0.53061,798
76,PalasietB,CV-645B,2023-09-22T19:33:19.097Z,38.985252,-0.537441,025
77,Alfons MagnanimA,Corts Valencianes 2B,2023-09-22T19:33:19.097Z,38.986084,-0.534517,090
78,Alfons MagnanimB,9 OctubreB,2023-09-22T19:33:19.097Z,38.987144,-0.535236,283
79,Aben FerriB,PalasietB,2023-09-22T19:33:19.097Z,38.985489,-0.534157,308
80,Argenteria,PalasietB,2023-09-22T19:33:19.097Z,38.985489,-0.534157,209
81,9 OctubreA,Alfons MagnanimA,2023-09-22T19:33:19.097Z,38.987144,-0.535236,False
82,9 OctubreB,9 OctubreA,2023-09-22T19:33:19.097Z,38.987684,-0.53061,171
83,Abu Masaifa,9 OctubreA,2023-09-22T19:33:19.097Z,38.987684,-0.53061,036
84,Ausias MarchA,9 OctubreA,2023-09-22T19:33:19.097Z,38.987684,-0.53061,False
85,Ausias MarchB,Ximen ToviaB,2023-09-22T19:33:19.097Z,38.991913,-0.524291,716
86,Reina,Republica Argentina,2023-09-22T19:33:19.097Z,38.989955,-0.523503,147
87,Ximen ToviaA,Ausias MarchA,2023-09-22T19:33:19.097Z,38.991913,-0.524291,NXX
88,Ximen ToviaB,N-340B,2023-09-22T19:33:19.097Z,38.992357,-0.519858,750
89,Baixada estacio 2,Republica Argentina,2023-09-22T19:33:19.097Z,38.989955,-0.523503,647
90,Academic Maravall,Maulets,2023-09-22T19:33:19.097Z,38.991249,-0.518678,564
91,Maulets,Ximen ToviaA,2023-09-22T19:33:19.097Z,38.992357,-0.519858,974
92,CV-645A,PalasietA,2023-09-22T19:33:29.097Z,38.985252,-0.537441,676
93,CV-645B,CV-645A,2023-09-22T19:33:29.097Z,0.0,0.0,298
94,Corts Valencianes 1B,Corts Valencianes 2B,2023-09-22T19:33:29.097Z,38.986084,-0.534517,206
95,Corts Valencianes 2A,Aben FerriB,2023-09-22T19:33:29.097Z,38.986084,-0.534517,919
96,Corts Valencianes 2B,Reina,2023-09-22T19:33:29.097Z,38.987684,-0.53061,005
97,PalasietA,PalasietB,2023-09-22T19:33:29.097Z,38.985489,-0.534157,894
98,PalasietB,PalasietB,2023-09-22T19:33:29.097Z,38.985252,-0.537441,390
99,Alfons MagnanimA,Corts Valencianes 1A,2023-09-22T19:33:29.097Z,38.986084,-0.534517,890
100,Alfons MagnanimB,9 OctubreB,2023-09-22T19:33:29.097Z,38.987144,-0.535236,983
101,Aben FerriA,Alfons MagnanimB,2023-09-22T19:33:29.097Z,38.986084,-0.534517,999
102,Aben FerriB,PalasietB,2023-09-22T19:33:29.097Z,38.985489,-0.534157,182
103,Argenteria,Aben FerriA,2023-09-22T19:33:29.097Z,38.985489,-0.534157,False
104,Abu Masaifa,Ausias MarchB,2023-09-22T19:33:29.097Z,38.987684,-0.53061,880
105,Ausias MarchB,Baixada estacio 1,2023-09-22T19:33:29.097Z,38.991913,-0.524291,552
106,Reina,Republica Argentina,2023-09-22T19:33:29.097Z,38.989955,-0.523503,False
107,Albereda 1,Albereda 2,2023-09-22T19:33:29.097Z,38.990122,-0.519633,158
108,Albereda 2,Cosmografo,2023-09-22T19:33:29.097Z,38.990742,-0.513,994
109,Academic Maravall,Maulets,2023-09-22T19:33:29.097Z,38.991249,-0.518678,753
110,Maulets,Ximen ToviaA,2023-09-22T19:33:29.097Z,38.992357,-0.519858,False
111,N-340A,Carme 1,2023-09-22T19:33:29.097Z,38.992357,-0.519858,994
112,N-340B,N-340A,2023-09-22T19:33:29.097Z,0.0,0.0,False
113,CV-645B,CV-645A,2023-09-22T19:33:39.097Z,0.0,0.0,159
114,Corts Valencianes 1A,Corts Valencianes 1B,2023-09-22T19:33:39.097Z,38.985252,-0.537441,False
115,Corts Valencianes 2A,Aben FerriB,2023-09-22T19:33:39.097Z,38.986084,-0.534517,296
116,PalasietA,Aben FerriA,2023-09-22T19:33:39.097Z,38.985489,-0.534157,464
117,PalasietB,PalasietA,2023-09-22T19:33:39.097Z,38.985252,-0.537441,727
118,Alfons MagnanimA,Aben FerriB,2023-09-22T19:33:39.097Z,38.986084,-0.534517,False
119,Alfons MagnanimB,Alfons MagnanimA,2023-09-22T19:33:39.097Z,38.987144,-0.535236,592
120,Aben FerriA,Corts Valencianes 2B,2023-09-22T19:33:39.097Z,38.986084,-0.534517,999
121,Aben FerriB,PalasietB,2023-09-22T19:33:39.097Z,38.985489,-0.534157,617
122,9 OctubreA,9 OctubreB,2023-09-22T19:33:39.097Z,38.987144,-0.535236,785
123,Ausias MarchA,Ausias MarchB,2023-09-22T19:33:39.097Z,38.987684,-0.53061,339
124,Reina,Republica Argentina,2023-09-22T19:33:39.097Z,38.989955,-0.523503,077
125,Ximen ToviaA,Ausias MarchA,2023-09-22T19:33:39.097Z,38.991913,-0.524291,985
126,Baixada estacio 1,Baixada estacio 2,2023-09-22T19:33:39.097Z,38.991213,-0.523787,False
127,Albereda 1,Albereda 2,2023-09-22T19:33:39.097Z,38.990122,-0.519633,230
128,Albereda 2,Cosmografo,2023-09-22T19:33:39.097Z,38.990742,-0.513,003
129,Carme 1,Carme 2,2023-09-22T19:33:39.097Z,38.99105,-0.519778,False
130,Academic Maravall,Maulets,2023-09-22T19:33:39.097Z,38.991249,-0.518678,698
131,Maulets,N-340B,2023-09-22T19:33:39.097Z,38.992357,-0.519858,779
132,Corts Valencianes 2A,Corts Valencianes 2B,2023-09-22T19:33:49.097Z,38.986084,-0.534517,413
133,Corts Valencianes 2B,Reina,2023-09-22T19:33:49.097Z,38.987684,-0.53061,False
134,Alfons MagnanimA,Corts Valencianes 2B,2023-09-22T19:33:49.097Z,38.986084,-0.534517,592
135,Aben FerriA,Alfons MagnanimB,2023-09-22T19:33:49.097Z,38.986084,-0.534517,676
136,Aben FerriB,Aben FerriA,2023-09-22T19:33:49.097Z,38.985489,-0.534157,False
137,Argenteria,PalasietB,2023-09-22T19:33:49.097Z,38.985489,-0.534157,357
138,9 OctubreA,9 OctubreB,2023-09-22T19:33:49.097Z,38.987144,-0.535236,353
139,Abu Masaifa,Beata InesB,2023-09-22T19:33:49.097Z,38.987684,-0.53061,777
140,Ausias MarchB,Ausias MarchA,2023-09-22T19:33:49.097Z,38.991913,-0.524291,926
141,Beata InesB,Beata InesA,2023-09-22T19:33:49.097Z,0.0,0.0,696
142,Reina,Republica Argentina,2023-09-22T19:33:49.097Z,38.989955,-0.523503,670
143,Ximen ToviaA,Ximen ToviaB,2023-09-22T19:33:49.097Z,38.991913,-0.524291,181
144,Baixada estacio 2,Republica Argentina,2023-09-22T19:33:49.097Z,38.989955,-0.523503,827
145,Albereda 1,Albereda 2,2023-09-22T19:33:49.097Z,38.990122,-0.519633,538
146,Albereda 2,N-340B,2023-09-22T19:33:49.097Z,38.990742,-0.513,996
147,Maulets,N-340B,2023-09-22T19:33:49.097Z,38.992357,-0.519858,320
148,N-340B,CV-645A,2023-09-22T19:33:49.097Z,0.0,0.0,087
149,CV-645A,Corts Valencianes 1B,2023-09-22T19:33:59.097Z,38.985252,-0.537441,298
150,CV-645B,Beata InesA,2023-09-22T19:33:59.097Z,0.0,0.0,550
151,Corts Valencianes 2A,Corts Valencianes 2B,2023-09-22T19:33:59.097Z,38.986084,-0.534517,328
152,Corts Valencianes 2B,9 OctubreA,2023-09-22T19:33:59.097Z,38.987684,-0.53061,671
153,PalasietB,CV-645B,2023-09-22T19:33:59.097Z,38.985252,-0.537441,499
154,Aben FerriB,Aben FerriA,2023-09-22T19:33:59.097Z,38.985489,-0.534157,625
155,Argenteria,PalasietB,2023-09-22T19:33:59.097Z,38.985489,-0.534157,False
156,9 OctubreA,Alfons MagnanimA,2023-09-22T19:33:59.097Z,38.987144,-0.535236,696
157,9 OctubreB,Argenteria,2023-09-22T19:33:59.097Z,38.987684,-0.53061,983
158,Abu Masaifa,9 OctubreA,2023-09-22T19:33:59.097Z,38.987684,-0.53061,False
159,Reina,Republica Argentina,2023-09-22T19:33:59.097Z,38.989955,-0.523503,725
160,Ximen ToviaA,Baixada estacio 1,2023-09-22T19:33:59.097Z,38.991913,-0.524291,863
161,Ximen ToviaB,Carme 1,2023-09-22T19:33:59.097Z,38.992357,-0.519858,267
162,Albereda 1,Albereda 2,2023-09-22T19:33:59.097Z,38.990122,-0.519633,556
163,Albereda 2,N-340B,2023-09-22T19:33:59.097Z,38.990742,-0.513,False
164,Carme 1,Academic Maravall,2023-09-22T19:33:59.097Z,38.99105,-0.519778,714
165,Academic Maravall,Maulets,2023-09-22T19:33:59.097Z,38.991249,-0.518678,HXX
166,Maulets,Gregorio Molina,2023-09-22T19:33:59.097Z,38.992357,-0.519858,970
167,CV-645A,PalasietA,2023-09-22T19:34:09.097Z,38.985252,-0.537441,159
168,Corts Valencianes 2A,Corts Valencianes 1A,2023-09-22T19:34:09.097Z,38.986084,-0.534517,355
169,Corts Valencianes 2B,Reina,2023-09-22T19:34:09.097Z,38.987684,-0.53061,986
170,PalasietB,CV-645B,2023-09-22T19:34:09.097Z,38.985252,-0.537441,303
171,Alfons MagnanimA,Aben FerriB,2023-09-22T19:34:09.097Z,38.986084,-0.534517,389
172,Alfons MagnanimB,9 OctubreB,2023-09-22T19:34:09.097Z,38.987144,-0.535236,676
173,Argenteria,Aben FerriA,2023-09-22T19:34:09.097Z,38.985489,-0.534157,934
174,9 OctubreA,Alfons MagnanimA,2023-09-22T19:34:09.097Z,38.987144,-0.535236,432
175,9 OctubreB,Argenteria,2023-09-22T19:34:09.097Z,38.987684,-0.53061,785
176,Abu Masaifa,Argenteria,2023-09-22T19:34:09.097Z,38.987684,-0.53061,911
177,Ausias MarchA,Corts Valencianes 2A,2023-09-22T19:34:09.097Z,38.987684,-0.53061,985
178,Ausias MarchB,Ausias MarchA,2023-09-22T19:34:09.097Z,38.991913,-0.524291,735
179,Reina,Albereda 1,2023-09-22T19:34:09.097Z,38.989955,-0.523503,997
180,Ximen ToviaA,Baixada estacio 1,2023-09-22T19:34:09.097Z,38.991913,-0.524291,007
181,Baixada estacio 1,Abu Masaifa,2023-09-22T19:34:09.097Z,38.991213,-0.523787,638
182,Gregorio Molina,Abu Masaifa,2023-09-22T19:34:09.097Z,38.991213,-0.523787,970
183,Albereda 1,Albereda 2,2023-09-22T19:34:09.097Z,38.990122,-0.519633,960
184,Academic Maravall,Maulets,2023-09-22T19:34:09.097Z,38.991249,-0.518678,862
185,Cosmografo,Maulets,2023-09-22T19:34:09.097Z,38.991249,-0.518678,994
186,Maulets,N-340B,2023-09-22T19:34:09.097Z,38.992357,-0.519858,070
187,CV-645A,PalasietA,2023-09-22T19:34:19.097Z,38.985252,-0.537441,087
188,CV-645B,N-340A,2023-09-22T19:34:19.097Z,0.0,0.0,090
189,Corts Valencianes 1B,Corts Valencianes 2B,2023-09-22T19:34:19.097Z,38.986084,-0.534517,False
190,Corts Valencianes 2B,Argenteria,2023-09-22T19:34:19.097Z,38.987684,-0.53061,False
191,PalasietB,CV-645B,2023-09-22T19:34:19.097Z,38.985252,-0.537441,209
192,Alfons MagnanimA,Corts Valencianes 2B,2023-09-22T19:34:19.097Z,38.986084,-0.534517,432
193,Aben FerriA,Corts Valencianes 2B,2023-09-22T19:34:19.097Z,38.986084,-0.534517,625
194,Aben FerriB,PalasietB,2023-09-22T19:34:19.097Z,38.985489,-0.534157,296
195,Argenteria,PalasietB,2023-09-22T19:34:19.097Z,38.985489,-0.534157,357
196,9 OctubreA,9 OctubreB,2023-09-22T19:34:19.097Z,38.987144,-0.535236,312
197,9 OctubreB,Beata InesB,2023-09-22T19:34:19.097Z,38.987684,-0.53061,151
198,Abu Masaifa,Corts Valencianes 2A,2023-09-22T19:34:19.097Z,38.987684,-0.53061,226
199,Ausias MarchA,Reina,2023-09-22T19:34:19.097Z,38.987684,-0.53061,926
200,Ausias MarchB,Ximen ToviaB,2023-09-22T19:34:19.097Z,38.991913,-0.524291,767
201,Ximen ToviaA,Baixada estacio 1,2023-09-22T19:34:19.097Z,38.991913,-0.524291,699
202,Ximen ToviaB,Carme 1,2023-09-22T19:34:19.097Z,38.992357,-0.519858,718
203,Albereda 1,Albereda 2,2023-09-22T19:34:19.097Z,38.990122,-0.519633,961
204,Academic Maravall,Maulets,2023-09-22T19:34:19.097Z,38.991249,-0.518678,False
205,Cosmografo,Maulets,2023-09-22T19:34:19.097Z,38.991249,-0.518678,919
206,Maulets,Ximen ToviaA,2023-09-22T19:34:19.097Z,38.992357,-0.519858,177
207,N-340B,CV-645A,2023-09-22T19:34:19.097Z,0.0,0.0,882
208,Corts Valencianes 1A,PalasietA,2023-09-22T19:34:29.097Z,38.985252,-0.537441,355
209,Corts Valencianes 1B,Alfons MagnanimB,2023-09-22T19:34:29.097Z,38.986084,-0.534517,298
210,Corts Valencianes 2A,Corts Valencianes 1A,2023-09-22T19:34:29.097Z,38.986084,-0.534517,False
211,Corts Valencianes 2B,Reina,2023-09-22T19:34:29.097Z,38.987684,-0.53061,666
212,PalasietA,PalasietA,2023-09-22T19:34:29.097Z,38.985489,-0.534157,696
213,PalasietB,CV-645B,2023-09-22T19:34:29.097Z,38.985252,-0.537441,894
214,Aben FerriB,Aben FerriA,2023-09-22T19:34:29.097Z,38.985489,-0.534157,False
215,9 OctubreA,Alfons MagnanimA,2023-09-22T19:34:29.097Z,38.987144,-0.535236,177
216,9 OctubreB,9 OctubreA,2023-09-22T19:34:29.097Z,38.987684,-0.53061,864
217,Reina,Albereda 1,2023-09-22T19:34:29.097Z,38.989955,-0.523503,365
218,Ximen ToviaA,Ausias MarchA,2023-09-22T19:34:29.097Z,38.991913,-0.524291,914
219,Ximen ToviaB,N-340B,2023-09-22T19:34:29.097Z,38.992357,-0.519858,119
220,Baixada estacio 1,Baixada estacio 2,2023-09-22T19:34:29.097Z,38.991213,-0.523787,699
221,Albereda 1,Albereda 2,2023-09-22T19:34:29.097Z,38.990122,-0.519633,406
222,Maulets,Carme 1,2023-09-22T19:34:29.097Z,38.992357,-0.519858,385
223,N-340B,N-340B,2023-09-22T19:34:29.097Z,0.0,0.0,245
224,CV-645A,Corts Valencianes 1B,2023-09-22T19:34:39.097Z,38.985252,-0.537441,882
225,Corts Valencianes 1A,PalasietA,2023-09-22T19:34:39.097Z,38.985252,-0.537441,False
226,Corts Valencianes 2B,Ausias MarchB,2023-09-22T19:34:39.097Z,38.987684,-0.53061,442
227,PalasietA,Aben FerriA,2023-09-22T19:34:39.097Z,38.985489,-0.534157,False
228,PalasietB,PalasietA,2023-09-22T19:34:39.097Z,38.985252,-0.537441,182
229,Alfons MagnanimA,Corts Valencianes 2B,2023-09-22T19:34:39.097Z,38.986084,-0.534517,False
230,Alfons MagnanimB,Alfons MagnanimA,2023-09-22T19:34:39.097Z,38.987144,-0.535236,298
231,Aben FerriA,Corts Valencianes 2B,2023-09-22T19:34:39.097Z,38.986084,-0.534517,699
232,Aben FerriB,Aben FerriA,2023-09-22T19:34:39.097Z,38.985489,-0.534157,389
233,Argenteria,PalasietB,2023-09-22T19:34:39.097Z,38.985489,-0.534157,218
234,9 OctubreA,9 OctubreB,2023-09-22T19:34:39.097Z,38.987144,-0.535236,036
235,9 OctubreB,Corts Valencianes 2A,2023-09-22T19:34:39.097Z,38.987684,-0.53061,126
236,Ausias MarchB,Ausias MarchA,2023-09-22T19:34:39.097Z,38.991913,-0.524291,919
237,Beata InesA,9 OctubreA,2023-09-22T19:34:39.097Z,38.987684,-0.53061,969
238,Reina,Albereda 1,2023-09-22T19:34:39.097Z,38.989955,-0.523503,False
239,Ximen ToviaA,Ausias MarchA,2023-09-22T19:34:39.097Z,38.991913,-0.524291,False
240,Albereda 2,N-340B,2023-09-22T19:34:39.097Z,38.990742,-0.513,False
241,Carme 1,Academic Maravall,2023-09-22T19:34:39.097Z,38.99105,-0.519778,eso
242,Maulets,Gregorio Molina,2023-09-22T19:34:39.097Z,38.992357,-0.519858,601
243,CV-645B,N-340A,2023-09-22T19:34:49.097Z,0.0,0.0,False
244,Corts Valencianes 1B,Alfons MagnanimB,2023-09-22T19:34:49.097Z,38.986084,-0.534517,449
245,Corts Valencianes 2B,Argenteria,2023-09-22T19:34:49.097Z,38.987684,-0.53061,False
246,PalasietA,PalasietB,2023-09-22T19:34:49.097Z,38.985489,-0.534157,180
247,Alfons MagnanimA,Aben FerriB,2023-09-22T19:34:49.097Z,38.986084,-0.534517,298
248,Argenteria,PalasietB,2023-09-22T19:34:49.097Z,38.985489,-0.534157,962
249,9 OctubreA,Alfons MagnanimA,2023-09-22T19:34:49.097Z,38.987144,-0.535236,False
250,Abu Masaifa,Reina,2023-09-22T19:34:49.097Z,38.987684,-0.53061,488
251,Ausias MarchB,Baixada estacio 1,2023-09-22T19:34:49.097Z,38.991913,-0.524291,748
252,Beata InesB,N-340A,2023-09-22T19:34:49.097Z,0.0,0.0,399
253,Reina,Republica Argentina,2023-09-22T19:34:49.097Z,38.989955,-0.523503,466
254,Ximen ToviaA,Ausias MarchA,2023-09-22T19:34:49.097Z,38.991913,-0.524291,995
255,Baixada estacio 1,Abu Masaifa,2023-09-22T19:34:49.097Z,38.991213,-0.523787,969
256,Baixada estacio 2,Albereda 1,2023-09-22T19:34:49.097Z,38.989955,-0.523503,894
257,Albereda 1,Albereda 2,2023-09-22T19:34:49.097Z,38.990122,-0.519633,iXX
258,Albereda 2,N-340B,2023-09-22T19:34:49.097Z,38.990742,-0.513,484
259,Academic Maravall,Maulets,2023-09-22T19:34:49.097Z,38.991249,-0.518678,994
260,N-340B,Beata InesA,2023-09-22T19:34:49.097Z,0.0,0.0,False
261,CV-645B,CV-645A,2023-09-22T19:34:59.097Z,0.0,0.0,192
262,Corts Valencianes 2B,Beata InesB,2023-09-22T19:34:59.097Z,38.987684,-0.53061,206
263,PalasietA,Aben FerriA,2023-09-22T19:34:59.097Z,38.985489,-0.534157,False
264,PalasietB,PalasietA,2023-09-22T19:34:59.097Z,38.985252,-0.537441,945
265,Alfons MagnanimA,Corts Valencianes 2B,2023-09-22T19:34:59.097Z,38.986084,-0.534517,False
266,Alfons MagnanimB,Alfons MagnanimA,2023-09-22T19:34:59.097Z,38.987144,-0.535236,False
267,Aben FerriA,Aben FerriB,2023-09-22T19:34:59.097Z,38.986084,-0.534517,False
268,Aben FerriB,Aben FerriA,2023-09-22T19:34:59.097Z,38.985489,-0.534157,798
269,Argenteria,PalasietB,2023-09-22T19:34:59.097Z,38.985489,-0.534157,678
270,9 OctubreA,Alfons MagnanimA,2023-09-22T19:34:59.097Z,38.987144,-0.535236,699
271,Abu Masaifa,Corts Valencianes 2A,2023-09-22T19:34:59.097Z,38.987684,-0.53061,543
272,Ausias MarchA,Beata InesB,2023-09-22T19:34:59.097Z,38.987684,-0.53061,769
273,Beata InesA,Argenteria,2023-09-22T19:34:59.097Z,38.987684,-0.53061,550
274,Baixada estacio 1,Abu Masaifa,2023-09-22T19:34:59.097Z,38.991213,-0.523787,748
275,Academic Maravall,Maulets,2023-09-22T19:34:59.097Z,38.991249,-0.518678,216
276,Maulets,N-340B,2023-09-22T19:34:59.097Z,38.992357,-0.519858,710
277,CV-645B,CV-645B,2023-09-22T19:35:09.097Z,0.0,0.0,971
278,Corts Valencianes 2A,Corts Valencianes 2B,2023-09-22T19:35:09.097Z,38.986084,-0.534517,False
279,Corts Valencianes 2B,Reina,2023-09-22T19:35:09.097Z,38.987684,-0.53061,999
280,PalasietA,Aben FerriA,2023-09-22T19:35:09.097Z,38.985489,-0.534157,727
281,PalasietB,PalasietA,2023-09-22T19:35:09.097Z,38.985252,-0.537441,637
282,Aben FerriA,Corts Valencianes 2B,2023-09-22T19:35:09.097Z,38.986084,-0.534517,False
283,Aben FerriB,PalasietB,2023-09-22T19:35:09.097Z,38.985489,-0.534157,False
284,Argenteria,Aben FerriA,2023-09-22T19:35:09.097Z,38.985489,-0.534157,537
285,9 OctubreA,9 OctubreB,2023-09-22T19:35:09.097Z,38.987144,-0.535236,False
286,Abu Masaifa,Reina,2023-09-22T19:35:09.097Z,38.987684,-0.53061,974
287,Ausias MarchA,9 OctubreA,2023-09-22T19:35:09.097Z,38.987684,-0.53061,914
288,Reina,Republica Argentina,2023-09-22T19:35:09.097Z,38.989955,-0.523503,366
289,Ximen ToviaA,Ausias MarchA,2023-09-22T19:35:09.097Z,38.991913,-0.524291,128
290,Ximen ToviaB,N-340B,2023-09-22T19:35:09.097Z,38.992357,-0.519858,767
291,Albereda 1,Albereda 2,2023-09-22T19:35:09.097Z,38.990122,-0.519633,912
292,Albereda 2,Cosmografo,2023-09-22T19:35:09.097Z,38.990742,-0.513,161
293,Academic Maravall,Maulets,2023-09-22T19:35:09.097Z,38.991249,-0.518678,196
294,Maulets,Gregorio Molina,2023-09-22T19:35:09.097Z,38.992357,-0.519858,189
295,Corts Valencianes 2A,Aben FerriB,2023-09-22T19:35:19.097Z,38.986084,-0.534517,543
296,Corts Valencianes 2B,Ausias MarchB,2023-09-22T19:35:19.097Z,38.987684,-0.53061,413
297,Alfons MagnanimA,Aben FerriB,2023-09-22T19:35:19.097Z,38.986084,-0.534517,False
298,Argenteria,Aben FerriA,2023-09-22T19:35:19.097Z,38.985489,-0.534157,False
299,9 OctubreA,Alfons MagnanimA,2023-09-22T19:35:19.097Z,38.987144,-0.535236,864
300,Abu Masaifa,Reina,2023-09-22T19:35:19.097Z,38.987684,-0.53061,688
301,Ausias MarchA,Beata InesB,2023-09-22T19:35:19.097Z,38.987684,-0.53061,919
302,Ausias MarchB,Ximen ToviaB,2023-09-22T19:35:19.097Z,38.991913,-0.524291,851
303,Reina,Albereda 1,2023-09-22T19:35:19.097Z,38.989955,-0.523503,426
304,Gregorio Molina,Abu Masaifa,2023-09-22T19:35:19.097Z,38.991213,-0.523787,601
305,Albereda 1,Albereda 2,2023-09-22T19:35:19.097Z,38.990122,-0.519633,False
306,Albereda 2,N-340B,2023-09-22T19:35:19.097Z,38.990742,-0.513,False
307,Maulets,N-340B,2023-09-22T19:35:19.097Z,38.992357,-0.519858,768
308,N-340B,CV-645A,2023-09-22T19:35:19.097Z,0.0,0.0,434
309,CV-645B,Beata InesA,2023-09-22T19:35:29.097Z,0.0,0.0,062
310,Corts Valencianes 2B,9 OctubreA,2023-09-22T19:35:29.097Z,38.987684,-0.53061,992
311,PalasietA,PalasietB,2023-09-22T19:35:29.097Z,38.985489,-0.534157,586
312,PalasietB,PalasietA,2023-09-22T19:35:29.097Z,38.985252,-0.537441,False
313,Alfons MagnanimA,Aben FerriB,2023-09-22T19:35:29.097Z,38.986084,-0.534517,671
314,Aben FerriA,Corts Valencianes 2B,2023-09-22T19:35:29.097Z,38.986084,-0.534517,334
315,Argenteria,PalasietB,2023-09-22T19:35:29.097Z,38.985489,-0.534157,699
316,9 OctubreB,Ausias MarchB,2023-09-22T19:35:29.097Z,38.987684,-0.53061,036
317,Abu Masaifa,Argenteria,2023-09-22T19:35:29.097Z,38.987684,-0.53061,838
318,Ausias MarchA,Corts Valencianes 2A,2023-09-22T19:35:29.097Z,38.987684,-0.53061,427
319,Ausias MarchB,Ximen ToviaB,2023-09-22T19:35:29.097Z,38.991913,-0.524291,331
320,Beata InesB,Beata InesB,2023-09-22T19:35:29.097Z,0.0,0.0,206
321,Reina,Albereda 1,2023-09-22T19:35:29.097Z,38.989955,-0.523503,170
322,Carme 1,Academic Maravall,2023-09-22T19:35:29.097Z,38.99105,-0.519778,267
323,Academic Maravall,Maulets,2023-09-22T19:35:29.097Z,38.991249,-0.518678,474
324,Maulets,Ximen ToviaA,2023-09-22T19:35:29.097Z,38.992357,-0.519858,474
325,CV-645B,CV-645A,2023-09-22T19:35:39.097Z,0.0,0.0,631
326,Corts Valencianes 2B,Reina,2023-09-22T19:35:39.097Z,38.987684,-0.53061,False
327,PalasietA,Aben FerriA,2023-09-22T19:35:39.097Z,38.985489,-0.534157,182
328,PalasietB,Corts Valencianes 1B,2023-09-22T19:35:39.097Z,38.985252,-0.537441,256
329,Alfons MagnanimA,Corts Valencianes 1A,2023-09-22T19:35:39.097Z,38.986084,-0.534517,864
330,Aben FerriA,Alfons MagnanimB,2023-09-22T19:35:39.097Z,38.986084,-0.534517,False
331,Argenteria,Aben FerriA,2023-09-22T19:35:39.097Z,38.985489,-0.534157,False
332,9 OctubreA,Alfons MagnanimA,2023-09-22T19:35:39.097Z,38.987144,-0.535236,False
333,Ausias MarchA,Ausias MarchB,2023-09-22T19:35:39.097Z,38.987684,-0.53061,995
334,Ximen ToviaB,Ximen ToviaA,2023-09-22T19:35:39.097Z,38.992357,-0.519858,851
335,Albereda 1,Albereda 2,2023-09-22T19:35:39.097Z,38.990122,-0.519633,False
336,Albereda 2,N-340B,2023-09-22T19:35:39.097Z,38.990742,-0.513,236
337,Academic Maravall,Maulets,2023-09-22T19:35:39.097Z,38.991249,-0.518678,856
338,Cosmografo,Maulets,2023-09-22T19:35:39.097Z,38.991249,-0.518678,969
339,Maulets,N-340B,2023-09-22T19:35:39.097Z,38.992357,-0.519858,False
340,N-340B,CV-645A,2023-09-22T19:35:39.097Z,0.0,0.0,910
341,CV-645A,Corts Valencianes 1B,2023-09-22T19:35:49.097Z,38.985252,-0.537441,792
342,CV-645B,Beata InesA,2023-09-22T19:35:49.097Z,0.0,0.0,False
343,Corts Valencianes 2A,Aben FerriB,2023-09-22T19:35:49.097Z,38.986084,-0.534517,False
344,Corts Valencianes 2B,Ausias MarchB,2023-09-22T19:35:49.097Z,38.987684,-0.53061,False
345,PalasietA,Aben FerriA,2023-09-22T19:35:49.097Z,38.985489,-0.534157,390
346,PalasietB,CV-645B,2023-09-22T19:35:49.097Z,38.985252,-0.537441,357
347,Alfons MagnanimB,9 OctubreB,2023-09-22T19:35:49.097Z,38.987144,-0.535236,355
348,Aben FerriA,Corts Valencianes 1A,2023-09-22T19:35:49.097Z,38.986084,-0.534517,298
349,Aben FerriB,PalasietB,2023-09-22T19:35:49.097Z,38.985489,-0.534157,239
350,Argenteria,PalasietB,2023-09-22T19:35:49.097Z,38.985489,-0.534157,550
351,9 OctubreA,9 OctubreB,2023-09-22T19:35:49.097Z,38.987144,-0.535236,914
352,9 OctubreB,Argenteria,2023-09-22T19:35:49.097Z,38.987684,-0.53061,False
353,Abu Masaifa,Beata InesB,2023-09-22T19:35:49.097Z,38.987684,-0.53061,646
354,Ausias MarchA,Corts Valencianes 2A,2023-09-22T19:35:49.097Z,38.987684,-0.53061,False
355,Albereda 1,Albereda 2,2023-09-22T19:35:49.097Z,38.990122,-0.519633,696
356,Albereda 2,N-340B,2023-09-22T19:35:49.097Z,38.990742,-0.513,430
357,Academic Maravall,Maulets,2023-09-22T19:35:49.097Z,38.991249,-0.518678,False
358,Maulets,Ximen ToviaA,2023-09-22T19:35:49.097Z,38.992357,-0.519858,757
359,N-340B,Beata InesA,2023-09-22T19:35:49.097Z,0.0,0.0,978
360,CV-645B,CV-645A,2023-09-22T19:35:59.097Z,0.0,0.0,279
361,Corts Valencianes 1A,Corts Valencianes 1B,2023-09-22T19:35:59.097Z,38.985252,-0.537441,864
362,Corts Valencianes 1B,Corts Valencianes 1A,2023-09-22T19:35:59.097Z,38.986084,-0.534517,296
363,Corts Valencianes 2A,Alfons MagnanimB,2023-09-22T19:35:59.097Z,38.986084,-0.534517,128
364,Corts Valencianes 2B,Corts Valencianes 2A,2023-09-22T19:35:59.097Z,38.987684,-0.53061,432
365,PalasietA,Aben FerriA,2023-09-22T19:35:59.097Z,38.985489,-0.534157,637
366,PalasietB,CV-645B,2023-09-22T19:35:59.097Z,38.985252,-0.537441,218
367,Alfons MagnanimA,Alfons MagnanimB,2023-09-22T19:35:59.097Z,38.986084,-0.534517,690
368,Aben FerriA,Corts Valencianes 2B,2023-09-22T19:35:59.097Z,38.986084,-0.534517,771
369,Aben FerriB,PalasietB,2023-09-22T19:35:59.097Z,38.985489,-0.534157,543
370,Argenteria,PalasietB,2023-09-22T19:35:59.097Z,38.985489,-0.534157,830
371,9 OctubreA,9 OctubreB,2023-09-22T19:35:59.097Z,38.987144,-0.535236,592
372,Abu Masaifa,Corts Valencianes 2A,2023-09-22T19:35:59.097Z,38.987684,-0.53061,940
373,Ausias MarchB,Ausias MarchA,2023-09-22T19:35:59.097Z,38.991913,-0.524291,660
374,Beata InesA,Corts Valencianes 2A,2023-09-22T19:35:59.097Z,38.987684,-0.53061,468
375,Beata InesB,Beata InesA,2023-09-22T19:35:59.097Z,0.0,0.0,696
376,Ximen ToviaA,Ausias MarchA,2023-09-22T19:35:59.097Z,38.991913,-0.524291,897
377,Gregorio Molina,Baixada estacio 2,2023-09-22T19:35:59.097Z,38.991213,-0.523787,189
378,Albereda 1,Albereda 2,2023-09-22T19:35:59.097Z,38.990122,-0.519633,971
379,Albereda 2,Cosmografo,2023-09-22T19:35:59.097Z,38.990742,-0.513,333
380,Academic Maravall,Maulets,2023-09-22T19:35:59.097Z,38.991249,-0.518678,716
381,Maulets,Ximen ToviaA,2023-09-22T19:35:59.097Z,38.992357,-0.519858,356
382,N-340B,N-340A,2023-09-22T19:35:59.097Z,0.0,0.0,816
383,CV-645A,Corts Valencianes 1B,2023-09-22T19:36:09.097Z,38.985252,-0.537441,494
384,CV-645B,CV-645B,2023-09-22T19:36:09.097Z,0.0,0.0,965
385,Corts Valencianes 2A,Corts Valencianes 1A,2023-09-22T19:36:09.097Z,38.986084,-0.534517,432
386,Corts Valencianes 2B,Argenteria,2023-09-22T19:36:09.097Z,38.987684,-0.53061,919
387,PalasietA,Aben FerriA,2023-09-22T19:36:09.097Z,38.985489,-0.534157,False
388,PalasietB,Corts Valencianes 1B,2023-09-22T19:36:09.097Z,38.985252,-0.537441,False
389,Alfons MagnanimB,9 OctubreB,2023-09-22T19:36:09.097Z,38.987144,-0.535236,177
390,Aben FerriA,Corts Valencianes 2B,2023-09-22T19:36:09.097Z,38.986084,-0.534517,997
391,Aben FerriB,Aben FerriA,2023-09-22T19:36:09.097Z,38.985489,-0.534157,882
392,Argenteria,PalasietB,2023-09-22T19:36:09.097Z,38.985489,-0.534157,638
393,9 OctubreB,Beata InesB,2023-09-22T19:36:09.097Z,38.987684,-0.53061,False
394,Abu Masaifa,Ausias MarchB,2023-09-22T19:36:09.097Z,38.987684,-0.53061,996
395,Albereda 1,Albereda 2,2023-09-22T19:36:09.097Z,38.990122,-0.519633,449
396,Maulets,N-340B,2023-09-22T19:36:09.097Z,38.992357,-0.519858,756
397,N-340A,Ximen ToviaA,2023-09-22T19:36:09.097Z,38.992357,-0.519858,472
398,CV-645B,Beata InesA,2023-09-22T19:36:19.097Z,0.0,0.0,False
399,Corts Valencianes 1A,PalasietA,2023-09-22T19:36:19.097Z,38.985252,-0.537441,296
400,Corts Valencianes 2A,Corts Valencianes 1A,2023-09-22T19:36:19.097Z,38.986084,-0.534517,940
401,Corts Valencianes 2B,Reina,2023-09-22T19:36:19.097Z,38.987684,-0.53061,False
402,Alfons MagnanimB,9 OctubreB,2023-09-22T19:36:19.097Z,38.987144,-0.535236,False
403,Aben FerriB,Aben FerriA,2023-09-22T19:36:19.097Z,38.985489,-0.534157,671
404,Argenteria,PalasietB,2023-09-22T19:36:19.097Z,38.985489,-0.534157,False
405,Ausias MarchB,Ausias MarchA,2023-09-22T19:36:19.097Z,38.991913,-0.524291,447
406,Beata InesA,Argenteria,2023-09-22T19:36:19.097Z,38.987684,-0.53061,062
407,Albereda 1,Albereda 2,2023-09-22T19:36:19.097Z,38.990122,-0.519633,997
408,Albereda 2,N-340B,2023-09-22T19:36:19.097Z,38.990742,-0.513,679
409,Academic Maravall,Maulets,2023-09-22T19:36:19.097Z,38.991249,-0.518678,267
410,N-340B,Beata InesA,2023-09-22T19:36:19.097Z,0.0,0.0,254
411,CV-645A,PalasietA,2023-09-22T19:36:29.097Z,38.985252,-0.537441,969
412,Corts Valencianes 1A,PalasietA,2023-09-22T19:36:29.097Z,38.985252,-0.537441,432
413,Corts Valencianes 1B,Aben FerriB,2023-09-22T19:36:29.097Z,38.986084,-0.534517,192
414,Corts Valencianes 2B,Corts Valencianes 2A,2023-09-22T19:36:29.097Z,38.987684,-0.53061,217
415,PalasietB,CV-645B,2023-09-22T19:36:29.097Z,38.985252,-0.537441,785
416,Aben FerriA,Corts Valencianes 1A,2023-09-22T19:36:29.097Z,38.986084,-0.534517,196
417,Aben FerriB,PalasietB,2023-09-22T19:36:29.097Z,38.985489,-0.534157,False
418,Ausias MarchB,Ximen ToviaB,2023-09-22T19:36:29.097Z,38.991913,-0.524291,699
419,Beata InesA,Corts Valencianes 2A,2023-09-22T19:36:29.097Z,38.987684,-0.53061,929
420,Ximen ToviaA,Baixada estacio 1,2023-09-22T19:36:29.097Z,38.991913,-0.524291,499
421,Ximen ToviaB,Ximen ToviaA,2023-09-22T19:36:29.097Z,38.992357,-0.519858,False
422,Albereda 1,Albereda 2,2023-09-22T19:36:29.097Z,38.990122,-0.519633,405
423,Carme 2,Albereda 2,2023-09-22T19:36:29.097Z,38.990122,-0.519633,716
424,Academic Maravall,Maulets,2023-09-22T19:36:29.097Z,38.991249,-0.518678,281
425,Maulets,N-340B,2023-09-22T19:36:29.097Z,38.992357,-0.519858,491
426,N-340A,Ximen ToviaA,2023-09-22T19:36:29.097Z,38.992357,-0.519858,edi
427,CV-645A,Corts Valencianes 1B,2023-09-22T19:36:39.097Z,38.985252,-0.537441,016
428,CV-645B,Beata InesA,2023-09-22T19:36:39.097Z,0.0,0.0,108
429,Corts Valencianes 1A,CV-645B,2023-09-22T19:36:39.097Z,38.985252,-0.537441,940
430,PalasietB,Corts Valencianes 1B,2023-09-22T19:36:39.097Z,38.985252,-0.537441,159
431,Aben FerriB,PalasietB,2023-09-22T19:36:39.097Z,38.985489,-0.534157,192
432,Argenteria,Aben FerriA,2023-09-22T19:36:39.097Z,38.985489,-0.534157,256
433,9 OctubreB,Reina,2023-09-22T19:36:39.097Z,38.987684,-0.53061,914
434,Abu Masaifa,Corts Valencianes 2A,2023-09-22T19:36:39.097Z,38.987684,-0.53061,364
435,Ausias MarchA,Argenteria,2023-09-22T19:36:39.097Z,38.987684,-0.53061,660
436,Ausias MarchB,Ximen ToviaB,2023-09-22T19:36:39.097Z,38.991913,-0.524291,413
437,Beata InesA,9 OctubreA,2023-09-22T19:36:39.097Z,38.987684,-0.53061,576
438,Beata InesB,Beata InesA,2023-09-22T19:36:39.097Z,0.0,0.0,735
439,Reina,Republica Argentina,2023-09-22T19:36:39.097Z,38.989955,-0.523503,889
440,Baixada estacio 1,Abu Masaifa,2023-09-22T19:36:39.097Z,38.991213,-0.523787,356
441,Baixada estacio 2,Republica Argentina,2023-09-22T19:36:39.097Z,38.989955,-0.523503,189
442,Albereda 2,N-340B,2023-09-22T19:36:39.097Z,38.990742,-0.513,747
443,Carme 1,Carme 2,2023-09-22T19:36:39.097Z,38.99105,-0.519778,197
444,Cosmografo,Maulets,2023-09-22T19:36:39.097Z,38.991249,-0.518678,333
445,Maulets,Gregorio Molina,2023-09-22T19:36:39.097Z,38.992357,-0.519858,False
446,N-340A,Carme 1,2023-09-22T19:36:39.097Z,38.992357,-0.519858,False
447,N-340B,CV-645A,2023-09-22T19:36:39.097Z,0.0,0.0,109
448,Republica Argentina,Carme 2,2023-09-22T19:36:39.097Z,38.99105,-0.519778,529
449,Corts Valencianes 1A,CV-645B,2023-09-22T19:36:49.097Z,38.985252,-0.537441,False
450,Corts Valencianes 1B,Corts Valencianes 2B,2023-09-22T19:36:49.097Z,38.986084,-0.534517,864
451,Corts Valencianes 2B,Reina,2023-09-22T19:36:49.097Z,38.987684,-0.53061,False
452,Aben FerriA,Alfons MagnanimB,2023-09-22T19:36:49.097Z,38.986084,-0.534517,182
453,Abu Masaifa,Argenteria,2023-09-22T19:36:49.097Z,38.987684,-0.53061,799
454,Ausias MarchA,Beata InesB,2023-09-22T19:36:49.097Z,38.987684,-0.53061,897
455,Ausias MarchB,Ximen ToviaB,2023-09-22T19:36:49.097Z,38.991913,-0.524291,036
456,Beata InesB,Beata InesA,2023-09-22T19:36:49.097Z,0.0,0.0,460
457,Reina,Republica Argentina,2023-09-22T19:36:49.097Z,38.989955,-0.523503,724
458,Ximen ToviaA,Baixada estacio 1,2023-09-22T19:36:49.097Z,38.991913,-0.524291,472
459,Ximen ToviaB,N-340B,2023-09-22T19:36:49.097Z,38.992357,-0.519858,False
460,Baixada estacio 1,Abu Masaifa,2023-09-22T19:36:49.097Z,38.991213,-0.523787,100
461,Albereda 2,Cosmografo,2023-09-22T19:36:49.097Z,38.990742,-0.513,024
462,Maulets,Ximen ToviaA,2023-09-22T19:36:49.097Z,38.992357,-0.519858,255
463,N-340A,Carme 1,2023-09-22T19:36:49.097Z,38.992357,-0.519858,970
464,CV-645A,Corts Valencianes 1B,2023-09-22T19:36:59.097Z,38.985252,-0.537441,279
465,CV-645B,N-340A,2023-09-22T19:36:59.097Z,0.0,0.0,948
466,Corts Valencianes 1B,Alfons MagnanimB,2023-09-22T19:36:59.097Z,38.986084,-0.534517,494
467,Corts Valencianes 2A,Alfons MagnanimB,2023-09-22T19:36:59.097Z,38.986084,-0.534517,217
468,Corts Valencianes 2B,Beata InesB,2023-09-22T19:36:59.097Z,38.987684,-0.53061,312
469,PalasietA,Aben FerriA,2023-09-22T19:36:59.097Z,38.985489,-0.534157,256
470,PalasietB,CV-645B,2023-09-22T19:36:59.097Z,38.985252,-0.537441,False
471,Aben FerriA,Aben FerriB,2023-09-22T19:36:59.097Z,38.986084,-0.534517,090
472,9 OctubreB,Argenteria,2023-09-22T19:36:59.097Z,38.987684,-0.53061,177
473,Abu Masaifa,Corts Valencianes 2A,2023-09-22T19:36:59.097Z,38.987684,-0.53061,False
474,Ausias MarchA,Beata InesB,2023-09-22T19:36:59.097Z,38.987684,-0.53061,442
475,Gregorio Molina,Abu Masaifa,2023-09-22T19:36:59.097Z,38.991213,-0.523787,False
476,Albereda 2,N-340B,2023-09-22T19:36:59.097Z,38.990742,-0.513,304
477,Maulets,N-340B,2023-09-22T19:36:59.097Z,38.992357,-0.519858,False
478,N-340A,Ximen ToviaA,2023-09-22T19:36:59.097Z,38.992357,-0.519858,090
479,N-340B,Beata InesA,2023-09-22T19:36:59.097Z,0.0,0.0,378
480,Republica Argentina,Academic Maravall,2023-09-22T19:36:59.097Z,38.99105,-0.519778,iXX
481,CV-645A,Corts Valencianes 1B,2023-09-22T19:37:09.097Z,38.985252,-0.537441,100
482,Corts Valencianes 1B,Alfons MagnanimB,2023-09-22T19:37:09.097Z,38.986084,-0.534517,087
483,Corts Valencianes 2B,Corts Valencianes 2A,2023-09-22T19:37:09.097Z,38.987684,-0.53061,False
484,Alfons MagnanimB,Alfons MagnanimA,2023-09-22T19:37:09.097Z,38.987144,-0.535236,182
485,Aben FerriB,PalasietB,2023-09-22T19:37:09.097Z,38.985489,-0.534157,090
486,9 OctubreA,Alfons MagnanimA,2023-09-22T19:37:09.097Z,38.987144,-0.535236,976
487,Abu Masaifa,Ausias MarchB,2023-09-22T19:37:09.097Z,38.987684,-0.53061,966
488,Reina,Albereda 1,2023-09-22T19:37:09.097Z,38.989955,-0.523503,519
489,Ximen ToviaA,Baixada estacio 1,2023-09-22T19:37:09.097Z,38.991913,-0.524291,107
490,Albereda 1,Albereda 2,2023-09-22T19:37:09.097Z,38.990122,-0.519633,619
491,Carme 2,Albereda 2,2023-09-22T19:37:09.097Z,38.990122,-0.519633,289
492,Academic Maravall,Maulets,2023-09-22T19:37:09.097Z,38.991249,-0.518678,040
493,Maulets,Gregorio Molina,2023-09-22T19:37:09.097Z,38.992357,-0.519858,976
494,N-340A,Gregorio Molina,2023-09-22T19:37:09.097Z,38.992357,-0.519858,False
495,Republica Argentina,Academic Maravall,2023-09-22T19:37:09.097Z,38.99105,-0.519778,641
496,CV-645B,Beata InesA,2023-09-22T19:37:19.097Z,0.0,0.0,618
497,Corts Valencianes 1B,Corts Valencianes 2B,2023-09-22T19:37:19.097Z,38.986084,-0.534517,910
498,PalasietB,Corts Valencianes 1B,2023-09-22T19:37:19.097Z,38.985252,-0.537441,265
499,Alfons MagnanimA,Corts Valencianes 2B,2023-09-22T19:37:19.097Z,38.986084,-0.534517,182
500,9 OctubreB,Argenteria,2023-09-22T19:37:19.097Z,38.987684,-0.53061,992
501,Abu Masaifa,Reina,2023-09-22T19:37:19.097Z,38.987684,-0.53061,116
502,Beata InesB,Beata InesA,2023-09-22T19:37:19.097Z,0.0,0.0,355
503,Reina,Republica Argentina,2023-09-22T19:37:19.097Z,38.989955,-0.523503,184
504,Ximen ToviaA,Ausias MarchA,2023-09-22T19:37:19.097Z,38.991913,-0.524291,False
505,Ximen ToviaB,Ximen ToviaA,2023-09-22T19:37:19.097Z,38.992357,-0.519858,413
506,Baixada estacio 1,Abu Masaifa,2023-09-22T19:37:19.097Z,38.991213,-0.523787,166
507,Albereda 2,Cosmografo,2023-09-22T19:37:19.097Z,38.990742,-0.513,722
508,Academic Maravall,Maulets,2023-09-22T19:37:19.097Z,38.991249,-0.518678,641
509,Cosmografo,Maulets,2023-09-22T19:37:19.097Z,38.991249,-0.518678,024
510,Maulets,Ximen ToviaA,2023-09-22T19:37:19.097Z,38.992357,-0.519858,776
511,N-340A,Ximen ToviaA,2023-09-22T19:37:19.097Z,38.992357,-0.519858,False
512,Republica Argentina,Academic Maravall,2023-09-22T19:37:19.097Z,38.99105,-0.519778,891
513,CV-645B,N-340A,2023-09-22T19:37:29.097Z,0.0,0.0,336
514,Corts Valencianes 2B,Argenteria,2023-09-22T19:37:29.097Z,38.987684,-0.53061,False
515,PalasietA,PalasietB,2023-09-22T19:37:29.097Z,38.985489,-0.534157,631
516,PalasietB,CV-645B,2023-09-22T19:37:29.097Z,38.985252,-0.537441,239
517,Alfons MagnanimA,Aben FerriB,2023-09-22T19:37:29.097Z,38.986084,-0.534517,576
518,Alfons MagnanimB,Alfons MagnanimA,2023-09-22T19:37:29.097Z,38.987144,-0.535236,494
519,Aben FerriA,Corts Valencianes 2B,2023-09-22T19:37:29.097Z,38.986084,-0.534517,849
520,Argenteria,Aben FerriA,2023-09-22T19:37:29.097Z,38.985489,-0.534157,779
521,Abu Masaifa,9 OctubreA,2023-09-22T19:37:29.097Z,38.987684,-0.53061,739
522,Ausias MarchB,Baixada estacio 1,2023-09-22T19:37:29.097Z,38.991913,-0.524291,995
523,Beata InesB,Beata InesA,2023-09-22T19:37:29.097Z,0.0,0.0,646
524,Reina,Republica Argentina,2023-09-22T19:37:29.097Z,38.989955,-0.523503,765
525,Ximen ToviaA,Baixada estacio 1,2023-09-22T19:37:29.097Z,38.991913,-0.524291,255
526,Albereda 2,Cosmografo,2023-09-22T19:37:29.097Z,38.990742,-0.513,XXX
527,Carme 1,Academic Maravall,2023-09-22T19:37:29.097Z,38.99105,-0.519778,False
528,Academic Maravall,Maulets,2023-09-22T19:37:29.097Z,38.991249,-0.518678,891
529,N-340A,Ximen ToviaA,2023-09-22T19:37:29.097Z,38.992357,-0.519858,431
530,Republica Argentina,Carme 2,2023-09-22T19:37:29.097Z,38.99105,-0.519778,687
531,Corts Valencianes 2B,Beata InesB,2023-09-22T19:37:39.097Z,38.987684,-0.53061,696
532,PalasietA,PalasietB,2023-09-22T19:37:39.097Z,38.985489,-0.534157,699
533,PalasietB,Corts Valencianes 1B,2023-09-22T19:37:39.097Z,38.985252,-0.537441,550
534,Alfons MagnanimA,Corts Valencianes 1A,2023-09-22T19:37:39.097Z,38.986084,-0.534517,494
535,Aben FerriA,Alfons MagnanimB,2023-09-22T19:37:39.097Z,38.986084,-0.534517,637
536,Aben FerriB,Aben FerriA,2023-09-22T19:37:39.097Z,38.985489,-0.534157,976
537,Argenteria,PalasietB,2023-09-22T19:37:39.097Z,38.985489,-0.534157,128
538,Abu Masaifa,Ausias MarchB,2023-09-22T19:37:39.097Z,38.987684,-0.53061,872
539,Ausias MarchB,Ausias MarchA,2023-09-22T19:37:39.097Z,38.991913,-0.524291,890
540,Reina,Albereda 1,2023-09-22T19:37:39.097Z,38.989955,-0.523503,428
541,Ximen ToviaA,Ximen ToviaB,2023-09-22T19:37:39.097Z,38.991913,-0.524291,757
542,Ximen ToviaB,Ximen ToviaA,2023-09-22T19:37:39.097Z,38.992357,-0.519858,036
543,Gregorio Molina,Abu Masaifa,2023-09-22T19:37:39.097Z,38.991213,-0.523787,976
544,Albereda 1,Albereda 2,2023-09-22T19:37:39.097Z,38.990122,-0.519633,924
545,Albereda 2,Cosmografo,2023-09-22T19:37:39.097Z,38.990742,-0.513,999
546,Carme 2,Albereda 2,2023-09-22T19:37:39.097Z,38.990122,-0.519633,043
547,Maulets,N-340B,2023-09-22T19:37:39.097Z,38.992357,-0.519858,753
548,N-340B,Beata InesA,2023-09-22T19:37:39.097Z,0.0,0.0,stX
549,Republica Argentina,Academic Maravall,2023-09-22T19:37:39.097Z,38.99105,-0.519778,False
550,CV-645B,N-340A,2023-09-22T19:37:49.097Z,0.0,0.0,343
551,Corts Valencianes 1A,PalasietA,2023-09-22T19:37:49.097Z,38.985252,-0.537441,494
552,Corts Valencianes 1B,Aben FerriB,2023-09-22T19:37:49.097Z,38.986084,-0.534517,False
553,Corts Valencianes 2A,Alfons MagnanimB,2023-09-22T19:37:49.097Z,38.986084,-0.534517,929
554,Alfons MagnanimB,9 OctubreB,2023-09-22T19:37:49.097Z,38.987144,-0.535236,217
555,Aben FerriA,Corts Valencianes 1A,2023-09-22T19:37:49.097Z,38.986084,-0.534517,152
556,Argenteria,PalasietB,2023-09-22T19:37:49.097Z,38.985489,-0.534157,919
557,Abu Masaifa,Corts Valencianes 2A,2023-09-22T19:37:49.097Z,38.987684,-0.53061,889
558,Ausias MarchA,9 OctubreA,2023-09-22T19:37:49.097Z,38.987684,-0.53061,False
559,Ausias MarchB,Ausias MarchA,2023-09-22T19:37:49.097Z,38.991913,-0.524291,596
560,Beata InesA,Argenteria,2023-09-22T19:37:49.097Z,38.987684,-0.53061,246
561,Reina,Albereda 1,2023-09-22T19:37:49.097Z,38.989955,-0.523503,False
562,Ximen ToviaA,Baixada estacio 1,2023-09-22T19:37:49.097Z,38.991913,-0.524291,090
563,Baixada estacio 1,Abu Masaifa,2023-09-22T19:37:49.097Z,38.991213,-0.523787,395
564,Academic Maravall,Maulets,2023-09-22T19:37:49.097Z,38.991249,-0.518678,970
565,Maulets,Ximen ToviaA,2023-09-22T19:37:49.097Z,38.992357,-0.519858,996
566,N-340A,Ximen ToviaA,2023-09-22T19:37:49.097Z,38.992357,-0.519858,448
567,Corts Valencianes 1B,Corts Valencianes 2B,2023-09-22T19:37:59.097Z,38.986084,-0.534517,864
568,PalasietA,Aben FerriA,2023-09-22T19:37:59.097Z,38.985489,-0.534157,494
569,PalasietB,CV-645B,2023-09-22T19:37:59.097Z,38.985252,-0.537441,334
570,Alfons MagnanimB,9 OctubreB,2023-09-22T19:37:59.097Z,38.987144,-0.535236,087
571,Aben FerriB,Aben FerriA,2023-09-22T19:37:59.097Z,38.985489,-0.534157,779
572,Argenteria,PalasietB,2023-09-22T19:37:59.097Z,38.985489,-0.534157,592
573,Abu Masaifa,Ausias MarchB,2023-09-22T19:37:59.097Z,38.987684,-0.53061,970
574,Ausias MarchB,Ximen ToviaB,2023-09-22T19:37:59.097Z,38.991913,-0.524291,919
575,Beata InesA,9 OctubreA,2023-09-22T19:37:59.097Z,38.987684,-0.53061,False
576,Gregorio Molina,Abu Masaifa,2023-09-22T19:37:59.097Z,38.991213,-0.523787,False
577,Albereda 2,N-340B,2023-09-22T19:37:59.097Z,38.990742,-0.513,844
578,Academic Maravall,Maulets,2023-09-22T19:37:59.097Z,38.991249,-0.518678,403
579,Maulets,Gregorio Molina,2023-09-22T19:37:59.097Z,38.992357,-0.519858,996
580,N-340A,Gregorio Molina,2023-09-22T19:37:59.097Z,38.992357,-0.519858,336
581,Corts Valencianes 1B,Corts Valencianes 1A,2023-09-22T19:38:09.097Z,38.986084,-0.534517,265
582,Corts Valencianes 2B,9 OctubreA,2023-09-22T19:38:09.097Z,38.987684,-0.53061,997
583,PalasietB,Corts Valencianes 1B,2023-09-22T19:38:09.097Z,38.985252,-0.537441,543
584,Alfons MagnanimB,9 OctubreB,2023-09-22T19:38:09.097Z,38.987144,-0.535236,637
585,Aben FerriA,Corts Valencianes 2B,2023-09-22T19:38:09.097Z,38.986084,-0.534517,False
586,9 OctubreA,9 OctubreA,2023-09-22T19:38:09.097Z,38.987144,-0.535236,299
587,Ausias MarchA,Reina,2023-09-22T19:38:09.097Z,38.987684,-0.53061,False
588,Ausias MarchB,Ximen ToviaB,2023-09-22T19:38:09.097Z,38.991913,-0.524291,908
589,Beata InesA,Argenteria,2023-09-22T19:38:09.097Z,38.987684,-0.53061,523
590,Reina,Albereda 1,2023-09-22T19:38:09.097Z,38.989955,-0.523503,058
591,Ximen ToviaA,Ausias MarchA,2023-09-22T19:38:09.097Z,38.991913,-0.524291,413
592,Baixada estacio 1,Abu Masaifa,2023-09-22T19:38:09.097Z,38.991213,-0.523787,090
593,Albereda 1,Albereda 2,2023-09-22T19:38:09.097Z,38.990122,-0.519633,994
594,Albereda 2,N-340B,2023-09-22T19:38:09.097Z,38.990742,-0.513,507
595,Carme 2,Albereda 2,2023-09-22T19:38:09.097Z,38.990122,-0.519633,738
596,Maulets,Ximen ToviaA,2023-09-22T19:38:09.097Z,38.992357,-0.519858,862
597,N-340B,Beata InesA,2023-09-22T19:38:09.097Z,0.0,0.0,981
598,Corts Valencianes 1A,CV-645B,2023-09-22T19:38:19.097Z,38.985252,-0.537441,162
599,Corts Valencianes 1B,Aben FerriB,2023-09-22T19:38:19.097Z,38.986084,-0.534517,550
600,Corts Valencianes 2A,Corts Valencianes 2B,2023-09-22T19:38:19.097Z,38.986084,-0.534517,669
601,Corts Valencianes 2B,Corts Valencianes 2A,2023-09-22T19:38:19.097Z,38.987684,-0.53061,864
602,PalasietB,CV-645B,2023-09-22T19:38:19.097Z,38.985252,-0.537441,967
603,Alfons MagnanimB,Alfons MagnanimA,2023-09-22T19:38:19.097Z,38.987144,-0.535236,False
604,Argenteria,PalasietB,2023-09-22T19:38:19.097Z,38.985489,-0.534157,334
605,9 OctubreA,9 OctubreB,2023-09-22T19:38:19.097Z,38.987144,-0.535236,False
606,Ausias MarchA,9 OctubreA,2023-09-22T19:38:19.097Z,38.987684,-0.53061,996
607,Beata InesA,Corts Valencianes 2A,2023-09-22T19:38:19.097Z,38.987684,-0.53061,108
608,Ximen ToviaA,Ximen ToviaB,2023-09-22T19:38:19.097Z,38.991913,-0.524291,564
609,Ximen ToviaB,N-340B,2023-09-22T19:38:19.097Z,38.992357,-0.519858,757
610,Baixada estacio 1,Abu Masaifa,2023-09-22T19:38:19.097Z,38.991213,-0.523787,476
611,Gregorio Molina,Abu Masaifa,2023-09-22T19:38:19.097Z,38.991213,-0.523787,667
612,Albereda 2,N-340B,2023-09-22T19:38:19.097Z,38.990742,-0.513,459
613,Carme 1,Carme 2,2023-09-22T19:38:19.097Z,38.99105,-0.519778,385
614,Maulets,Gregorio Molina,2023-09-22T19:38:19.097Z,38.992357,-0.519858,981
615,Republica Argentina,Carme 2,2023-09-22T19:38:19.097Z,38.99105,-0.519778,969
616,CV-645B,N-340A,2023-09-22T19:38:29.097Z,0.0,0.0,063
617,Corts Valencianes 1B,Corts Valencianes 2B,2023-09-22T19:38:29.097Z,38.986084,-0.534517,159
618,Corts Valencianes 2A,Aben FerriB,2023-09-22T19:38:29.097Z,38.986084,-0.534517,744
619,Corts Valencianes 2B,9 OctubreA,2023-09-22T19:38:29.097Z,38.987684,-0.53061,910
620,PalasietB,CV-645B,2023-09-22T19:38:29.097Z,38.985252,-0.537441,638
621,Alfons MagnanimA,Aben FerriB,2023-09-22T19:38:29.097Z,38.986084,-0.534517,False
622,Aben FerriA,Alfons MagnanimB,2023-09-22T19:38:29.097Z,38.986084,-0.534517,False
623,Abu Masaifa,Ausias MarchB,2023-09-22T19:38:29.097Z,38.987684,-0.53061,969
624,Beata InesA,Corts Valencianes 2A,2023-09-22T19:38:29.097Z,38.987684,-0.53061,735
625,Beata InesB,Beata InesA,2023-09-22T19:38:29.097Z,0.0,0.0,447
626,Reina,Albereda 1,2023-09-22T19:38:29.097Z,38.989955,-0.523503,999
627,Ximen ToviaA,Baixada estacio 1,2023-09-22T19:38:29.097Z,38.991913,-0.524291,399
628,Albereda 1,Albereda 2,2023-09-22T19:38:29.097Z,38.990122,-0.519633,False
629,Albereda 2,Cosmografo,2023-09-22T19:38:29.097Z,38.990742,-0.513,220
630,Carme 1,Academic Maravall,2023-09-22T19:38:29.097Z,38.99105,-0.519778,False
631,Carme 2,Albereda 2,2023-09-22T19:38:29.097Z,38.990122,-0.519633,908
632,Cosmografo,Maulets,2023-09-22T19:38:29.097Z,38.991249,-0.518678,722
633,Republica Argentina,Academic Maravall,2023-09-22T19:38:29.097Z,38.99105,-0.519778,498
634,CV-645B,CV-645A,2023-09-22T19:38:39.097Z,0.0,0.0,500
635,Corts Valencianes 1A,CV-645B,2023-09-22T19:38:39.097Z,38.985252,-0.537441,699
636,Corts Valencianes 2A,Corts Valencianes 1A,2023-09-22T19:38:39.097Z,38.986084,-0.534517,696
637,Corts Valencianes 2B,Ausias MarchB,2023-09-22T19:38:39.097Z,38.987684,-0.53061,182
638,PalasietB,Corts Valencianes 1B,2023-09-22T19:38:39.097Z,38.985252,-0.537441,False
639,Alfons MagnanimB,9 OctubreB,2023-09-22T19:38:39.097Z,38.987144,-0.535236,False
640,Aben FerriA,Alfons MagnanimB,2023-09-22T19:38:39.097Z,38.986084,-0.534517,062
641,Aben FerriB,PalasietB,2023-09-22T19:38:39.097Z,38.985489,-0.534157,744
642,9 OctubreA,9 OctubreB,2023-09-22T19:38:39.097Z,38.987144,-0.535236,False
643,Abu Masaifa,Corts Valencianes 2A,2023-09-22T19:38:39.097Z,38.987684,-0.53061,748
644,Ausias MarchB,Ausias MarchA,2023-09-22T19:38:39.097Z,38.991913,-0.524291,966
645,Beata InesB,N-340A,2023-09-22T19:38:39.097Z,0.0,0.0,353
646,Reina,Republica Argentina,2023-09-22T19:38:39.097Z,38.989955,-0.523503,071
647,Ximen ToviaA,Ximen ToviaB,2023-09-22T19:38:39.097Z,38.991913,-0.524291,431
648,Ximen ToviaB,Gregorio Molina,2023-09-22T19:38:39.097Z,38.992357,-0.519858,676
649,Baixada estacio 1,Baixada estacio 2,2023-09-22T19:38:39.097Z,38.991213,-0.523787,661
650,Gregorio Molina,Abu Masaifa,2023-09-22T19:38:39.097Z,38.991213,-0.523787,936
651,Albereda 1,Albereda 2,2023-09-22T19:38:39.097Z,38.990122,-0.519633,857
652,Albereda 2,Cosmografo,2023-09-22T19:38:39.097Z,38.990742,-0.513,223
653,Maulets,Gregorio Molina,2023-09-22T19:38:39.097Z,38.992357,-0.519858,False
654,N-340A,Ximen ToviaA,2023-09-22T19:38:39.097Z,38.992357,-0.519858,343
655,N-340B,Beata InesA,2023-09-22T19:38:39.097Z,0.0,0.0,888
656,CV-645A,PalasietA,2023-09-22T19:38:49.097Z,38.985252,-0.537441,500
657,CV-645B,Beata InesA,2023-09-22T19:38:49.097Z,0.0,0.0,612
658,Corts Valencianes 1A,PalasietA,2023-09-22T19:38:49.097Z,38.985252,-0.537441,798
659,Corts Valencianes 2B,Corts Valencianes 2A,2023-09-22T19:38:49.097Z,38.987684,-0.53061,849
660,PalasietB,Corts Valencianes 1B,2023-09-22T19:38:49.097Z,38.985252,-0.537441,427
661,Alfons MagnanimB,Alfons MagnanimA,2023-09-22T19:38:49.097Z,38.987144,-0.535236,230
662,Aben FerriA,Alfons MagnanimB,2023-09-22T19:38:49.097Z,38.986084,-0.534517,296
663,Aben FerriB,PalasietB,2023-09-22T19:38:49.097Z,38.985489,-0.534157,929
664,9 OctubreA,9 OctubreB,2023-09-22T19:38:49.097Z,38.987144,-0.535236,531
665,Ausias MarchA,Argenteria,2023-09-22T19:38:49.097Z,38.987684,-0.53061,413
666,Ausias MarchB,Ximen ToviaB,2023-09-22T19:38:49.097Z,38.991913,-0.524291,872
667,Beata InesA,Corts Valencianes 2A,2023-09-22T19:38:49.097Z,38.987684,-0.53061,False
668,Reina,Republica Argentina,2023-09-22T19:38:49.097Z,38.989955,-0.523503,047
669,Ximen ToviaA,Ausias MarchA,2023-09-22T19:38:49.097Z,38.991913,-0.524291,036
670,Ximen ToviaB,Ximen ToviaA,2023-09-22T19:38:49.097Z,38.992357,-0.519858,308
671,Albereda 1,Albereda 2,2023-09-22T19:38:49.097Z,38.990122,-0.519633,760
672,Albereda 2,N-340B,2023-09-22T19:38:49.097Z,38.990742,-0.513,912
673,Academic Maravall,Maulets,2023-09-22T19:38:49.097Z,38.991249,-0.518678,316
674,Cosmografo,Maulets,2023-09-22T19:38:49.097Z,38.991249,-0.518678,False
675,Republica Argentina,Academic Maravall,2023-09-22T19:38:49.097Z,38.99105,-0.519778,683
676,Corts Valencianes 1A,PalasietA,2023-09-22T19:38:59.097Z,38.985252,-0.537441,389
677,Corts Valencianes 1B,Corts Valencianes 1A,2023-09-22T19:38:59.097Z,38.986084,-0.534517,941
678,Corts Valencianes 2A,Corts Valencianes 2B,2023-09-22T19:38:59.097Z,38.986084,-0.534517,460
679,Corts Valencianes 2B,Argenteria,2023-09-22T19:38:59.097Z,38.987684,-0.53061,100
680,PalasietA,Aben FerriA,2023-09-22T19:38:59.097Z,38.985489,-0.534157,676
681,Alfons MagnanimA,Corts Valencianes 2B,2023-09-22T19:38:59.097Z,38.986084,-0.534517,256
682,Aben FerriA,Alfons MagnanimB,2023-09-22T19:38:59.097Z,38.986084,-0.534517,False
683,9 OctubreA,9 OctubreB,2023-09-22T19:38:59.097Z,38.987144,-0.535236,945
684,Abu Masaifa,Corts Valencianes 2A,2023-09-22T19:38:59.097Z,38.987684,-0.53061,601
685,Ausias MarchA,Argenteria,2023-09-22T19:38:59.097Z,38.987684,-0.53061,966
686,Ausias MarchB,Baixada estacio 1,2023-09-22T19:38:59.097Z,38.991913,-0.524291,970
687,Beata InesA,9 OctubreA,2023-09-22T19:38:59.097Z,38.987684,-0.53061,378
688,Reina,Albereda 1,2023-09-22T19:38:59.097Z,38.989955,-0.523503,False
689,Ximen ToviaA,Ximen ToviaB,2023-09-22T19:38:59.097Z,38.991913,-0.524291,698
690,Baixada estacio 1,Abu Masaifa,2023-09-22T19:38:59.097Z,38.991213,-0.523787,495
691,Gregorio Molina,Abu Masaifa,2023-09-22T19:38:59.097Z,38.991213,-0.523787,False
692,Albereda 2,Cosmografo,2023-09-22T19:38:59.097Z,38.990742,-0.513,609
693,Academic Maravall,Academic Maravall,2023-09-22T19:38:59.097Z,38.991249,-0.518678,861
694,Cosmografo,Maulets,2023-09-22T19:38:59.097Z,38.991249,-0.518678,999
695,N-340B,CV-645A,2023-09-22T19:38:59.097Z,0.0,0.0,902
696,Republica Argentina,Academic Maravall,2023-09-22T19:38:59.097Z,38.99105,-0.519778,881
697,Corts Valencianes 1B,Aben FerriB,2023-09-22T19:39:09.097Z,38.986084,-0.534517,False
698,Corts Valencianes 2A,Aben FerriB,2023-09-22T19:39:09.097Z,38.986084,-0.534517,863
699,Corts Valencianes 2B,Reina,2023-09-22T19:39:09.097Z,38.987684,-0.53061,False
700,PalasietA,PalasietB,2023-09-22T19:39:09.097Z,38.985489,-0.534157,798
701,Alfons MagnanimB,9 OctubreB,2023-09-22T19:39:09.097Z,38.987144,-0.535236,False
702,Aben FerriA,Alfons MagnanimB,2023-09-22T19:39:09.097Z,38.986084,-0.534517,576
703,Ausias MarchB,Ausias MarchA,2023-09-22T19:39:09.097Z,38.991913,-0.524291,969
704,Beata InesA,Argenteria,2023-09-22T19:39:09.097Z,38.987684,-0.53061,619
705,Beata InesB,Beata InesA,2023-09-22T19:39:09.097Z,0.0,0.0,122
706,Ximen ToviaA,Baixada estacio 1,2023-09-22T19:39:09.097Z,38.991913,-0.524291,969
707,Ximen ToviaB,Gregorio Molina,2023-09-22T19:39:09.097Z,38.992357,-0.519858,431
708,Baixada estacio 2,Albereda 1,2023-09-22T19:39:09.097Z,38.989955,-0.523503,False
709,Albereda 1,Albereda 2,2023-09-22T19:39:09.097Z,38.990122,-0.519633,713
710,Carme 2,Albereda 2,2023-09-22T19:39:09.097Z,38.990122,-0.519633,796
711,Academic Maravall,Maulets,2023-09-22T19:39:09.097Z,38.991249,-0.518678,683
712,Cosmografo,Maulets,2023-09-22T19:39:09.097Z,38.991249,-0.518678,320
713,N-340A,Ximen ToviaA,2023-09-22T19:39:09.097Z,38.992357,-0.519858,980
714,Republica Argentina,Academic Maravall,2023-09-22T19:39:09.097Z,38.99105,-0.519778,919
715,Corts Valencianes 2B,Beata InesB,2023-09-22T19:39:19.097Z,38.987684,-0.53061,487
716,PalasietA,PalasietB,2023-09-22T19:39:19.097Z,38.985489,-0.534157,389
717,PalasietB,Corts Valencianes 1B,2023-09-22T19:39:19.097Z,38.985252,-0.537441,631
718,Alfons MagnanimB,9 OctubreB,2023-09-22T19:39:19.097Z,38.987144,-0.535236,976
719,Aben FerriA,Corts Valencianes 2B,2023-09-22T19:39:19.097Z,38.986084,-0.534517,494
720,Aben FerriB,Aben FerriA,2023-09-22T19:39:19.097Z,38.985489,-0.534157,False
721,Argenteria,PalasietB,2023-09-22T19:39:19.097Z,38.985489,-0.534157,246
722,9 OctubreB,Beata InesB,2023-09-22T19:39:19.097Z,38.987684,-0.53061,217
723,Abu Masaifa,Argenteria,2023-09-22T19:39:19.097Z,38.987684,-0.53061,386
724,Beata InesA,Ausias MarchB,2023-09-22T19:39:19.097Z,38.987684,-0.53061,996
725,Ximen ToviaA,Ausias MarchA,2023-09-22T19:39:19.097Z,38.991913,-0.524291,862
726,Ximen ToviaB,Ximen ToviaA,2023-09-22T19:39:19.097Z,38.992357,-0.519858,872
727,Baixada estacio 1,Baixada estacio 1,2023-09-22T19:39:19.097Z,38.991213,-0.523787,948
728,Gregorio Molina,Abu Masaifa,2023-09-22T19:39:19.097Z,38.991213,-0.523787,876
729,Albereda 2,N-340B,2023-09-22T19:39:19.097Z,38.990742,-0.513,798
730,Cosmografo,Maulets,2023-09-22T19:39:19.097Z,38.991249,-0.518678,221
731,N-340A,Ximen ToviaA,2023-09-22T19:39:19.097Z,38.992357,-0.519858,353
732,Corts Valencianes 1A,PalasietA,2023-09-22T19:39:29.097Z,38.985252,-0.537441,543
733,Corts Valencianes 1B,Corts Valencianes 2B,2023-09-22T19:39:29.097Z,38.986084,-0.534517,427
734,Corts Valencianes 2A,Aben FerriB,2023-09-22T19:39:29.097Z,38.986084,-0.534517,108
735,PalasietB,CV-645B,2023-09-22T19:39:29.097Z,38.985252,-0.537441,432
736,Aben FerriA,Alfons MagnanimB,2023-09-22T19:39:29.097Z,38.986084,-0.534517,False
737,Aben FerriB,Aben FerriA,2023-09-22T19:39:29.097Z,38.985489,-0.534157,863
738,Argenteria,PalasietB,2023-09-22T19:39:29.097Z,38.985489,-0.534157,660
739,9 OctubreA,Alfons MagnanimA,2023-09-22T19:39:29.097Z,38.987144,-0.535236,378
740,Abu Masaifa,Corts Valencianes 2A,2023-09-22T19:39:29.097Z,38.987684,-0.53061,007
741,Beata InesA,Ausias MarchB,2023-09-22T19:39:29.097Z,38.987684,-0.53061,946
742,Reina,Republica Argentina,2023-09-22T19:39:29.097Z,38.989955,-0.523503,991
743,Ximen ToviaA,Baixada estacio 1,2023-09-22T19:39:29.097Z,38.991913,-0.524291,343
744,Ximen ToviaB,Gregorio Molina,2023-09-22T19:39:29.097Z,38.992357,-0.519858,936
745,Baixada estacio 1,Abu Masaifa,2023-09-22T19:39:29.097Z,38.991213,-0.523787,969
746,Maulets,Ximen ToviaA,2023-09-22T19:39:29.097Z,38.992357,-0.519858,003
747,N-340B,Beata InesA,2023-09-22T19:39:29.097Z,0.0,0.0,False
748,CV-645A,Corts Valencianes 1B,2023-09-22T19:39:39.097Z,38.985252,-0.537441,653
749,CV-645B,N-340A,2023-09-22T19:39:39.097Z,0.0,0.0,421
750,Corts Valencianes 1B,Alfons MagnanimB,2023-09-22T19:39:39.097Z,38.986084,-0.534517,631
751,Corts Valencianes 2A,Aben FerriB,2023-09-22T19:39:39.097Z,38.986084,-0.534517,735
752,Corts Valencianes 2B,Beata InesB,2023-09-22T19:39:39.097Z,38.987684,-0.53061,164
753,PalasietB,CV-645B,2023-09-22T19:39:39.097Z,38.985252,-0.537441,128
754,Aben FerriA,Corts Valencianes 2B,2023-09-22T19:39:39.097Z,38.986084,-0.534517,False
755,Abu Masaifa,Beata InesB,2023-09-22T19:39:39.097Z,38.987684,-0.53061,False
756,Ausias MarchA,Argenteria,2023-09-22T19:39:39.097Z,38.987684,-0.53061,036
757,Reina,Republica Argentina,2023-09-22T19:39:39.097Z,38.989955,-0.523503,769
758,Ximen ToviaA,Ausias MarchA,2023-09-22T19:39:39.097Z,38.991913,-0.524291,908
759,Ximen ToviaB,N-340B,2023-09-22T19:39:39.097Z,38.992357,-0.519858,964
760,Albereda 2,Cosmografo,2023-09-22T19:39:39.097Z,38.990742,-0.513,False
761,CV-645B,Beata InesA,2023-09-22T19:39:49.097Z,0.0,0.0,769
762,Corts Valencianes 2B,Argenteria,2023-09-22T19:39:49.097Z,38.987684,-0.53061,799
763,Alfons MagnanimB,Alfons MagnanimA,2023-09-22T19:39:49.097Z,38.987144,-0.535236,969
764,Aben FerriA,Corts Valencianes 1A,2023-09-22T19:39:49.097Z,38.986084,-0.534517,500
765,Aben FerriB,Aben FerriA,2023-09-22T19:39:49.097Z,38.985489,-0.534157,108
766,Argenteria,Aben FerriA,2023-09-22T19:39:49.097Z,38.985489,-0.534157,923
767,9 OctubreB,Ausias MarchB,2023-09-22T19:39:49.097Z,38.987684,-0.53061,637
768,Abu Masaifa,Beata InesB,2023-09-22T19:39:49.097Z,38.987684,-0.53061,166
769,Beata InesA,9 OctubreA,2023-09-22T19:39:49.097Z,38.987684,-0.53061,977
770,Gregorio Molina,Abu Masaifa,2023-09-22T19:39:49.097Z,38.991213,-0.523787,False
771,Albereda 1,Albereda 2,2023-09-22T19:39:49.097Z,38.990122,-0.519633,847
772,Albereda 2,N-340B,2023-09-22T19:39:49.097Z,38.990742,-0.513,False
773,Carme 2,Albereda 2,2023-09-22T19:39:49.097Z,38.990122,-0.519633,293
774,Maulets,Ximen ToviaA,2023-09-22T19:39:49.097Z,38.992357,-0.519858,064
775,CV-645B,Beata InesA,2023-09-22T19:39:59.097Z,0.0,0.0,426
776,Corts Valencianes 2A,Alfons MagnanimB,2023-09-22T19:39:59.097Z,38.986084,-0.534517,748
777,PalasietA,Aben FerriA,2023-09-22T19:39:59.097Z,38.985489,-0.534157,941
778,Alfons MagnanimA,Aben FerriB,2023-09-22T19:39:59.097Z,38.986084,-0.534517,631
779,Alfons MagnanimB,9 OctubreB,2023-09-22T19:39:59.097Z,38.987144,-0.535236,296
780,Aben FerriA,Corts Valencianes 2B,2023-09-22T19:39:59.097Z,38.986084,-0.534517,False
781,Aben FerriB,Aben FerriA,2023-09-22T19:39:59.097Z,38.985489,-0.534157,769
782,Ausias MarchB,Ausias MarchA,2023-09-22T19:39:59.097Z,38.991913,-0.524291,808
783,Beata InesA,Ausias MarchB,2023-09-22T19:39:59.097Z,38.987684,-0.53061,561
784,Reina,Republica Argentina,2023-09-22T19:39:59.097Z,38.989955,-0.523503,797
785,Gregorio Molina,Baixada estacio 2,2023-09-22T19:39:59.097Z,38.991213,-0.523787,431
786,Albereda 1,Albereda 2,2023-09-22T19:39:59.097Z,38.990122,-0.519633,600
787,Maulets,Ximen ToviaA,2023-09-22T19:39:59.097Z,38.992357,-0.519858,012
788,N-340B,Beata InesA,2023-09-22T19:39:59.097Z,0.0,0.0,492
789,Corts Valencianes 1B,Aben FerriB,2023-09-22T19:40:09.097Z,38.986084,-0.534517,653
790,Corts Valencianes 2B,Ausias MarchB,2023-09-22T19:40:09.097Z,38.987684,-0.53061,468
791,Aben FerriA,Alfons MagnanimB,2023-09-22T19:40:09.097Z,38.986084,-0.534517,False
792,Aben FerriB,Aben FerriA,2023-09-22T19:40:09.097Z,38.985489,-0.534157,969
793,Argenteria,PalasietB,2023-09-22T19:40:09.097Z,38.985489,-0.534157,413
794,Abu Masaifa,Ausias MarchB,2023-09-22T19:40:09.097Z,38.987684,-0.53061,976
795,Ausias MarchA,9 OctubreA,2023-09-22T19:40:09.097Z,38.987684,-0.53061,969
796,Beata InesB,N-340A,2023-09-22T19:40:09.097Z,0.0,0.0,312
797,Reina,Republica Argentina,2023-09-22T19:40:09.097Z,38.989955,-0.523503,727
798,Baixada estacio 2,Albereda 1,2023-09-22T19:40:09.097Z,38.989955,-0.523503,431
799,Gregorio Molina,Abu Masaifa,2023-09-22T19:40:09.097Z,38.991213,-0.523787,698
800,Albereda 2,Cosmografo,2023-09-22T19:40:09.097Z,38.990742,-0.513,537
801,Cosmografo,Maulets,2023-09-22T19:40:09.097Z,38.991249,-0.518678,030
802,Maulets,Ximen ToviaA,2023-09-22T19:40:09.097Z,38.992357,-0.519858,196
803,N-340A,Ximen ToviaA,2023-09-22T19:40:09.097Z,38.992357,-0.519858,423
804,Republica Argentina,Academic Maravall,2023-09-22T19:40:09.097Z,38.99105,-0.519778,235
805,CV-645B,CV-645A,2023-09-22T19:40:19.097Z,0.0,0.0,666
806,PalasietB,CV-645B,2023-09-22T19:40:19.097Z,38.985252,-0.537441,919
807,Alfons MagnanimB,Alfons MagnanimA,2023-09-22T19:40:19.097Z,38.987144,-0.535236,748
808,Aben FerriB,PalasietB,2023-09-22T19:40:19.097Z,38.985489,-0.534157,550
809,Argenteria,Argenteria,2023-09-22T19:40:19.097Z,38.985489,-0.534157,100
810,9 OctubreB,9 OctubreA,2023-09-22T19:40:19.097Z,38.987684,-0.53061,690
811,Abu Masaifa,9 OctubreA,2023-09-22T19:40:19.097Z,38.987684,-0.53061,995
812,Beata InesA,Ausias MarchB,2023-09-22T19:40:19.097Z,38.987684,-0.53061,442
813,Ximen ToviaA,Ausias MarchA,2023-09-22T19:40:19.097Z,38.991913,-0.524291,980
814,Albereda 2,Cosmografo,2023-09-22T19:40:19.097Z,38.990742,-0.513,920
815,Academic Maravall,Maulets,2023-09-22T19:40:19.097Z,38.991249,-0.518678,881
816,Cosmografo,Maulets,2023-09-22T19:40:19.097Z,38.991249,-0.518678,False
817,Maulets,N-340B,2023-09-22T19:40:19.097Z,38.992357,-0.519858,714
818,Republica Argentina,Academic Maravall,2023-09-22T19:40:19.097Z,38.99105,-0.519778,706
819,Corts Valencianes 2A,Alfons MagnanimB,2023-09-22T19:40:29.097Z,38.986084,-0.534517,945
820,Corts Valencianes 2B,Reina,2023-09-22T19:40:29.097Z,38.987684,-0.53061,494
821,Alfons MagnanimA,Aben FerriB,2023-09-22T19:40:29.097Z,38.986084,-0.534517,748
822,Alfons MagnanimB,Alfons MagnanimA,2023-09-22T19:40:29.097Z,38.987144,-0.535236,False
823,Aben FerriA,Corts Valencianes 1A,2023-09-22T19:40:29.097Z,38.986084,-0.534517,108
824,Argenteria,PalasietB,2023-09-22T19:40:29.097Z,38.985489,-0.534157,966
825,9 OctubreB,Ausias MarchB,2023-09-22T19:40:29.097Z,38.987684,-0.53061,699
826,Abu Masaifa,Ausias MarchB,2023-09-22T19:40:29.097Z,38.987684,-0.53061,False
827,Ausias MarchA,9 OctubreA,2023-09-22T19:40:29.097Z,38.987684,-0.53061,662
828,Ausias MarchB,Baixada estacio 1,2023-09-22T19:40:29.097Z,38.991913,-0.524291,617
829,Reina,Albereda 1,2023-09-22T19:40:29.097Z,38.989955,-0.523503,486
830,Ximen ToviaA,Baixada estacio 1,2023-09-22T19:40:29.097Z,38.991913,-0.524291,872
831,Albereda 1,Albereda 2,2023-09-22T19:40:29.097Z,38.990122,-0.519633,176
832,Carme 2,Albereda 2,2023-09-22T19:40:29.097Z,38.990122,-0.519633,783
833,Cosmografo,Maulets,2023-09-22T19:40:29.097Z,38.991249,-0.518678,997
834,Maulets,N-340B,2023-09-22T19:40:29.097Z,38.992357,-0.519858,898
835,N-340B,N-340B,2023-09-22T19:40:29.097Z,0.0,0.0,424
836,Republica Argentina,Academic Maravall,2023-09-22T19:40:29.097Z,38.99105,-0.519778,625
837,CV-645B,CV-645A,2023-09-22T19:40:39.097Z,0.0,0.0,494
838,Corts Valencianes 2A,Aben FerriB,2023-09-22T19:40:39.097Z,38.986084,-0.534517,460
839,Corts Valencianes 2B,Beata InesB,2023-09-22T19:40:39.097Z,38.987684,-0.53061,False
840,PalasietB,PalasietA,2023-09-22T19:40:39.097Z,38.985252,-0.537441,999
841,Alfons MagnanimB,9 OctubreB,2023-09-22T19:40:39.097Z,38.987144,-0.535236,945
842,Aben FerriA,Alfons MagnanimB,2023-09-22T19:40:39.097Z,38.986084,-0.534517,523
843,9 OctubreB,Corts Valencianes 2A,2023-09-22T19:40:39.097Z,38.987684,-0.53061,False
844,Abu Masaifa,Argenteria,2023-09-22T19:40:39.097Z,38.987684,-0.53061,090
845,Ausias MarchA,Corts Valencianes 2A,2023-09-22T19:40:39.097Z,38.987684,-0.53061,908
846,Beata InesA,9 OctubreA,2023-09-22T19:40:39.097Z,38.987684,-0.53061,898
847,Ximen ToviaA,Ausias MarchA,2023-09-22T19:40:39.097Z,38.991913,-0.524291,353
848,Baixada estacio 1,Abu Masaifa,2023-09-22T19:40:39.097Z,38.991213,-0.523787,970
849,Albereda 1,Albereda 2,2023-09-22T19:40:39.097Z,38.990122,-0.519633,292
850,Maulets,Gregorio Molina,2023-09-22T19:40:39.097Z,38.992357,-0.519858,969
851,N-340B,N-340B,2023-09-22T19:40:39.097Z,0.0,0.0,986
852,Corts Valencianes 1A,Corts Valencianes 1A,2023-09-22T19:40:49.097Z,38.985252,-0.537441,108
853,Corts Valencianes 2B,Beata InesB,2023-09-22T19:40:49.097Z,38.987684,-0.53061,449
854,Alfons MagnanimA,Corts Valencianes 2B,2023-09-22T19:40:49.097Z,38.986084,-0.534517,710
855,Alfons MagnanimB,9 OctubreB,2023-09-22T19:40:49.097Z,38.987144,-0.535236,254
856,Aben FerriA,Alfons MagnanimB,2023-09-22T19:40:49.097Z,38.986084,-0.534517,543
857,Aben FerriB,Aben FerriA,2023-09-22T19:40:49.097Z,38.985489,-0.534157,False
858,Argenteria,Aben FerriA,2023-09-22T19:40:49.097Z,38.985489,-0.534157,386
859,9 OctubreB,Beata InesB,2023-09-22T19:40:49.097Z,38.987684,-0.53061,537
860,Abu Masaifa,Beata InesB,2023-09-22T19:40:49.097Z,38.987684,-0.53061,472
861,Ausias MarchA,9 OctubreA,2023-09-22T19:40:49.097Z,38.987684,-0.53061,646
862,Beata InesA,Corts Valencianes 2A,2023-09-22T19:40:49.097Z,38.987684,-0.53061,278
863,Ximen ToviaA,Ausias MarchA,2023-09-22T19:40:49.097Z,38.991913,-0.524291,003
864,Baixada estacio 1,Abu Masaifa,2023-09-22T19:40:49.097Z,38.991213,-0.523787,False
865,Albereda 2,Cosmografo,2023-09-22T19:40:49.097Z,38.990742,-0.513,734
866,Academic Maravall,Maulets,2023-09-22T19:40:49.097Z,38.991249,-0.518678,198
867,Cosmografo,Maulets,2023-09-22T19:40:49.097Z,38.991249,-0.518678,920
868,Maulets,Gregorio Molina,2023-09-22T19:40:49.097Z,38.992357,-0.519858,823
869,N-340A,Gregorio Molina,2023-09-22T19:40:49.097Z,38.992357,-0.519858,612
870,Republica Argentina,Academic Maravall,2023-09-22T19:40:49.097Z,38.99105,-0.519778,126
871,CV-645A,PalasietA,2023-09-22T19:40:59.097Z,38.985252,-0.537441,False
872,Corts Valencianes 2B,Ausias MarchB,2023-09-22T19:40:59.097Z,38.987684,-0.53061,False
873,PalasietA,Aben FerriA,2023-09-22T19:40:59.097Z,38.985489,-0.534157,999
874,PalasietB,CV-645B,2023-09-22T19:40:59.097Z,38.985252,-0.537441,False
875,Aben FerriA,Aben FerriA,2023-09-22T19:40:59.097Z,38.986084,-0.534517,735
876,Argenteria,PalasietB,2023-09-22T19:40:59.097Z,38.985489,-0.534157,036
877,Abu Masaifa,Ausias MarchB,2023-09-22T19:40:59.097Z,38.987684,-0.53061,949
878,Ausias MarchA,Ausias MarchA,2023-09-22T19:40:59.097Z,38.987684,-0.53061,980
879,Beata InesA,9 OctubreA,2023-09-22T19:40:59.097Z,38.987684,-0.53061,696
880,Reina,Republica Argentina,2023-09-22T19:40:59.097Z,38.989955,-0.523503,677
881,Ximen ToviaA,Ximen ToviaB,2023-09-22T19:40:59.097Z,38.991913,-0.524291,064
882,Albereda 1,Albereda 2,2023-09-22T19:40:59.097Z,38.990122,-0.519633,446
883,Maulets,Ximen ToviaA,2023-09-22T19:40:59.097Z,38.992357,-0.519858,911
884,N-340B,Beata InesA,2023-09-22T19:40:59.097Z,0.0,0.0,691
885,Republica Argentina,Carme 2,2023-09-22T19:40:59.097Z,38.99105,-0.519778,False
886,Corts Valencianes 1A,Corts Valencianes 1B,2023-09-22T19:41:09.097Z,38.985252,-0.537441,108
887,Corts Valencianes 2A,Corts Valencianes 2B,2023-09-22T19:41:09.097Z,38.986084,-0.534517,601
888,PalasietA,Aben FerriA,2023-09-22T19:41:09.097Z,38.985489,-0.534157,False
889,PalasietB,PalasietA,2023-09-22T19:41:09.097Z,38.985252,-0.537441,False
890,Alfons MagnanimB,Alfons MagnanimA,2023-09-22T19:41:09.097Z,38.987144,-0.535236,543
891,Argenteria,PalasietB,2023-09-22T19:41:09.097Z,38.985489,-0.534157,799
892,9 OctubreA,Alfons MagnanimA,2023-09-22T19:41:09.097Z,38.987144,-0.535236,697
893,9 OctubreB,Reina,2023-09-22T19:41:09.097Z,38.987684,-0.53061,299
894,Abu Masaifa,9 OctubreA,2023-09-22T19:41:09.097Z,38.987684,-0.53061,936
895,Beata InesA,Reina,2023-09-22T19:41:09.097Z,38.987684,-0.53061,979
896,Baixada estacio 1,Baixada estacio 2,2023-09-22T19:41:09.097Z,38.991213,-0.523787,912
897,Carme 2,Albereda 2,2023-09-22T19:41:09.097Z,38.990122,-0.519633,198
898,Academic Maravall,Maulets,2023-09-22T19:41:09.097Z,38.991249,-0.518678,979
899,Cosmografo,Maulets,2023-09-22T19:41:09.097Z,38.991249,-0.518678,734
900,Republica Argentina,Academic Maravall,2023-09-22T19:41:09.097Z,38.99105,-0.519778,958
901,CV-645B,Beata InesA,2023-09-22T19:41:19.097Z,0.0,0.0,710
902,Corts Valencianes 2A,Alfons MagnanimB,2023-09-22T19:41:19.097Z,38.986084,-0.534517,001
903,PalasietB,PalasietA,2023-09-22T19:41:19.097Z,38.985252,-0.537441,False
904,Aben FerriA,Corts Valencianes 2B,2023-09-22T19:41:19.097Z,38.986084,-0.534517,653
905,9 OctubreB,Corts Valencianes 2A,2023-09-22T19:41:19.097Z,38.987684,-0.53061,799
906,Abu Masaifa,Corts Valencianes 2A,2023-09-22T19:41:19.097Z,38.987684,-0.53061,495
907,Beata InesA,Ausias MarchB,2023-09-22T19:41:19.097Z,38.987684,-0.53061,907
908,Reina,Albereda 1,2023-09-22T19:41:19.097Z,38.989955,-0.523503,999
909,Ximen ToviaA,Ximen ToviaB,2023-09-22T19:41:19.097Z,38.991913,-0.524291,958
910,Baixada estacio 2,Republica Argentina,2023-09-22T19:41:19.097Z,38.989955,-0.523503,872
911,Gregorio Molina,Abu Masaifa,2023-09-22T19:41:19.097Z,38.991213,-0.523787,823
912,Academic Maravall,Maulets,2023-09-22T19:41:19.097Z,38.991249,-0.518678,235
913,Maulets,N-340B,2023-09-22T19:41:19.097Z,38.992357,-0.519858,267
914,Republica Argentina,Academic Maravall,2023-09-22T19:41:19.097Z,38.99105,-0.519778,492
915,Corts Valencianes 1A,CV-645B,2023-09-22T19:41:29.097Z,38.985252,-0.537441,374
916,Corts Valencianes 1B,Alfons MagnanimB,2023-09-22T19:41:29.097Z,38.986084,-0.534517,108
917,Corts Valencianes 2A,Aben FerriB,2023-09-22T19:41:29.097Z,38.986084,-0.534517,False
918,PalasietB,CV-645B,2023-09-22T19:41:29.097Z,38.985252,-0.537441,258
919,Aben FerriA,Alfons MagnanimB,2023-09-22T19:41:29.097Z,38.986084,-0.534517,499
920,Argenteria,PalasietB,2023-09-22T19:41:29.097Z,38.985489,-0.534157,100
921,9 OctubreA,9 OctubreB,2023-09-22T19:41:29.097Z,38.987144,-0.535236,450
922,9 OctubreB,Reina,2023-09-22T19:41:29.097Z,38.987684,-0.53061,976
923,Beata InesA,Argenteria,2023-09-22T19:41:29.097Z,38.987684,-0.53061,426
924,Reina,Republica Argentina,2023-09-22T19:41:29.097Z,38.989955,-0.523503,565
925,Ximen ToviaA,Ximen ToviaB,2023-09-22T19:41:29.097Z,38.991913,-0.524291,421
926,Gregorio Molina,Abu Masaifa,2023-09-22T19:41:29.097Z,38.991213,-0.523787,126
927,Maulets,Ximen ToviaA,2023-09-22T19:41:29.097Z,38.992357,-0.519858,767
928,N-340B,CV-645A,2023-09-22T19:41:29.097Z,0.0,0.0,071
929,Republica Argentina,Carme 2,2023-09-22T19:41:29.097Z,38.99105,-0.519778,017
930,Corts Valencianes 2A,Corts Valencianes 2B,2023-09-22T19:41:39.097Z,38.986084,-0.534517,999
931,PalasietA,Aben FerriA,2023-09-22T19:41:39.097Z,38.985489,-0.534157,edi
932,PalasietB,Corts Valencianes 1B,2023-09-22T19:41:39.097Z,38.985252,-0.537441,389
933,Alfons MagnanimB,9 OctubreB,2023-09-22T19:41:39.097Z,38.987144,-0.535236,007
934,Aben FerriA,Corts Valencianes 2B,2023-09-22T19:41:39.097Z,38.986084,-0.534517,592
935,Aben FerriB,PalasietB,2023-09-22T19:41:39.097Z,38.985489,-0.534157,kXX
936,9 OctubreA,Alfons MagnanimA,2023-09-22T19:41:39.097Z,38.987144,-0.535236,696
937,Beata InesA,Corts Valencianes 2A,2023-09-22T19:41:39.097Z,38.987684,-0.53061,492
938,Maulets,Carme 1,2023-09-22T19:41:39.097Z,38.992357,-0.519858,333
939,N-340B,CV-645A,2023-09-22T19:41:39.097Z,0.0,0.0,False
940,Republica Argentina,Academic Maravall,2023-09-22T19:41:39.097Z,38.99105,-0.519778,484
941,CV-645B,Beata InesA,2023-09-22T19:41:49.097Z,0.0,0.0,228
942,Corts Valencianes 1B,Alfons MagnanimB,2023-09-22T19:41:49.097Z,38.986084,-0.534517,696
943,PalasietA,Aben FerriA,2023-09-22T19:41:49.097Z,38.985489,-0.534157,929
944,PalasietB,Corts Valencianes 1B,2023-09-22T19:41:49.097Z,38.985252,-0.537441,206
945,Alfons MagnanimA,Corts Valencianes 2B,2023-09-22T19:41:49.097Z,38.986084,-0.534517,697
946,Aben FerriA,Alfons MagnanimB,2023-09-22T19:41:49.097Z,38.986084,-0.534517,735
947,Aben FerriB,PalasietB,2023-09-22T19:41:49.097Z,38.985489,-0.534157,False
948,9 OctubreA,9 OctubreB,2023-09-22T19:41:49.097Z,38.987144,-0.535236,995
949,9 OctubreB,Reina,2023-09-22T19:41:49.097Z,38.987684,-0.53061,296
950,Ausias MarchA,9 OctubreA,2023-09-22T19:41:49.097Z,38.987684,-0.53061,151
951,Beata InesA,Reina,2023-09-22T19:41:49.097Z,38.987684,-0.53061,691
952,Gregorio Molina,Abu Masaifa,2023-09-22T19:41:49.097Z,38.991213,-0.523787,161
953,Albereda 2,Cosmografo,2023-09-22T19:41:49.097Z,38.990742,-0.513,088
954,CV-645A,PalasietA,2023-09-22T19:41:59.097Z,38.985252,-0.537441,494
955,CV-645B,CV-645A,2023-09-22T19:41:59.097Z,0.0,0.0,499
956,Corts Valencianes 2A,Corts Valencianes 2B,2023-09-22T19:41:59.097Z,38.986084,-0.534517,799
957,Alfons MagnanimA,Aben FerriB,2023-09-22T19:41:59.097Z,38.986084,-0.534517,XXX
958,Alfons MagnanimB,9 OctubreB,2023-09-22T19:41:59.097Z,38.987144,-0.535236,823
959,Aben FerriA,Aben FerriB,2023-09-22T19:41:59.097Z,38.986084,-0.534517,False
960,9 OctubreA,9 OctubreB,2023-09-22T19:41:59.097Z,38.987144,-0.535236,910
961,9 OctubreB,Reina,2023-09-22T19:41:59.097Z,38.987684,-0.53061,087
962,Beata InesA,Ausias MarchB,2023-09-22T19:41:59.097Z,38.987684,-0.53061,690
963,Beata InesB,Beata InesA,2023-09-22T19:41:59.097Z,0.0,0.0,217
964,Reina,Albereda 1,2023-09-22T19:41:59.097Z,38.989955,-0.523503,395
965,Baixada estacio 2,Albereda 1,2023-09-22T19:41:59.097Z,38.989955,-0.523503,906
966,Albereda 2,N-340B,2023-09-22T19:41:59.097Z,38.990742,-0.513,609
967,Academic Maravall,Maulets,2023-09-22T19:41:59.097Z,38.991249,-0.518678,106
968,N-340B,Beata InesA,2023-09-22T19:41:59.097Z,0.0,0.0,819
969,CV-645B,CV-645B,2023-09-22T19:42:09.097Z,0.0,0.0,482
970,Corts Valencianes 2A,Corts Valencianes 2B,2023-09-22T19:42:09.097Z,38.986084,-0.534517,495
971,Corts Valencianes 2B,Reina,2023-09-22T19:42:09.097Z,38.987684,-0.53061,770
972,PalasietB,PalasietA,2023-09-22T19:42:09.097Z,38.985252,-0.537441,669
973,Alfons MagnanimA,Corts Valencianes 2B,2023-09-22T19:42:09.097Z,38.986084,-0.534517,696
974,Alfons MagnanimB,9 OctubreB,2023-09-22T19:42:09.097Z,38.987144,-0.535236,108
975,Aben FerriB,PalasietB,2023-09-22T19:42:09.097Z,38.985489,-0.534157,aeX
976,9 OctubreA,9 OctubreB,2023-09-22T19:42:09.097Z,38.987144,-0.535236,862
977,9 OctubreB,Beata InesB,2023-09-22T19:42:09.097Z,38.987684,-0.53061,849
978,Ausias MarchA,Corts Valencianes 2A,2023-09-22T19:42:09.097Z,38.987684,-0.53061,003
979,Beata InesB,N-340A,2023-09-22T19:42:09.097Z,0.0,0.0,False
980,Reina,Republica Argentina,2023-09-22T19:42:09.097Z,38.989955,-0.523503,697
981,Ximen ToviaB,Gregorio Molina,2023-09-22T19:42:09.097Z,38.992357,-0.519858,064
982,Albereda 2,N-340B,2023-09-22T19:42:09.097Z,38.990742,-0.513,False
983,Maulets,Ximen ToviaA,2023-09-22T19:42:09.097Z,38.992357,-0.519858,048
984,N-340B,N-340A,2023-09-22T19:42:09.097Z,0.0,0.0,939
985,CV-645B,CV-645A,2023-09-22T19:42:19.097Z,0.0,0.0,973
986,Corts Valencianes 2A,Corts Valencianes 2B,2023-09-22T19:42:19.097Z,38.986084,-0.534517,False
987,PalasietB,CV-645B,2023-09-22T19:42:19.097Z,38.985252,-0.537441,880
988,Alfons MagnanimB,Alfons MagnanimA,2023-09-22T19:42:19.097Z,38.987144,-0.535236,356
989,Aben FerriA,Corts Valencianes 1A,2023-09-22T19:42:19.097Z,38.986084,-0.534517,False
990,Aben FerriB,PalasietB,2023-09-22T19:42:19.097Z,38.985489,-0.534157,358
991,9 OctubreA,Alfons MagnanimA,2023-09-22T19:42:19.097Z,38.987144,-0.535236,888
992,9 OctubreB,Corts Valencianes 2A,2023-09-22T19:42:19.097Z,38.987684,-0.53061,923
993,Beata InesB,N-340A,2023-09-22T19:42:19.097Z,0.0,0.0,994
994,Albereda 2,Cosmografo,2023-09-22T19:42:19.097Z,38.990742,-0.513,False
995,Academic Maravall,Maulets,2023-09-22T19:42:19.097Z,38.991249,-0.518678,912
996,Cosmografo,Maulets,2023-09-22T19:42:19.097Z,38.991249,-0.518678,088
997,N-340B,N-340A,2023-09-22T19:42:19.097Z,0.0,0.0,249
998,CV-645A,PalasietA,2023-09-22T19:42:29.097Z,38.985252,-0.537441,714
999,CV-645B,Beata InesA,2023-09-22T19:42:29.097Z,0.0,0.0,989
