,enter,exit,date,latitude,longitude,matricula
0,CV-645A,Corts Valencianes 1B,2023-11-14T07:33:29.097Z,38.985252,-0.537441,380
1,PalasietB,CV-645B,2023-11-14T07:33:29.097Z,38.985252,-0.537441,883
2,Aben FerriA,Alfons MagnanimB,2023-11-14T07:33:29.097Z,38.986084,-0.534517,158
3,Aben FerriB,Aben FerriA,2023-11-14T07:33:29.097Z,38.985489,-0.534157,857
4,Argenteria,PalasietB,2023-11-14T07:33:29.097Z,38.985489,-0.534157,192
5,9 OctubreA,Alfons MagnanimA,2023-11-14T07:33:29.097Z,38.987144,-0.535236,666
6,9 OctubreB,9 OctubreA,2023-11-14T07:33:29.097Z,38.987684,-0.53061,716
7,Gregorio Molina,Abu Masaifa,2023-11-14T07:33:29.097Z,38.991213,-0.523787,395
8,N-340B,N-340A,2023-11-14T07:33:29.097Z,0.0,0.0,119
9,CV-645B,Beata InesA,2023-11-14T07:33:39.097Z,0.0,0.0,351
10,Corts Valencianes 1B,Corts Valencianes 1A,2023-11-14T07:33:39.097Z,38.986084,-0.534517,699
11,Alfons MagnanimA,Corts Valencianes 1A,2023-11-14T07:33:39.097Z,38.986084,-0.534517,276
12,Alfons MagnanimB,9 OctubreB,2023-11-14T07:33:39.097Z,38.987144,-0.535236,158
13,Aben FerriA,Aben FerriB,2023-11-14T07:33:39.097Z,38.986084,-0.534517,700
14,Argenteria,PalasietB,2023-11-14T07:33:39.097Z,38.985489,-0.534157,963
15,Ausias MarchA,Reina,2023-11-14T07:33:39.097Z,38.987684,-0.53061,363
16,Ausias MarchB,Ausias MarchA,2023-11-14T07:33:39.097Z,38.991913,-0.524291,XXX
17,Beata InesA,Argenteria,2023-11-14T07:33:39.097Z,38.987684,-0.53061,002
18,Ximen ToviaA,Baixada estacio 1,2023-11-14T07:33:39.097Z,38.991913,-0.524291,False
19,Baixada estacio 2,Albereda 1,2023-11-14T07:33:39.097Z,38.989955,-0.523503,359
20,Gregorio Molina,Baixada estacio 2,2023-11-14T07:33:39.097Z,38.991213,-0.523787,916
21,Maulets,Gregorio Molina,2023-11-14T07:33:39.097Z,38.992357,-0.519858,490
22,N-340B,Beata InesA,2023-11-14T07:33:39.097Z,0.0,0.0,492
23,CV-645B,CV-645A,2023-11-14T07:33:49.097Z,0.0,0.0,936
24,Corts Valencianes 1B,Corts Valencianes 1A,2023-11-14T07:33:49.097Z,38.986084,-0.534517,956
25,Corts Valencianes 2A,Alfons MagnanimB,2023-11-14T07:33:49.097Z,38.986084,-0.534517,769
26,PalasietA,PalasietB,2023-11-14T07:33:49.097Z,38.985489,-0.534157,436
27,Alfons MagnanimA,Corts Valencianes 2B,2023-11-14T07:33:49.097Z,38.986084,-0.534517,537
28,Aben FerriA,Aben FerriB,2023-11-14T07:33:49.097Z,38.986084,-0.534517,749
29,Aben FerriB,PalasietB,2023-11-14T07:33:49.097Z,38.985489,-0.534157,700
30,Argenteria,Aben FerriA,2023-11-14T07:33:49.097Z,38.985489,-0.534157,971
31,9 OctubreB,Reina,2023-11-14T07:33:49.097Z,38.987684,-0.53061,158
32,Ausias MarchB,Ximen ToviaB,2023-11-14T07:33:49.097Z,38.991913,-0.524291,941
33,Beata InesA,Corts Valencianes 2A,2023-11-14T07:33:49.097Z,38.987684,-0.53061,260
34,Beata InesB,N-340A,2023-11-14T07:33:49.097Z,0.0,0.0,328
35,Ximen ToviaA,Ausias MarchA,2023-11-14T07:33:49.097Z,38.991913,-0.524291,895
36,Baixada estacio 2,Republica Argentina,2023-11-14T07:33:49.097Z,38.989955,-0.523503,003
37,Gregorio Molina,Abu Masaifa,2023-11-14T07:33:49.097Z,38.991213,-0.523787,118
38,N-340B,N-340A,2023-11-14T07:33:49.097Z,0.0,0.0,False
39,CV-645B,CV-645A,2023-11-14T07:33:59.097Z,0.0,0.0,999
40,Corts Valencianes 1A,PalasietA,2023-11-14T07:33:59.097Z,38.985252,-0.537441,126
41,Corts Valencianes 1B,Alfons MagnanimB,2023-11-14T07:33:59.097Z,38.986084,-0.534517,966
42,Corts Valencianes 2A,Corts Valencianes 1A,2023-11-14T07:33:59.097Z,38.986084,-0.534517,482
43,Aben FerriA,Corts Valencianes 2B,2023-11-14T07:33:59.097Z,38.986084,-0.534517,999
44,Ausias MarchA,Reina,2023-11-14T07:33:59.097Z,38.987684,-0.53061,XXX
45,Ausias MarchB,Ausias MarchA,2023-11-14T07:33:59.097Z,38.991913,-0.524291,699
46,Beata InesA,Argenteria,2023-11-14T07:33:59.097Z,38.987684,-0.53061,502
47,Beata InesB,CV-645A,2023-11-14T07:33:59.097Z,0.0,0.0,826
48,Ximen ToviaA,Ausias MarchA,2023-11-14T07:33:59.097Z,38.991913,-0.524291,662
49,Baixada estacio 1,Abu Masaifa,2023-11-14T07:33:59.097Z,38.991213,-0.523787,600
50,Baixada estacio 2,Republica Argentina,2023-11-14T07:33:59.097Z,38.989955,-0.523503,767
51,Gregorio Molina,Abu Masaifa,2023-11-14T07:33:59.097Z,38.991213,-0.523787,699
52,Albereda 1,Albereda 2,2023-11-14T07:33:59.097Z,38.990122,-0.519633,359
53,N-340A,Gregorio Molina,2023-11-14T07:33:59.097Z,38.992357,-0.519858,624
54,N-340B,CV-645A,2023-11-14T07:33:59.097Z,0.0,0.0,057
55,CV-645B,Beata InesA,2023-11-14T07:34:09.097Z,0.0,0.0,018
56,PalasietB,Corts Valencianes 1B,2023-11-14T07:34:09.097Z,38.985252,-0.537441,False
57,Aben FerriA,Alfons MagnanimB,2023-11-14T07:34:09.097Z,38.986084,-0.534517,837
58,Argenteria,PalasietB,2023-11-14T07:34:09.097Z,38.985489,-0.534157,767
59,9 OctubreA,Alfons MagnanimA,2023-11-14T07:34:09.097Z,38.987144,-0.535236,716
60,Ausias MarchB,Baixada estacio 1,2023-11-14T07:34:09.097Z,38.991913,-0.524291,486
61,Beata InesA,9 OctubreA,2023-11-14T07:34:09.097Z,38.987684,-0.53061,False
62,Ximen ToviaA,Ausias MarchA,2023-11-14T07:34:09.097Z,38.991913,-0.524291,692
63,Gregorio Molina,Abu Masaifa,2023-11-14T07:34:09.097Z,38.991213,-0.523787,997
64,Maulets,Ximen ToviaA,2023-11-14T07:34:09.097Z,38.992357,-0.519858,031
65,N-340A,Ximen ToviaA,2023-11-14T07:34:09.097Z,38.992357,-0.519858,False
66,Republica Argentina,Academic Maravall,2023-11-14T07:34:09.097Z,38.99105,-0.519778,003
67,Corts Valencianes 1B,Corts Valencianes 1A,2023-11-14T07:34:19.097Z,38.986084,-0.534517,745
68,Corts Valencianes 2A,Alfons MagnanimB,2023-11-14T07:34:19.097Z,38.986084,-0.534517,280
69,PalasietB,Corts Valencianes 1B,2023-11-14T07:34:19.097Z,38.985252,-0.537441,769
70,Alfons MagnanimA,Corts Valencianes 2B,2023-11-14T07:34:19.097Z,38.986084,-0.534517,716
71,Aben FerriA,Corts Valencianes 1A,2023-11-14T07:34:19.097Z,38.986084,-0.534517,921
72,Argenteria,Aben FerriA,2023-11-14T07:34:19.097Z,38.985489,-0.534157,002
73,9 OctubreA,9 OctubreB,2023-11-14T07:34:19.097Z,38.987144,-0.535236,169
74,9 OctubreB,Reina,2023-11-14T07:34:19.097Z,38.987684,-0.53061,219
75,Abu Masaifa,Ausias MarchB,2023-11-14T07:34:19.097Z,38.987684,-0.53061,323
76,Beata InesA,Corts Valencianes 2A,2023-11-14T07:34:19.097Z,38.987684,-0.53061,351
77,Beata InesB,CV-645A,2023-11-14T07:34:19.097Z,0.0,0.0,XXX
78,Ximen ToviaA,Baixada estacio 1,2023-11-14T07:34:19.097Z,38.991913,-0.524291,666
79,Baixada estacio 1,Abu Masaifa,2023-11-14T07:34:19.097Z,38.991213,-0.523787,486
80,Academic Maravall,Maulets,2023-11-14T07:34:19.097Z,38.991249,-0.518678,003
81,N-340A,Ximen ToviaA,2023-11-14T07:34:19.097Z,38.992357,-0.519858,897
82,N-340B,N-340A,2023-11-14T07:34:19.097Z,0.0,0.0,699
83,Corts Valencianes 1A,PalasietA,2023-11-14T07:34:29.097Z,38.985252,-0.537441,996
84,Corts Valencianes 1B,Corts Valencianes 2B,2023-11-14T07:34:29.097Z,38.986084,-0.534517,380
85,Corts Valencianes 2A,Corts Valencianes 2B,2023-11-14T07:34:29.097Z,38.986084,-0.534517,351
86,PalasietA,Aben FerriA,2023-11-14T07:34:29.097Z,38.985489,-0.534157,696
87,PalasietB,PalasietA,2023-11-14T07:34:29.097Z,38.985252,-0.537441,998
88,Alfons MagnanimB,Alfons MagnanimA,2023-11-14T07:34:29.097Z,38.987144,-0.535236,769
89,Aben FerriA,Corts Valencianes 1A,2023-11-14T07:34:29.097Z,38.986084,-0.534517,002
90,Argenteria,Aben FerriA,2023-11-14T07:34:29.097Z,38.985489,-0.534157,671
91,9 OctubreB,Reina,2023-11-14T07:34:29.097Z,38.987684,-0.53061,False
92,Ausias MarchA,Reina,2023-11-14T07:34:29.097Z,38.987684,-0.53061,862
93,Ximen ToviaA,Ausias MarchA,2023-11-14T07:34:29.097Z,38.991913,-0.524291,479
94,Gregorio Molina,Abu Masaifa,2023-11-14T07:34:29.097Z,38.991213,-0.523787,759
95,Maulets,N-340B,2023-11-14T07:34:29.097Z,38.992357,-0.519858,003
96,CV-645A,Corts Valencianes 1B,2023-11-14T07:34:39.097Z,38.985252,-0.537441,770
97,CV-645B,Beata InesA,2023-11-14T07:34:39.097Z,0.0,0.0,679
98,Corts Valencianes 1A,Corts Valencianes 1B,2023-11-14T07:34:39.097Z,38.985252,-0.537441,276
99,Corts Valencianes 1B,Corts Valencianes 1A,2023-11-14T07:34:39.097Z,38.986084,-0.534517,False
100,Corts Valencianes 2B,Reina,2023-11-14T07:34:39.097Z,38.987684,-0.53061,666
101,PalasietB,PalasietA,2023-11-14T07:34:39.097Z,38.985252,-0.537441,842
102,Alfons MagnanimB,9 OctubreB,2023-11-14T07:34:39.097Z,38.987144,-0.535236,383
103,9 OctubreA,9 OctubreB,2023-11-14T07:34:39.097Z,38.987144,-0.535236,175
104,Ausias MarchA,9 OctubreA,2023-11-14T07:34:39.097Z,38.987684,-0.53061,662
105,Beata InesA,Corts Valencianes 2A,2023-11-14T07:34:39.097Z,38.987684,-0.53061,492
106,Ximen ToviaA,Ausias MarchA,2023-11-14T07:34:39.097Z,38.991913,-0.524291,False
107,Ximen ToviaB,Ximen ToviaA,2023-11-14T07:34:39.097Z,38.992357,-0.519858,981
108,Baixada estacio 1,Abu Masaifa,2023-11-14T07:34:39.097Z,38.991213,-0.523787,618
109,N-340A,Gregorio Molina,2023-11-14T07:34:39.097Z,38.992357,-0.519858,139
110,CV-645A,PalasietA,2023-11-14T07:34:49.097Z,38.985252,-0.537441,336
111,Corts Valencianes 1A,CV-645B,2023-11-14T07:34:49.097Z,38.985252,-0.537441,556
112,Corts Valencianes 1B,Alfons MagnanimB,2023-11-14T07:34:49.097Z,38.986084,-0.534517,328
113,Corts Valencianes 2B,Reina,2023-11-14T07:34:49.097Z,38.987684,-0.53061,999
114,PalasietA,Aben FerriA,2023-11-14T07:34:49.097Z,38.985489,-0.534157,699
115,Alfons MagnanimA,Aben FerriB,2023-11-14T07:34:49.097Z,38.986084,-0.534517,769
116,Aben FerriA,Alfons MagnanimB,2023-11-14T07:34:49.097Z,38.986084,-0.534517,012
117,N-340B,Beata InesA,2023-11-14T07:34:49.097Z,0.0,0.0,False
118,Republica Argentina,Academic Maravall,2023-11-14T07:34:49.097Z,38.99105,-0.519778,869
119,CV-645A,PalasietA,2023-11-14T07:34:59.097Z,38.985252,-0.537441,903
120,Corts Valencianes 1A,CV-645B,2023-11-14T07:34:59.097Z,38.985252,-0.537441,482
121,Corts Valencianes 1B,Alfons MagnanimB,2023-11-14T07:34:59.097Z,38.986084,-0.534517,770
122,Corts Valencianes 2A,Alfons MagnanimB,2023-11-14T07:34:59.097Z,38.986084,-0.534517,492
123,Corts Valencianes 2B,Ausias MarchB,2023-11-14T07:34:59.097Z,38.987684,-0.53061,716
124,Alfons MagnanimB,Alfons MagnanimA,2023-11-14T07:34:59.097Z,38.987144,-0.535236,857
125,Beata InesA,Ausias MarchB,2023-11-14T07:34:59.097Z,38.987684,-0.53061,018
126,Beata InesB,N-340A,2023-11-14T07:34:59.097Z,0.0,0.0,994
127,Ximen ToviaA,Ausias MarchA,2023-11-14T07:34:59.097Z,38.991913,-0.524291,097
128,Gregorio Molina,Baixada estacio 2,2023-11-14T07:34:59.097Z,38.991213,-0.523787,139
129,Albereda 2,N-340B,2023-11-14T07:34:59.097Z,38.990742,-0.513,721
130,N-340B,N-340A,2023-11-14T07:34:59.097Z,0.0,0.0,044
131,CV-645A,Corts Valencianes 1B,2023-11-14T07:35:09.097Z,38.985252,-0.537441,928
132,Corts Valencianes 1B,Corts Valencianes 2B,2023-11-14T07:35:09.097Z,38.986084,-0.534517,869
133,PalasietA,Aben FerriA,2023-11-14T07:35:09.097Z,38.985489,-0.534157,953
134,PalasietB,PalasietA,2023-11-14T07:35:09.097Z,38.985252,-0.537441,123
135,Alfons MagnanimB,9 OctubreB,2023-11-14T07:35:09.097Z,38.987144,-0.535236,280
136,Aben FerriB,PalasietB,2023-11-14T07:35:09.097Z,38.985489,-0.534157,025
137,Argenteria,Aben FerriA,2023-11-14T07:35:09.097Z,38.985489,-0.534157,502
138,Beata InesA,Argenteria,2023-11-14T07:35:09.097Z,38.987684,-0.53061,334
139,Beata InesB,N-340A,2023-11-14T07:35:09.097Z,0.0,0.0,608
140,Baixada estacio 2,Republica Argentina,2023-11-14T07:35:09.097Z,38.989955,-0.523503,139
141,Albereda 2,Cosmografo,2023-11-14T07:35:09.097Z,38.990742,-0.513,199
142,Academic Maravall,Maulets,2023-11-14T07:35:09.097Z,38.991249,-0.518678,859
143,N-340A,Ximen ToviaA,2023-11-14T07:35:09.097Z,38.992357,-0.519858,299
144,CV-645A,PalasietA,2023-11-14T07:35:19.097Z,38.985252,-0.537441,057
145,CV-645B,N-340A,2023-11-14T07:35:19.097Z,0.0,0.0,False
146,Corts Valencianes 1A,CV-645B,2023-11-14T07:35:19.097Z,38.985252,-0.537441,745
147,Corts Valencianes 1B,Alfons MagnanimB,2023-11-14T07:35:19.097Z,38.986084,-0.534517,320
148,Corts Valencianes 2B,Beata InesB,2023-11-14T07:35:19.097Z,38.987684,-0.53061,050
149,PalasietA,Aben FerriA,2023-11-14T07:35:19.097Z,38.985489,-0.534157,269
150,PalasietB,PalasietA,2023-11-14T07:35:19.097Z,38.985252,-0.537441,550
151,Alfons MagnanimA,Corts Valencianes 2B,2023-11-14T07:35:19.097Z,38.986084,-0.534517,857
152,Alfons MagnanimB,Alfons MagnanimA,2023-11-14T07:35:19.097Z,38.987144,-0.535236,328
153,Argenteria,PalasietB,2023-11-14T07:35:19.097Z,38.985489,-0.534157,666
154,Ausias MarchB,Ximen ToviaB,2023-11-14T07:35:19.097Z,38.991913,-0.524291,323
155,Beata InesA,Reina,2023-11-14T07:35:19.097Z,38.987684,-0.53061,False
156,Beata InesB,N-340A,2023-11-14T07:35:19.097Z,0.0,0.0,057
157,N-340A,Carme 1,2023-11-14T07:35:19.097Z,38.992357,-0.519858,False
158,N-340B,Beata InesA,2023-11-14T07:35:19.097Z,0.0,0.0,419
159,CV-645A,PalasietA,2023-11-14T07:35:29.097Z,38.985252,-0.537441,499
160,Corts Valencianes 1A,PalasietA,2023-11-14T07:35:29.097Z,38.985252,-0.537441,921
161,Alfons MagnanimB,9 OctubreB,2023-11-14T07:35:29.097Z,38.987144,-0.535236,012
162,Aben FerriA,Alfons MagnanimB,2023-11-14T07:35:29.097Z,38.986084,-0.534517,671
163,9 OctubreA,9 OctubreB,2023-11-14T07:35:29.097Z,38.987144,-0.535236,662
164,9 OctubreB,Argenteria,2023-11-14T07:35:29.097Z,38.987684,-0.53061,967
165,Abu Masaifa,Corts Valencianes 2A,2023-11-14T07:35:29.097Z,38.987684,-0.53061,977
166,Ausias MarchB,Ximen ToviaB,2023-11-14T07:35:29.097Z,38.991913,-0.524291,171
167,Beata InesA,Ausias MarchB,2023-11-14T07:35:29.097Z,38.987684,-0.53061,616
168,Ximen ToviaA,Ausias MarchA,2023-11-14T07:35:29.097Z,38.991913,-0.524291,851
169,Albereda 2,Cosmografo,2023-11-14T07:35:29.097Z,38.990742,-0.513,738
170,Carme 1,Carme 2,2023-11-14T07:35:29.097Z,38.99105,-0.519778,False
171,Cosmografo,Maulets,2023-11-14T07:35:29.097Z,38.991249,-0.518678,999
172,CV-645B,CV-645A,2023-11-14T07:35:39.097Z,0.0,0.0,799
173,Corts Valencianes 1A,Corts Valencianes 1B,2023-11-14T07:35:39.097Z,38.985252,-0.537441,002
174,Corts Valencianes 2B,9 OctubreA,2023-11-14T07:35:39.097Z,38.987684,-0.53061,380
175,PalasietA,PalasietB,2023-11-14T07:35:39.097Z,38.985489,-0.534157,False
176,PalasietB,Corts Valencianes 1B,2023-11-14T07:35:39.097Z,38.985252,-0.537441,613
177,Alfons MagnanimA,Corts Valencianes 2B,2023-11-14T07:35:39.097Z,38.986084,-0.534517,328
178,Alfons MagnanimB,9 OctubreB,2023-11-14T07:35:39.097Z,38.987144,-0.535236,770
179,Aben FerriA,Corts Valencianes 2B,2023-11-14T07:35:39.097Z,38.986084,-0.534517,996
180,Argenteria,Aben FerriA,2023-11-14T07:35:39.097Z,38.985489,-0.534157,334
181,9 OctubreB,Beata InesB,2023-11-14T07:35:39.097Z,38.987684,-0.53061,175
182,Abu Masaifa,Reina,2023-11-14T07:35:39.097Z,38.987684,-0.53061,197
183,Ausias MarchA,9 OctubreA,2023-11-14T07:35:39.097Z,38.987684,-0.53061,692
184,Ausias MarchB,Ximen ToviaB,2023-11-14T07:35:39.097Z,38.991913,-0.524291,018
185,Ximen ToviaA,Ausias MarchA,2023-11-14T07:35:39.097Z,38.991913,-0.524291,981
186,Albereda 2,N-340B,2023-11-14T07:35:39.097Z,38.990742,-0.513,944
187,Carme 2,Albereda 2,2023-11-14T07:35:39.097Z,38.990122,-0.519633,False
188,N-340B,N-340A,2023-11-14T07:35:39.097Z,0.0,0.0,711
189,CV-645B,CV-645A,2023-11-14T07:35:49.097Z,0.0,0.0,810
190,Corts Valencianes 1A,CV-645B,2023-11-14T07:35:49.097Z,38.985252,-0.537441,False
191,Corts Valencianes 1B,Alfons MagnanimB,2023-11-14T07:35:49.097Z,38.986084,-0.534517,002
192,PalasietB,PalasietA,2023-11-14T07:35:49.097Z,38.985252,-0.537441,964
193,Alfons MagnanimB,9 OctubreB,2023-11-14T07:35:49.097Z,38.987144,-0.535236,492
194,Aben FerriA,Corts Valencianes 2B,2023-11-14T07:35:49.097Z,38.986084,-0.534517,553
195,Argenteria,PalasietB,2023-11-14T07:35:49.097Z,38.985489,-0.534157,090
196,Abu Masaifa,Corts Valencianes 2A,2023-11-14T07:35:49.097Z,38.987684,-0.53061,445
197,Ausias MarchA,Beata InesB,2023-11-14T07:35:49.097Z,38.987684,-0.53061,473
198,Ximen ToviaA,Ausias MarchA,2023-11-14T07:35:49.097Z,38.991913,-0.524291,328
199,Albereda 2,N-340B,2023-11-14T07:35:49.097Z,38.990742,-0.513,699
200,Carme 2,Albereda 2,2023-11-14T07:35:49.097Z,38.990122,-0.519633,False
201,Cosmografo,Maulets,2023-11-14T07:35:49.097Z,38.991249,-0.518678,710
202,Maulets,Carme 1,2023-11-14T07:35:49.097Z,38.992357,-0.519858,859
203,N-340A,Carme 1,2023-11-14T07:35:49.097Z,38.992357,-0.519858,671
204,CV-645B,CV-645A,2023-11-14T07:35:59.097Z,0.0,0.0,966
205,Corts Valencianes 1B,Alfons MagnanimB,2023-11-14T07:35:59.097Z,38.986084,-0.534517,966
206,Corts Valencianes 2B,Argenteria,2023-11-14T07:35:59.097Z,38.987684,-0.53061,351
207,Aben FerriA,Alfons MagnanimB,2023-11-14T07:35:59.097Z,38.986084,-0.534517,502
208,Aben FerriB,PalasietB,2023-11-14T07:35:59.097Z,38.985489,-0.534157,356
209,Argenteria,Aben FerriA,2023-11-14T07:35:59.097Z,38.985489,-0.534157,304
210,9 OctubreB,Beata InesB,2023-11-14T07:35:59.097Z,38.987684,-0.53061,086
211,Abu Masaifa,Reina,2023-11-14T07:35:59.097Z,38.987684,-0.53061,982
212,Ausias MarchB,Ausias MarchA,2023-11-14T07:35:59.097Z,38.991913,-0.524291,819
213,Beata InesB,Beata InesA,2023-11-14T07:35:59.097Z,0.0,0.0,779
214,Albereda 2,N-340B,2023-11-14T07:35:59.097Z,38.990742,-0.513,968
215,Maulets,Ximen ToviaA,2023-11-14T07:35:59.097Z,38.992357,-0.519858,199
216,N-340A,Ximen ToviaA,2023-11-14T07:35:59.097Z,38.992357,-0.519858,994
217,N-340B,CV-645A,2023-11-14T07:35:59.097Z,0.0,0.0,False
218,CV-645B,N-340A,2023-11-14T07:36:09.097Z,0.0,0.0,619
219,Corts Valencianes 1A,Corts Valencianes 1B,2023-11-14T07:36:09.097Z,38.985252,-0.537441,538
220,Corts Valencianes 2B,Argenteria,2023-11-14T07:36:09.097Z,38.987684,-0.53061,199
221,PalasietA,Aben FerriA,2023-11-14T07:36:09.097Z,38.985489,-0.534157,336
222,PalasietB,CV-645B,2023-11-14T07:36:09.097Z,38.985252,-0.537441,963
223,Alfons MagnanimB,Alfons MagnanimA,2023-11-14T07:36:09.097Z,38.987144,-0.535236,928
224,Argenteria,PalasietB,2023-11-14T07:36:09.097Z,38.985489,-0.534157,609
225,9 OctubreA,Alfons MagnanimA,2023-11-14T07:36:09.097Z,38.987144,-0.535236,380
226,9 OctubreB,Corts Valencianes 2A,2023-11-14T07:36:09.097Z,38.987684,-0.53061,126
227,Abu Masaifa,9 OctubreA,2023-11-14T07:36:09.097Z,38.987684,-0.53061,395
228,Ausias MarchA,Corts Valencianes 2A,2023-11-14T07:36:09.097Z,38.987684,-0.53061,False
229,Beata InesB,Beata InesA,2023-11-14T07:36:09.097Z,0.0,0.0,938
230,Maulets,N-340B,2023-11-14T07:36:09.097Z,38.992357,-0.519858,167
231,N-340B,N-340A,2023-11-14T07:36:09.097Z,0.0,0.0,False
232,CV-645A,Corts Valencianes 1B,2023-11-14T07:36:19.097Z,38.985252,-0.537441,False
233,Corts Valencianes 1B,Alfons MagnanimB,2023-11-14T07:36:19.097Z,38.986084,-0.534517,538
234,Corts Valencianes 2B,Reina,2023-11-14T07:36:19.097Z,38.987684,-0.53061,837
235,PalasietA,PalasietB,2023-11-14T07:36:19.097Z,38.985489,-0.534157,999
236,PalasietB,Corts Valencianes 1B,2023-11-14T07:36:19.097Z,38.985252,-0.537441,436
237,Alfons MagnanimB,Alfons MagnanimA,2023-11-14T07:36:19.097Z,38.987144,-0.535236,671
238,Aben FerriA,Corts Valencianes 2B,2023-11-14T07:36:19.097Z,38.986084,-0.534517,842
239,9 OctubreA,Alfons MagnanimA,2023-11-14T07:36:19.097Z,38.987144,-0.535236,636
240,9 OctubreB,Corts Valencianes 2A,2023-11-14T07:36:19.097Z,38.987684,-0.53061,662
241,Ausias MarchA,Ausias MarchB,2023-11-14T07:36:19.097Z,38.987684,-0.53061,097
242,Beata InesA,Argenteria,2023-11-14T07:36:19.097Z,38.987684,-0.53061,799
243,Beata InesB,Beata InesA,2023-11-14T07:36:19.097Z,0.0,0.0,716
244,Ximen ToviaA,Baixada estacio 1,2023-11-14T07:36:19.097Z,38.991913,-0.524291,199
245,Carme 1,Carme 2,2023-11-14T07:36:19.097Z,38.99105,-0.519778,869
246,Carme 2,Albereda 2,2023-11-14T07:36:19.097Z,38.990122,-0.519633,017
247,CV-645A,Corts Valencianes 1B,2023-11-14T07:36:29.097Z,38.985252,-0.537441,970
248,Corts Valencianes 2B,Argenteria,2023-11-14T07:36:29.097Z,38.987684,-0.53061,False
249,PalasietB,Corts Valencianes 1B,2023-11-14T07:36:29.097Z,38.985252,-0.537441,700
250,Alfons MagnanimA,Corts Valencianes 2B,2023-11-14T07:36:29.097Z,38.986084,-0.534517,320
251,Aben FerriA,Corts Valencianes 1A,2023-11-14T07:36:29.097Z,38.986084,-0.534517,334
252,Aben FerriB,PalasietB,2023-11-14T07:36:29.097Z,38.985489,-0.534157,False
253,9 OctubreA,9 OctubreB,2023-11-14T07:36:29.097Z,38.987144,-0.535236,603
254,9 OctubreB,9 OctubreA,2023-11-14T07:36:29.097Z,38.987684,-0.53061,710
255,Ausias MarchA,Corts Valencianes 2A,2023-11-14T07:36:29.097Z,38.987684,-0.53061,861
256,Albereda 2,N-340B,2023-11-14T07:36:29.097Z,38.990742,-0.513,391
257,Carme 1,Academic Maravall,2023-11-14T07:36:29.097Z,38.99105,-0.519778,671
258,N-340B,N-340A,2023-11-14T07:36:29.097Z,0.0,0.0,421
259,CV-645B,N-340A,2023-11-14T07:36:39.097Z,0.0,0.0,629
260,Corts Valencianes 2A,Aben FerriB,2023-11-14T07:36:39.097Z,38.986084,-0.534517,False
261,Corts Valencianes 2B,Ausias MarchB,2023-11-14T07:36:39.097Z,38.987684,-0.53061,120
262,PalasietA,Aben FerriA,2023-11-14T07:36:39.097Z,38.985489,-0.534157,621
263,PalasietB,CV-645B,2023-11-14T07:36:39.097Z,38.985252,-0.537441,767
264,Alfons MagnanimA,Corts Valencianes 1A,2023-11-14T07:36:39.097Z,38.986084,-0.534517,380
265,Aben FerriA,Corts Valencianes 2B,2023-11-14T07:36:39.097Z,38.986084,-0.534517,966
266,Argenteria,Aben FerriA,2023-11-14T07:36:39.097Z,38.985489,-0.534157,351
267,Abu Masaifa,Argenteria,2023-11-14T07:36:39.097Z,38.987684,-0.53061,699
268,Ausias MarchA,Argenteria,2023-11-14T07:36:39.097Z,38.987684,-0.53061,897
269,Beata InesA,Corts Valencianes 2A,2023-11-14T07:36:39.097Z,38.987684,-0.53061,999
270,Beata InesB,CV-645A,2023-11-14T07:36:39.097Z,0.0,0.0,491
271,Baixada estacio 1,Abu Masaifa,2023-11-14T07:36:39.097Z,38.991213,-0.523787,199
272,Albereda 2,N-340B,2023-11-14T07:36:39.097Z,38.990742,-0.513,967
273,Carme 2,Albereda 2,2023-11-14T07:36:39.097Z,38.990122,-0.519633,859
274,Academic Maravall,Maulets,2023-11-14T07:36:39.097Z,38.991249,-0.518678,671
275,CV-645A,Corts Valencianes 1B,2023-11-14T07:36:49.097Z,38.985252,-0.537441,052
276,Corts Valencianes 1A,Corts Valencianes 1B,2023-11-14T07:36:49.097Z,38.985252,-0.537441,334
277,Corts Valencianes 1B,Alfons MagnanimB,2023-11-14T07:36:49.097Z,38.986084,-0.534517,799
278,Corts Valencianes 2A,Corts Valencianes 2B,2023-11-14T07:36:49.097Z,38.986084,-0.534517,126
279,PalasietA,PalasietB,2023-11-14T07:36:49.097Z,38.985489,-0.534157,037
280,Alfons MagnanimA,Corts Valencianes 2B,2023-11-14T07:36:49.097Z,38.986084,-0.534517,997
281,Alfons MagnanimB,Alfons MagnanimA,2023-11-14T07:36:49.097Z,38.987144,-0.535236,502
282,Aben FerriA,Corts Valencianes 1A,2023-11-14T07:36:49.097Z,38.986084,-0.534517,336
283,Aben FerriB,Aben FerriA,2023-11-14T07:36:49.097Z,38.985489,-0.534157,445
284,Argenteria,PalasietB,2023-11-14T07:36:49.097Z,38.985489,-0.534157,912
285,Abu Masaifa,Ausias MarchB,2023-11-14T07:36:49.097Z,38.987684,-0.53061,997
286,Ausias MarchA,Reina,2023-11-14T07:36:49.097Z,38.987684,-0.53061,941
287,Albereda 2,Cosmografo,2023-11-14T07:36:49.097Z,38.990742,-0.513,097
288,Maulets,Gregorio Molina,2023-11-14T07:36:49.097Z,38.992357,-0.519858,671
289,N-340B,Beata InesA,2023-11-14T07:36:49.097Z,0.0,0.0,076
290,Corts Valencianes 1B,Alfons MagnanimB,2023-11-14T07:36:59.097Z,38.986084,-0.534517,436
291,Corts Valencianes 2A,Corts Valencianes 2B,2023-11-14T07:36:59.097Z,38.986084,-0.534517,False
292,PalasietA,Aben FerriA,2023-11-14T07:36:59.097Z,38.985489,-0.534157,660
293,PalasietB,CV-645B,2023-11-14T07:36:59.097Z,38.985252,-0.537441,597
294,Alfons MagnanimA,Aben FerriB,2023-11-14T07:36:59.097Z,38.986084,-0.534517,636
295,Alfons MagnanimB,9 OctubreB,2023-11-14T07:36:59.097Z,38.987144,-0.535236,538
296,Aben FerriA,Corts Valencianes 2B,2023-11-14T07:36:59.097Z,38.986084,-0.534517,129
297,Argenteria,Aben FerriA,2023-11-14T07:36:59.097Z,38.985489,-0.534157,799
298,9 OctubreB,Reina,2023-11-14T07:36:59.097Z,38.987684,-0.53061,492
299,Abu Masaifa,Beata InesB,2023-11-14T07:36:59.097Z,38.987684,-0.53061,False
300,Ausias MarchA,Ausias MarchB,2023-11-14T07:36:59.097Z,38.987684,-0.53061,324
301,Beata InesA,Argenteria,2023-11-14T07:36:59.097Z,38.987684,-0.53061,716
302,Gregorio Molina,Baixada estacio 2,2023-11-14T07:36:59.097Z,38.991213,-0.523787,671
303,Albereda 2,Cosmografo,2023-11-14T07:36:59.097Z,38.990742,-0.513,806
304,CV-645A,PalasietA,2023-11-14T07:37:09.097Z,38.985252,-0.537441,136
305,CV-645B,N-340A,2023-11-14T07:37:09.097Z,0.0,0.0,620
306,Corts Valencianes 1A,PalasietA,2023-11-14T07:37:09.097Z,38.985252,-0.537441,380
307,Corts Valencianes 1B,Alfons MagnanimB,2023-11-14T07:37:09.097Z,38.986084,-0.534517,970
308,Corts Valencianes 2A,Corts Valencianes 2B,2023-11-14T07:37:09.097Z,38.986084,-0.534517,926
309,Corts Valencianes 2B,Reina,2023-11-14T07:37:09.097Z,38.987684,-0.53061,996
310,Alfons MagnanimA,Aben FerriB,2023-11-14T07:37:09.097Z,38.986084,-0.534517,502
311,Aben FerriA,Alfons MagnanimB,2023-11-14T07:37:09.097Z,38.986084,-0.534517,351
312,Aben FerriB,PalasietB,2023-11-14T07:37:09.097Z,38.985489,-0.534157,263
313,9 OctubreB,Argenteria,2023-11-14T07:37:09.097Z,38.987684,-0.53061,False
314,Beata InesA,Reina,2023-11-14T07:37:09.097Z,38.987684,-0.53061,078
315,Baixada estacio 2,Republica Argentina,2023-11-14T07:37:09.097Z,38.989955,-0.523503,671
316,Albereda 2,N-340B,2023-11-14T07:37:09.097Z,38.990742,-0.513,710
317,Cosmografo,Maulets,2023-11-14T07:37:09.097Z,38.991249,-0.518678,097
318,Corts Valencianes 2A,Aben FerriB,2023-11-14T07:37:19.097Z,38.986084,-0.534517,298
319,Corts Valencianes 2B,9 OctubreA,2023-11-14T07:37:19.097Z,38.987684,-0.53061,953
320,PalasietA,PalasietB,2023-11-14T07:37:19.097Z,38.985489,-0.534157,False
321,PalasietB,CV-645B,2023-11-14T07:37:19.097Z,38.985252,-0.537441,846
322,Aben FerriA,Alfons MagnanimB,2023-11-14T07:37:19.097Z,38.986084,-0.534517,445
323,9 OctubreA,Alfons MagnanimA,2023-11-14T07:37:19.097Z,38.987144,-0.535236,395
324,9 OctubreB,Ausias MarchB,2023-11-14T07:37:19.097Z,38.987684,-0.53061,538
325,Abu Masaifa,Beata InesB,2023-11-14T07:37:19.097Z,38.987684,-0.53061,486
326,Beata InesB,N-340A,2023-11-14T07:37:19.097Z,0.0,0.0,False
327,Albereda 2,N-340B,2023-11-14T07:37:19.097Z,38.990742,-0.513,041
328,Maulets,Gregorio Molina,2023-11-14T07:37:19.097Z,38.992357,-0.519858,097
329,CV-645B,N-340A,2023-11-14T07:37:29.097Z,0.0,0.0,925
330,Corts Valencianes 1A,CV-645B,2023-11-14T07:37:29.097Z,38.985252,-0.537441,313
331,Corts Valencianes 2A,Corts Valencianes 1A,2023-11-14T07:37:29.097Z,38.986084,-0.534517,False
332,PalasietA,PalasietB,2023-11-14T07:37:29.097Z,38.985489,-0.534157,921
333,PalasietB,CV-645B,2023-11-14T07:37:29.097Z,38.985252,-0.537441,584
334,Alfons MagnanimB,9 OctubreB,2023-11-14T07:37:29.097Z,38.987144,-0.535236,660
335,Aben FerriA,Corts Valencianes 2B,2023-11-14T07:37:29.097Z,38.986084,-0.534517,660
336,Aben FerriB,PalasietB,2023-11-14T07:37:29.097Z,38.985489,-0.534157,862
337,Argenteria,PalasietB,2023-11-14T07:37:29.097Z,38.985489,-0.534157,008
338,Abu Masaifa,Reina,2023-11-14T07:37:29.097Z,38.987684,-0.53061,False
339,Ausias MarchB,Baixada estacio 1,2023-11-14T07:37:29.097Z,38.991913,-0.524291,031
340,Albereda 2,Cosmografo,2023-11-14T07:37:29.097Z,38.990742,-0.513,800
341,N-340B,CV-645A,2023-11-14T07:37:29.097Z,0.0,0.0,False
342,CV-645A,PalasietA,2023-11-14T07:37:39.097Z,38.985252,-0.537441,810
343,Corts Valencianes 1B,Corts Valencianes 1A,2023-11-14T07:37:39.097Z,38.986084,-0.534517,700
344,Corts Valencianes 2B,9 OctubreA,2023-11-14T07:37:39.097Z,38.987684,-0.53061,842
345,PalasietA,Aben FerriA,2023-11-14T07:37:39.097Z,38.985489,-0.534157,964
346,PalasietB,PalasietA,2023-11-14T07:37:39.097Z,38.985252,-0.537441,090
347,Aben FerriA,Corts Valencianes 2B,2023-11-14T07:37:39.097Z,38.986084,-0.534517,779
348,Argenteria,PalasietB,2023-11-14T07:37:39.097Z,38.985489,-0.534157,666
349,Abu Masaifa,Argenteria,2023-11-14T07:37:39.097Z,38.987684,-0.53061,624
350,Baixada estacio 1,Abu Masaifa,2023-11-14T07:37:39.097Z,38.991213,-0.523787,091
351,Albereda 2,Cosmografo,2023-11-14T07:37:39.097Z,38.990742,-0.513,817
352,N-340B,Beata InesA,2023-11-14T07:37:39.097Z,0.0,0.0,376
353,CV-645B,CV-645A,2023-11-14T07:37:49.097Z,0.0,0.0,237
354,Corts Valencianes 1B,Alfons MagnanimB,2023-11-14T07:37:49.097Z,38.986084,-0.534517,966
355,Corts Valencianes 2B,Reina,2023-11-14T07:37:49.097Z,38.987684,-0.53061,826
356,PalasietA,PalasietB,2023-11-14T07:37:49.097Z,38.985489,-0.534157,136
357,PalasietB,CV-645B,2023-11-14T07:37:49.097Z,38.985252,-0.537441,356
358,Alfons MagnanimA,Aben FerriB,2023-11-14T07:37:49.097Z,38.986084,-0.534517,395
359,Alfons MagnanimB,Alfons MagnanimA,2023-11-14T07:37:49.097Z,38.987144,-0.535236,799
360,9 OctubreA,Alfons MagnanimA,2023-11-14T07:37:49.097Z,38.987144,-0.535236,770
361,Ausias MarchB,Ausias MarchA,2023-11-14T07:37:49.097Z,38.991913,-0.524291,328
362,Ximen ToviaA,Ausias MarchA,2023-11-14T07:37:49.097Z,38.991913,-0.524291,False
363,Albereda 2,Cosmografo,2023-11-14T07:37:49.097Z,38.990742,-0.513,False
364,N-340A,Carme 1,2023-11-14T07:37:49.097Z,38.992357,-0.519858,048
365,N-340B,Beata InesA,2023-11-14T07:37:49.097Z,0.0,0.0,171
366,CV-645B,Beata InesA,2023-11-14T07:37:59.097Z,0.0,0.0,878
367,Corts Valencianes 1A,CV-645B,2023-11-14T07:37:59.097Z,38.985252,-0.537441,False
368,Corts Valencianes 1B,Aben FerriB,2023-11-14T07:37:59.097Z,38.986084,-0.534517,334
369,Corts Valencianes 2B,Corts Valencianes 2A,2023-11-14T07:37:59.097Z,38.987684,-0.53061,967
370,PalasietB,Corts Valencianes 1B,2023-11-14T07:37:59.097Z,38.985252,-0.537441,803
371,Alfons MagnanimA,Corts Valencianes 1A,2023-11-14T07:37:59.097Z,38.986084,-0.534517,799
372,Alfons MagnanimB,Alfons MagnanimA,2023-11-14T07:37:59.097Z,38.987144,-0.535236,436
373,Aben FerriA,Corts Valencianes 1A,2023-11-14T07:37:59.097Z,38.986084,-0.534517,094
374,Aben FerriB,PalasietB,2023-11-14T07:37:59.097Z,38.985489,-0.534157,395
375,9 OctubreA,Alfons MagnanimA,2023-11-14T07:37:59.097Z,38.987144,-0.535236,953
376,Abu Masaifa,Argenteria,2023-11-14T07:37:59.097Z,38.987684,-0.53061,616
377,Gregorio Molina,Abu Masaifa,2023-11-14T07:37:59.097Z,38.991213,-0.523787,949
378,Albereda 2,Cosmografo,2023-11-14T07:37:59.097Z,38.990742,-0.513,670
379,N-340A,Ximen ToviaA,2023-11-14T07:37:59.097Z,38.992357,-0.519858,972
380,CV-645B,CV-645A,2023-11-14T07:38:09.097Z,0.0,0.0,649
381,Corts Valencianes 1A,PalasietA,2023-11-14T07:38:09.097Z,38.985252,-0.537441,700
382,Corts Valencianes 1B,Corts Valencianes 2B,2023-11-14T07:38:09.097Z,38.986084,-0.534517,223
383,Corts Valencianes 2B,Argenteria,2023-11-14T07:38:09.097Z,38.987684,-0.53061,126
384,PalasietA,Aben FerriA,2023-11-14T07:38:09.097Z,38.985489,-0.534157,380
385,PalasietB,Corts Valencianes 1B,2023-11-14T07:38:09.097Z,38.985252,-0.537441,466
386,Alfons MagnanimB,9 OctubreB,2023-11-14T07:38:09.097Z,38.987144,-0.535236,970
387,Aben FerriA,Corts Valencianes 2B,2023-11-14T07:38:09.097Z,38.986084,-0.534517,056
388,9 OctubreA,9 OctubreB,2023-11-14T07:38:09.097Z,38.987144,-0.535236,269
389,9 OctubreB,Ausias MarchB,2023-11-14T07:38:09.097Z,38.987684,-0.53061,969
390,Ausias MarchA,9 OctubreA,2023-11-14T07:38:09.097Z,38.987684,-0.53061,328
391,Ausias MarchB,Ximen ToviaB,2023-11-14T07:38:09.097Z,38.991913,-0.524291,997
392,N-340A,Ximen ToviaA,2023-11-14T07:38:09.097Z,38.992357,-0.519858,False
393,Corts Valencianes 1A,PalasietA,2023-11-14T07:38:19.097Z,38.985252,-0.537441,799
394,Corts Valencianes 1B,Corts Valencianes 1A,2023-11-14T07:38:19.097Z,38.986084,-0.534517,609
395,Corts Valencianes 2B,Corts Valencianes 2A,2023-11-14T07:38:19.097Z,38.987684,-0.53061,957
396,PalasietA,PalasietB,2023-11-14T07:38:19.097Z,38.985489,-0.534157,797
397,PalasietB,Corts Valencianes 1B,2023-11-14T07:38:19.097Z,38.985252,-0.537441,216
398,Alfons MagnanimB,9 OctubreB,2023-11-14T07:38:19.097Z,38.987144,-0.535236,351
399,Aben FerriA,Alfons MagnanimB,2023-11-14T07:38:19.097Z,38.986084,-0.534517,380
400,Aben FerriB,PalasietB,2023-11-14T07:38:19.097Z,38.985489,-0.534157,679
401,Argenteria,Aben FerriA,2023-11-14T07:38:19.097Z,38.985489,-0.534157,969
402,9 OctubreA,9 OctubreB,2023-11-14T07:38:19.097Z,38.987144,-0.535236,662
403,Abu Masaifa,9 OctubreA,2023-11-14T07:38:19.097Z,38.987684,-0.53061,810
404,Ausias MarchA,9 OctubreA,2023-11-14T07:38:19.097Z,38.987684,-0.53061,False
405,Ausias MarchB,Baixada estacio 1,2023-11-14T07:38:19.097Z,38.991913,-0.524291,994
406,Beata InesB,N-340A,2023-11-14T07:38:19.097Z,0.0,0.0,540
407,Albereda 2,N-340B,2023-11-14T07:38:19.097Z,38.990742,-0.513,907
408,Carme 1,Academic Maravall,2023-11-14T07:38:19.097Z,38.99105,-0.519778,094
409,N-340A,Ximen ToviaA,2023-11-14T07:38:19.097Z,38.992357,-0.519858,499
410,N-340B,N-340A,2023-11-14T07:38:19.097Z,0.0,0.0,643
411,Corts Valencianes 1A,Corts Valencianes 1B,2023-11-14T07:38:29.097Z,38.985252,-0.537441,054
412,Corts Valencianes 2B,Beata InesB,2023-11-14T07:38:29.097Z,38.987684,-0.53061,False
413,PalasietB,Corts Valencianes 1B,2023-11-14T07:38:29.097Z,38.985252,-0.537441,037
414,9 OctubreA,9 OctubreB,2023-11-14T07:38:29.097Z,38.987144,-0.535236,120
415,9 OctubreB,Reina,2023-11-14T07:38:29.097Z,38.987684,-0.53061,False
416,Abu Masaifa,Ausias MarchB,2023-11-14T07:38:29.097Z,38.987684,-0.53061,248
417,Beata InesA,Ausias MarchB,2023-11-14T07:38:29.097Z,38.987684,-0.53061,376
418,Ximen ToviaA,Baixada estacio 1,2023-11-14T07:38:29.097Z,38.991913,-0.524291,972
419,Baixada estacio 1,Abu Masaifa,2023-11-14T07:38:29.097Z,38.991213,-0.523787,324
420,Albereda 2,Cosmografo,2023-11-14T07:38:29.097Z,38.990742,-0.513,181
421,Cosmografo,Maulets,2023-11-14T07:38:29.097Z,38.991249,-0.518678,800
422,N-340A,Ximen ToviaA,2023-11-14T07:38:29.097Z,38.992357,-0.519858,False
423,CV-645A,Corts Valencianes 1B,2023-11-14T07:38:39.097Z,38.985252,-0.537441,False
424,Corts Valencianes 1A,CV-645B,2023-11-14T07:38:39.097Z,38.985252,-0.537441,803
425,Corts Valencianes 2B,Reina,2023-11-14T07:38:39.097Z,38.987684,-0.53061,627
426,Alfons MagnanimA,Corts Valencianes 1A,2023-11-14T07:38:39.097Z,38.986084,-0.534517,953
427,Alfons MagnanimB,9 OctubreB,2023-11-14T07:38:39.097Z,38.987144,-0.535236,499
428,Aben FerriA,Aben FerriB,2023-11-14T07:38:39.097Z,38.986084,-0.534517,716
429,Ausias MarchA,Argenteria,2023-11-14T07:38:39.097Z,38.987684,-0.53061,338
430,Ausias MarchB,Ausias MarchA,2023-11-14T07:38:39.097Z,38.991913,-0.524291,538
431,Beata InesA,Ausias MarchB,2023-11-14T07:38:39.097Z,38.987684,-0.53061,274
432,Baixada estacio 1,Abu Masaifa,2023-11-14T07:38:39.097Z,38.991213,-0.523787,912
433,Albereda 2,Cosmografo,2023-11-14T07:38:39.097Z,38.990742,-0.513,746
434,Carme 1,Carme 2,2023-11-14T07:38:39.097Z,38.99105,-0.519778,736
435,Cosmografo,Maulets,2023-11-14T07:38:39.097Z,38.991249,-0.518678,817
436,N-340B,N-340A,2023-11-14T07:38:39.097Z,0.0,0.0,507
437,CV-645A,PalasietA,2023-11-14T07:38:49.097Z,38.985252,-0.537441,237
438,CV-645B,CV-645A,2023-11-14T07:38:49.097Z,0.0,0.0,228
439,Corts Valencianes 1A,CV-645B,2023-11-14T07:38:49.097Z,38.985252,-0.537441,336
440,Corts Valencianes 1B,Alfons MagnanimB,2023-11-14T07:38:49.097Z,38.986084,-0.534517,False
441,Corts Valencianes 2A,Corts Valencianes 1A,2023-11-14T07:38:49.097Z,38.986084,-0.534517,304
442,Corts Valencianes 2B,Argenteria,2023-11-14T07:38:49.097Z,38.987684,-0.53061,926
443,PalasietA,Aben FerriA,2023-11-14T07:38:49.097Z,38.985489,-0.534157,919
444,PalasietB,CV-645B,2023-11-14T07:38:49.097Z,38.985252,-0.537441,912
445,Alfons MagnanimB,Alfons MagnanimA,2023-11-14T07:38:49.097Z,38.987144,-0.535236,052
446,Aben FerriA,Corts Valencianes 2B,2023-11-14T07:38:49.097Z,38.986084,-0.534517,False
447,Aben FerriB,PalasietB,2023-11-14T07:38:49.097Z,38.985489,-0.534157,969
448,Argenteria,PalasietB,2023-11-14T07:38:49.097Z,38.985489,-0.534157,603
449,9 OctubreA,9 OctubreB,2023-11-14T07:38:49.097Z,38.987144,-0.535236,199
450,9 OctubreB,Reina,2023-11-14T07:38:49.097Z,38.987684,-0.53061,842
451,Abu Masaifa,Beata InesB,2023-11-14T07:38:49.097Z,38.987684,-0.53061,697
452,Beata InesA,Argenteria,2023-11-14T07:38:49.097Z,38.987684,-0.53061,883
453,Ximen ToviaA,Ausias MarchA,2023-11-14T07:38:49.097Z,38.991913,-0.524291,808
454,Baixada estacio 1,Abu Masaifa,2023-11-14T07:38:49.097Z,38.991213,-0.523787,451
455,Albereda 2,Cosmografo,2023-11-14T07:38:49.097Z,38.990742,-0.513,False
456,Maulets,Gregorio Molina,2023-11-14T07:38:49.097Z,38.992357,-0.519858,070
457,N-340A,Ximen ToviaA,2023-11-14T07:38:49.097Z,38.992357,-0.519858,619
458,N-340B,CV-645A,2023-11-14T07:38:49.097Z,0.0,0.0,798
459,CV-645A,PalasietA,2023-11-14T07:38:59.097Z,38.985252,-0.537441,649
460,CV-645B,CV-645A,2023-11-14T07:38:59.097Z,0.0,0.0,769
461,Corts Valencianes 1A,CV-645B,2023-11-14T07:38:59.097Z,38.985252,-0.537441,553
462,Corts Valencianes 1B,Corts Valencianes 2B,2023-11-14T07:38:59.097Z,38.986084,-0.534517,054
463,Corts Valencianes 2B,Beata InesB,2023-11-14T07:38:59.097Z,38.987684,-0.53061,550
464,PalasietA,Aben FerriA,2023-11-14T07:38:59.097Z,38.985489,-0.534157,090
465,Alfons MagnanimA,Corts Valencianes 2B,2023-11-14T07:38:59.097Z,38.986084,-0.534517,062
466,Alfons MagnanimB,9 OctubreB,2023-11-14T07:38:59.097Z,38.987144,-0.535236,380
467,Argenteria,Argenteria,2023-11-14T07:38:59.097Z,38.985489,-0.534157,534
468,9 OctubreA,9 OctubreB,2023-11-14T07:38:59.097Z,38.987144,-0.535236,469
469,9 OctubreB,Ausias MarchB,2023-11-14T07:38:59.097Z,38.987684,-0.53061,351
470,Ausias MarchA,9 OctubreA,2023-11-14T07:38:59.097Z,38.987684,-0.53061,538
471,Albereda 2,N-340B,2023-11-14T07:38:59.097Z,38.990742,-0.513,990
472,Carme 2,Albereda 2,2023-11-14T07:38:59.097Z,38.990122,-0.519633,733
473,Academic Maravall,Maulets,2023-11-14T07:38:59.097Z,38.991249,-0.518678,720
474,Cosmografo,Maulets,2023-11-14T07:38:59.097Z,38.991249,-0.518678,XXX
475,Maulets,Gregorio Molina,2023-11-14T07:38:59.097Z,38.992357,-0.519858,817
476,N-340A,Carme 1,2023-11-14T07:38:59.097Z,38.992357,-0.519858,767
477,N-340B,N-340A,2023-11-14T07:38:59.097Z,0.0,0.0,796
478,Corts Valencianes 1B,Corts Valencianes 2B,2023-11-14T07:39:09.097Z,38.986084,-0.534517,017
479,Corts Valencianes 2A,Corts Valencianes 1A,2023-11-14T07:39:09.097Z,38.986084,-0.534517,957
480,Alfons MagnanimB,9 OctubreB,2023-11-14T07:39:09.097Z,38.987144,-0.535236,216
481,Abu Masaifa,Ausias MarchB,2023-11-14T07:39:09.097Z,38.987684,-0.53061,994
482,Ausias MarchA,Ausias MarchB,2023-11-14T07:39:09.097Z,38.987684,-0.53061,False
483,Ausias MarchB,Ximen ToviaB,2023-11-14T07:39:09.097Z,38.991913,-0.524291,660
484,Albereda 2,N-340B,2023-11-14T07:39:09.097Z,38.990742,-0.513,False
485,Cosmografo,Maulets,2023-11-14T07:39:09.097Z,38.991249,-0.518678,470
486,N-340A,Gregorio Molina,2023-11-14T07:39:09.097Z,38.992357,-0.519858,129
487,N-340B,N-340A,2023-11-14T07:39:09.097Z,0.0,0.0,False
488,CV-645B,CV-645A,2023-11-14T07:39:19.097Z,0.0,0.0,932
489,Corts Valencianes 1A,CV-645B,2023-11-14T07:39:19.097Z,38.985252,-0.537441,383
490,Corts Valencianes 2A,Corts Valencianes 1A,2023-11-14T07:39:19.097Z,38.986084,-0.534517,070
491,Corts Valencianes 2B,Ausias MarchB,2023-11-14T07:39:19.097Z,38.987684,-0.53061,405
492,Alfons MagnanimA,Corts Valencianes 1A,2023-11-14T07:39:19.097Z,38.986084,-0.534517,False
493,Alfons MagnanimB,9 OctubreB,2023-11-14T07:39:19.097Z,38.987144,-0.535236,002
494,Argenteria,Aben FerriA,2023-11-14T07:39:19.097Z,38.985489,-0.534157,618
495,9 OctubreA,Alfons MagnanimA,2023-11-14T07:39:19.097Z,38.987144,-0.535236,538
496,Albereda 2,N-340B,2023-11-14T07:39:19.097Z,38.990742,-0.513,674
497,Cosmografo,Maulets,2023-11-14T07:39:19.097Z,38.991249,-0.518678,181
498,N-340A,Gregorio Molina,2023-11-14T07:39:19.097Z,38.992357,-0.519858,629
499,Corts Valencianes 1A,CV-645B,2023-11-14T07:39:29.097Z,38.985252,-0.537441,671
500,Corts Valencianes 2B,Reina,2023-11-14T07:39:29.097Z,38.987684,-0.53061,225
501,PalasietA,PalasietB,2023-11-14T07:39:29.097Z,38.985489,-0.534157,124
502,PalasietB,CV-645B,2023-11-14T07:39:29.097Z,38.985252,-0.537441,916
503,Aben FerriA,Alfons MagnanimB,2023-11-14T07:39:29.097Z,38.986084,-0.534517,491
504,Abu Masaifa,Ausias MarchB,2023-11-14T07:39:29.097Z,38.987684,-0.53061,949
505,Reina,Republica Argentina,2023-11-14T07:39:29.097Z,38.989955,-0.523503,939
506,Albereda 2,Cosmografo,2023-11-14T07:39:29.097Z,38.990742,-0.513,484
507,Carme 1,Carme 2,2023-11-14T07:39:29.097Z,38.99105,-0.519778,False
508,Cosmografo,Maulets,2023-11-14T07:39:29.097Z,38.991249,-0.518678,749
509,CV-645A,PalasietA,2023-11-14T07:39:39.097Z,38.985252,-0.537441,228
510,Corts Valencianes 1A,CV-645B,2023-11-14T07:39:39.097Z,38.985252,-0.537441,076
511,Corts Valencianes 2A,Corts Valencianes 1A,2023-11-14T07:39:39.097Z,38.986084,-0.534517,437
512,Corts Valencianes 2B,9 OctubreA,2023-11-14T07:39:39.097Z,38.987684,-0.53061,098
513,PalasietA,PalasietB,2023-11-14T07:39:39.097Z,38.985489,-0.534157,649
514,Alfons MagnanimA,Corts Valencianes 2B,2023-11-14T07:39:39.097Z,38.986084,-0.534517,538
515,Aben FerriA,Corts Valencianes 1A,2023-11-14T07:39:39.097Z,38.986084,-0.534517,090
516,Abu Masaifa,Ausias MarchB,2023-11-14T07:39:39.097Z,38.987684,-0.53061,073
517,Reina,Republica Argentina,2023-11-14T07:39:39.097Z,38.989955,-0.523503,False
518,Albereda 2,Cosmografo,2023-11-14T07:39:39.097Z,38.990742,-0.513,854
519,Cosmografo,Maulets,2023-11-14T07:39:39.097Z,38.991249,-0.518678,False
520,Maulets,Carme 1,2023-11-14T07:39:39.097Z,38.992357,-0.519858,720
521,N-340A,Ximen ToviaA,2023-11-14T07:39:39.097Z,38.992357,-0.519858,029
522,CV-645A,Corts Valencianes 1B,2023-11-14T07:39:49.097Z,38.985252,-0.537441,798
523,Corts Valencianes 1A,PalasietA,2023-11-14T07:39:49.097Z,38.985252,-0.537441,446
524,PalasietB,Corts Valencianes 1B,2023-11-14T07:39:49.097Z,38.985252,-0.537441,XXX
525,Aben FerriA,Aben FerriB,2023-11-14T07:39:49.097Z,38.986084,-0.534517,616
526,Reina,Republica Argentina,2023-11-14T07:39:49.097Z,38.989955,-0.523503,918
527,Ximen ToviaA,Baixada estacio 1,2023-11-14T07:39:49.097Z,38.991913,-0.524291,097
528,Albereda 1,Albereda 2,2023-11-14T07:39:49.097Z,38.990122,-0.519633,864
529,Cosmografo,Maulets,2023-11-14T07:39:49.097Z,38.991249,-0.518678,866
530,Republica Argentina,Carme 2,2023-11-14T07:39:49.097Z,38.99105,-0.519778,939
531,CV-645A,PalasietA,2023-11-14T07:39:59.097Z,38.985252,-0.537441,482
532,Corts Valencianes 1A,Corts Valencianes 1B,2023-11-14T07:39:59.097Z,38.985252,-0.537441,916
533,Corts Valencianes 1B,Alfons MagnanimB,2023-11-14T07:39:59.097Z,38.986084,-0.534517,738
534,Alfons MagnanimB,Alfons MagnanimA,2023-11-14T07:39:59.097Z,38.987144,-0.535236,491
535,Argenteria,PalasietB,2023-11-14T07:39:59.097Z,38.985489,-0.534157,False
536,9 OctubreA,Alfons MagnanimA,2023-11-14T07:39:59.097Z,38.987144,-0.535236,098
537,9 OctubreB,Ausias MarchB,2023-11-14T07:39:59.097Z,38.987684,-0.53061,662
538,Beata InesB,N-340A,2023-11-14T07:39:59.097Z,0.0,0.0,550
539,Albereda 2,N-340B,2023-11-14T07:39:59.097Z,38.990742,-0.513,789
540,Carme 2,Albereda 2,2023-11-14T07:39:59.097Z,38.990122,-0.519633,False
541,Maulets,Ximen ToviaA,2023-11-14T07:39:59.097Z,38.992357,-0.519858,777
542,N-340A,Gregorio Molina,2023-11-14T07:39:59.097Z,38.992357,-0.519858,902
543,N-340B,Beata InesA,2023-11-14T07:39:59.097Z,0.0,0.0,264
544,Republica Argentina,Academic Maravall,2023-11-14T07:39:59.097Z,38.99105,-0.519778,447
545,CV-645A,Corts Valencianes 1B,2023-11-14T07:40:09.097Z,38.985252,-0.537441,932
546,Corts Valencianes 2B,9 OctubreA,2023-11-14T07:40:09.097Z,38.987684,-0.53061,093
547,PalasietB,Corts Valencianes 1B,2023-11-14T07:40:09.097Z,38.985252,-0.537441,921
548,Argenteria,PalasietB,2023-11-14T07:40:09.097Z,38.985489,-0.534157,926
549,9 OctubreB,Corts Valencianes 2A,2023-11-14T07:40:09.097Z,38.987684,-0.53061,328
550,Ausias MarchB,Ausias MarchA,2023-11-14T07:40:09.097Z,38.991913,-0.524291,248
551,Beata InesB,Beata InesA,2023-11-14T07:40:09.097Z,0.0,0.0,005
552,Reina,Albereda 1,2023-11-14T07:40:09.097Z,38.989955,-0.523503,979
553,Baixada estacio 1,Baixada estacio 2,2023-11-14T07:40:09.097Z,38.991213,-0.523787,097
554,Carme 2,Albereda 2,2023-11-14T07:40:09.097Z,38.990122,-0.519633,939
555,Academic Maravall,Maulets,2023-11-14T07:40:09.097Z,38.991249,-0.518678,False
556,Cosmografo,Maulets,2023-11-14T07:40:09.097Z,38.991249,-0.518678,484
557,Maulets,Ximen ToviaA,2023-11-14T07:40:09.097Z,38.992357,-0.519858,670
558,N-340B,Beata InesA,2023-11-14T07:40:09.097Z,0.0,0.0,676
559,Corts Valencianes 1A,CV-645B,2023-11-14T07:40:19.097Z,38.985252,-0.537441,090
560,Corts Valencianes 1B,Corts Valencianes 2B,2023-11-14T07:40:19.097Z,38.986084,-0.534517,916
561,Corts Valencianes 2B,Reina,2023-11-14T07:40:19.097Z,38.987684,-0.53061,054
562,9 OctubreB,Reina,2023-11-14T07:40:19.097Z,38.987684,-0.53061,499
563,Ausias MarchB,Baixada estacio 1,2023-11-14T07:40:19.097Z,38.991913,-0.524291,196
564,Beata InesB,Beata InesA,2023-11-14T07:40:19.097Z,0.0,0.0,422
565,Reina,Albereda 1,2023-11-14T07:40:19.097Z,38.989955,-0.523503,595
566,Ximen ToviaA,Ausias MarchA,2023-11-14T07:40:19.097Z,38.991913,-0.524291,419
567,Albereda 2,Cosmografo,2023-11-14T07:40:19.097Z,38.990742,-0.513,286
568,Carme 1,Carme 2,2023-11-14T07:40:19.097Z,38.99105,-0.519778,False
569,Cosmografo,Maulets,2023-11-14T07:40:19.097Z,38.991249,-0.518678,854
570,N-340A,Carme 1,2023-11-14T07:40:19.097Z,38.992357,-0.519858,549
571,N-340B,N-340A,2023-11-14T07:40:19.097Z,0.0,0.0,False
572,Republica Argentina,Carme 2,2023-11-14T07:40:19.097Z,38.99105,-0.519778,916
573,PalasietA,PalasietB,2023-11-14T07:40:29.097Z,38.985489,-0.534157,228
574,Alfons MagnanimA,Corts Valencianes 2B,2023-11-14T07:40:29.097Z,38.986084,-0.534517,491
575,Alfons MagnanimB,Alfons MagnanimA,2023-11-14T07:40:29.097Z,38.987144,-0.535236,738
576,9 OctubreB,Corts Valencianes 2A,2023-11-14T07:40:29.097Z,38.987684,-0.53061,810
577,Beata InesA,Ausias MarchB,2023-11-14T07:40:29.097Z,38.987684,-0.53061,264
578,Reina,Albereda 1,2023-11-14T07:40:29.097Z,38.989955,-0.523503,203
579,Ximen ToviaA,Baixada estacio 1,2023-11-14T07:40:29.097Z,38.991913,-0.524291,029
580,Baixada estacio 1,Abu Masaifa,2023-11-14T07:40:29.097Z,38.991213,-0.523787,196
581,Albereda 2,Cosmografo,2023-11-14T07:40:29.097Z,38.990742,-0.513,712
582,Carme 2,Albereda 2,2023-11-14T07:40:29.097Z,38.990122,-0.519633,False
583,Maulets,Ximen ToviaA,2023-11-14T07:40:29.097Z,38.992357,-0.519858,749
584,N-340A,Carme 1,2023-11-14T07:40:29.097Z,38.992357,-0.519858,540
585,N-340B,Beata InesA,2023-11-14T07:40:29.097Z,0.0,0.0,850
586,CV-645B,CV-645A,2023-11-14T07:40:39.097Z,0.0,0.0,687
587,Corts Valencianes 2B,Reina,2023-11-14T07:40:39.097Z,38.987684,-0.53061,052
588,PalasietA,PalasietB,2023-11-14T07:40:39.097Z,38.985489,-0.534157,False
589,PalasietB,CV-645B,2023-11-14T07:40:39.097Z,38.985252,-0.537441,008
590,Alfons MagnanimA,Alfons MagnanimB,2023-11-14T07:40:39.097Z,38.986084,-0.534517,098
591,Argenteria,PalasietB,2023-11-14T07:40:39.097Z,38.985489,-0.534157,534
592,Abu Masaifa,9 OctubreA,2023-11-14T07:40:39.097Z,38.987684,-0.53061,647
593,Ausias MarchB,Baixada estacio 1,2023-11-14T07:40:39.097Z,38.991913,-0.524291,351
594,Reina,Republica Argentina,2023-11-14T07:40:39.097Z,38.989955,-0.523503,914
595,Baixada estacio 1,Baixada estacio 2,2023-11-14T07:40:39.097Z,38.991213,-0.523787,029
596,Albereda 2,Cosmografo,2023-11-14T07:40:39.097Z,38.990742,-0.513,948
597,Carme 2,Albereda 2,2023-11-14T07:40:39.097Z,38.990122,-0.519633,916
598,Maulets,N-340B,2023-11-14T07:40:39.097Z,38.992357,-0.519858,685
599,N-340A,Ximen ToviaA,2023-11-14T07:40:39.097Z,38.992357,-0.519858,643
600,Republica Argentina,Academic Maravall,2023-11-14T07:40:39.097Z,38.99105,-0.519778,184
601,Corts Valencianes 2B,Corts Valencianes 2A,2023-11-14T07:40:49.097Z,38.987684,-0.53061,017
602,PalasietA,Aben FerriA,2023-11-14T07:40:49.097Z,38.985489,-0.534157,482
603,PalasietB,CV-645B,2023-11-14T07:40:49.097Z,38.985252,-0.537441,False
604,Alfons MagnanimA,Corts Valencianes 2B,2023-11-14T07:40:49.097Z,38.986084,-0.534517,738
605,Alfons MagnanimB,9 OctubreB,2023-11-14T07:40:49.097Z,38.987144,-0.535236,058
606,Argenteria,PalasietB,2023-11-14T07:40:49.097Z,38.985489,-0.534157,893
607,9 OctubreB,Reina,2023-11-14T07:40:49.097Z,38.987684,-0.53061,479
608,Abu Masaifa,Argenteria,2023-11-14T07:40:49.097Z,38.987684,-0.53061,False
609,Ausias MarchB,Ximen ToviaB,2023-11-14T07:40:49.097Z,38.991913,-0.524291,False
610,Beata InesA,Ausias MarchB,2023-11-14T07:40:49.097Z,38.987684,-0.53061,005
611,Beata InesB,CV-645A,2023-11-14T07:40:49.097Z,0.0,0.0,693
612,Reina,Albereda 1,2023-11-14T07:40:49.097Z,38.989955,-0.523503,429
613,Ximen ToviaA,Ausias MarchA,2023-11-14T07:40:49.097Z,38.991913,-0.524291,994
614,Baixada estacio 1,Abu Masaifa,2023-11-14T07:40:49.097Z,38.991213,-0.523787,351
615,Albereda 1,Albereda 2,2023-11-14T07:40:49.097Z,38.990122,-0.519633,873
616,Albereda 2,Cosmografo,2023-11-14T07:40:49.097Z,38.990742,-0.513,435
617,Carme 2,Albereda 2,2023-11-14T07:40:49.097Z,38.990122,-0.519633,327
618,Academic Maravall,Maulets,2023-11-14T07:40:49.097Z,38.991249,-0.518678,616
619,Cosmografo,Maulets,2023-11-14T07:40:49.097Z,38.991249,-0.518678,286
620,Maulets,Gregorio Molina,2023-11-14T07:40:49.097Z,38.992357,-0.519858,806
621,N-340A,Ximen ToviaA,2023-11-14T07:40:49.097Z,38.992357,-0.519858,016
622,Republica Argentina,Carme 2,2023-11-14T07:40:49.097Z,38.99105,-0.519778,119
623,CV-645A,PalasietA,2023-11-14T07:40:59.097Z,38.985252,-0.537441,887
624,CV-645B,N-340A,2023-11-14T07:40:59.097Z,0.0,0.0,135
625,Corts Valencianes 1B,Alfons MagnanimB,2023-11-14T07:40:59.097Z,38.986084,-0.534517,932
626,Corts Valencianes 2B,Reina,2023-11-14T07:40:59.097Z,38.987684,-0.53061,538
627,PalasietB,Corts Valencianes 1B,2023-11-14T07:40:59.097Z,38.985252,-0.537441,False
628,Aben FerriA,Aben FerriB,2023-11-14T07:40:59.097Z,38.986084,-0.534517,482
629,9 OctubreA,Alfons MagnanimA,2023-11-14T07:40:59.097Z,38.987144,-0.535236,093
630,9 OctubreB,Reina,2023-11-14T07:40:59.097Z,38.987684,-0.53061,070
631,Abu Masaifa,9 OctubreA,2023-11-14T07:40:59.097Z,38.987684,-0.53061,080
632,Beata InesA,Ausias MarchB,2023-11-14T07:40:59.097Z,38.987684,-0.53061,189
633,Reina,Albereda 1,2023-11-14T07:40:59.097Z,38.989955,-0.523503,740
634,Ximen ToviaA,Ausias MarchA,2023-11-14T07:40:59.097Z,38.991913,-0.524291,777
635,Albereda 1,Albereda 2,2023-11-14T07:40:59.097Z,38.990122,-0.519633,False
636,Albereda 2,Cosmografo,2023-11-14T07:40:59.097Z,38.990742,-0.513,027
637,Carme 1,Academic Maravall,2023-11-14T07:40:59.097Z,38.99105,-0.519778,925
638,Carme 2,Albereda 2,2023-11-14T07:40:59.097Z,38.990122,-0.519633,139
639,Cosmografo,Maulets,2023-11-14T07:40:59.097Z,38.991249,-0.518678,712
640,Maulets,N-340B,2023-11-14T07:40:59.097Z,38.992357,-0.519858,False
641,N-340A,Carme 1,2023-11-14T07:40:59.097Z,38.992357,-0.519858,166
642,CV-645A,Corts Valencianes 1B,2023-11-14T07:41:09.097Z,38.985252,-0.537441,493
643,CV-645B,Beata InesA,2023-11-14T07:41:09.097Z,0.0,0.0,616
644,Corts Valencianes 1B,Corts Valencianes 2B,2023-11-14T07:41:09.097Z,38.986084,-0.534517,921
645,Corts Valencianes 2A,Alfons MagnanimB,2023-11-14T07:41:09.097Z,38.986084,-0.534517,037
646,PalasietB,CV-645B,2023-11-14T07:41:09.097Z,38.985252,-0.537441,124
647,Alfons MagnanimB,Alfons MagnanimA,2023-11-14T07:41:09.097Z,38.987144,-0.535236,663
648,Aben FerriB,PalasietB,2023-11-14T07:41:09.097Z,38.985489,-0.534157,482
649,9 OctubreA,Alfons MagnanimA,2023-11-14T07:41:09.097Z,38.987144,-0.535236,277
650,9 OctubreB,Beata InesB,2023-11-14T07:41:09.097Z,38.987684,-0.53061,002
651,Ausias MarchA,Reina,2023-11-14T07:41:09.097Z,38.987684,-0.53061,248
652,Beata InesA,Ausias MarchB,2023-11-14T07:41:09.097Z,38.987684,-0.53061,422
653,Reina,Albereda 1,2023-11-14T07:41:09.097Z,38.989955,-0.523503,141
654,Ximen ToviaA,Ausias MarchA,2023-11-14T07:41:09.097Z,38.991913,-0.524291,670
655,Albereda 1,Albereda 2,2023-11-14T07:41:09.097Z,38.990122,-0.519633,203
656,Albereda 2,N-340B,2023-11-14T07:41:09.097Z,38.990742,-0.513,397
657,Academic Maravall,Maulets,2023-11-14T07:41:09.097Z,38.991249,-0.518678,925
658,Cosmografo,Maulets,2023-11-14T07:41:09.097Z,38.991249,-0.518678,948
659,Maulets,Gregorio Molina,2023-11-14T07:41:09.097Z,38.992357,-0.519858,484
660,N-340B,N-340A,2023-11-14T07:41:09.097Z,0.0,0.0,906
661,Corts Valencianes 1B,Corts Valencianes 1A,2023-11-14T07:41:19.097Z,38.986084,-0.534517,627
662,Corts Valencianes 2B,Argenteria,2023-11-14T07:41:19.097Z,38.987684,-0.53061,171
663,PalasietA,PalasietB,2023-11-14T07:41:19.097Z,38.985489,-0.534157,887
664,PalasietB,Corts Valencianes 1B,2023-11-14T07:41:19.097Z,38.985252,-0.537441,395
665,Aben FerriB,PalasietB,2023-11-14T07:41:19.097Z,38.985489,-0.534157,953
666,Argenteria,PalasietB,2023-11-14T07:41:19.097Z,38.985489,-0.534157,False
667,Ausias MarchA,Corts Valencianes 2A,2023-11-14T07:41:19.097Z,38.987684,-0.53061,419
668,Ausias MarchB,Ausias MarchA,2023-11-14T07:41:19.097Z,38.991913,-0.524291,False
669,Beata InesA,Reina,2023-11-14T07:41:19.097Z,38.987684,-0.53061,850
670,Baixada estacio 2,Republica Argentina,2023-11-14T07:41:19.097Z,38.989955,-0.523503,029
671,Albereda 1,Albereda 2,2023-11-14T07:41:19.097Z,38.990122,-0.519633,429
672,Albereda 2,Cosmografo,2023-11-14T07:41:19.097Z,38.990742,-0.513,290
673,Carme 1,Carme 2,2023-11-14T07:41:19.097Z,38.99105,-0.519778,166
674,Cosmografo,Maulets,2023-11-14T07:41:19.097Z,38.991249,-0.518678,435
675,Maulets,N-340B,2023-11-14T07:41:19.097Z,38.992357,-0.519858,549
676,CV-645B,CV-645A,2023-11-14T07:41:29.097Z,0.0,0.0,920
677,Corts Valencianes 1A,CV-645B,2023-11-14T07:41:29.097Z,38.985252,-0.537441,False
678,Corts Valencianes 1B,Aben FerriB,2023-11-14T07:41:29.097Z,38.986084,-0.534517,699
679,PalasietB,CV-645B,2023-11-14T07:41:29.097Z,38.985252,-0.537441,791
680,9 OctubreA,9 OctubreB,2023-11-14T07:41:29.097Z,38.987144,-0.535236,647
681,9 OctubreB,Ausias MarchB,2023-11-14T07:41:29.097Z,38.987684,-0.53061,058
682,Ausias MarchA,Argenteria,2023-11-14T07:41:29.097Z,38.987684,-0.53061,994
683,Ausias MarchB,Ausias MarchA,2023-11-14T07:41:29.097Z,38.991913,-0.524291,097
684,Beata InesA,Argenteria,2023-11-14T07:41:29.097Z,38.987684,-0.53061,821
685,Beata InesB,N-340A,2023-11-14T07:41:29.097Z,0.0,0.0,926
686,Albereda 1,Albereda 2,2023-11-14T07:41:29.097Z,38.990122,-0.519633,826
687,Albereda 2,N-340B,2023-11-14T07:41:29.097Z,38.990742,-0.513,994
688,N-340A,Ximen ToviaA,2023-11-14T07:41:29.097Z,38.992357,-0.519858,False
689,N-340B,Beata InesA,2023-11-14T07:41:29.097Z,0.0,0.0,983
690,Republica Argentina,Academic Maravall,2023-11-14T07:41:29.097Z,38.99105,-0.519778,974
691,Corts Valencianes 1B,Aben FerriB,2023-11-14T07:41:39.097Z,38.986084,-0.534517,693
692,Corts Valencianes 2A,Alfons MagnanimB,2023-11-14T07:41:39.097Z,38.986084,-0.534517,619
693,Alfons MagnanimB,9 OctubreB,2023-11-14T07:41:39.097Z,38.987144,-0.535236,057
694,Aben FerriB,Aben FerriA,2023-11-14T07:41:39.097Z,38.985489,-0.534157,136
695,Argenteria,PalasietB,2023-11-14T07:41:39.097Z,38.985489,-0.534157,171
696,9 OctubreA,9 OctubreB,2023-11-14T07:41:39.097Z,38.987144,-0.535236,080
697,9 OctubreB,9 OctubreA,2023-11-14T07:41:39.097Z,38.987684,-0.53061,False
698,Ausias MarchA,Argenteria,2023-11-14T07:41:39.097Z,38.987684,-0.53061,False
699,Ausias MarchB,Ximen ToviaB,2023-11-14T07:41:39.097Z,38.991913,-0.524291,073
700,Beata InesB,N-340A,2023-11-14T07:41:39.097Z,0.0,0.0,489
701,Reina,Republica Argentina,2023-11-14T07:41:39.097Z,38.989955,-0.523503,702
702,Albereda 1,Albereda 2,2023-11-14T07:41:39.097Z,38.990122,-0.519633,717
703,Albereda 2,Cosmografo,2023-11-14T07:41:39.097Z,38.990742,-0.513,666
704,Carme 2,Albereda 2,2023-11-14T07:41:39.097Z,38.990122,-0.519633,166
705,Maulets,N-340B,2023-11-14T07:41:39.097Z,38.992357,-0.519858,184
706,Republica Argentina,Academic Maravall,2023-11-14T07:41:39.097Z,38.99105,-0.519778,False
707,Corts Valencianes 2A,Corts Valencianes 2B,2023-11-14T07:41:49.097Z,38.986084,-0.534517,864
708,Corts Valencianes 2B,Reina,2023-11-14T07:41:49.097Z,38.987684,-0.53061,491
709,PalasietA,PalasietB,2023-11-14T07:41:49.097Z,38.985489,-0.534157,False
710,PalasietB,Corts Valencianes 1B,2023-11-14T07:41:49.097Z,38.985252,-0.537441,911
711,Alfons MagnanimA,Corts Valencianes 1A,2023-11-14T07:41:49.097Z,38.986084,-0.534517,093
712,Alfons MagnanimB,Alfons MagnanimA,2023-11-14T07:41:49.097Z,38.987144,-0.535236,619
713,Aben FerriA,Alfons MagnanimB,2023-11-14T07:41:49.097Z,38.986084,-0.534517,699
714,Aben FerriB,Aben FerriA,2023-11-14T07:41:49.097Z,38.985489,-0.534157,693
715,Argenteria,PalasietB,2023-11-14T07:41:49.097Z,38.985489,-0.534157,994
716,9 OctubreB,Ausias MarchB,2023-11-14T07:41:49.097Z,38.987684,-0.53061,647
717,Ausias MarchB,Ausias MarchA,2023-11-14T07:41:49.097Z,38.991913,-0.524291,169
718,Beata InesA,Argenteria,2023-11-14T07:41:49.097Z,38.987684,-0.53061,983
719,Reina,Republica Argentina,2023-11-14T07:41:49.097Z,38.989955,-0.523503,669
720,Albereda 2,N-340B,2023-11-14T07:41:49.097Z,38.990742,-0.513,False
721,Academic Maravall,Maulets,2023-11-14T07:41:49.097Z,38.991249,-0.518678,914
722,Cosmografo,Maulets,2023-11-14T07:41:49.097Z,38.991249,-0.518678,696
723,N-340A,Ximen ToviaA,2023-11-14T07:41:49.097Z,38.992357,-0.519858,550
724,Republica Argentina,Academic Maravall,2023-11-14T07:41:49.097Z,38.99105,-0.519778,620
725,CV-645A,Corts Valencianes 1B,2023-11-14T07:41:59.097Z,38.985252,-0.537441,920
726,CV-645B,Beata InesA,2023-11-14T07:41:59.097Z,0.0,0.0,False
727,Corts Valencianes 2B,Ausias MarchB,2023-11-14T07:41:59.097Z,38.987684,-0.53061,718
728,Alfons MagnanimB,9 OctubreB,2023-11-14T07:41:59.097Z,38.987144,-0.535236,136
729,Aben FerriA,Alfons MagnanimB,2023-11-14T07:41:59.097Z,38.986084,-0.534517,False
730,Argenteria,PalasietB,2023-11-14T07:41:59.097Z,38.985489,-0.534157,616
731,9 OctubreA,Alfons MagnanimA,2023-11-14T07:41:59.097Z,38.987144,-0.535236,False
732,9 OctubreB,Ausias MarchB,2023-11-14T07:41:59.097Z,38.987684,-0.53061,037
733,Ausias MarchA,9 OctubreA,2023-11-14T07:41:59.097Z,38.987684,-0.53061,670
734,Ausias MarchB,Ausias MarchA,2023-11-14T07:41:59.097Z,38.991913,-0.524291,264
735,Beata InesB,N-340A,2023-11-14T07:41:59.097Z,0.0,0.0,164
736,Reina,Albereda 1,2023-11-14T07:41:59.097Z,38.989955,-0.523503,192
737,Albereda 2,N-340B,2023-11-14T07:41:59.097Z,38.990742,-0.513,False
738,Academic Maravall,Maulets,2023-11-14T07:41:59.097Z,38.991249,-0.518678,False
739,Cosmografo,Maulets,2023-11-14T07:41:59.097Z,38.991249,-0.518678,295
740,Maulets,Carme 1,2023-11-14T07:41:59.097Z,38.992357,-0.519858,996
741,N-340A,Ximen ToviaA,2023-11-14T07:41:59.097Z,38.992357,-0.519858,False
742,N-340B,Beata InesA,2023-11-14T07:41:59.097Z,0.0,0.0,999
743,PalasietB,CV-645B,2023-11-14T07:42:09.097Z,38.985252,-0.537441,False
744,Alfons MagnanimA,Alfons MagnanimB,2023-11-14T07:42:09.097Z,38.986084,-0.534517,277
745,9 OctubreB,Ausias MarchB,2023-11-14T07:42:09.097Z,38.987684,-0.53061,080
746,Ausias MarchA,Beata InesB,2023-11-14T07:42:09.097Z,38.987684,-0.53061,405
747,Reina,Republica Argentina,2023-11-14T07:42:09.097Z,38.989955,-0.523503,732
748,Albereda 2,Cosmografo,2023-11-14T07:42:09.097Z,38.990742,-0.513,093
749,Academic Maravall,Maulets,2023-11-14T07:42:09.097Z,38.991249,-0.518678,008
750,N-340B,CV-645A,2023-11-14T07:42:09.097Z,0.0,0.0,477
751,Republica Argentina,Academic Maravall,2023-11-14T07:42:09.097Z,38.99105,-0.519778,702
752,CV-645B,CV-645A,2023-11-14T07:42:19.097Z,0.0,0.0,riw
753,Corts Valencianes 1B,Alfons MagnanimB,2023-11-14T07:42:19.097Z,38.986084,-0.534517,395
754,PalasietB,Corts Valencianes 1B,2023-11-14T07:42:19.097Z,38.985252,-0.537441,237
755,Alfons MagnanimA,Corts Valencianes 2B,2023-11-14T07:42:19.097Z,38.986084,-0.534517,710
756,Alfons MagnanimB,9 OctubreB,2023-11-14T07:42:19.097Z,38.987144,-0.535236,False
757,Ausias MarchA,Argenteria,2023-11-14T07:42:19.097Z,38.987684,-0.53061,949
758,Ausias MarchB,Baixada estacio 1,2023-11-14T07:42:19.097Z,38.991913,-0.524291,005
759,Reina,Albereda 1,2023-11-14T07:42:19.097Z,38.989955,-0.523503,259
760,Ximen ToviaA,Baixada estacio 1,2023-11-14T07:42:19.097Z,38.991913,-0.524291,False
761,Albereda 1,Albereda 2,2023-11-14T07:42:19.097Z,38.990122,-0.519633,False
762,Albereda 2,Cosmografo,2023-11-14T07:42:19.097Z,38.990742,-0.513,177
763,Carme 1,Academic Maravall,2023-11-14T07:42:19.097Z,38.99105,-0.519778,286
764,Maulets,Ximen ToviaA,2023-11-14T07:42:19.097Z,38.992357,-0.519858,712
765,N-340A,Ximen ToviaA,2023-11-14T07:42:19.097Z,38.992357,-0.519858,135
766,N-340B,N-340A,2023-11-14T07:42:19.097Z,0.0,0.0,993
767,Republica Argentina,Academic Maravall,2023-11-14T07:42:19.097Z,38.99105,-0.519778,665
768,CV-645A,Corts Valencianes 1B,2023-11-14T07:42:29.097Z,38.985252,-0.537441,477
769,Corts Valencianes 1A,Corts Valencianes 1B,2023-11-14T07:42:29.097Z,38.985252,-0.537441,966
770,Corts Valencianes 1B,Corts Valencianes 2B,2023-11-14T07:42:29.097Z,38.986084,-0.534517,716
771,Corts Valencianes 2B,Beata InesB,2023-11-14T07:42:29.097Z,38.987684,-0.53061,971
772,Alfons MagnanimA,Corts Valencianes 2B,2023-11-14T07:42:29.097Z,38.986084,-0.534517,292
773,Alfons MagnanimB,9 OctubreB,2023-11-14T07:42:29.097Z,38.987144,-0.535236,277
774,Argenteria,Aben FerriA,2023-11-14T07:42:29.097Z,38.985489,-0.534157,777
775,9 OctubreA,Alfons MagnanimA,2023-11-14T07:42:29.097Z,38.987144,-0.535236,670
776,9 OctubreB,Ausias MarchB,2023-11-14T07:42:29.097Z,38.987684,-0.53061,136
777,Ausias MarchA,Beata InesB,2023-11-14T07:42:29.097Z,38.987684,-0.53061,662
778,Reina,Albereda 1,2023-11-14T07:42:29.097Z,38.989955,-0.523503,750
779,Albereda 2,N-340B,2023-11-14T07:42:29.097Z,38.990742,-0.513,859
780,Cosmografo,Maulets,2023-11-14T07:42:29.097Z,38.991249,-0.518678,666
781,Maulets,Gregorio Molina,2023-11-14T07:42:29.097Z,38.992357,-0.519858,925
782,N-340A,Ximen ToviaA,2023-11-14T07:42:29.097Z,38.992357,-0.519858,661
783,Republica Argentina,Academic Maravall,2023-11-14T07:42:29.097Z,38.99105,-0.519778,732
784,CV-645B,N-340A,2023-11-14T07:42:39.097Z,0.0,0.0,779
785,Corts Valencianes 1B,Corts Valencianes 2B,2023-11-14T07:42:39.097Z,38.986084,-0.534517,920
786,Corts Valencianes 2B,Ausias MarchB,2023-11-14T07:42:39.097Z,38.987684,-0.53061,864
787,PalasietB,Corts Valencianes 1B,2023-11-14T07:42:39.097Z,38.985252,-0.537441,338
788,Alfons MagnanimB,9 OctubreB,2023-11-14T07:42:39.097Z,38.987144,-0.535236,395
789,Aben FerriA,Corts Valencianes 1A,2023-11-14T07:42:39.097Z,38.986084,-0.534517,XXX
790,Argenteria,PalasietB,2023-11-14T07:42:39.097Z,38.985489,-0.534157,983
791,Ausias MarchA,Corts Valencianes 2A,2023-11-14T07:42:39.097Z,38.987684,-0.53061,264
792,Ausias MarchB,Ausias MarchA,2023-11-14T07:42:39.097Z,38.991913,-0.524291,164
793,Beata InesA,9 OctubreA,2023-11-14T07:42:39.097Z,38.987684,-0.53061,588
794,Reina,Albereda 1,2023-11-14T07:42:39.097Z,38.989955,-0.523503,796
795,Ximen ToviaA,Ausias MarchA,2023-11-14T07:42:39.097Z,38.991913,-0.524291,643
796,Baixada estacio 1,Abu Masaifa,2023-11-14T07:42:39.097Z,38.991213,-0.523787,005
797,Albereda 2,Cosmografo,2023-11-14T07:42:39.097Z,38.990742,-0.513,893
798,Cosmografo,Maulets,2023-11-14T07:42:39.097Z,38.991249,-0.518678,False
799,Maulets,Gregorio Molina,2023-11-14T07:42:39.097Z,38.992357,-0.519858,948
800,N-340A,Gregorio Molina,2023-11-14T07:42:39.097Z,38.992357,-0.519858,926
801,N-340B,CV-645A,2023-11-14T07:42:39.097Z,0.0,0.0,199
802,CV-645B,Beata InesA,2023-11-14T07:42:49.097Z,0.0,0.0,418
803,Corts Valencianes 1B,Corts Valencianes 2B,2023-11-14T07:42:49.097Z,38.986084,-0.534517,466
804,Corts Valencianes 2B,Reina,2023-11-14T07:42:49.097Z,38.987684,-0.53061,710
805,PalasietB,Corts Valencianes 1B,2023-11-14T07:42:49.097Z,38.985252,-0.537441,126
806,Alfons MagnanimA,Corts Valencianes 2B,2023-11-14T07:42:49.097Z,38.986084,-0.534517,999
807,Argenteria,PalasietB,2023-11-14T07:42:49.097Z,38.985489,-0.534157,097
808,9 OctubreB,Reina,2023-11-14T07:42:49.097Z,38.987684,-0.53061,False
809,Ausias MarchA,Corts Valencianes 2A,2023-11-14T07:42:49.097Z,38.987684,-0.53061,714
810,Ausias MarchB,Ximen ToviaB,2023-11-14T07:42:49.097Z,38.991913,-0.524291,422
811,Beata InesA,Ausias MarchB,2023-11-14T07:42:49.097Z,38.987684,-0.53061,196
812,Reina,Republica Argentina,2023-11-14T07:42:49.097Z,38.989955,-0.523503,386
813,Ximen ToviaA,Baixada estacio 1,2023-11-14T07:42:49.097Z,38.991913,-0.524291,507
814,Albereda 1,Albereda 2,2023-11-14T07:42:49.097Z,38.990122,-0.519633,253
815,Albereda 2,Cosmografo,2023-11-14T07:42:49.097Z,38.990742,-0.513,733
816,Academic Maravall,Maulets,2023-11-14T07:42:49.097Z,38.991249,-0.518678,702
817,N-340A,Ximen ToviaA,2023-11-14T07:42:49.097Z,38.992357,-0.519858,666
818,CV-645A,PalasietA,2023-11-14T07:42:59.097Z,38.985252,-0.537441,276
819,CV-645B,CV-645A,2023-11-14T07:42:59.097Z,0.0,0.0,094
820,Corts Valencianes 1B,Alfons MagnanimB,2023-11-14T07:42:59.097Z,38.986084,-0.534517,237
821,PalasietB,Corts Valencianes 1B,2023-11-14T07:42:59.097Z,38.985252,-0.537441,228
822,Alfons MagnanimA,Aben FerriB,2023-11-14T07:42:59.097Z,38.986084,-0.534517,670
823,9 OctubreB,Argenteria,2023-11-14T07:42:59.097Z,38.987684,-0.53061,277
824,Abu Masaifa,Reina,2023-11-14T07:42:59.097Z,38.987684,-0.53061,376
825,Reina,Republica Argentina,2023-11-14T07:42:59.097Z,38.989955,-0.523503,949
826,Ximen ToviaA,Ausias MarchA,2023-11-14T07:42:59.097Z,38.991913,-0.524291,False
827,Albereda 1,Albereda 2,2023-11-14T07:42:59.097Z,38.990122,-0.519633,010
828,Albereda 2,Cosmografo,2023-11-14T07:42:59.097Z,38.990742,-0.513,884
829,Cosmografo,Maulets,2023-11-14T07:42:59.097Z,38.991249,-0.518678,011
830,Maulets,Gregorio Molina,2023-11-14T07:42:59.097Z,38.992357,-0.519858,435
831,N-340B,N-340A,2023-11-14T07:42:59.097Z,0.0,0.0,987
832,CV-645A,PalasietA,2023-11-14T07:43:09.097Z,38.985252,-0.537441,719
833,CV-645B,N-340A,2023-11-14T07:43:09.097Z,0.0,0.0,140
834,Corts Valencianes 1B,Alfons MagnanimB,2023-11-14T07:43:09.097Z,38.986084,-0.534517,False
835,Corts Valencianes 2A,Corts Valencianes 1A,2023-11-14T07:43:09.097Z,38.986084,-0.534517,264
836,Corts Valencianes 2B,Argenteria,2023-11-14T07:43:09.097Z,38.987684,-0.53061,292
837,PalasietB,CV-645B,2023-11-14T07:43:09.097Z,38.985252,-0.537441,448
838,Alfons MagnanimB,9 OctubreB,2023-11-14T07:43:09.097Z,38.987144,-0.535236,237
839,Aben FerriB,Aben FerriA,2023-11-14T07:43:09.097Z,38.985489,-0.534157,470
840,Abu Masaifa,Reina,2023-11-14T07:43:09.097Z,38.987684,-0.53061,351
841,Ausias MarchA,Reina,2023-11-14T07:43:09.097Z,38.987684,-0.53061,164
842,Ausias MarchB,Ausias MarchA,2023-11-14T07:43:09.097Z,38.991913,-0.524291,897
843,Reina,Republica Argentina,2023-11-14T07:43:09.097Z,38.989955,-0.523503,997
844,Ximen ToviaA,Ausias MarchA,2023-11-14T07:43:09.097Z,38.991913,-0.524291,880
845,Baixada estacio 1,Abu Masaifa,2023-11-14T07:43:09.097Z,38.991213,-0.523787,749
846,Albereda 1,Albereda 2,2023-11-14T07:43:09.097Z,38.990122,-0.519633,956
847,Albereda 2,Cosmografo,2023-11-14T07:43:09.097Z,38.990742,-0.513,761
848,Academic Maravall,Maulets,2023-11-14T07:43:09.097Z,38.991249,-0.518678,865
849,Cosmografo,Maulets,2023-11-14T07:43:09.097Z,38.991249,-0.518678,569
850,Maulets,Carme 1,2023-11-14T07:43:09.097Z,38.992357,-0.519858,974
851,N-340A,Ximen ToviaA,2023-11-14T07:43:09.097Z,38.992357,-0.519858,964
852,Republica Argentina,Academic Maravall,2023-11-14T07:43:09.097Z,38.99105,-0.519778,986
853,CV-645A,PalasietA,2023-11-14T07:43:19.097Z,38.985252,-0.537441,False
854,Corts Valencianes 2A,Alfons MagnanimB,2023-11-14T07:43:19.097Z,38.986084,-0.534517,714
855,Corts Valencianes 2B,9 OctubreA,2023-11-14T07:43:19.097Z,38.987684,-0.53061,920
856,PalasietB,CV-645B,2023-11-14T07:43:19.097Z,38.985252,-0.537441,759
857,Abu Masaifa,Reina,2023-11-14T07:43:19.097Z,38.987684,-0.53061,912
858,Ausias MarchB,Ausias MarchA,2023-11-14T07:43:19.097Z,38.991913,-0.524291,718
859,Beata InesA,Ausias MarchB,2023-11-14T07:43:19.097Z,38.987684,-0.53061,418
860,Reina,Albereda 1,2023-11-14T07:43:19.097Z,38.989955,-0.523503,991
861,Baixada estacio 1,Baixada estacio 2,2023-11-14T07:43:19.097Z,38.991213,-0.523787,907
862,Albereda 1,Albereda 2,2023-11-14T07:43:19.097Z,38.990122,-0.519633,616
863,Albereda 2,Cosmografo,2023-11-14T07:43:19.097Z,38.990742,-0.513,939
864,Academic Maravall,Maulets,2023-11-14T07:43:19.097Z,38.991249,-0.518678,732
865,Cosmografo,Maulets,2023-11-14T07:43:19.097Z,38.991249,-0.518678,893
866,N-340A,Gregorio Molina,2023-11-14T07:43:19.097Z,38.992357,-0.519858,False
867,N-340B,Beata InesA,2023-11-14T07:43:19.097Z,0.0,0.0,499
868,Republica Argentina,Academic Maravall,2023-11-14T07:43:19.097Z,38.99105,-0.519778,919
869,Corts Valencianes 1A,PalasietA,2023-11-14T07:43:29.097Z,38.985252,-0.537441,264
870,Corts Valencianes 1B,Aben FerriB,2023-11-14T07:43:29.097Z,38.986084,-0.534517,093
871,Corts Valencianes 2B,Ausias MarchB,2023-11-14T07:43:29.097Z,38.987684,-0.53061,165
872,PalasietA,Aben FerriA,2023-11-14T07:43:29.097Z,38.985489,-0.534157,716
873,PalasietB,PalasietA,2023-11-14T07:43:29.097Z,38.985252,-0.537441,687
874,Alfons MagnanimB,9 OctubreB,2023-11-14T07:43:29.097Z,38.987144,-0.535236,890
875,Abu Masaifa,9 OctubreA,2023-11-14T07:43:29.097Z,38.987684,-0.53061,307
876,Ausias MarchB,Baixada estacio 1,2023-11-14T07:43:29.097Z,38.991913,-0.524291,017
877,Reina,Republica Argentina,2023-11-14T07:43:29.097Z,38.989955,-0.523503,838
878,Baixada estacio 1,Abu Masaifa,2023-11-14T07:43:29.097Z,38.991213,-0.523787,007
879,Baixada estacio 2,Republica Argentina,2023-11-14T07:43:29.097Z,38.989955,-0.523503,507
880,Albereda 2,N-340B,2023-11-14T07:43:29.097Z,38.990742,-0.513,069
881,Carme 1,Carme 2,2023-11-14T07:43:29.097Z,38.99105,-0.519778,971
882,Maulets,N-340B,2023-11-14T07:43:29.097Z,38.992357,-0.519858,912
883,N-340A,Gregorio Molina,2023-11-14T07:43:29.097Z,38.992357,-0.519858,718
884,N-340B,Beata InesA,2023-11-14T07:43:29.097Z,0.0,0.0,881
885,Republica Argentina,Carme 2,2023-11-14T07:43:29.097Z,38.99105,-0.519778,906
886,CV-645B,CV-645A,2023-11-14T07:43:39.097Z,0.0,0.0,985
887,Corts Valencianes 2B,Reina,2023-11-14T07:43:39.097Z,38.987684,-0.53061,False
888,PalasietA,Aben FerriA,2023-11-14T07:43:39.097Z,38.985489,-0.534157,022
889,Alfons MagnanimB,9 OctubreB,2023-11-14T07:43:39.097Z,38.987144,-0.535236,119
890,Aben FerriA,Alfons MagnanimB,2023-11-14T07:43:39.097Z,38.986084,-0.534517,719
891,Aben FerriB,PalasietB,2023-11-14T07:43:39.097Z,38.985489,-0.534157,False
892,Abu Masaifa,Reina,2023-11-14T07:43:39.097Z,38.987684,-0.53061,190
893,Reina,Albereda 1,2023-11-14T07:43:39.097Z,38.989955,-0.523503,207
894,Ximen ToviaA,Ausias MarchA,2023-11-14T07:43:39.097Z,38.991913,-0.524291,712
895,Albereda 2,Cosmografo,2023-11-14T07:43:39.097Z,38.990742,-0.513,916
896,Carme 2,Albereda 2,2023-11-14T07:43:39.097Z,38.990122,-0.519633,914
897,Academic Maravall,Maulets,2023-11-14T07:43:39.097Z,38.991249,-0.518678,986
898,Cosmografo,Maulets,2023-11-14T07:43:39.097Z,38.991249,-0.518678,733
899,N-340B,Beata InesA,2023-11-14T07:43:39.097Z,0.0,0.0,130
900,Corts Valencianes 1B,Corts Valencianes 1A,2023-11-14T07:43:49.097Z,38.986084,-0.534517,338
901,PalasietA,Aben FerriA,2023-11-14T07:43:49.097Z,38.985489,-0.534157,094
902,PalasietB,CV-645B,2023-11-14T07:43:49.097Z,38.985252,-0.537441,662
903,Aben FerriA,Corts Valencianes 2B,2023-11-14T07:43:49.097Z,38.986084,-0.534517,022
904,Ausias MarchB,Ausias MarchA,2023-11-14T07:43:49.097Z,38.991913,-0.524291,080
905,Beata InesA,Ausias MarchB,2023-11-14T07:43:49.097Z,38.987684,-0.53061,459
906,Reina,Albereda 1,2023-11-14T07:43:49.097Z,38.989955,-0.523503,False
907,Ximen ToviaA,Ausias MarchA,2023-11-14T07:43:49.097Z,38.991913,-0.524291,135
908,Baixada estacio 1,Abu Masaifa,2023-11-14T07:43:49.097Z,38.991213,-0.523787,057
909,Albereda 2,Cosmografo,2023-11-14T07:43:49.097Z,38.990742,-0.513,873
910,Carme 2,Albereda 2,2023-11-14T07:43:49.097Z,38.990122,-0.519633,906
911,Academic Maravall,Maulets,2023-11-14T07:43:49.097Z,38.991249,-0.518678,919
912,Cosmografo,Maulets,2023-11-14T07:43:49.097Z,38.991249,-0.518678,884
913,Maulets,N-340B,2023-11-14T07:43:49.097Z,38.992357,-0.519858,False
914,PalasietB,PalasietA,2023-11-14T07:43:59.097Z,38.985252,-0.537441,192
915,9 OctubreA,9 OctubreB,2023-11-14T07:43:59.097Z,38.987144,-0.535236,520
916,Abu Masaifa,9 OctubreA,2023-11-14T07:43:59.097Z,38.987684,-0.53061,749
917,Ausias MarchB,Baixada estacio 1,2023-11-14T07:43:59.097Z,38.991913,-0.524291,136
918,Beata InesA,Corts Valencianes 2A,2023-11-14T07:43:59.097Z,38.987684,-0.53061,881
919,Reina,Republica Argentina,2023-11-14T07:43:59.097Z,38.989955,-0.523503,469
920,Albereda 2,N-340B,2023-11-14T07:43:59.097Z,38.990742,-0.513,327
921,N-340A,Gregorio Molina,2023-11-14T07:43:59.097Z,38.992357,-0.519858,876
922,N-340B,Beata InesA,2023-11-14T07:43:59.097Z,0.0,0.0,False
923,Republica Argentina,Academic Maravall,2023-11-14T07:43:59.097Z,38.99105,-0.519778,419
924,Corts Valencianes 1A,CV-645B,2023-11-14T07:44:09.097Z,38.985252,-0.537441,338
925,Corts Valencianes 1B,Corts Valencianes 1A,2023-11-14T07:44:09.097Z,38.986084,-0.534517,926
926,Corts Valencianes 2A,Corts Valencianes 2B,2023-11-14T07:44:09.097Z,38.986084,-0.534517,881
927,PalasietA,PalasietB,2023-11-14T07:44:09.097Z,38.985489,-0.534157,264
928,PalasietB,Corts Valencianes 1B,2023-11-14T07:44:09.097Z,38.985252,-0.537441,482
929,Argenteria,PalasietB,2023-11-14T07:44:09.097Z,38.985489,-0.534157,277
930,9 OctubreA,Alfons MagnanimA,2023-11-14T07:44:09.097Z,38.987144,-0.535236,999
931,9 OctubreB,Argenteria,2023-11-14T07:44:09.097Z,38.987684,-0.53061,395
932,Ausias MarchB,Ximen ToviaB,2023-11-14T07:44:09.097Z,38.991913,-0.524291,464
933,Beata InesA,Argenteria,2023-11-14T07:44:09.097Z,38.987684,-0.53061,130
934,Reina,Albereda 1,2023-11-14T07:44:09.097Z,38.989955,-0.523503,794
935,Ximen ToviaA,Ausias MarchA,2023-11-14T07:44:09.097Z,38.991913,-0.524291,489
936,Albereda 1,Albereda 2,2023-11-14T07:44:09.097Z,38.990122,-0.519633,269
937,Albereda 2,N-340B,2023-11-14T07:44:09.097Z,38.990742,-0.513,595
938,N-340A,Ximen ToviaA,2023-11-14T07:44:09.097Z,38.992357,-0.519858,140
939,N-340B,N-340A,2023-11-14T07:44:09.097Z,0.0,0.0,False
940,CV-645B,CV-645A,2023-11-14T07:44:19.097Z,0.0,0.0,745
941,Corts Valencianes 1B,Alfons MagnanimB,2023-11-14T07:44:19.097Z,38.986084,-0.534517,228
942,PalasietA,Aben FerriA,2023-11-14T07:44:19.097Z,38.985489,-0.534157,696
943,PalasietB,Corts Valencianes 1B,2023-11-14T07:44:19.097Z,38.985252,-0.537441,969
944,Alfons MagnanimA,Alfons MagnanimB,2023-11-14T07:44:19.097Z,38.986084,-0.534517,005
945,Aben FerriA,Corts Valencianes 2B,2023-11-14T07:44:19.097Z,38.986084,-0.534517,094
946,Aben FerriB,PalasietB,2023-11-14T07:44:19.097Z,38.985489,-0.534157,False
947,Argenteria,PalasietB,2023-11-14T07:44:19.097Z,38.985489,-0.534157,587
948,9 OctubreB,Argenteria,2023-11-14T07:44:19.097Z,38.987684,-0.53061,124
949,Reina,Albereda 1,2023-11-14T07:44:19.097Z,38.989955,-0.523503,False
950,Ximen ToviaA,Baixada estacio 1,2023-11-14T07:44:19.097Z,38.991913,-0.524291,364
951,Baixada estacio 1,Baixada estacio 2,2023-11-14T07:44:19.097Z,38.991213,-0.523787,136
952,Albereda 1,Albereda 2,2023-11-14T07:44:19.097Z,38.990122,-0.519633,207
953,Academic Maravall,Maulets,2023-11-14T07:44:19.097Z,38.991249,-0.518678,419
954,Maulets,Gregorio Molina,2023-11-14T07:44:19.097Z,38.992357,-0.519858,008
955,N-340B,N-340A,2023-11-14T07:44:19.097Z,0.0,0.0,889
956,CV-645A,PalasietA,2023-11-14T07:44:29.097Z,38.985252,-0.537441,766
957,Corts Valencianes 1B,Alfons MagnanimB,2023-11-14T07:44:29.097Z,38.986084,-0.534517,499
958,Corts Valencianes 2A,Corts Valencianes 2B,2023-11-14T07:44:29.097Z,38.986084,-0.534517,328
959,PalasietA,Aben FerriA,2023-11-14T07:44:29.097Z,38.985489,-0.534157,792
960,PalasietB,CV-645B,2023-11-14T07:44:29.097Z,38.985252,-0.537441,933
961,9 OctubreA,9 OctubreB,2023-11-14T07:44:29.097Z,38.987144,-0.535236,749
962,9 OctubreB,9 OctubreA,2023-11-14T07:44:29.097Z,38.987684,-0.53061,890
963,Ausias MarchB,Ximen ToviaB,2023-11-14T07:44:29.097Z,38.991913,-0.524291,418
964,Beata InesA,Corts Valencianes 2A,2023-11-14T07:44:29.097Z,38.987684,-0.53061,False
965,Ximen ToviaA,Ximen ToviaB,2023-11-14T07:44:29.097Z,38.991913,-0.524291,717
966,Baixada estacio 2,Albereda 1,2023-11-14T07:44:29.097Z,38.989955,-0.523503,136
967,Albereda 1,Albereda 2,2023-11-14T07:44:29.097Z,38.990122,-0.519633,False
968,Maulets,Ximen ToviaA,2023-11-14T07:44:29.097Z,38.992357,-0.519858,359
969,N-340A,Gregorio Molina,2023-11-14T07:44:29.097Z,38.992357,-0.519858,062
970,N-340B,N-340A,2023-11-14T07:44:29.097Z,0.0,0.0,474
971,CV-645A,PalasietA,2023-11-14T07:44:39.097Z,38.985252,-0.537441,969
972,CV-645B,Beata InesA,2023-11-14T07:44:39.097Z,0.0,0.0,960
973,Corts Valencianes 1A,CV-645B,2023-11-14T07:44:39.097Z,38.985252,-0.537441,926
974,Corts Valencianes 1B,Alfons MagnanimB,2023-11-14T07:44:39.097Z,38.986084,-0.534517,482
975,PalasietA,PalasietB,2023-11-14T07:44:39.097Z,38.985489,-0.534157,056
976,PalasietB,Corts Valencianes 1B,2023-11-14T07:44:39.097Z,38.985252,-0.537441,False
977,Aben FerriA,Corts Valencianes 2B,2023-11-14T07:44:39.097Z,38.986084,-0.534517,699
978,9 OctubreB,Reina,2023-11-14T07:44:39.097Z,38.987684,-0.53061,119
979,Abu Masaifa,9 OctubreA,2023-11-14T07:44:39.097Z,38.987684,-0.53061,100
980,Ausias MarchB,Ausias MarchA,2023-11-14T07:44:39.097Z,38.991913,-0.524291,466
981,Reina,Republica Argentina,2023-11-14T07:44:39.097Z,38.989955,-0.523503,927
982,Ximen ToviaB,Carme 1,2023-11-14T07:44:39.097Z,38.992357,-0.519858,323
983,Albereda 1,Albereda 2,2023-11-14T07:44:39.097Z,38.990122,-0.519633,794
984,Albereda 2,N-340B,2023-11-14T07:44:39.097Z,38.990742,-0.513,139
985,Maulets,Gregorio Molina,2023-11-14T07:44:39.097Z,38.992357,-0.519858,False
986,Republica Argentina,Carme 2,2023-11-14T07:44:39.097Z,38.99105,-0.519778,469
987,CV-645B,CV-645A,2023-11-14T07:44:49.097Z,0.0,0.0,997
988,Corts Valencianes 2A,Aben FerriB,2023-11-14T07:44:49.097Z,38.986084,-0.534517,969
989,PalasietA,PalasietB,2023-11-14T07:44:49.097Z,38.985489,-0.534157,False
990,PalasietB,CV-645B,2023-11-14T07:44:49.097Z,38.985252,-0.537441,171
991,9 OctubreA,Alfons MagnanimA,2023-11-14T07:44:49.097Z,38.987144,-0.535236,890
992,Ausias MarchA,Argenteria,2023-11-14T07:44:49.097Z,38.987684,-0.53061,865
993,Ximen ToviaB,Ximen ToviaA,2023-11-14T07:44:49.097Z,38.992357,-0.519858,711
994,Albereda 2,N-340B,2023-11-14T07:44:49.097Z,38.990742,-0.513,203
995,Carme 1,Academic Maravall,2023-11-14T07:44:49.097Z,38.99105,-0.519778,323
996,Carme 2,Albereda 2,2023-11-14T07:44:49.097Z,38.990122,-0.519633,462
997,Maulets,Carme 1,2023-11-14T07:44:49.097Z,38.992357,-0.519858,702
998,N-340A,Carme 1,2023-11-14T07:44:49.097Z,38.992357,-0.519858,855
999,CV-645B,Beata InesA,2023-11-14T07:44:59.097Z,0.0,0.0,767
