,enter,exit,date,latitude,longitude,matricula
0,Albereda 2,Cosmografo,2023-11-02T13:03:09.097Z,38.990742,-0.513,796
1,Academic Maravall,Maulets,2023-11-02T13:03:09.097Z,38.991249,-0.518678,False
2,Maulets,Gregorio Molina,2023-11-02T13:03:09.097Z,38.992357,-0.519858,817
3,CV-645A,PalasietA,2023-11-02T13:03:19.097Z,38.985252,-0.537441,022
4,CV-645B,Beata InesA,2023-11-02T13:03:19.097Z,0.0,0.0,696
5,Corts Valencianes 1A,CV-645B,2023-11-02T13:03:19.097Z,38.985252,-0.537441,500
6,Corts Valencianes 2A,Corts Valencianes 2B,2023-11-02T13:03:19.097Z,38.986084,-0.534517,777
7,Corts Valencianes 2B,Ausias MarchB,2023-11-02T13:03:19.097Z,38.987684,-0.53061,098
8,PalasietB,CV-645B,2023-11-02T13:03:19.097Z,38.985252,-0.537441,550
9,Alfons MagnanimA,Corts Valencianes 2B,2023-11-02T13:03:19.097Z,38.986084,-0.534517,178
10,Abu Masaifa,Argenteria,2023-11-02T13:03:19.097Z,38.987684,-0.53061,900
11,Ausias MarchA,Corts Valencianes 2A,2023-11-02T13:03:19.097Z,38.987684,-0.53061,903
12,Reina,Albereda 1,2023-11-02T13:03:19.097Z,38.989955,-0.523503,910
13,Ximen ToviaA,Ximen ToviaB,2023-11-02T13:03:19.097Z,38.991913,-0.524291,False
14,Baixada estacio 1,Abu Masaifa,2023-11-02T13:03:19.097Z,38.991213,-0.523787,390
15,Gregorio Molina,Abu Masaifa,2023-11-02T13:03:19.097Z,38.991213,-0.523787,837
16,Albereda 1,Albereda 2,2023-11-02T13:03:19.097Z,38.990122,-0.519633,676
17,Carme 1,Carme 2,2023-11-02T13:03:19.097Z,38.99105,-0.519778,False
18,Carme 2,Albereda 2,2023-11-02T13:03:19.097Z,38.990122,-0.519633,966
19,Maulets,Ximen ToviaA,2023-11-02T13:03:19.097Z,38.992357,-0.519858,428
20,N-340B,N-340B,2023-11-02T13:03:19.097Z,0.0,0.0,012
21,Republica Argentina,Carme 2,2023-11-02T13:03:19.097Z,38.99105,-0.519778,494
22,CV-645B,CV-645A,2023-11-02T13:03:29.097Z,0.0,0.0,056
23,PalasietA,PalasietB,2023-11-02T13:03:29.097Z,38.985489,-0.534157,717
24,PalasietB,PalasietA,2023-11-02T13:03:29.097Z,38.985252,-0.537441,137
25,Aben FerriA,Alfons MagnanimB,2023-11-02T13:03:29.097Z,38.986084,-0.534517,False
26,Aben FerriB,PalasietB,2023-11-02T13:03:29.097Z,38.985489,-0.534157,666
27,9 OctubreB,Reina,2023-11-02T13:03:29.097Z,38.987684,-0.53061,445
28,Ausias MarchA,9 OctubreA,2023-11-02T13:03:29.097Z,38.987684,-0.53061,546
29,Ausias MarchB,Ausias MarchA,2023-11-02T13:03:29.097Z,38.991913,-0.524291,False
30,Beata InesA,9 OctubreA,2023-11-02T13:03:29.097Z,38.987684,-0.53061,392
31,Reina,Albereda 1,2023-11-02T13:03:29.097Z,38.989955,-0.523503,876
32,Albereda 2,N-340B,2023-11-02T13:03:29.097Z,38.990742,-0.513,997
33,Maulets,Gregorio Molina,2023-11-02T13:03:29.097Z,38.992357,-0.519858,476
34,N-340B,Beata InesA,2023-11-02T13:03:29.097Z,0.0,0.0,666
35,Corts Valencianes 2A,Corts Valencianes 1A,2023-11-02T13:03:39.097Z,38.986084,-0.534517,903
36,Corts Valencianes 2B,9 OctubreA,2023-11-02T13:03:39.097Z,38.987684,-0.53061,717
37,PalasietB,Corts Valencianes 1B,2023-11-02T13:03:39.097Z,38.985252,-0.537441,717
38,Alfons MagnanimB,Alfons MagnanimA,2023-11-02T13:03:39.097Z,38.987144,-0.535236,False
39,9 OctubreB,9 OctubreA,2023-11-02T13:03:39.097Z,38.987684,-0.53061,229
40,Beata InesA,Argenteria,2023-11-02T13:03:39.097Z,38.987684,-0.53061,957
41,Reina,Republica Argentina,2023-11-02T13:03:39.097Z,38.989955,-0.523503,474
42,Gregorio Molina,Abu Masaifa,2023-11-02T13:03:39.097Z,38.991213,-0.523787,411
43,Albereda 2,Cosmografo,2023-11-02T13:03:39.097Z,38.990742,-0.513,687
44,Carme 1,Carme 2,2023-11-02T13:03:39.097Z,38.99105,-0.519778,427
45,N-340B,N-340A,2023-11-02T13:03:39.097Z,0.0,0.0,879
46,Republica Argentina,Carme 2,2023-11-02T13:03:39.097Z,38.99105,-0.519778,False
47,CV-645A,Corts Valencianes 1B,2023-11-02T13:03:49.097Z,38.985252,-0.537441,056
48,Corts Valencianes 1A,PalasietA,2023-11-02T13:03:49.097Z,38.985252,-0.537441,901
49,Corts Valencianes 1B,Corts Valencianes 2B,2023-11-02T13:03:49.097Z,38.986084,-0.534517,717
50,Corts Valencianes 2B,Beata InesB,2023-11-02T13:03:49.097Z,38.987684,-0.53061,176
51,PalasietA,Aben FerriA,2023-11-02T13:03:49.097Z,38.985489,-0.534157,137
52,PalasietB,CV-645B,2023-11-02T13:03:49.097Z,38.985252,-0.537441,166
53,Alfons MagnanimA,Corts Valencianes 1A,2023-11-02T13:03:49.097Z,38.986084,-0.534517,False
54,Alfons MagnanimB,Alfons MagnanimA,2023-11-02T13:03:49.097Z,38.987144,-0.535236,669
55,Aben FerriA,Corts Valencianes 2B,2023-11-02T13:03:49.097Z,38.986084,-0.534517,954
56,9 OctubreB,Corts Valencianes 2A,2023-11-02T13:03:49.097Z,38.987684,-0.53061,070
57,Abu Masaifa,Ausias MarchB,2023-11-02T13:03:49.097Z,38.987684,-0.53061,731
58,Ausias MarchB,Baixada estacio 1,2023-11-02T13:03:49.097Z,38.991913,-0.524291,False
59,Beata InesA,Ausias MarchB,2023-11-02T13:03:49.097Z,38.987684,-0.53061,216
60,Reina,Albereda 1,2023-11-02T13:03:49.097Z,38.989955,-0.523503,866
61,Ximen ToviaA,Ausias MarchA,2023-11-02T13:03:49.097Z,38.991913,-0.524291,862
62,Albereda 1,Albereda 2,2023-11-02T13:03:49.097Z,38.990122,-0.519633,971
63,Albereda 2,Cosmografo,2023-11-02T13:03:49.097Z,38.990742,-0.513,199
64,Carme 1,Carme 2,2023-11-02T13:03:49.097Z,38.99105,-0.519778,789
65,Carme 2,Albereda 2,2023-11-02T13:03:49.097Z,38.990122,-0.519633,False
66,N-340B,CV-645A,2023-11-02T13:03:49.097Z,0.0,0.0,False
67,CV-645B,CV-645A,2023-11-02T13:03:59.097Z,0.0,0.0,792
68,Corts Valencianes 1B,Aben FerriB,2023-11-02T13:03:59.097Z,38.986084,-0.534517,XXX
69,Corts Valencianes 2B,Argenteria,2023-11-02T13:03:59.097Z,38.987684,-0.53061,090
70,PalasietA,PalasietB,2023-11-02T13:03:59.097Z,38.985489,-0.534157,699
71,Alfons MagnanimA,Corts Valencianes 2B,2023-11-02T13:03:59.097Z,38.986084,-0.534517,False
72,Aben FerriA,Corts Valencianes 2B,2023-11-02T13:03:59.097Z,38.986084,-0.534517,137
73,9 OctubreA,9 OctubreB,2023-11-02T13:03:59.097Z,38.987144,-0.535236,971
74,9 OctubreB,Argenteria,2023-11-02T13:03:59.097Z,38.987684,-0.53061,200
75,Ausias MarchA,Corts Valencianes 2A,2023-11-02T13:03:59.097Z,38.987684,-0.53061,583
76,Ausias MarchB,Ausias MarchB,2023-11-02T13:03:59.097Z,38.991913,-0.524291,056
77,Beata InesA,Corts Valencianes 2A,2023-11-02T13:03:59.097Z,38.987684,-0.53061,565
78,Reina,Albereda 1,2023-11-02T13:03:59.097Z,38.989955,-0.523503,126
79,Baixada estacio 1,Abu Masaifa,2023-11-02T13:03:59.097Z,38.991213,-0.523787,796
80,Albereda 2,Cosmografo,2023-11-02T13:03:59.097Z,38.990742,-0.513,976
81,Carme 1,Academic Maravall,2023-11-02T13:03:59.097Z,38.99105,-0.519778,699
82,Maulets,N-340B,2023-11-02T13:03:59.097Z,38.992357,-0.519858,097
83,N-340A,Gregorio Molina,2023-11-02T13:03:59.097Z,38.992357,-0.519858,297
84,N-340B,N-340A,2023-11-02T13:03:59.097Z,0.0,0.0,XXX
85,CV-645B,CV-645A,2023-11-02T13:04:09.097Z,0.0,0.0,iXX
86,Corts Valencianes 1A,CV-645B,2023-11-02T13:04:09.097Z,38.985252,-0.537441,162
87,Corts Valencianes 1B,Corts Valencianes 1A,2023-11-02T13:04:09.097Z,38.986084,-0.534517,990
88,Corts Valencianes 2A,Alfons MagnanimB,2023-11-02T13:04:09.097Z,38.986084,-0.534517,False
89,Corts Valencianes 2B,9 OctubreA,2023-11-02T13:04:09.097Z,38.987684,-0.53061,717
90,Aben FerriB,Aben FerriA,2023-11-02T13:04:09.097Z,38.985489,-0.534157,False
91,9 OctubreA,Alfons MagnanimA,2023-11-02T13:04:09.097Z,38.987144,-0.535236,395
92,9 OctubreB,9 OctubreA,2023-11-02T13:04:09.097Z,38.987684,-0.53061,209
93,Ausias MarchA,Beata InesB,2023-11-02T13:04:09.097Z,38.987684,-0.53061,422
94,Ausias MarchB,Baixada estacio 1,2023-11-02T13:04:09.097Z,38.991913,-0.524291,False
95,Beata InesA,Ausias MarchB,2023-11-02T13:04:09.097Z,38.987684,-0.53061,074
96,Reina,Republica Argentina,2023-11-02T13:04:09.097Z,38.989955,-0.523503,999
97,Carme 1,Carme 2,2023-11-02T13:04:09.097Z,38.99105,-0.519778,911
98,Carme 2,Albereda 2,2023-11-02T13:04:09.097Z,38.990122,-0.519633,641
99,Academic Maravall,Maulets,2023-11-02T13:04:09.097Z,38.991249,-0.518678,756
100,Maulets,Gregorio Molina,2023-11-02T13:04:09.097Z,38.992357,-0.519858,676
101,N-340B,CV-645A,2023-11-02T13:04:09.097Z,0.0,0.0,968
102,Corts Valencianes 2A,Corts Valencianes 2B,2023-11-02T13:04:19.097Z,38.986084,-0.534517,561
103,Corts Valencianes 2B,Beata InesB,2023-11-02T13:04:19.097Z,38.987684,-0.53061,954
104,Alfons MagnanimA,Aben FerriB,2023-11-02T13:04:19.097Z,38.986084,-0.534517,395
105,Argenteria,Aben FerriA,2023-11-02T13:04:19.097Z,38.985489,-0.534157,246
106,9 OctubreA,Alfons MagnanimA,2023-11-02T13:04:19.097Z,38.987144,-0.535236,254
107,Ausias MarchA,Argenteria,2023-11-02T13:04:19.097Z,38.987684,-0.53061,038
108,Ausias MarchB,Ximen ToviaB,2023-11-02T13:04:19.097Z,38.991913,-0.524291,969
109,Beata InesA,Argenteria,2023-11-02T13:04:19.097Z,38.987684,-0.53061,012
110,Reina,Republica Argentina,2023-11-02T13:04:19.097Z,38.989955,-0.523503,716
111,Baixada estacio 1,Abu Masaifa,2023-11-02T13:04:19.097Z,38.991213,-0.523787,047
112,Gregorio Molina,Abu Masaifa,2023-11-02T13:04:19.097Z,38.991213,-0.523787,237
113,Albereda 2,Cosmografo,2023-11-02T13:04:19.097Z,38.990742,-0.513,189
114,Carme 1,Carme 2,2023-11-02T13:04:19.097Z,38.99105,-0.519778,869
115,Cosmografo,Maulets,2023-11-02T13:04:19.097Z,38.991249,-0.518678,024
116,Maulets,Carme 1,2023-11-02T13:04:19.097Z,38.992357,-0.519858,XXX
117,N-340B,N-340A,2023-11-02T13:04:19.097Z,0.0,0.0,766
118,CV-645A,PalasietA,2023-11-02T13:04:29.097Z,38.985252,-0.537441,False
119,CV-645B,Beata InesA,2023-11-02T13:04:29.097Z,0.0,0.0,444
120,Corts Valencianes 1A,PalasietA,2023-11-02T13:04:29.097Z,38.985252,-0.537441,990
121,Corts Valencianes 2A,Corts Valencianes 2B,2023-11-02T13:04:29.097Z,38.986084,-0.534517,565
122,Corts Valencianes 2B,Corts Valencianes 2A,2023-11-02T13:04:29.097Z,38.987684,-0.53061,135
123,PalasietA,PalasietB,2023-11-02T13:04:29.097Z,38.985489,-0.534157,928
124,PalasietB,CV-645B,2023-11-02T13:04:29.097Z,38.985252,-0.537441,606
125,Aben FerriA,Corts Valencianes 2B,2023-11-02T13:04:29.097Z,38.986084,-0.534517,False
126,Aben FerriB,PalasietB,2023-11-02T13:04:29.097Z,38.985489,-0.534157,395
127,Argenteria,PalasietB,2023-11-02T13:04:29.097Z,38.985489,-0.534157,115
128,9 OctubreA,9 OctubreB,2023-11-02T13:04:29.097Z,38.987144,-0.535236,546
129,9 OctubreB,Corts Valencianes 2A,2023-11-02T13:04:29.097Z,38.987684,-0.53061,522
130,Ausias MarchA,Reina,2023-11-02T13:04:29.097Z,38.987684,-0.53061,717
131,Ausias MarchB,Ximen ToviaB,2023-11-02T13:04:29.097Z,38.991913,-0.524291,098
132,Beata InesA,Corts Valencianes 2A,2023-11-02T13:04:29.097Z,38.987684,-0.53061,848
133,Beata InesB,Beata InesA,2023-11-02T13:04:29.097Z,0.0,0.0,303
134,Reina,Albereda 1,2023-11-02T13:04:29.097Z,38.989955,-0.523503,481
135,Albereda 2,N-340B,2023-11-02T13:04:29.097Z,38.990742,-0.513,XXX
136,Carme 2,Albereda 2,2023-11-02T13:04:29.097Z,38.990122,-0.519633,177
137,Maulets,Ximen ToviaA,2023-11-02T13:04:29.097Z,38.992357,-0.519858,False
138,N-340B,N-340B,2023-11-02T13:04:29.097Z,0.0,0.0,478
139,CV-645B,N-340A,2023-11-02T13:04:39.097Z,0.0,0.0,089
140,Corts Valencianes 2B,Reina,2023-11-02T13:04:39.097Z,38.987684,-0.53061,669
141,PalasietB,CV-645B,2023-11-02T13:04:39.097Z,38.985252,-0.537441,528
142,Alfons MagnanimA,Aben FerriB,2023-11-02T13:04:39.097Z,38.986084,-0.534517,254
143,Alfons MagnanimB,9 OctubreB,2023-11-02T13:04:39.097Z,38.987144,-0.535236,064
144,Argenteria,Aben FerriA,2023-11-02T13:04:39.097Z,38.985489,-0.534157,067
145,9 OctubreA,Alfons MagnanimA,2023-11-02T13:04:39.097Z,38.987144,-0.535236,392
146,Ausias MarchA,Argenteria,2023-11-02T13:04:39.097Z,38.987684,-0.53061,094
147,Ausias MarchB,Ausias MarchB,2023-11-02T13:04:39.097Z,38.991913,-0.524291,881
148,Beata InesA,Corts Valencianes 2A,2023-11-02T13:04:39.097Z,38.987684,-0.53061,466
149,Reina,Albereda 1,2023-11-02T13:04:39.097Z,38.989955,-0.523503,802
150,Ximen ToviaB,Carme 1,2023-11-02T13:04:39.097Z,38.992357,-0.519858,965
151,Baixada estacio 1,Baixada estacio 2,2023-11-02T13:04:39.097Z,38.991213,-0.523787,996
152,Albereda 2,Cosmografo,2023-11-02T13:04:39.097Z,38.990742,-0.513,False
153,Carme 1,Academic Maravall,2023-11-02T13:04:39.097Z,38.99105,-0.519778,False
154,Carme 2,Albereda 2,2023-11-02T13:04:39.097Z,38.990122,-0.519633,048
155,N-340B,N-340B,2023-11-02T13:04:39.097Z,0.0,0.0,145
156,CV-645A,Corts Valencianes 1B,2023-11-02T13:04:49.097Z,38.985252,-0.537441,192
157,Corts Valencianes 2B,9 OctubreA,2023-11-02T13:04:49.097Z,38.987684,-0.53061,137
158,PalasietB,Corts Valencianes 1B,2023-11-02T13:04:49.097Z,38.985252,-0.537441,395
159,Alfons MagnanimA,Corts Valencianes 2B,2023-11-02T13:04:49.097Z,38.986084,-0.534517,392
160,9 OctubreA,Alfons MagnanimA,2023-11-02T13:04:49.097Z,38.987144,-0.535236,717
161,9 OctubreB,Ausias MarchB,2023-11-02T13:04:49.097Z,38.987684,-0.53061,127
162,Abu Masaifa,Ausias MarchB,2023-11-02T13:04:49.097Z,38.987684,-0.53061,733
163,Ausias MarchB,Ausias MarchA,2023-11-02T13:04:49.097Z,38.991913,-0.524291,868
164,Beata InesB,N-340A,2023-11-02T13:04:49.097Z,0.0,0.0,275
165,Reina,Albereda 1,2023-11-02T13:04:49.097Z,38.989955,-0.523503,180
166,Ximen ToviaA,Ausias MarchA,2023-11-02T13:04:49.097Z,38.991913,-0.524291,False
167,Baixada estacio 2,Albereda 1,2023-11-02T13:04:49.097Z,38.989955,-0.523503,731
168,Albereda 1,Albereda 2,2023-11-02T13:04:49.097Z,38.990122,-0.519633,False
169,Albereda 2,N-340B,2023-11-02T13:04:49.097Z,38.990742,-0.513,867
170,Carme 2,Albereda 2,2023-11-02T13:04:49.097Z,38.990122,-0.519633,376
171,Academic Maravall,Academic Maravall,2023-11-02T13:04:49.097Z,38.991249,-0.518678,adX
172,N-340A,Gregorio Molina,2023-11-02T13:04:49.097Z,38.992357,-0.519858,597
173,N-340B,N-340B,2023-11-02T13:04:49.097Z,0.0,0.0,740
174,CV-645A,PalasietA,2023-11-02T13:04:59.097Z,38.985252,-0.537441,040
175,CV-645B,CV-645A,2023-11-02T13:04:59.097Z,0.0,0.0,769
176,Corts Valencianes 1B,Aben FerriB,2023-11-02T13:04:59.097Z,38.986084,-0.534517,192
177,Corts Valencianes 2A,Alfons MagnanimB,2023-11-02T13:04:59.097Z,38.986084,-0.534517,135
178,Corts Valencianes 2B,Argenteria,2023-11-02T13:04:59.097Z,38.987684,-0.53061,583
179,PalasietA,PalasietB,2023-11-02T13:04:59.097Z,38.985489,-0.534157,False
180,PalasietB,CV-645B,2023-11-02T13:04:59.097Z,38.985252,-0.537441,949
181,Alfons MagnanimA,Corts Valencianes 1A,2023-11-02T13:04:59.097Z,38.986084,-0.534517,717
182,Aben FerriA,Aben FerriB,2023-11-02T13:04:59.097Z,38.986084,-0.534517,696
183,Aben FerriB,PalasietB,2023-11-02T13:04:59.097Z,38.985489,-0.534157,254
184,Argenteria,PalasietB,2023-11-02T13:04:59.097Z,38.985489,-0.534157,050
185,9 OctubreA,Alfons MagnanimA,2023-11-02T13:04:59.097Z,38.987144,-0.535236,False
186,Abu Masaifa,Reina,2023-11-02T13:04:59.097Z,38.987684,-0.53061,390
187,Ausias MarchB,Ximen ToviaB,2023-11-02T13:04:59.097Z,38.991913,-0.524291,881
188,Reina,Republica Argentina,2023-11-02T13:04:59.097Z,38.989955,-0.523503,235
189,Ximen ToviaB,Carme 1,2023-11-02T13:04:59.097Z,38.992357,-0.519858,False
190,Carme 1,Academic Maravall,2023-11-02T13:04:59.097Z,38.99105,-0.519778,False
191,Academic Maravall,Maulets,2023-11-02T13:04:59.097Z,38.991249,-0.518678,699
192,Cosmografo,Maulets,2023-11-02T13:04:59.097Z,38.991249,-0.518678,021
193,Maulets,Ximen ToviaA,2023-11-02T13:04:59.097Z,38.992357,-0.519858,996
194,N-340B,CV-645A,2023-11-02T13:04:59.097Z,0.0,0.0,008
195,Republica Argentina,Carme 2,2023-11-02T13:04:59.097Z,38.99105,-0.519778,264
196,CV-645A,PalasietA,2023-11-02T13:05:09.097Z,38.985252,-0.537441,906
197,CV-645B,CV-645A,2023-11-02T13:05:09.097Z,0.0,0.0,False
198,Corts Valencianes 1B,Alfons MagnanimB,2023-11-02T13:05:09.097Z,38.986084,-0.534517,395
199,Corts Valencianes 2A,Aben FerriB,2023-11-02T13:05:09.097Z,38.986084,-0.534517,False
200,Corts Valencianes 2B,Reina,2023-11-02T13:05:09.097Z,38.987684,-0.53061,565
201,PalasietB,PalasietA,2023-11-02T13:05:09.097Z,38.985252,-0.537441,325
202,Alfons MagnanimA,Corts Valencianes 2B,2023-11-02T13:05:09.097Z,38.986084,-0.534517,544
203,Alfons MagnanimB,9 OctubreB,2023-11-02T13:05:09.097Z,38.987144,-0.535236,135
204,Aben FerriB,PalasietB,2023-11-02T13:05:09.097Z,38.985489,-0.534157,192
205,9 OctubreA,9 OctubreB,2023-11-02T13:05:09.097Z,38.987144,-0.535236,717
206,9 OctubreB,Corts Valencianes 2A,2023-11-02T13:05:09.097Z,38.987684,-0.53061,977
207,Abu Masaifa,Corts Valencianes 2A,2023-11-02T13:05:09.097Z,38.987684,-0.53061,837
208,Ausias MarchB,Ausias MarchA,2023-11-02T13:05:09.097Z,38.991913,-0.524291,127
209,Beata InesB,Beata InesA,2023-11-02T13:05:09.097Z,0.0,0.0,353
210,Ximen ToviaB,N-340B,2023-11-02T13:05:09.097Z,38.992357,-0.519858,946
211,Albereda 2,Cosmografo,2023-11-02T13:05:09.097Z,38.990742,-0.513,676
212,Carme 2,Albereda 2,2023-11-02T13:05:09.097Z,38.990122,-0.519633,926
213,Cosmografo,Maulets,2023-11-02T13:05:09.097Z,38.991249,-0.518678,798
214,N-340B,Beata InesA,2023-11-02T13:05:09.097Z,0.0,0.0,False
215,Republica Argentina,Academic Maravall,2023-11-02T13:05:09.097Z,38.99105,-0.519778,601
216,CV-645A,Corts Valencianes 1B,2023-11-02T13:05:19.097Z,38.985252,-0.537441,497
217,CV-645B,Beata InesA,2023-11-02T13:05:19.097Z,0.0,0.0,080
218,Corts Valencianes 1A,Corts Valencianes 1B,2023-11-02T13:05:19.097Z,38.985252,-0.537441,717
219,Corts Valencianes 2B,Beata InesB,2023-11-02T13:05:19.097Z,38.987684,-0.53061,False
220,PalasietA,Aben FerriA,2023-11-02T13:05:19.097Z,38.985489,-0.534157,048
221,Alfons MagnanimB,9 OctubreB,2023-11-02T13:05:19.097Z,38.987144,-0.535236,395
222,Aben FerriA,Alfons MagnanimB,2023-11-02T13:05:19.097Z,38.986084,-0.534517,900
223,Aben FerriB,PalasietB,2023-11-02T13:05:19.097Z,38.985489,-0.534157,696
224,Argenteria,Aben FerriA,2023-11-02T13:05:19.097Z,38.985489,-0.534157,038
225,Abu Masaifa,Corts Valencianes 2A,2023-11-02T13:05:19.097Z,38.987684,-0.53061,False
226,Ausias MarchA,Reina,2023-11-02T13:05:19.097Z,38.987684,-0.53061,False
227,Beata InesA,9 OctubreA,2023-11-02T13:05:19.097Z,38.987684,-0.53061,999
228,Beata InesB,Beata InesA,2023-11-02T13:05:19.097Z,0.0,0.0,422
229,Albereda 2,Cosmografo,2023-11-02T13:05:19.097Z,38.990742,-0.513,070
230,Carme 1,Academic Maravall,2023-11-02T13:05:19.097Z,38.99105,-0.519778,469
231,Academic Maravall,Maulets,2023-11-02T13:05:19.097Z,38.991249,-0.518678,176
232,Cosmografo,Maulets,2023-11-02T13:05:19.097Z,38.991249,-0.518678,687
233,Maulets,N-340B,2023-11-02T13:05:19.097Z,38.992357,-0.519858,484
234,N-340A,Carme 1,2023-11-02T13:05:19.097Z,38.992357,-0.519858,303
235,CV-645B,CV-645A,2023-11-02T13:05:29.097Z,0.0,0.0,900
236,Corts Valencianes 1B,Aben FerriB,2023-11-02T13:05:29.097Z,38.986084,-0.534517,497
237,Corts Valencianes 2A,Corts Valencianes 2B,2023-11-02T13:05:29.097Z,38.986084,-0.534517,697
238,PalasietA,Aben FerriA,2023-11-02T13:05:29.097Z,38.985489,-0.534157,968
239,PalasietB,Corts Valencianes 1B,2023-11-02T13:05:29.097Z,38.985252,-0.537441,False
240,Aben FerriA,Corts Valencianes 1A,2023-11-02T13:05:29.097Z,38.986084,-0.534517,048
241,Aben FerriB,Aben FerriA,2023-11-02T13:05:29.097Z,38.985489,-0.534157,522
242,9 OctubreA,Alfons MagnanimA,2023-11-02T13:05:29.097Z,38.987144,-0.535236,209
243,Ausias MarchB,Ximen ToviaB,2023-11-02T13:05:29.097Z,38.991913,-0.524291,713
244,Beata InesA,9 OctubreA,2023-11-02T13:05:29.097Z,38.987684,-0.53061,151
245,Beata InesB,Beata InesA,2023-11-02T13:05:29.097Z,0.0,0.0,778
246,Reina,Albereda 1,2023-11-02T13:05:29.097Z,38.989955,-0.523503,726
247,Ximen ToviaA,Ximen ToviaB,2023-11-02T13:05:29.097Z,38.991913,-0.524291,False
248,Ximen ToviaB,N-340B,2023-11-02T13:05:29.097Z,38.992357,-0.519858,False
249,Albereda 1,Albereda 2,2023-11-02T13:05:29.097Z,38.990122,-0.519633,005
250,Albereda 2,Cosmografo,2023-11-02T13:05:29.097Z,38.990742,-0.513,952
251,Carme 1,Carme 2,2023-11-02T13:05:29.097Z,38.99105,-0.519778,767
252,Carme 2,Albereda 2,2023-11-02T13:05:29.097Z,38.990122,-0.519633,253
253,Academic Maravall,Maulets,2023-11-02T13:05:29.097Z,38.991249,-0.518678,610
254,Cosmografo,Cosmografo,2023-11-02T13:05:29.097Z,38.991249,-0.518678,963
255,Maulets,N-340B,2023-11-02T13:05:29.097Z,38.992357,-0.519858,254
256,N-340A,Carme 1,2023-11-02T13:05:29.097Z,38.992357,-0.519858,292
257,Republica Argentina,Academic Maravall,2023-11-02T13:05:29.097Z,38.99105,-0.519778,460
258,Corts Valencianes 1B,Alfons MagnanimB,2023-11-02T13:05:39.097Z,38.986084,-0.534517,799
259,Corts Valencianes 2A,Corts Valencianes 1A,2023-11-02T13:05:39.097Z,38.986084,-0.534517,444
260,Corts Valencianes 2B,Reina,2023-11-02T13:05:39.097Z,38.987684,-0.53061,397
261,PalasietB,CV-645B,2023-11-02T13:05:39.097Z,38.985252,-0.537441,294
262,Alfons MagnanimA,Aben FerriB,2023-11-02T13:05:39.097Z,38.986084,-0.534517,209
263,Alfons MagnanimB,Alfons MagnanimA,2023-11-02T13:05:39.097Z,38.987144,-0.535236,False
264,Aben FerriA,Corts Valencianes 1A,2023-11-02T13:05:39.097Z,38.986084,-0.534517,999
265,9 OctubreA,9 OctubreB,2023-11-02T13:05:39.097Z,38.987144,-0.535236,137
266,Abu Masaifa,9 OctubreA,2023-11-02T13:05:39.097Z,38.987684,-0.53061,False
267,Beata InesA,Corts Valencianes 2A,2023-11-02T13:05:39.097Z,38.987684,-0.53061,mes
268,Ximen ToviaB,Gregorio Molina,2023-11-02T13:05:39.097Z,38.992357,-0.519858,False
269,Albereda 2,Cosmografo,2023-11-02T13:05:39.097Z,38.990742,-0.513,121
270,Maulets,Gregorio Molina,2023-11-02T13:05:39.097Z,38.992357,-0.519858,305
271,N-340A,Carme 1,2023-11-02T13:05:39.097Z,38.992357,-0.519858,879
272,Republica Argentina,Academic Maravall,2023-11-02T13:05:39.097Z,38.99105,-0.519778,617
273,Corts Valencianes 2B,Reina,2023-11-02T13:05:49.097Z,38.987684,-0.53061,229
274,PalasietA,Aben FerriA,2023-11-02T13:05:49.097Z,38.985489,-0.534157,649
275,PalasietB,CV-645B,2023-11-02T13:05:49.097Z,38.985252,-0.537441,050
276,Alfons MagnanimA,Corts Valencianes 2B,2023-11-02T13:05:49.097Z,38.986084,-0.534517,False
277,Aben FerriA,Aben FerriB,2023-11-02T13:05:49.097Z,38.986084,-0.534517,906
278,Aben FerriB,PalasietB,2023-11-02T13:05:49.097Z,38.985489,-0.534157,209
279,Argenteria,PalasietB,2023-11-02T13:05:49.097Z,38.985489,-0.534157,094
280,9 OctubreB,Reina,2023-11-02T13:05:49.097Z,38.987684,-0.53061,921
281,Ausias MarchA,Ausias MarchB,2023-11-02T13:05:49.097Z,38.987684,-0.53061,662
282,Beata InesA,Reina,2023-11-02T13:05:49.097Z,38.987684,-0.53061,080
283,Reina,Albereda 1,2023-11-02T13:05:49.097Z,38.989955,-0.523503,612
284,Ximen ToviaB,Ximen ToviaA,2023-11-02T13:05:49.097Z,38.992357,-0.519858,007
285,Albereda 1,Albereda 2,2023-11-02T13:05:49.097Z,38.990122,-0.519633,167
286,Albereda 2,N-340B,2023-11-02T13:05:49.097Z,38.990742,-0.513,False
287,Carme 1,Carme 2,2023-11-02T13:05:49.097Z,38.99105,-0.519778,False
288,Carme 2,Albereda 2,2023-11-02T13:05:49.097Z,38.990122,-0.519633,139
289,Academic Maravall,Maulets,2023-11-02T13:05:49.097Z,38.991249,-0.518678,601
290,Cosmografo,Maulets,2023-11-02T13:05:49.097Z,38.991249,-0.518678,False
291,Maulets,Gregorio Molina,2023-11-02T13:05:49.097Z,38.992357,-0.519858,False
292,N-340B,N-340A,2023-11-02T13:05:49.097Z,0.0,0.0,286
293,Republica Argentina,Academic Maravall,2023-11-02T13:05:49.097Z,38.99105,-0.519778,False
294,Corts Valencianes 1A,PalasietA,2023-11-02T13:05:59.097Z,38.985252,-0.537441,444
295,Corts Valencianes 1B,Alfons MagnanimB,2023-11-02T13:05:59.097Z,38.986084,-0.534517,eXX
296,Corts Valencianes 2B,Ausias MarchB,2023-11-02T13:05:59.097Z,38.987684,-0.53061,697
297,PalasietA,PalasietB,2023-11-02T13:05:59.097Z,38.985489,-0.534157,022
298,Alfons MagnanimB,9 OctubreB,2023-11-02T13:05:59.097Z,38.987144,-0.535236,777
299,Aben FerriA,Corts Valencianes 2B,2023-11-02T13:05:59.097Z,38.986084,-0.534517,522
300,Aben FerriB,PalasietB,2023-11-02T13:05:59.097Z,38.985489,-0.534157,968
301,Beata InesA,Ausias MarchB,2023-11-02T13:05:59.097Z,38.987684,-0.53061,422
302,Beata InesB,Beata InesA,2023-11-02T13:05:59.097Z,0.0,0.0,954
303,Reina,Republica Argentina,2023-11-02T13:05:59.097Z,38.989955,-0.523503,XXX
304,Ximen ToviaB,N-340B,2023-11-02T13:05:59.097Z,38.992357,-0.519858,919
305,Albereda 2,Cosmografo,2023-11-02T13:05:59.097Z,38.990742,-0.513,385
306,Academic Maravall,Maulets,2023-11-02T13:05:59.097Z,38.991249,-0.518678,274
307,Cosmografo,Maulets,2023-11-02T13:05:59.097Z,38.991249,-0.518678,189
308,Maulets,N-340B,2023-11-02T13:05:59.097Z,38.992357,-0.519858,673
309,N-340A,Ximen ToviaA,2023-11-02T13:05:59.097Z,38.992357,-0.519858,False
310,Republica Argentina,Academic Maravall,2023-11-02T13:05:59.097Z,38.99105,-0.519778,886
311,CV-645A,PalasietA,2023-11-02T13:06:09.097Z,38.985252,-0.537441,008
312,CV-645B,N-340A,2023-11-02T13:06:09.097Z,0.0,0.0,543
313,Corts Valencianes 2B,Corts Valencianes 2A,2023-11-02T13:06:09.097Z,38.987684,-0.53061,967
314,PalasietB,CV-645B,2023-11-02T13:06:09.097Z,38.985252,-0.537441,246
315,Aben FerriA,Corts Valencianes 2B,2023-11-02T13:06:09.097Z,38.986084,-0.534517,325
316,Abu Masaifa,Reina,2023-11-02T13:06:09.097Z,38.987684,-0.53061,043
317,Ausias MarchA,Beata InesB,2023-11-02T13:06:09.097Z,38.987684,-0.53061,868
318,Beata InesA,Corts Valencianes 2A,2023-11-02T13:06:09.097Z,38.987684,-0.53061,178
319,Reina,Republica Argentina,2023-11-02T13:06:09.097Z,38.989955,-0.523503,False
320,Ximen ToviaB,N-340B,2023-11-02T13:06:09.097Z,38.992357,-0.519858,716
321,Albereda 1,Albereda 2,2023-11-02T13:06:09.097Z,38.990122,-0.519633,False
322,Albereda 2,N-340B,2023-11-02T13:06:09.097Z,38.990742,-0.513,False
323,Carme 2,Albereda 2,2023-11-02T13:06:09.097Z,38.990122,-0.519633,839
324,Cosmografo,Maulets,2023-11-02T13:06:09.097Z,38.991249,-0.518678,472
325,N-340A,Carme 1,2023-11-02T13:06:09.097Z,38.992357,-0.519858,019
326,N-340B,Beata InesA,2023-11-02T13:06:09.097Z,0.0,0.0,197
327,CV-645A,Corts Valencianes 1B,2023-11-02T13:06:19.097Z,38.985252,-0.537441,False
328,Corts Valencianes 1A,Corts Valencianes 1B,2023-11-02T13:06:19.097Z,38.985252,-0.537441,999
329,Corts Valencianes 2B,Argenteria,2023-11-02T13:06:19.097Z,38.987684,-0.53061,522
330,Alfons MagnanimB,9 OctubreB,2023-11-02T13:06:19.097Z,38.987144,-0.535236,eXX
331,Aben FerriB,PalasietB,2023-11-02T13:06:19.097Z,38.985489,-0.534157,990
332,Argenteria,PalasietB,2023-11-02T13:06:19.097Z,38.985489,-0.534157,240
333,9 OctubreB,Corts Valencianes 2A,2023-11-02T13:06:19.097Z,38.987684,-0.53061,546
334,Ausias MarchA,9 OctubreA,2023-11-02T13:06:19.097Z,38.987684,-0.53061,False
335,Ausias MarchB,Baixada estacio 1,2023-11-02T13:06:19.097Z,38.991913,-0.524291,298
336,Reina,Albereda 1,2023-11-02T13:06:19.097Z,38.989955,-0.523503,499
337,Ximen ToviaB,Carme 1,2023-11-02T13:06:19.097Z,38.992357,-0.519858,CH6
338,Albereda 2,N-340B,2023-11-02T13:06:19.097Z,38.990742,-0.513,404
339,Academic Maravall,Maulets,2023-11-02T13:06:19.097Z,38.991249,-0.518678,460
340,Cosmografo,Maulets,2023-11-02T13:06:19.097Z,38.991249,-0.518678,676
341,N-340B,Beata InesA,2023-11-02T13:06:19.097Z,0.0,0.0,914
342,Republica Argentina,Academic Maravall,2023-11-02T13:06:19.097Z,38.99105,-0.519778,997
343,CV-645A,Corts Valencianes 1B,2023-11-02T13:06:29.097Z,38.985252,-0.537441,900
344,CV-645B,CV-645A,2023-11-02T13:06:29.097Z,0.0,0.0,955
345,Corts Valencianes 1A,CV-645B,2023-11-02T13:06:29.097Z,38.985252,-0.537441,048
346,PalasietB,Corts Valencianes 1B,2023-11-02T13:06:29.097Z,38.985252,-0.537441,209
347,9 OctubreB,Argenteria,2023-11-02T13:06:29.097Z,38.987684,-0.53061,064
348,Abu Masaifa,Corts Valencianes 2A,2023-11-02T13:06:29.097Z,38.987684,-0.53061,974
349,Ximen ToviaB,Ximen ToviaB,2023-11-02T13:06:29.097Z,38.992357,-0.519858,249
350,Baixada estacio 1,Abu Masaifa,2023-11-02T13:06:29.097Z,38.991213,-0.523787,862
351,Albereda 1,Albereda 2,2023-11-02T13:06:29.097Z,38.990122,-0.519633,128
352,Albereda 2,N-340B,2023-11-02T13:06:29.097Z,38.990742,-0.513,937
353,Carme 2,Albereda 2,2023-11-02T13:06:29.097Z,38.990122,-0.519633,933
354,Maulets,Gregorio Molina,2023-11-02T13:06:29.097Z,38.992357,-0.519858,815
355,N-340A,Gregorio Molina,2023-11-02T13:06:29.097Z,38.992357,-0.519858,083
356,CV-645B,N-340A,2023-11-02T13:06:39.097Z,0.0,0.0,False
357,PalasietA,PalasietB,2023-11-02T13:06:39.097Z,38.985489,-0.534157,False
358,PalasietB,Corts Valencianes 1B,2023-11-02T13:06:39.097Z,38.985252,-0.537441,False
359,Argenteria,Argenteria,2023-11-02T13:06:39.097Z,38.985489,-0.534157,522
360,9 OctubreA,Alfons MagnanimA,2023-11-02T13:06:39.097Z,38.987144,-0.535236,308
361,Ausias MarchA,Corts Valencianes 2A,2023-11-02T13:06:39.097Z,38.987684,-0.53061,330
362,Beata InesB,N-340A,2023-11-02T13:06:39.097Z,0.0,0.0,False
363,Ximen ToviaB,Ximen ToviaA,2023-11-02T13:06:39.097Z,38.992357,-0.519858,056
364,Gregorio Molina,Abu Masaifa,2023-11-02T13:06:39.097Z,38.991213,-0.523787,597
365,Albereda 2,N-340B,2023-11-02T13:06:39.097Z,38.990742,-0.513,587
366,Maulets,N-340B,2023-11-02T13:06:39.097Z,38.992357,-0.519858,919
367,N-340A,Ximen ToviaA,2023-11-02T13:06:39.097Z,38.992357,-0.519858,275
368,N-340B,N-340B,2023-11-02T13:06:39.097Z,0.0,0.0,609
369,CV-645B,CV-645A,2023-11-02T13:06:49.097Z,0.0,0.0,953
370,Corts Valencianes 1B,Alfons MagnanimB,2023-11-02T13:06:49.097Z,38.986084,-0.534517,False
371,Corts Valencianes 2A,Aben FerriB,2023-11-02T13:06:49.097Z,38.986084,-0.534517,837
372,PalasietA,PalasietB,2023-11-02T13:06:49.097Z,38.985489,-0.534157,056
373,PalasietB,CV-645B,2023-11-02T13:06:49.097Z,38.985252,-0.537441,022
374,Beata InesA,Corts Valencianes 2A,2023-11-02T13:06:49.097Z,38.987684,-0.53061,994
375,Reina,Albereda 1,2023-11-02T13:06:49.097Z,38.989955,-0.523503,445
376,Ximen ToviaA,Ausias MarchA,2023-11-02T13:06:49.097Z,38.991913,-0.524291,007
377,Albereda 1,Albereda 2,2023-11-02T13:06:49.097Z,38.990122,-0.519633,994
378,Maulets,Ximen ToviaA,2023-11-02T13:06:49.097Z,38.992357,-0.519858,443
379,N-340A,Carme 1,2023-11-02T13:06:49.097Z,38.992357,-0.519858,286
380,Corts Valencianes 1B,Corts Valencianes 2B,2023-11-02T13:06:59.097Z,38.986084,-0.534517,038
381,Corts Valencianes 2A,Aben FerriB,2023-11-02T13:06:59.097Z,38.986084,-0.534517,411
382,Corts Valencianes 2B,Ausias MarchB,2023-11-02T13:06:59.097Z,38.987684,-0.53061,325
383,Alfons MagnanimA,Alfons MagnanimB,2023-11-02T13:06:59.097Z,38.986084,-0.534517,303
384,Alfons MagnanimB,9 OctubreB,2023-11-02T13:06:59.097Z,38.987144,-0.535236,False
385,9 OctubreA,9 OctubreB,2023-11-02T13:06:59.097Z,38.987144,-0.535236,False
386,Ausias MarchB,Ximen ToviaB,2023-11-02T13:06:59.097Z,38.991913,-0.524291,666
387,Beata InesA,Ausias MarchB,2023-11-02T13:06:59.097Z,38.987684,-0.53061,197
388,Beata InesB,Beata InesA,2023-11-02T13:06:59.097Z,0.0,0.0,955
389,Reina,Albereda 1,2023-11-02T13:06:59.097Z,38.989955,-0.523503,False
390,Ximen ToviaA,Ausias MarchA,2023-11-02T13:06:59.097Z,38.991913,-0.524291,817
391,Gregorio Molina,Abu Masaifa,2023-11-02T13:06:59.097Z,38.991213,-0.523787,305
392,Albereda 2,Cosmografo,2023-11-02T13:06:59.097Z,38.990742,-0.513,False
393,Academic Maravall,Maulets,2023-11-02T13:06:59.097Z,38.991249,-0.518678,817
394,N-340B,CV-645A,2023-11-02T13:06:59.097Z,0.0,0.0,085
395,Republica Argentina,Academic Maravall,2023-11-02T13:06:59.097Z,38.99105,-0.519778,105
396,CV-645A,PalasietA,2023-11-02T13:07:09.097Z,38.985252,-0.537441,955
397,Corts Valencianes 1B,Aben FerriB,2023-11-02T13:07:09.097Z,38.986084,-0.534517,False
398,Corts Valencianes 2A,Corts Valencianes 2B,2023-11-02T13:07:09.097Z,38.986084,-0.534517,False
399,PalasietB,Corts Valencianes 1B,2023-11-02T13:07:09.097Z,38.985252,-0.537441,503
400,Aben FerriB,PalasietB,2023-11-02T13:07:09.097Z,38.985489,-0.534157,471
401,9 OctubreA,9 OctubreB,2023-11-02T13:07:09.097Z,38.987144,-0.535236,False
402,Abu Masaifa,Argenteria,2023-11-02T13:07:09.097Z,38.987684,-0.53061,862
403,Ausias MarchB,Baixada estacio 1,2023-11-02T13:07:09.097Z,38.991913,-0.524291,422
404,Beata InesA,Corts Valencianes 2A,2023-11-02T13:07:09.097Z,38.987684,-0.53061,914
405,Beata InesB,N-340A,2023-11-02T13:07:09.097Z,0.0,0.0,550
406,Ximen ToviaB,N-340B,2023-11-02T13:07:09.097Z,38.992357,-0.519858,881
407,Gregorio Molina,Abu Masaifa,2023-11-02T13:07:09.097Z,38.991213,-0.523787,609
408,Albereda 1,Albereda 2,2023-11-02T13:07:09.097Z,38.990122,-0.519633,026
409,Albereda 2,Cosmografo,2023-11-02T13:07:09.097Z,38.990742,-0.513,074
410,Carme 1,Carme 2,2023-11-02T13:07:09.097Z,38.99105,-0.519778,955
411,Carme 2,Albereda 2,2023-11-02T13:07:09.097Z,38.990122,-0.519633,268
412,Academic Maravall,Maulets,2023-11-02T13:07:09.097Z,38.991249,-0.518678,False
413,Cosmografo,Maulets,2023-11-02T13:07:09.097Z,38.991249,-0.518678,952
414,Maulets,Gregorio Molina,2023-11-02T13:07:09.097Z,38.992357,-0.519858,851
415,Republica Argentina,Carme 2,2023-11-02T13:07:09.097Z,38.99105,-0.519778,066
416,CV-645A,Corts Valencianes 1B,2023-11-02T13:07:19.097Z,38.985252,-0.537441,998
417,Corts Valencianes 2B,Corts Valencianes 2A,2023-11-02T13:07:19.097Z,38.987684,-0.53061,699
418,PalasietB,CV-645B,2023-11-02T13:07:19.097Z,38.985252,-0.537441,497
419,Alfons MagnanimB,9 OctubreB,2023-11-02T13:07:19.097Z,38.987144,-0.535236,308
420,Aben FerriB,Aben FerriA,2023-11-02T13:07:19.097Z,38.985489,-0.534157,900
421,Beata InesA,Ausias MarchB,2023-11-02T13:07:19.097Z,38.987684,-0.53061,955
422,Reina,Albereda 1,2023-11-02T13:07:19.097Z,38.989955,-0.523503,669
423,Ximen ToviaA,Ximen ToviaB,2023-11-02T13:07:19.097Z,38.991913,-0.524291,251
424,Ximen ToviaB,Carme 1,2023-11-02T13:07:19.097Z,38.992357,-0.519858,713
425,Gregorio Molina,Abu Masaifa,2023-11-02T13:07:19.097Z,38.991213,-0.523787,996
426,Academic Maravall,Maulets,2023-11-02T13:07:19.097Z,38.991249,-0.518678,899
427,Maulets,Ximen ToviaA,2023-11-02T13:07:19.097Z,38.992357,-0.519858,223
428,N-340B,CV-645A,2023-11-02T13:07:19.097Z,0.0,0.0,470
429,CV-645A,PalasietA,2023-11-02T13:07:29.097Z,38.985252,-0.537441,919
430,CV-645B,Beata InesA,2023-11-02T13:07:29.097Z,0.0,0.0,328
431,Corts Valencianes 1B,Corts Valencianes 2B,2023-11-02T13:07:29.097Z,38.986084,-0.534517,209
432,Corts Valencianes 2A,Alfons MagnanimB,2023-11-02T13:07:29.097Z,38.986084,-0.534517,176
433,PalasietB,CV-645B,2023-11-02T13:07:29.097Z,38.985252,-0.537441,240
434,Aben FerriA,Corts Valencianes 1A,2023-11-02T13:07:29.097Z,38.986084,-0.534517,False
435,Argenteria,PalasietB,2023-11-02T13:07:29.097Z,38.985489,-0.534157,064
436,9 OctubreA,9 OctubreB,2023-11-02T13:07:29.097Z,38.987144,-0.535236,151
437,Reina,Republica Argentina,2023-11-02T13:07:29.097Z,38.989955,-0.523503,330
438,Ximen ToviaA,Ausias MarchA,2023-11-02T13:07:29.097Z,38.991913,-0.524291,058
439,Gregorio Molina,Abu Masaifa,2023-11-02T13:07:29.097Z,38.991213,-0.523787,083
440,Republica Argentina,Academic Maravall,2023-11-02T13:07:29.097Z,38.99105,-0.519778,711
441,Corts Valencianes 2A,Aben FerriB,2023-11-02T13:07:39.097Z,38.986084,-0.534517,546
442,Corts Valencianes 2B,Argenteria,2023-11-02T13:07:39.097Z,38.987684,-0.53061,667
443,PalasietA,Aben FerriA,2023-11-02T13:07:39.097Z,38.985489,-0.534157,085
444,PalasietB,Corts Valencianes 1B,2023-11-02T13:07:39.097Z,38.985252,-0.537441,008
445,Alfons MagnanimB,Alfons MagnanimA,2023-11-02T13:07:39.097Z,38.987144,-0.535236,178
446,Argenteria,PalasietB,2023-11-02T13:07:39.097Z,38.985489,-0.534157,583
447,9 OctubreB,Ausias MarchB,2023-11-02T13:07:39.097Z,38.987684,-0.53061,876
448,Ausias MarchB,Ausias MarchA,2023-11-02T13:07:39.097Z,38.991913,-0.524291,649
449,Reina,Albereda 1,2023-11-02T13:07:39.097Z,38.989955,-0.523503,565
450,Ximen ToviaA,Ausias MarchA,2023-11-02T13:07:39.097Z,38.991913,-0.524291,279
451,Albereda 2,N-340B,2023-11-02T13:07:39.097Z,38.990742,-0.513,624
452,Carme 1,Academic Maravall,2023-11-02T13:07:39.097Z,38.99105,-0.519778,False
453,Academic Maravall,Maulets,2023-11-02T13:07:39.097Z,38.991249,-0.518678,051
454,Cosmografo,Maulets,2023-11-02T13:07:39.097Z,38.991249,-0.518678,963
455,Maulets,N-340B,2023-11-02T13:07:39.097Z,38.992357,-0.519858,070
456,Republica Argentina,Academic Maravall,2023-11-02T13:07:39.097Z,38.99105,-0.519778,785
457,Corts Valencianes 1B,Corts Valencianes 2B,2023-11-02T13:07:49.097Z,38.986084,-0.534517,508
458,Corts Valencianes 2A,Alfons MagnanimB,2023-11-02T13:07:49.097Z,38.986084,-0.534517,297
459,Corts Valencianes 2B,Reina,2023-11-02T13:07:49.097Z,38.987684,-0.53061,209
460,PalasietA,PalasietB,2023-11-02T13:07:49.097Z,38.985489,-0.534157,955
461,PalasietB,CV-645B,2023-11-02T13:07:49.097Z,38.985252,-0.537441,056
462,Alfons MagnanimA,Aben FerriB,2023-11-02T13:07:49.097Z,38.986084,-0.534517,176
463,Aben FerriA,Aben FerriB,2023-11-02T13:07:49.097Z,38.986084,-0.534517,919
464,Aben FerriB,PalasietB,2023-11-02T13:07:49.097Z,38.985489,-0.534157,545
465,Argenteria,PalasietB,2023-11-02T13:07:49.097Z,38.985489,-0.534157,False
466,9 OctubreB,Argenteria,2023-11-02T13:07:49.097Z,38.987684,-0.53061,717
467,Reina,Republica Argentina,2023-11-02T13:07:49.097Z,38.989955,-0.523503,False
468,Ximen ToviaA,Ausias MarchA,2023-11-02T13:07:49.097Z,38.991913,-0.524291,443
469,Baixada estacio 1,Abu Masaifa,2023-11-02T13:07:49.097Z,38.991213,-0.523787,False
470,Gregorio Molina,Abu Masaifa,2023-11-02T13:07:49.097Z,38.991213,-0.523787,851
471,Albereda 1,Albereda 2,2023-11-02T13:07:49.097Z,38.990122,-0.519633,942
472,Albereda 2,N-340B,2023-11-02T13:07:49.097Z,38.990742,-0.513,966
473,Carme 2,Albereda 2,2023-11-02T13:07:49.097Z,38.990122,-0.519633,846
474,Maulets,N-340B,2023-11-02T13:07:49.097Z,38.992357,-0.519858,974
475,Republica Argentina,Carme 2,2023-11-02T13:07:49.097Z,38.99105,-0.519778,027
476,CV-645A,PalasietA,2023-11-02T13:07:59.097Z,38.985252,-0.537441,470
477,Corts Valencianes 1A,PalasietA,2023-11-02T13:07:59.097Z,38.985252,-0.537441,070
478,Corts Valencianes 2A,Corts Valencianes 2B,2023-11-02T13:07:59.097Z,38.986084,-0.534517,338
479,PalasietB,Corts Valencianes 1B,2023-11-02T13:07:59.097Z,38.985252,-0.537441,476
480,Alfons MagnanimB,9 OctubreB,2023-11-02T13:07:59.097Z,38.987144,-0.535236,237
481,Argenteria,PalasietB,2023-11-02T13:07:59.097Z,38.985489,-0.534157,671
482,9 OctubreB,Argenteria,2023-11-02T13:07:59.097Z,38.987684,-0.53061,395
483,Beata InesA,Reina,2023-11-02T13:07:59.097Z,38.987684,-0.53061,769
484,Reina,Reina,2023-11-02T13:07:59.097Z,38.989955,-0.523503,397
485,Gregorio Molina,Abu Masaifa,2023-11-02T13:07:59.097Z,38.991213,-0.523787,699
486,Carme 1,Academic Maravall,2023-11-02T13:07:59.097Z,38.99105,-0.519778,619
487,Cosmografo,Maulets,2023-11-02T13:07:59.097Z,38.991249,-0.518678,385
488,Maulets,Ximen ToviaA,2023-11-02T13:07:59.097Z,38.992357,-0.519858,125
489,N-340B,Beata InesA,2023-11-02T13:07:59.097Z,0.0,0.0,899
490,Republica Argentina,Carme 2,2023-11-02T13:07:59.097Z,38.99105,-0.519778,996
491,CV-645B,Beata InesA,2023-11-02T13:08:09.097Z,0.0,0.0,502
492,Corts Valencianes 1B,Corts Valencianes 2B,2023-11-02T13:08:09.097Z,38.986084,-0.534517,008
493,Corts Valencianes 2A,Aben FerriB,2023-11-02T13:08:09.097Z,38.986084,-0.534517,954
494,PalasietB,PalasietA,2023-11-02T13:08:09.097Z,38.985252,-0.537441,994
495,Aben FerriB,Aben FerriA,2023-11-02T13:08:09.097Z,38.985489,-0.534157,178
496,Argenteria,PalasietB,2023-11-02T13:08:09.097Z,38.985489,-0.534157,862
497,9 OctubreB,9 OctubreA,2023-11-02T13:08:09.097Z,38.987684,-0.53061,632
498,Reina,Republica Argentina,2023-11-02T13:08:09.097Z,38.989955,-0.523503,544
499,Ximen ToviaA,Ausias MarchA,2023-11-02T13:08:09.097Z,38.991913,-0.524291,False
500,Gregorio Molina,Abu Masaifa,2023-11-02T13:08:09.097Z,38.991213,-0.523787,False
501,Cosmografo,Maulets,2023-11-02T13:08:09.097Z,38.991249,-0.518678,False
502,N-340B,Beata InesA,2023-11-02T13:08:09.097Z,0.0,0.0,609
503,CV-645B,CV-645B,2023-11-02T13:08:19.097Z,0.0,0.0,890
504,Corts Valencianes 1B,Corts Valencianes 2B,2023-11-02T13:08:19.097Z,38.986084,-0.534517,476
505,Corts Valencianes 2A,Corts Valencianes 1A,2023-11-02T13:08:19.097Z,38.986084,-0.534517,False
506,PalasietA,PalasietB,2023-11-02T13:08:19.097Z,38.985489,-0.534157,470
507,Aben FerriA,Corts Valencianes 2B,2023-11-02T13:08:19.097Z,38.986084,-0.534517,176
508,Aben FerriB,PalasietB,2023-11-02T13:08:19.097Z,38.985489,-0.534157,919
509,9 OctubreB,Reina,2023-11-02T13:08:19.097Z,38.987684,-0.53061,137
510,Reina,Albereda 1,2023-11-02T13:08:19.097Z,38.989955,-0.523503,971
511,Cosmografo,Maulets,2023-11-02T13:08:19.097Z,38.991249,-0.518678,False
512,CV-645B,CV-645A,2023-11-02T13:08:29.097Z,0.0,0.0,466
513,PalasietA,PalasietA,2023-11-02T13:08:29.097Z,38.985489,-0.534157,False
514,PalasietB,PalasietA,2023-11-02T13:08:29.097Z,38.985252,-0.537441,583
515,9 OctubreA,Alfons MagnanimA,2023-11-02T13:08:29.097Z,38.987144,-0.535236,632
516,Reina,Republica Argentina,2023-11-02T13:08:29.097Z,38.989955,-0.523503,080
517,CV-645A,Corts Valencianes 1B,2023-11-02T13:08:39.097Z,38.985252,-0.537441,903
518,CV-645B,Beata InesA,2023-11-02T13:08:39.097Z,0.0,0.0,218
519,Corts Valencianes 1A,CV-645B,2023-11-02T13:08:39.097Z,38.985252,-0.537441,697
520,Corts Valencianes 2A,Alfons MagnanimB,2023-11-02T13:08:39.097Z,38.986084,-0.534517,974
521,Corts Valencianes 2B,Reina,2023-11-02T13:08:39.097Z,38.987684,-0.53061,338
522,PalasietA,Aben FerriA,2023-11-02T13:08:39.097Z,38.985489,-0.534157,064
523,PalasietB,Corts Valencianes 1B,2023-11-02T13:08:39.097Z,38.985252,-0.537441,499
524,Aben FerriA,Corts Valencianes 1A,2023-11-02T13:08:39.097Z,38.986084,-0.534517,631
525,9 OctubreA,9 OctubreB,2023-11-02T13:08:39.097Z,38.987144,-0.535236,608
526,Reina,Republica Argentina,2023-11-02T13:08:39.097Z,38.989955,-0.523503,043
527,Ximen ToviaB,N-340B,2023-11-02T13:08:39.097Z,38.992357,-0.519858,False
528,CV-645B,N-340A,2023-11-02T13:08:49.097Z,0.0,0.0,716
529,Corts Valencianes 1A,CV-645B,2023-11-02T13:08:49.097Z,38.985252,-0.537441,631
530,PalasietA,Aben FerriA,2023-11-02T13:08:49.097Z,38.985489,-0.534157,583
531,Alfons MagnanimA,Corts Valencianes 1A,2023-11-02T13:08:49.097Z,38.986084,-0.534517,632
532,Alfons MagnanimB,Alfons MagnanimA,2023-11-02T13:08:49.097Z,38.987144,-0.535236,974
533,Aben FerriA,Corts Valencianes 2B,2023-11-02T13:08:49.097Z,38.986084,-0.534517,994
534,Argenteria,PalasietB,2023-11-02T13:08:49.097Z,38.985489,-0.534157,012
535,9 OctubreB,Beata InesB,2023-11-02T13:08:49.097Z,38.987684,-0.53061,777
536,Abu Masaifa,Corts Valencianes 2A,2023-11-02T13:08:49.097Z,38.987684,-0.53061,597
537,Reina,Albereda 1,2023-11-02T13:08:49.097Z,38.989955,-0.523503,False
538,Ximen ToviaB,Ximen ToviaA,2023-11-02T13:08:49.097Z,38.992357,-0.519858,249
539,Albereda 2,N-340B,2023-11-02T13:08:49.097Z,38.990742,-0.513,898
540,Corts Valencianes 1A,CV-645B,2023-11-02T13:08:59.097Z,38.985252,-0.537441,632
541,Corts Valencianes 1B,Corts Valencianes 1A,2023-11-02T13:08:59.097Z,38.986084,-0.534517,955
542,Corts Valencianes 2B,9 OctubreA,2023-11-02T13:08:59.097Z,38.987684,-0.53061,968
543,PalasietA,Aben FerriA,2023-11-02T13:08:59.097Z,38.985489,-0.534157,False
544,Alfons MagnanimA,Aben FerriB,2023-11-02T13:08:59.097Z,38.986084,-0.534517,914
545,Aben FerriA,Alfons MagnanimB,2023-11-02T13:08:59.097Z,38.986084,-0.534517,583
546,Aben FerriB,PalasietB,2023-11-02T13:08:59.097Z,38.985489,-0.534157,837
547,Abu Masaifa,Ausias MarchB,2023-11-02T13:08:59.097Z,38.987684,-0.53061,False
548,Ximen ToviaB,N-340B,2023-11-02T13:08:59.097Z,38.992357,-0.519858,233
549,Maulets,N-340B,2023-11-02T13:08:59.097Z,38.992357,-0.519858,024
550,N-340B,N-340A,2023-11-02T13:08:59.097Z,0.0,0.0,False
551,Republica Argentina,Carme 2,2023-11-02T13:08:59.097Z,38.99105,-0.519778,646
552,Corts Valencianes 2A,Corts Valencianes 2B,2023-11-02T13:09:09.097Z,38.986084,-0.534517,False
553,Corts Valencianes 2B,Ausias MarchB,2023-11-02T13:09:09.097Z,38.987684,-0.53061,411
554,PalasietA,PalasietB,2023-11-02T13:09:09.097Z,38.985489,-0.534157,444
555,PalasietB,PalasietA,2023-11-02T13:09:09.097Z,38.985252,-0.537441,522
556,Alfons MagnanimB,9 OctubreB,2023-11-02T13:09:09.097Z,38.987144,-0.535236,561
557,Aben FerriA,Corts Valencianes 1A,2023-11-02T13:09:09.097Z,38.986084,-0.534517,070
558,Aben FerriB,Aben FerriA,2023-11-02T13:09:09.097Z,38.985489,-0.534157,914
559,Argenteria,PalasietB,2023-11-02T13:09:09.097Z,38.985489,-0.534157,mes
560,9 OctubreB,Argenteria,2023-11-02T13:09:09.097Z,38.987684,-0.53061,False
561,Abu Masaifa,Argenteria,2023-11-02T13:09:09.097Z,38.987684,-0.53061,False
562,Reina,Albereda 1,2023-11-02T13:09:09.097Z,38.989955,-0.523503,209
563,Ximen ToviaA,Ausias MarchA,2023-11-02T13:09:09.097Z,38.991913,-0.524291,249
564,Albereda 1,Albereda 2,2023-11-02T13:09:09.097Z,38.990122,-0.519633,924
565,Carme 2,Albereda 2,2023-11-02T13:09:09.097Z,38.990122,-0.519633,207
566,Maulets,Gregorio Molina,2023-11-02T13:09:09.097Z,38.992357,-0.519858,False
567,Corts Valencianes 2B,Reina,2023-11-02T13:09:19.097Z,38.987684,-0.53061,178
568,PalasietA,Aben FerriA,2023-11-02T13:09:19.097Z,38.985489,-0.534157,522
569,PalasietB,CV-645B,2023-11-02T13:09:19.097Z,38.985252,-0.537441,957
570,Argenteria,Aben FerriA,2023-11-02T13:09:19.097Z,38.985489,-0.534157,717
571,9 OctubreA,Alfons MagnanimA,2023-11-02T13:09:19.097Z,38.987144,-0.535236,508
572,9 OctubreB,Argenteria,2023-11-02T13:09:19.097Z,38.987684,-0.53061,False
573,Abu Masaifa,Argenteria,2023-11-02T13:09:19.097Z,38.987684,-0.53061,835
574,Beata InesA,Corts Valencianes 2A,2023-11-02T13:09:19.097Z,38.987684,-0.53061,859
575,Ximen ToviaA,Ausias MarchA,2023-11-02T13:09:19.097Z,38.991913,-0.524291,223
576,Corts Valencianes 1B,Corts Valencianes 1A,2023-11-02T13:09:29.097Z,38.986084,-0.534517,553
577,Corts Valencianes 2A,Aben FerriB,2023-11-02T13:09:29.097Z,38.986084,-0.534517,997
578,Alfons MagnanimA,Corts Valencianes 1A,2023-11-02T13:09:29.097Z,38.986084,-0.534517,906
579,Aben FerriA,Corts Valencianes 2B,2023-11-02T13:09:29.097Z,38.986084,-0.534517,914
580,Argenteria,Aben FerriA,2023-11-02T13:09:29.097Z,38.985489,-0.534157,395
581,Abu Masaifa,9 OctubreA,2023-11-02T13:09:29.097Z,38.987684,-0.53061,081
582,Beata InesA,Argenteria,2023-11-02T13:09:29.097Z,38.987684,-0.53061,502
583,Gregorio Molina,Abu Masaifa,2023-11-02T13:09:29.097Z,38.991213,-0.523787,ifX
584,Carme 2,Albereda 2,2023-11-02T13:09:29.097Z,38.990122,-0.519633,440
585,N-340A,Ximen ToviaA,2023-11-02T13:09:29.097Z,38.992357,-0.519858,941
586,N-340B,CV-645A,2023-11-02T13:09:29.097Z,0.0,0.0,False
587,CV-645B,CV-645A,2023-11-02T13:09:39.097Z,0.0,0.0,989
588,Corts Valencianes 1A,CV-645B,2023-11-02T13:09:39.097Z,38.985252,-0.537441,499
589,Corts Valencianes 1B,Corts Valencianes 2B,2023-11-02T13:09:39.097Z,38.986084,-0.534517,094
590,Corts Valencianes 2B,Corts Valencianes 2A,2023-11-02T13:09:39.097Z,38.987684,-0.53061,994
591,PalasietB,Corts Valencianes 1B,2023-11-02T13:09:39.097Z,38.985252,-0.537441,470
592,Aben FerriA,Corts Valencianes 2B,2023-11-02T13:09:39.097Z,38.986084,-0.534517,522
593,Aben FerriB,PalasietB,2023-11-02T13:09:39.097Z,38.985489,-0.534157,597
594,Argenteria,Aben FerriA,2023-11-02T13:09:39.097Z,38.985489,-0.534157,False
595,9 OctubreB,Argenteria,2023-11-02T13:09:39.097Z,38.987684,-0.53061,308
596,Abu Masaifa,Ausias MarchB,2023-11-02T13:09:39.097Z,38.987684,-0.53061,422
597,N-340A,Ximen ToviaA,2023-11-02T13:09:39.097Z,38.992357,-0.519858,False
598,N-340B,Beata InesA,2023-11-02T13:09:39.097Z,0.0,0.0,767
599,Republica Argentina,Carme 2,2023-11-02T13:09:39.097Z,38.99105,-0.519778,719
600,CV-645B,CV-645B,2023-11-02T13:09:49.097Z,0.0,0.0,676
601,Corts Valencianes 1A,Corts Valencianes 1B,2023-11-02T13:09:49.097Z,38.985252,-0.537441,070
602,Corts Valencianes 2A,Aben FerriB,2023-11-02T13:09:49.097Z,38.986084,-0.534517,938
603,Aben FerriA,Corts Valencianes 1A,2023-11-02T13:09:49.097Z,38.986084,-0.534517,717
604,Argenteria,PalasietB,2023-11-02T13:09:49.097Z,38.985489,-0.534157,609
605,9 OctubreA,Alfons MagnanimA,2023-11-02T13:09:49.097Z,38.987144,-0.535236,083
606,9 OctubreB,Beata InesB,2023-11-02T13:09:49.097Z,38.987684,-0.53061,353
607,Abu Masaifa,Argenteria,2023-11-02T13:09:49.097Z,38.987684,-0.53061,False
608,Beata InesA,Ausias MarchB,2023-11-02T13:09:49.097Z,38.987684,-0.53061,609
609,N-340A,Carme 1,2023-11-02T13:09:49.097Z,38.992357,-0.519858,XXX
610,N-340B,Beata InesA,2023-11-02T13:09:49.097Z,0.0,0.0,482
611,Republica Argentina,Academic Maravall,2023-11-02T13:09:49.097Z,38.99105,-0.519778,285
612,Corts Valencianes 1A,CV-645B,2023-11-02T13:09:59.097Z,38.985252,-0.537441,553
613,Corts Valencianes 1B,Aben FerriB,2023-11-02T13:09:59.097Z,38.986084,-0.534517,470
614,Corts Valencianes 2A,Corts Valencianes 2B,2023-11-02T13:09:59.097Z,38.986084,-0.534517,859
615,Corts Valencianes 2B,9 OctubreA,2023-11-02T13:09:59.097Z,38.987684,-0.53061,067
616,PalasietB,CV-645B,2023-11-02T13:09:59.097Z,38.985252,-0.537441,012
617,Alfons MagnanimA,Alfons MagnanimB,2023-11-02T13:09:59.097Z,38.986084,-0.534517,081
618,Aben FerriA,Corts Valencianes 2B,2023-11-02T13:09:59.097Z,38.986084,-0.534517,395
619,Aben FerriB,PalasietB,2023-11-02T13:09:59.097Z,38.985489,-0.534157,999
620,Argenteria,PalasietB,2023-11-02T13:09:59.097Z,38.985489,-0.534157,False
621,9 OctubreB,9 OctubreB,2023-11-02T13:09:59.097Z,38.987684,-0.53061,297
622,Beata InesA,9 OctubreA,2023-11-02T13:09:59.097Z,38.987684,-0.53061,218
623,N-340A,Ximen ToviaA,2023-11-02T13:09:59.097Z,38.992357,-0.519858,550
624,N-340B,N-340A,2023-11-02T13:09:59.097Z,0.0,0.0,943
625,CV-645A,PalasietA,2023-11-02T13:10:09.097Z,38.985252,-0.537441,False
626,CV-645B,CV-645A,2023-11-02T13:10:09.097Z,0.0,0.0,767
627,Corts Valencianes 1A,PalasietA,2023-11-02T13:10:09.097Z,38.985252,-0.537441,503
628,Corts Valencianes 2B,Ausias MarchB,2023-11-02T13:10:09.097Z,38.987684,-0.53061,914
629,PalasietB,CV-645B,2023-11-02T13:10:09.097Z,38.985252,-0.537441,837
630,Alfons MagnanimB,9 OctubreB,2023-11-02T13:10:09.097Z,38.987144,-0.535236,083
631,Aben FerriB,Aben FerriA,2023-11-02T13:10:09.097Z,38.985489,-0.534157,670
632,9 OctubreB,Argenteria,2023-11-02T13:10:09.097Z,38.987684,-0.53061,608
633,Abu Masaifa,Beata InesB,2023-11-02T13:10:09.097Z,38.987684,-0.53061,699
634,Ximen ToviaA,Ximen ToviaB,2023-11-02T13:10:09.097Z,38.991913,-0.524291,941
635,N-340A,Gregorio Molina,2023-11-02T13:10:09.097Z,38.992357,-0.519858,718
636,CV-645A,Corts Valencianes 1B,2023-11-02T13:10:19.097Z,38.985252,-0.537441,589
637,Corts Valencianes 1B,Corts Valencianes 2B,2023-11-02T13:10:19.097Z,38.986084,-0.534517,070
638,Corts Valencianes 2A,Corts Valencianes 1A,2023-11-02T13:10:19.097Z,38.986084,-0.534517,998
639,Corts Valencianes 2B,Argenteria,2023-11-02T13:10:19.097Z,38.987684,-0.53061,008
640,PalasietA,PalasietB,2023-11-02T13:10:19.097Z,38.985489,-0.534157,446
641,Argenteria,Aben FerriA,2023-11-02T13:10:19.097Z,38.985489,-0.534157,502
642,9 OctubreB,Ausias MarchB,2023-11-02T13:10:19.097Z,38.987684,-0.53061,583
643,Beata InesA,Corts Valencianes 2A,2023-11-02T13:10:19.097Z,38.987684,-0.53061,510
644,Ximen ToviaA,Ausias MarchA,2023-11-02T13:10:19.097Z,38.991913,-0.524291,619
645,N-340A,Ximen ToviaA,2023-11-02T13:10:19.097Z,38.992357,-0.519858,107
646,N-340B,CV-645A,2023-11-02T13:10:19.097Z,0.0,0.0,355
647,CV-645A,PalasietA,2023-11-02T13:10:29.097Z,38.985252,-0.537441,767
648,CV-645B,Beata InesA,2023-11-02T13:10:29.097Z,0.0,0.0,849
649,Corts Valencianes 1A,CV-645B,2023-11-02T13:10:29.097Z,38.985252,-0.537441,998
650,Corts Valencianes 1B,Corts Valencianes 2B,2023-11-02T13:10:29.097Z,38.986084,-0.534517,466
651,Corts Valencianes 2B,Reina,2023-11-02T13:10:29.097Z,38.987684,-0.53061,094
652,PalasietA,PalasietB,2023-11-02T13:10:29.097Z,38.985489,-0.534157,508
653,PalasietB,Corts Valencianes 1B,2023-11-02T13:10:29.097Z,38.985252,-0.537441,546
654,Aben FerriA,Aben FerriB,2023-11-02T13:10:29.097Z,38.986084,-0.534517,502
655,9 OctubreA,9 OctubreB,2023-11-02T13:10:29.097Z,38.987144,-0.535236,967
656,9 OctubreB,Beata InesB,2023-11-02T13:10:29.097Z,38.987684,-0.53061,974
657,Abu Masaifa,Ausias MarchB,2023-11-02T13:10:29.097Z,38.987684,-0.53061,False
658,Ausias MarchA,Beata InesB,2023-11-02T13:10:29.097Z,38.987684,-0.53061,007
659,Beata InesA,Corts Valencianes 2A,2023-11-02T13:10:29.097Z,38.987684,-0.53061,False
660,Ximen ToviaA,Ximen ToviaB,2023-11-02T13:10:29.097Z,38.991913,-0.524291,660
661,Ximen ToviaB,N-340B,2023-11-02T13:10:29.097Z,38.992357,-0.519858,820
662,Gregorio Molina,Abu Masaifa,2023-11-02T13:10:29.097Z,38.991213,-0.523787,718
663,Maulets,N-340B,2023-11-02T13:10:29.097Z,38.992357,-0.519858,023
664,Corts Valencianes 1B,Aben FerriB,2023-11-02T13:10:39.097Z,38.986084,-0.534517,False
665,Corts Valencianes 2B,Ausias MarchB,2023-11-02T13:10:39.097Z,38.987684,-0.53061,522
666,PalasietB,CV-645B,2023-11-02T13:10:39.097Z,38.985252,-0.537441,444
667,9 OctubreA,Alfons MagnanimA,2023-11-02T13:10:39.097Z,38.987144,-0.535236,216
668,9 OctubreB,Argenteria,2023-11-02T13:10:39.097Z,38.987684,-0.53061,False
669,Abu Masaifa,Argenteria,2023-11-02T13:10:39.097Z,38.987684,-0.53061,638
670,Ausias MarchA,Argenteria,2023-11-02T13:10:39.097Z,38.987684,-0.53061,False
671,Beata InesA,Argenteria,2023-11-02T13:10:39.097Z,38.987684,-0.53061,849
672,Ximen ToviaB,Ximen ToviaA,2023-11-02T13:10:39.097Z,38.992357,-0.519858,619
673,Carme 1,Academic Maravall,2023-11-02T13:10:39.097Z,38.99105,-0.519778,979
674,Cosmografo,Maulets,2023-11-02T13:10:39.097Z,38.991249,-0.518678,False
675,Maulets,Gregorio Molina,2023-11-02T13:10:39.097Z,38.992357,-0.519858,796
676,Republica Argentina,Academic Maravall,2023-11-02T13:10:39.097Z,38.99105,-0.519778,261
677,CV-645A,PalasietA,2023-11-02T13:10:49.097Z,38.985252,-0.537441,355
678,Corts Valencianes 1B,Aben FerriB,2023-11-02T13:10:49.097Z,38.986084,-0.534517,546
679,Corts Valencianes 2B,Argenteria,2023-11-02T13:10:49.097Z,38.987684,-0.53061,859
680,PalasietA,PalasietB,2023-11-02T13:10:49.097Z,38.985489,-0.534157,767
681,PalasietB,Corts Valencianes 1B,2023-11-02T13:10:49.097Z,38.985252,-0.537441,mes
682,Alfons MagnanimA,Corts Valencianes 2B,2023-11-02T13:10:49.097Z,38.986084,-0.534517,218
683,9 OctubreB,Ausias MarchB,2023-11-02T13:10:49.097Z,38.987684,-0.53061,081
684,Ausias MarchA,Ausias MarchB,2023-11-02T13:10:49.097Z,38.987684,-0.53061,127
685,Ximen ToviaB,Gregorio Molina,2023-11-02T13:10:49.097Z,38.992357,-0.519858,543
686,Albereda 2,Cosmografo,2023-11-02T13:10:49.097Z,38.990742,-0.513,False
687,Maulets,Gregorio Molina,2023-11-02T13:10:49.097Z,38.992357,-0.519858,False
688,N-340B,N-340A,2023-11-02T13:10:49.097Z,0.0,0.0,False
689,Republica Argentina,Carme 2,2023-11-02T13:10:49.097Z,38.99105,-0.519778,880
690,CV-645B,CV-645A,2023-11-02T13:10:59.097Z,0.0,0.0,308
691,Corts Valencianes 1B,Aben FerriB,2023-11-02T13:10:59.097Z,38.986084,-0.534517,667
692,Corts Valencianes 2A,Aben FerriB,2023-11-02T13:10:59.097Z,38.986084,-0.534517,153
693,PalasietB,PalasietB,2023-11-02T13:10:59.097Z,38.985252,-0.537441,597
694,Aben FerriA,Corts Valencianes 2B,2023-11-02T13:10:59.097Z,38.986084,-0.534517,False
695,Aben FerriB,Aben FerriA,2023-11-02T13:10:59.097Z,38.985489,-0.534157,False
696,Argenteria,PalasietB,2023-11-02T13:10:59.097Z,38.985489,-0.534157,999
697,Ausias MarchA,Beata InesB,2023-11-02T13:10:59.097Z,38.987684,-0.53061,056
698,Gregorio Molina,Abu Masaifa,2023-11-02T13:10:59.097Z,38.991213,-0.523787,796
699,Albereda 2,N-340B,2023-11-02T13:10:59.097Z,38.990742,-0.513,494
700,Carme 1,Academic Maravall,2023-11-02T13:10:59.097Z,38.99105,-0.519778,895
701,Cosmografo,Maulets,2023-11-02T13:10:59.097Z,38.991249,-0.518678,919
702,Republica Argentina,Carme 2,2023-11-02T13:10:59.097Z,38.99105,-0.519778,897
703,CV-645B,CV-645A,2023-11-02T13:11:09.097Z,0.0,0.0,911
704,Corts Valencianes 1A,CV-645B,2023-11-02T13:11:09.097Z,38.985252,-0.537441,717
705,Corts Valencianes 2B,Corts Valencianes 2A,2023-11-02T13:11:09.097Z,38.987684,-0.53061,395
706,PalasietA,Aben FerriA,2023-11-02T13:11:09.097Z,38.985489,-0.534157,355
707,PalasietB,CV-645B,2023-11-02T13:11:09.097Z,38.985252,-0.537441,False
708,Aben FerriA,Corts Valencianes 2B,2023-11-02T13:11:09.097Z,38.986084,-0.534517,989
709,Aben FerriB,Aben FerriA,2023-11-02T13:11:09.097Z,38.985489,-0.534157,546
710,9 OctubreB,Beata InesB,2023-11-02T13:11:09.097Z,38.987684,-0.53061,067
711,Ausias MarchA,Corts Valencianes 2A,2023-11-02T13:11:09.097Z,38.987684,-0.53061,926
712,Ausias MarchB,Ximen ToviaB,2023-11-02T13:11:09.097Z,38.991913,-0.524291,951
713,Ximen ToviaA,Ximen ToviaB,2023-11-02T13:11:09.097Z,38.991913,-0.524291,331
714,Gregorio Molina,Abu Masaifa,2023-11-02T13:11:09.097Z,38.991213,-0.523787,543
715,Carme 2,Albereda 2,2023-11-02T13:11:09.097Z,38.990122,-0.519633,False
716,Academic Maravall,Maulets,2023-11-02T13:11:09.097Z,38.991249,-0.518678,105
717,Maulets,N-340B,2023-11-02T13:11:09.097Z,38.992357,-0.519858,687
718,N-340A,Gregorio Molina,2023-11-02T13:11:09.097Z,38.992357,-0.519858,414
719,CV-645B,Beata InesA,2023-11-02T13:11:19.097Z,0.0,0.0,818
720,Corts Valencianes 2B,Ausias MarchB,2023-11-02T13:11:19.097Z,38.987684,-0.53061,False
721,PalasietB,CV-645B,2023-11-02T13:11:19.097Z,38.985252,-0.537441,999
722,Aben FerriB,Aben FerriA,2023-11-02T13:11:19.097Z,38.985489,-0.534157,667
723,Argenteria,PalasietB,2023-11-02T13:11:19.097Z,38.985489,-0.534157,608
724,Ausias MarchB,Ausias MarchB,2023-11-02T13:11:19.097Z,38.991913,-0.524291,868
725,Beata InesB,Beata InesA,2023-11-02T13:11:19.097Z,0.0,0.0,777
726,Ximen ToviaA,Ausias MarchA,2023-11-02T13:11:19.097Z,38.991913,-0.524291,619
727,Ximen ToviaB,Gregorio Molina,2023-11-02T13:11:19.097Z,38.992357,-0.519858,660
728,Gregorio Molina,Baixada estacio 2,2023-11-02T13:11:19.097Z,38.991213,-0.523787,171
729,Carme 1,Academic Maravall,2023-11-02T13:11:19.097Z,38.99105,-0.519778,996
730,Carme 2,Albereda 2,2023-11-02T13:11:19.097Z,38.990122,-0.519633,003
731,Academic Maravall,Maulets,2023-11-02T13:11:19.097Z,38.991249,-0.518678,669
732,Cosmografo,Maulets,2023-11-02T13:11:19.097Z,38.991249,-0.518678,False
733,CV-645B,Beata InesA,2023-11-02T13:11:29.097Z,0.0,0.0,False
734,Corts Valencianes 2A,Aben FerriB,2023-11-02T13:11:29.097Z,38.986084,-0.534517,462
735,Corts Valencianes 2B,Ausias MarchB,2023-11-02T13:11:29.097Z,38.987684,-0.53061,466
736,PalasietB,PalasietA,2023-11-02T13:11:29.097Z,38.985252,-0.537441,False
737,Aben FerriB,Aben FerriA,2023-11-02T13:11:29.097Z,38.985489,-0.534157,153
738,Argenteria,PalasietB,2023-11-02T13:11:29.097Z,38.985489,-0.534157,008
739,Ausias MarchA,Argenteria,2023-11-02T13:11:29.097Z,38.987684,-0.53061,443
740,Ausias MarchB,Ximen ToviaB,2023-11-02T13:11:29.097Z,38.991913,-0.524291,135
741,Ximen ToviaB,Carme 1,2023-11-02T13:11:29.097Z,38.992357,-0.519858,997
742,Gregorio Molina,Abu Masaifa,2023-11-02T13:11:29.097Z,38.991213,-0.523787,414
743,Academic Maravall,Maulets,2023-11-02T13:11:29.097Z,38.991249,-0.518678,640
744,N-340B,N-340B,2023-11-02T13:11:29.097Z,0.0,0.0,707
745,CV-645B,CV-645A,2023-11-02T13:11:39.097Z,0.0,0.0,108
746,Corts Valencianes 2B,Argenteria,2023-11-02T13:11:39.097Z,38.987684,-0.53061,218
747,PalasietB,Corts Valencianes 1B,2023-11-02T13:11:39.097Z,38.985252,-0.537441,496
748,Aben FerriA,Corts Valencianes 2B,2023-11-02T13:11:39.097Z,38.986084,-0.534517,355
749,Argenteria,PalasietB,2023-11-02T13:11:39.097Z,38.985489,-0.534157,960
750,Abu Masaifa,Ausias MarchB,2023-11-02T13:11:39.097Z,38.987684,-0.53061,adX
751,Ausias MarchA,Beata InesB,2023-11-02T13:11:39.097Z,38.987684,-0.53061,125
752,Ausias MarchB,Ausias MarchA,2023-11-02T13:11:39.097Z,38.991913,-0.524291,305
753,Gregorio Molina,Abu Masaifa,2023-11-02T13:11:39.097Z,38.991213,-0.523787,660
754,Corts Valencianes 1B,Corts Valencianes 2B,2023-11-02T13:11:49.097Z,38.986084,-0.534517,448
755,PalasietA,Aben FerriA,2023-11-02T13:11:49.097Z,38.985489,-0.534157,False
756,PalasietB,PalasietA,2023-11-02T13:11:49.097Z,38.985252,-0.537441,085
757,Aben FerriA,Corts Valencianes 2B,2023-11-02T13:11:49.097Z,38.986084,-0.534517,545
758,Aben FerriB,PalasietB,2023-11-02T13:11:49.097Z,38.985489,-0.534157,482
759,Argenteria,Aben FerriA,2023-11-02T13:11:49.097Z,38.985489,-0.534157,False
760,Ausias MarchA,Reina,2023-11-02T13:11:49.097Z,38.987684,-0.53061,020
761,Ausias MarchB,Ausias MarchA,2023-11-02T13:11:49.097Z,38.991913,-0.524291,411
762,Beata InesB,N-340A,2023-11-02T13:11:49.097Z,0.0,0.0,846
763,N-340B,CV-645A,2023-11-02T13:11:49.097Z,0.0,0.0,970
764,CV-645B,Beata InesA,2023-11-02T13:11:59.097Z,0.0,0.0,769
765,Corts Valencianes 2A,Corts Valencianes 1A,2023-11-02T13:11:59.097Z,38.986084,-0.534517,395
766,Corts Valencianes 2B,Ausias MarchB,2023-11-02T13:11:59.097Z,38.987684,-0.53061,False
767,PalasietB,CV-645B,2023-11-02T13:11:59.097Z,38.985252,-0.537441,503
768,Aben FerriA,Alfons MagnanimB,2023-11-02T13:11:59.097Z,38.986084,-0.534517,False
769,Argenteria,PalasietB,2023-11-02T13:11:59.097Z,38.985489,-0.534157,638
770,Abu Masaifa,9 OctubreA,2023-11-02T13:11:59.097Z,38.987684,-0.53061,796
771,Ausias MarchB,Ximen ToviaB,2023-11-02T13:11:59.097Z,38.991913,-0.524291,422
772,Beata InesA,Argenteria,2023-11-02T13:11:59.097Z,38.987684,-0.53061,False
773,N-340B,CV-645A,2023-11-02T13:11:59.097Z,0.0,0.0,False
774,CV-645A,PalasietA,2023-11-02T13:12:09.097Z,38.985252,-0.537441,368
775,Corts Valencianes 2A,Corts Valencianes 1A,2023-11-02T13:12:09.097Z,38.986084,-0.534517,649
776,Corts Valencianes 2B,Argenteria,2023-11-02T13:12:09.097Z,38.987684,-0.53061,989
777,PalasietA,Aben FerriA,2023-11-02T13:12:09.097Z,38.985489,-0.534157,085
778,PalasietB,Corts Valencianes 1B,2023-11-02T13:12:09.097Z,38.985252,-0.537441,767
779,Alfons MagnanimA,Corts Valencianes 2B,2023-11-02T13:12:09.097Z,38.986084,-0.534517,602
780,Alfons MagnanimB,Alfons MagnanimB,2023-11-02T13:12:09.097Z,38.987144,-0.535236,490
781,Aben FerriB,PalasietB,2023-11-02T13:12:09.097Z,38.985489,-0.534157,502
782,Argenteria,Aben FerriA,2023-11-02T13:12:09.097Z,38.985489,-0.534157,False
783,Ausias MarchA,Ausias MarchB,2023-11-02T13:12:09.097Z,38.987684,-0.53061,749
784,Beata InesA,Corts Valencianes 2A,2023-11-02T13:12:09.097Z,38.987684,-0.53061,717
785,Beata InesB,Beata InesA,2023-11-02T13:12:09.097Z,0.0,0.0,067
786,N-340A,Carme 1,2023-11-02T13:12:09.097Z,38.992357,-0.519858,False
787,N-340B,Beata InesA,2023-11-02T13:12:09.097Z,0.0,0.0,384
788,CV-645A,PalasietA,2023-11-02T13:12:19.097Z,38.985252,-0.537441,911
789,Corts Valencianes 2B,Ausias MarchB,2023-11-02T13:12:19.097Z,38.987684,-0.53061,355
790,Alfons MagnanimB,9 OctubreB,2023-11-02T13:12:19.097Z,38.987144,-0.535236,490
791,Aben FerriA,Alfons MagnanimB,2023-11-02T13:12:19.097Z,38.986084,-0.534517,153
792,Argenteria,PalasietB,2023-11-02T13:12:19.097Z,38.985489,-0.534157,945
793,Abu Masaifa,9 OctubreA,2023-11-02T13:12:19.097Z,38.987684,-0.53061,543
794,Ausias MarchA,9 OctubreA,2023-11-02T13:12:19.097Z,38.987684,-0.53061,221
795,Ausias MarchB,Ausias MarchA,2023-11-02T13:12:19.097Z,38.991913,-0.524291,038
796,N-340B,Beata InesA,2023-11-02T13:12:19.097Z,0.0,0.0,160
797,Corts Valencianes 1B,Alfons MagnanimB,2023-11-02T13:12:29.097Z,38.986084,-0.534517,767
798,Corts Valencianes 2B,Ausias MarchB,2023-11-02T13:12:29.097Z,38.987684,-0.53061,448
799,PalasietB,PalasietA,2023-11-02T13:12:29.097Z,38.985252,-0.537441,308
800,Alfons MagnanimB,9 OctubreB,2023-11-02T13:12:29.097Z,38.987144,-0.535236,767
801,Aben FerriA,Corts Valencianes 2B,2023-11-02T13:12:29.097Z,38.986084,-0.534517,670
802,Argenteria,Aben FerriA,2023-11-02T13:12:29.097Z,38.985489,-0.534157,869
803,9 OctubreB,Corts Valencianes 2A,2023-11-02T13:12:29.097Z,38.987684,-0.53061,490
804,Ausias MarchA,Corts Valencianes 2A,2023-11-02T13:12:29.097Z,38.987684,-0.53061,619
805,Ausias MarchB,Ximen ToviaB,2023-11-02T13:12:29.097Z,38.991913,-0.524291,914
806,Beata InesA,9 OctubreA,2023-11-02T13:12:29.097Z,38.987684,-0.53061,False
807,Beata InesB,Beata InesA,2023-11-02T13:12:29.097Z,0.0,0.0,056
808,Gregorio Molina,Abu Masaifa,2023-11-02T13:12:29.097Z,38.991213,-0.523787,872
809,Albereda 2,N-340B,2023-11-02T13:12:29.097Z,38.990742,-0.513,219
810,Maulets,N-340B,2023-11-02T13:12:29.097Z,38.992357,-0.519858,190
811,CV-645B,CV-645A,2023-11-02T13:12:39.097Z,0.0,0.0,False
812,Corts Valencianes 1A,PalasietA,2023-11-02T13:12:39.097Z,38.985252,-0.537441,395
813,Corts Valencianes 2B,Beata InesB,2023-11-02T13:12:39.097Z,38.987684,-0.53061,546
814,PalasietA,PalasietA,2023-11-02T13:12:39.097Z,38.985489,-0.534157,310
815,PalasietB,Corts Valencianes 1B,2023-11-02T13:12:39.097Z,38.985252,-0.537441,997
816,Alfons MagnanimB,Alfons MagnanimA,2023-11-02T13:12:39.097Z,38.987144,-0.535236,816
817,Argenteria,PalasietB,2023-11-02T13:12:39.097Z,38.985489,-0.534157,449
818,9 OctubreA,Alfons MagnanimA,2023-11-02T13:12:39.097Z,38.987144,-0.535236,798
819,Ausias MarchB,Ausias MarchA,2023-11-02T13:12:39.097Z,38.991913,-0.524291,583
820,Beata InesA,Corts Valencianes 2A,2023-11-02T13:12:39.097Z,38.987684,-0.53061,025
821,Beata InesB,N-340A,2023-11-02T13:12:39.097Z,0.0,0.0,237
822,Ximen ToviaB,Ximen ToviaA,2023-11-02T13:12:39.097Z,38.992357,-0.519858,135
823,Corts Valencianes 2B,Reina,2023-11-02T13:12:49.097Z,38.987684,-0.53061,602
824,PalasietA,Aben FerriA,2023-11-02T13:12:49.097Z,38.985489,-0.534157,308
825,PalasietB,PalasietA,2023-11-02T13:12:49.097Z,38.985252,-0.537441,609
826,Aben FerriA,Corts Valencianes 1A,2023-11-02T13:12:49.097Z,38.986084,-0.534517,796
827,Aben FerriB,PalasietB,2023-11-02T13:12:49.097Z,38.985489,-0.534157,994
828,Argenteria,PalasietB,2023-11-02T13:12:49.097Z,38.985489,-0.534157,218
829,9 OctubreA,Alfons MagnanimA,2023-11-02T13:12:49.097Z,38.987144,-0.535236,941
830,Ausias MarchB,Ausias MarchA,2023-11-02T13:12:49.097Z,38.991913,-0.524291,676
831,Beata InesA,Corts Valencianes 2A,2023-11-02T13:12:49.097Z,38.987684,-0.53061,900
832,Albereda 2,N-340B,2023-11-02T13:12:49.097Z,38.990742,-0.513,False
833,Maulets,N-340B,2023-11-02T13:12:49.097Z,38.992357,-0.519858,601
834,N-340A,Ximen ToviaA,2023-11-02T13:12:49.097Z,38.992357,-0.519858,844
835,CV-645B,Beata InesA,2023-11-02T13:12:59.097Z,0.0,0.0,437
836,Corts Valencianes 1A,CV-645B,2023-11-02T13:12:59.097Z,38.985252,-0.537441,325
837,Corts Valencianes 2A,Corts Valencianes 2B,2023-11-02T13:12:59.097Z,38.986084,-0.534517,mes
838,Corts Valencianes 2B,Ausias MarchB,2023-11-02T13:12:59.097Z,38.987684,-0.53061,470
839,PalasietB,CV-645B,2023-11-02T13:12:59.097Z,38.985252,-0.537441,008
840,Aben FerriA,Alfons MagnanimB,2023-11-02T13:12:59.097Z,38.986084,-0.534517,False
841,Argenteria,PalasietB,2023-11-02T13:12:59.097Z,38.985489,-0.534157,851
842,Ausias MarchA,9 OctubreA,2023-11-02T13:12:59.097Z,38.987684,-0.53061,848
843,Ausias MarchB,Ximen ToviaB,2023-11-02T13:12:59.097Z,38.991913,-0.524291,522
844,Beata InesA,9 OctubreA,2023-11-02T13:12:59.097Z,38.987684,-0.53061,334
845,Albereda 2,Cosmografo,2023-11-02T13:12:59.097Z,38.990742,-0.513,506
846,CV-645A,Corts Valencianes 1B,2023-11-02T13:13:09.097Z,38.985252,-0.537441,108
847,CV-645B,CV-645A,2023-11-02T13:13:09.097Z,0.0,0.0,277
848,Corts Valencianes 1A,CV-645B,2023-11-02T13:13:09.097Z,38.985252,-0.537441,752
849,Corts Valencianes 2A,Alfons MagnanimB,2023-11-02T13:13:09.097Z,38.986084,-0.534517,619
850,PalasietA,PalasietB,2023-11-02T13:13:09.097Z,38.985489,-0.534157,911
851,Alfons MagnanimB,Alfons MagnanimA,2023-11-02T13:13:09.097Z,38.987144,-0.535236,False
852,Ausias MarchB,Ausias MarchA,2023-11-02T13:13:09.097Z,38.991913,-0.524291,089
853,Beata InesB,CV-645A,2023-11-02T13:13:09.097Z,0.0,0.0,False
854,Reina,Albereda 1,2023-11-02T13:13:09.097Z,38.989955,-0.523503,328
855,Albereda 1,Albereda 2,2023-11-02T13:13:09.097Z,38.990122,-0.519633,714
856,Albereda 2,Cosmografo,2023-11-02T13:13:09.097Z,38.990742,-0.513,664
857,Carme 2,Albereda 2,2023-11-02T13:13:09.097Z,38.990122,-0.519633,001
858,Maulets,Ximen ToviaA,2023-11-02T13:13:09.097Z,38.992357,-0.519858,487
859,N-340A,Gregorio Molina,2023-11-02T13:13:09.097Z,38.992357,-0.519858,974
860,N-340B,Beata InesA,2023-11-02T13:13:09.097Z,0.0,0.0,False
861,CV-645A,Corts Valencianes 1B,2023-11-02T13:13:19.097Z,38.985252,-0.537441,970
862,CV-645B,N-340A,2023-11-02T13:13:19.097Z,0.0,0.0,941
863,Corts Valencianes 2A,Alfons MagnanimB,2023-11-02T13:13:19.097Z,38.986084,-0.534517,025
864,PalasietA,Aben FerriA,2023-11-02T13:13:19.097Z,38.985489,-0.534157,608
865,PalasietB,CV-645B,2023-11-02T13:13:19.097Z,38.985252,-0.537441,815
866,Alfons MagnanimB,Alfons MagnanimA,2023-11-02T13:13:19.097Z,38.987144,-0.535236,419
867,Aben FerriA,Corts Valencianes 2B,2023-11-02T13:13:19.097Z,38.986084,-0.534517,085
868,Argenteria,Aben FerriA,2023-11-02T13:13:19.097Z,38.985489,-0.534157,181
869,Abu Masaifa,Argenteria,2023-11-02T13:13:19.097Z,38.987684,-0.53061,943
870,Ausias MarchA,Corts Valencianes 2A,2023-11-02T13:13:19.097Z,38.987684,-0.53061,205
871,Ausias MarchB,Ximen ToviaB,2023-11-02T13:13:19.097Z,38.991913,-0.524291,127
872,Beata InesA,Ausias MarchB,2023-11-02T13:13:19.097Z,38.987684,-0.53061,097
873,Carme 1,Academic Maravall,2023-11-02T13:13:19.097Z,38.99105,-0.519778,716
874,Academic Maravall,Maulets,2023-11-02T13:13:19.097Z,38.991249,-0.518678,785
875,Cosmografo,Maulets,2023-11-02T13:13:19.097Z,38.991249,-0.518678,877
876,N-340B,N-340A,2023-11-02T13:13:19.097Z,0.0,0.0,False
877,CV-645A,PalasietA,2023-11-02T13:13:29.097Z,38.985252,-0.537441,False
878,CV-645B,Beata InesA,2023-11-02T13:13:29.097Z,0.0,0.0,False
879,Corts Valencianes 2B,Argenteria,2023-11-02T13:13:29.097Z,38.987684,-0.53061,667
880,PalasietA,PalasietB,2023-11-02T13:13:29.097Z,38.985489,-0.534157,388
881,PalasietB,PalasietA,2023-11-02T13:13:29.097Z,38.985252,-0.537441,482
882,Alfons MagnanimA,Corts Valencianes 1A,2023-11-02T13:13:29.097Z,38.986084,-0.534517,False
883,9 OctubreA,9 OctubreB,2023-11-02T13:13:29.097Z,38.987144,-0.535236,221
884,9 OctubreB,Ausias MarchB,2023-11-02T13:13:29.097Z,38.987684,-0.53061,767
885,Abu Masaifa,Corts Valencianes 2A,2023-11-02T13:13:29.097Z,38.987684,-0.53061,660
886,Ausias MarchA,9 OctubreA,2023-11-02T13:13:29.097Z,38.987684,-0.53061,411
887,Ausias MarchB,Ausias MarchA,2023-11-02T13:13:29.097Z,38.991913,-0.524291,False
888,Beata InesA,Ausias MarchB,2023-11-02T13:13:29.097Z,38.987684,-0.53061,098
889,Reina,Albereda 1,2023-11-02T13:13:29.097Z,38.989955,-0.523503,392
890,Gregorio Molina,Abu Masaifa,2023-11-02T13:13:29.097Z,38.991213,-0.523787,237
891,Carme 2,Albereda 2,2023-11-02T13:13:29.097Z,38.990122,-0.519633,False
892,CV-645A,Corts Valencianes 1B,2023-11-02T13:13:39.097Z,38.985252,-0.537441,797
893,CV-645B,Beata InesA,2023-11-02T13:13:39.097Z,0.0,0.0,749
894,Corts Valencianes 1A,CV-645B,2023-11-02T13:13:39.097Z,38.985252,-0.537441,False
895,Corts Valencianes 1B,Corts Valencianes 1A,2023-11-02T13:13:39.097Z,38.986084,-0.534517,679
896,Corts Valencianes 2A,Corts Valencianes 2B,2023-11-02T13:13:39.097Z,38.986084,-0.534517,777
897,Corts Valencianes 2B,9 OctubreA,2023-11-02T13:13:39.097Z,38.987684,-0.53061,085
898,Alfons MagnanimB,Alfons MagnanimA,2023-11-02T13:13:39.097Z,38.987144,-0.535236,049
899,Aben FerriA,Corts Valencianes 1A,2023-11-02T13:13:39.097Z,38.986084,-0.534517,False
900,Argenteria,PalasietB,2023-11-02T13:13:39.097Z,38.985489,-0.534157,943
901,9 OctubreA,Alfons MagnanimA,2023-11-02T13:13:39.097Z,38.987144,-0.535236,XXX
902,Abu Masaifa,Argenteria,2023-11-02T13:13:39.097Z,38.987684,-0.53061,912
903,Ausias MarchA,Corts Valencianes 2A,2023-11-02T13:13:39.097Z,38.987684,-0.53061,275
904,Ausias MarchB,Ximen ToviaB,2023-11-02T13:13:39.097Z,38.991913,-0.524291,955
905,Beata InesA,Corts Valencianes 2A,2023-11-02T13:13:39.097Z,38.987684,-0.53061,171
906,Reina,Albereda 1,2023-11-02T13:13:39.097Z,38.989955,-0.523503,137
907,Academic Maravall,Maulets,2023-11-02T13:13:39.097Z,38.991249,-0.518678,891
908,Corts Valencianes 1B,Alfons MagnanimB,2023-11-02T13:13:49.097Z,38.986084,-0.534517,108
909,Corts Valencianes 2A,Corts Valencianes 1A,2023-11-02T13:13:49.097Z,38.986084,-0.534517,305
910,PalasietA,PalasietB,2023-11-02T13:13:49.097Z,38.985489,-0.534157,False
911,Alfons MagnanimA,Aben FerriB,2023-11-02T13:13:49.097Z,38.986084,-0.534517,049
912,Aben FerriA,Alfons MagnanimB,2023-11-02T13:13:49.097Z,38.986084,-0.534517,859
913,9 OctubreA,9 OctubreB,2023-11-02T13:13:49.097Z,38.987144,-0.535236,697
914,Abu Masaifa,9 OctubreA,2023-11-02T13:13:49.097Z,38.987684,-0.53061,999
915,Ausias MarchB,Ausias MarchA,2023-11-02T13:13:49.097Z,38.991913,-0.524291,466
916,Beata InesA,Corts Valencianes 2A,2023-11-02T13:13:49.097Z,38.987684,-0.53061,False
917,Beata InesB,Beata InesA,2023-11-02T13:13:49.097Z,0.0,0.0,007
918,Corts Valencianes 1A,CV-645B,2023-11-02T13:13:59.097Z,38.985252,-0.537441,597
919,Corts Valencianes 1B,Corts Valencianes 2B,2023-11-02T13:13:59.097Z,38.986084,-0.534517,970
920,Corts Valencianes 2A,Alfons MagnanimB,2023-11-02T13:13:59.097Z,38.986084,-0.534517,880
921,PalasietA,Aben FerriA,2023-11-02T13:13:59.097Z,38.985489,-0.534157,482
922,Alfons MagnanimB,Alfons MagnanimA,2023-11-02T13:13:59.097Z,38.987144,-0.535236,108
923,Aben FerriA,Corts Valencianes 2B,2023-11-02T13:13:59.097Z,38.986084,-0.534517,999
924,Aben FerriB,PalasietB,2023-11-02T13:13:59.097Z,38.985489,-0.534157,025
925,9 OctubreB,Corts Valencianes 2A,2023-11-02T13:13:59.097Z,38.987684,-0.53061,223
926,Beata InesA,9 OctubreA,2023-11-02T13:13:59.097Z,38.987684,-0.53061,False
927,Reina,Republica Argentina,2023-11-02T13:13:59.097Z,38.989955,-0.523503,330
928,N-340A,Gregorio Molina,2023-11-02T13:13:59.097Z,38.992357,-0.519858,981
929,N-340B,N-340B,2023-11-02T13:13:59.097Z,0.0,0.0,669
930,CV-645A,Corts Valencianes 1B,2023-11-02T13:14:09.097Z,38.985252,-0.537441,211
931,CV-645B,N-340A,2023-11-02T13:14:09.097Z,0.0,0.0,336
932,Corts Valencianes 1A,Corts Valencianes 1B,2023-11-02T13:14:09.097Z,38.985252,-0.537441,XXX
933,PalasietB,CV-645B,2023-11-02T13:14:09.097Z,38.985252,-0.537441,838
934,Alfons MagnanimA,Alfons MagnanimB,2023-11-02T13:14:09.097Z,38.986084,-0.534517,796
935,Alfons MagnanimB,9 OctubreB,2023-11-02T13:14:09.097Z,38.987144,-0.535236,859
936,Aben FerriA,Alfons MagnanimB,2023-11-02T13:14:09.097Z,38.986084,-0.534517,816
937,Argenteria,PalasietB,2023-11-02T13:14:09.097Z,38.985489,-0.534157,667
938,9 OctubreA,9 OctubreB,2023-11-02T13:14:09.097Z,38.987144,-0.535236,471
939,Abu Masaifa,Corts Valencianes 2A,2023-11-02T13:14:09.097Z,38.987684,-0.53061,237
940,Ausias MarchA,9 OctubreA,2023-11-02T13:14:09.097Z,38.987684,-0.53061,030
941,Ausias MarchB,Ximen ToviaB,2023-11-02T13:14:09.097Z,38.991913,-0.524291,False
942,Ximen ToviaA,Baixada estacio 1,2023-11-02T13:14:09.097Z,38.991913,-0.524291,876
943,N-340A,Gregorio Molina,2023-11-02T13:14:09.097Z,38.992357,-0.519858,370
944,N-340B,N-340A,2023-11-02T13:14:09.097Z,0.0,0.0,711
945,CV-645A,Corts Valencianes 1B,2023-11-02T13:14:19.097Z,38.985252,-0.537441,False
946,Corts Valencianes 1A,PalasietA,2023-11-02T13:14:19.097Z,38.985252,-0.537441,205
947,Corts Valencianes 2A,Aben FerriB,2023-11-02T13:14:19.097Z,38.986084,-0.534517,False
948,PalasietB,CV-645B,2023-11-02T13:14:19.097Z,38.985252,-0.537441,502
949,Alfons MagnanimA,Corts Valencianes 1A,2023-11-02T13:14:19.097Z,38.986084,-0.534517,108
950,Alfons MagnanimB,Alfons MagnanimA,2023-11-02T13:14:19.097Z,38.987144,-0.535236,880
951,Aben FerriA,Corts Valencianes 1A,2023-11-02T13:14:19.097Z,38.986084,-0.534517,818
952,Ausias MarchA,Reina,2023-11-02T13:14:19.097Z,38.987684,-0.53061,583
953,Ausias MarchB,Ausias MarchA,2023-11-02T13:14:19.097Z,38.991913,-0.524291,False
954,Ximen ToviaA,Ximen ToviaB,2023-11-02T13:14:19.097Z,38.991913,-0.524291,False
955,Baixada estacio 1,Abu Masaifa,2023-11-02T13:14:19.097Z,38.991213,-0.523787,135
956,Gregorio Molina,Abu Masaifa,2023-11-02T13:14:19.097Z,38.991213,-0.523787,981
957,N-340B,CV-645A,2023-11-02T13:14:19.097Z,0.0,0.0,919
958,CV-645B,N-340A,2023-11-02T13:14:29.097Z,0.0,0.0,499
959,Corts Valencianes 1B,Corts Valencianes 2B,2023-11-02T13:14:29.097Z,38.986084,-0.534517,211
960,Corts Valencianes 2A,Corts Valencianes 2A,2023-11-02T13:14:29.097Z,38.986084,-0.534517,437
961,PalasietA,PalasietB,2023-11-02T13:14:29.097Z,38.985489,-0.534157,305
962,Alfons MagnanimB,9 OctubreB,2023-11-02T13:14:29.097Z,38.987144,-0.535236,798
963,Aben FerriB,Aben FerriA,2023-11-02T13:14:29.097Z,38.985489,-0.534157,False
964,Argenteria,Aben FerriA,2023-11-02T13:14:29.097Z,38.985489,-0.534157,872
965,9 OctubreA,9 OctubreB,2023-11-02T13:14:29.097Z,38.987144,-0.535236,085
966,Ausias MarchA,9 OctubreA,2023-11-02T13:14:29.097Z,38.987684,-0.53061,False
967,Ausias MarchB,Baixada estacio 1,2023-11-02T13:14:29.097Z,38.991913,-0.524291,249
968,Beata InesA,Corts Valencianes 2A,2023-11-02T13:14:29.097Z,38.987684,-0.53061,747
969,Ximen ToviaA,Ausias MarchA,2023-11-02T13:14:29.097Z,38.991913,-0.524291,False
970,Gregorio Molina,Baixada estacio 2,2023-11-02T13:14:29.097Z,38.991213,-0.523787,False
971,N-340B,N-340A,2023-11-02T13:14:29.097Z,0.0,0.0,580
972,Corts Valencianes 1B,Corts Valencianes 2B,2023-11-02T13:14:39.097Z,38.986084,-0.534517,False
973,Corts Valencianes 2A,Corts Valencianes 2B,2023-11-02T13:14:39.097Z,38.986084,-0.534517,979
974,Corts Valencianes 2B,9 OctubreA,2023-11-02T13:14:39.097Z,38.987684,-0.53061,717
975,PalasietB,Corts Valencianes 1B,2023-11-02T13:14:39.097Z,38.985252,-0.537441,443
976,Alfons MagnanimA,Corts Valencianes 1A,2023-11-02T13:14:39.097Z,38.986084,-0.534517,660
977,9 OctubreA,9 OctubreB,2023-11-02T13:14:39.097Z,38.987144,-0.535236,186
978,9 OctubreB,Ausias MarchB,2023-11-02T13:14:39.097Z,38.987684,-0.53061,619
979,Baixada estacio 1,Abu Masaifa,2023-11-02T13:14:39.097Z,38.991213,-0.523787,749
980,N-340A,Gregorio Molina,2023-11-02T13:14:39.097Z,38.992357,-0.519858,335
981,N-340B,CV-645A,2023-11-02T13:14:39.097Z,0.0,0.0,False
982,Corts Valencianes 1B,Aben FerriB,2023-11-02T13:14:49.097Z,38.986084,-0.534517,False
983,Corts Valencianes 2B,Ausias MarchB,2023-11-02T13:14:49.097Z,38.987684,-0.53061,970
984,PalasietA,Aben FerriA,2023-11-02T13:14:49.097Z,38.985489,-0.534157,395
985,Alfons MagnanimB,Alfons MagnanimA,2023-11-02T13:14:49.097Z,38.987144,-0.535236,609
986,9 OctubreA,Alfons MagnanimA,2023-11-02T13:14:49.097Z,38.987144,-0.535236,146
987,Ausias MarchA,Argenteria,2023-11-02T13:14:49.097Z,38.987684,-0.53061,070
988,Ausias MarchB,Baixada estacio 1,2023-11-02T13:14:49.097Z,38.991913,-0.524291,448
989,Beata InesB,Beata InesA,2023-11-02T13:14:49.097Z,0.0,0.0,545
990,Ximen ToviaB,N-340B,2023-11-02T13:14:49.097Z,38.992357,-0.519858,False
991,Baixada estacio 2,Republica Argentina,2023-11-02T13:14:49.097Z,38.989955,-0.523503,767
992,Maulets,N-340B,2023-11-02T13:14:49.097Z,38.992357,-0.519858,171
993,N-340B,Beata InesA,2023-11-02T13:14:49.097Z,0.0,0.0,087
994,CV-645B,Beata InesA,2023-11-02T13:14:59.097Z,0.0,0.0,803
995,Corts Valencianes 1A,Corts Valencianes 1B,2023-11-02T13:14:59.097Z,38.985252,-0.537441,818
996,Corts Valencianes 1B,Corts Valencianes 1A,2023-11-02T13:14:59.097Z,38.986084,-0.534517,443
997,Corts Valencianes 2A,Corts Valencianes 2B,2023-11-02T13:14:59.097Z,38.986084,-0.534517,067
998,PalasietB,Corts Valencianes 1B,2023-11-02T13:14:59.097Z,38.985252,-0.537441,954
999,Aben FerriA,Corts Valencianes 2B,2023-11-02T13:14:59.097Z,38.986084,-0.534517,482
