,enter,exit,date,latitude,longitude,matricula
0,Republica Argentina,Carme 2,2023-08-14T14:02:59.097Z,38.99105,-0.519778,969
1,CV-645B,CV-645A,2023-08-14T14:03:09.097Z,0.0,0.0,False
2,Corts Valencianes 1A,CV-645B,2023-08-14T14:03:09.097Z,38.985252,-0.537441,699
3,Corts Valencianes 1B,Aben FerriB,2023-08-14T14:03:09.097Z,38.986084,-0.534517,849
4,Corts Valencianes 2B,Argenteria,2023-08-14T14:03:09.097Z,38.987684,-0.53061,091
5,Argenteria,PalasietB,2023-08-14T14:03:09.097Z,38.985489,-0.534157,965
6,9 OctubreB,Argenteria,2023-08-14T14:03:09.097Z,38.987684,-0.53061,502
7,Ximen ToviaA,Ausias MarchA,2023-08-14T14:03:09.097Z,38.991913,-0.524291,660
8,Cosmografo,Maulets,2023-08-14T14:03:09.097Z,38.991249,-0.518678,697
9,N-340A,Gregorio Molina,2023-08-14T14:03:09.097Z,38.992357,-0.519858,071
10,N-340B,Beata InesA,2023-08-14T14:03:09.097Z,0.0,0.0,332
11,Republica Argentina,Academic Maravall,2023-08-14T14:03:09.097Z,38.99105,-0.519778,286
12,CV-645B,Beata InesA,2023-08-14T14:03:19.097Z,0.0,0.0,966
13,Corts Valencianes 1A,Corts Valencianes 1B,2023-08-14T14:03:19.097Z,38.985252,-0.537441,354
14,Corts Valencianes 2A,Corts Valencianes 2B,2023-08-14T14:03:19.097Z,38.986084,-0.534517,600
15,Corts Valencianes 2B,Argenteria,2023-08-14T14:03:19.097Z,38.987684,-0.53061,486
16,PalasietB,PalasietA,2023-08-14T14:03:19.097Z,38.985252,-0.537441,965
17,Alfons MagnanimB,9 OctubreB,2023-08-14T14:03:19.097Z,38.987144,-0.535236,907
18,Aben FerriB,PalasietB,2023-08-14T14:03:19.097Z,38.985489,-0.534157,597
19,Argenteria,Aben FerriA,2023-08-14T14:03:19.097Z,38.985489,-0.534157,False
20,Beata InesA,Ausias MarchB,2023-08-14T14:03:19.097Z,38.987684,-0.53061,False
21,Beata InesB,CV-645A,2023-08-14T14:03:19.097Z,0.0,0.0,825
22,Albereda 2,N-340B,2023-08-14T14:03:19.097Z,38.990742,-0.513,882
23,Maulets,N-340B,2023-08-14T14:03:19.097Z,38.992357,-0.519858,220
24,N-340A,Gregorio Molina,2023-08-14T14:03:19.097Z,38.992357,-0.519858,False
25,N-340B,Beata InesA,2023-08-14T14:03:19.097Z,0.0,0.0,827
26,Republica Argentina,Carme 2,2023-08-14T14:03:19.097Z,38.99105,-0.519778,753
27,Corts Valencianes 1B,Corts Valencianes 2B,2023-08-14T14:03:29.097Z,38.986084,-0.534517,354
28,Corts Valencianes 2A,Corts Valencianes 2B,2023-08-14T14:03:29.097Z,38.986084,-0.534517,259
29,Alfons MagnanimA,Corts Valencianes 2B,2023-08-14T14:03:29.097Z,38.986084,-0.534517,904
30,Aben FerriB,PalasietB,2023-08-14T14:03:29.097Z,38.985489,-0.534157,945
31,Argenteria,PalasietB,2023-08-14T14:03:29.097Z,38.985489,-0.534157,166
32,Ausias MarchB,Ausias MarchA,2023-08-14T14:03:29.097Z,38.991913,-0.524291,627
33,Beata InesA,Reina,2023-08-14T14:03:29.097Z,38.987684,-0.53061,333
34,Cosmografo,Maulets,2023-08-14T14:03:29.097Z,38.991249,-0.518678,XXX
35,CV-645B,N-340A,2023-08-14T14:03:39.097Z,0.0,0.0,022
36,Corts Valencianes 2A,Aben FerriB,2023-08-14T14:03:39.097Z,38.986084,-0.534517,817
37,Corts Valencianes 2B,Argenteria,2023-08-14T14:03:39.097Z,38.987684,-0.53061,906
38,Alfons MagnanimA,Alfons MagnanimB,2023-08-14T14:03:39.097Z,38.986084,-0.534517,090
39,Ausias MarchB,Ximen ToviaB,2023-08-14T14:03:39.097Z,38.991913,-0.524291,996
40,Gregorio Molina,Baixada estacio 2,2023-08-14T14:03:39.097Z,38.991213,-0.523787,071
41,Albereda 2,Cosmografo,2023-08-14T14:03:39.097Z,38.990742,-0.513,722
42,Corts Valencianes 2A,Corts Valencianes 1A,2023-08-14T14:03:49.097Z,38.986084,-0.534517,False
43,Alfons MagnanimA,Corts Valencianes 1A,2023-08-14T14:03:49.097Z,38.986084,-0.534517,522
44,Alfons MagnanimB,9 OctubreB,2023-08-14T14:03:49.097Z,38.987144,-0.535236,090
45,9 OctubreB,9 OctubreA,2023-08-14T14:03:49.097Z,38.987684,-0.53061,769
46,Ausias MarchA,9 OctubreA,2023-08-14T14:03:49.097Z,38.987684,-0.53061,986
47,Ausias MarchB,Ausias MarchA,2023-08-14T14:03:49.097Z,38.991913,-0.524291,047
48,Beata InesA,Ausias MarchB,2023-08-14T14:03:49.097Z,38.987684,-0.53061,616
49,Gregorio Molina,Abu Masaifa,2023-08-14T14:03:49.097Z,38.991213,-0.523787,357
50,Albereda 2,Cosmografo,2023-08-14T14:03:49.097Z,38.990742,-0.513,750
51,Maulets,N-340B,2023-08-14T14:03:49.097Z,38.992357,-0.519858,000
52,N-340B,N-340A,2023-08-14T14:03:49.097Z,0.0,0.0,676
53,CV-645B,Beata InesA,2023-08-14T14:03:59.097Z,0.0,0.0,False
54,Corts Valencianes 1A,Corts Valencianes 1B,2023-08-14T14:03:59.097Z,38.985252,-0.537441,False
55,Corts Valencianes 2A,Corts Valencianes 2B,2023-08-14T14:03:59.097Z,38.986084,-0.534517,308
56,Alfons MagnanimA,Alfons MagnanimB,2023-08-14T14:03:59.097Z,38.986084,-0.534517,999
57,Ausias MarchA,9 OctubreA,2023-08-14T14:03:59.097Z,38.987684,-0.53061,660
58,Ausias MarchB,Baixada estacio 1,2023-08-14T14:03:59.097Z,38.991913,-0.524291,216
59,Beata InesA,Argenteria,2023-08-14T14:03:59.097Z,38.987684,-0.53061,827
60,Gregorio Molina,Abu Masaifa,2023-08-14T14:03:59.097Z,38.991213,-0.523787,XXX
61,Albereda 2,Cosmografo,2023-08-14T14:03:59.097Z,38.990742,-0.513,311
62,CV-645A,PalasietA,2023-08-14T14:04:09.097Z,38.985252,-0.537441,424
63,Corts Valencianes 1A,CV-645B,2023-08-14T14:04:09.097Z,38.985252,-0.537441,False
64,Corts Valencianes 1B,Alfons MagnanimB,2023-08-14T14:04:09.097Z,38.986084,-0.534517,XXX
65,Corts Valencianes 2B,9 OctubreA,2023-08-14T14:04:09.097Z,38.987684,-0.53061,False
66,PalasietB,PalasietA,2023-08-14T14:04:09.097Z,38.985252,-0.537441,166
67,Alfons MagnanimB,9 OctubreB,2023-08-14T14:04:09.097Z,38.987144,-0.535236,999
68,Argenteria,PalasietB,2023-08-14T14:04:09.097Z,38.985489,-0.534157,502
69,Abu Masaifa,9 OctubreA,2023-08-14T14:04:09.097Z,38.987684,-0.53061,647
70,Ausias MarchA,Reina,2023-08-14T14:04:09.097Z,38.987684,-0.53061,627
71,Ausias MarchB,Baixada estacio 1,2023-08-14T14:04:09.097Z,38.991913,-0.524291,442
72,Ximen ToviaB,Ximen ToviaA,2023-08-14T14:04:09.097Z,38.992357,-0.519858,996
73,Albereda 1,Albereda 2,2023-08-14T14:04:09.097Z,38.990122,-0.519633,731
74,Albereda 2,N-340B,2023-08-14T14:04:09.097Z,38.990742,-0.513,096
75,Carme 1,Carme 2,2023-08-14T14:04:09.097Z,38.99105,-0.519778,910
76,Maulets,Ximen ToviaA,2023-08-14T14:04:09.097Z,38.992357,-0.519858,False
77,N-340A,Ximen ToviaA,2023-08-14T14:04:09.097Z,38.992357,-0.519858,986
78,N-340B,Beata InesA,2023-08-14T14:04:09.097Z,0.0,0.0,434
79,CV-645B,CV-645A,2023-08-14T14:04:19.097Z,0.0,0.0,124
80,PalasietB,Corts Valencianes 1B,2023-08-14T14:04:19.097Z,38.985252,-0.537441,502
81,Argenteria,PalasietB,2023-08-14T14:04:19.097Z,38.985489,-0.534157,False
82,9 OctubreA,Alfons MagnanimA,2023-08-14T14:04:19.097Z,38.987144,-0.535236,907
83,Ausias MarchB,Ausias MarchA,2023-08-14T14:04:19.097Z,38.991913,-0.524291,False
84,Beata InesA,Argenteria,2023-08-14T14:04:19.097Z,38.987684,-0.53061,146
85,Albereda 1,Albereda 2,2023-08-14T14:04:19.097Z,38.990122,-0.519633,028
86,Carme 2,Albereda 2,2023-08-14T14:04:19.097Z,38.990122,-0.519633,945
87,Maulets,Gregorio Molina,2023-08-14T14:04:19.097Z,38.992357,-0.519858,False
88,N-340A,Carme 1,2023-08-14T14:04:19.097Z,38.992357,-0.519858,294
89,CV-645A,Corts Valencianes 1B,2023-08-14T14:04:29.097Z,38.985252,-0.537441,False
90,CV-645B,N-340A,2023-08-14T14:04:29.097Z,0.0,0.0,216
91,Corts Valencianes 1B,Aben FerriB,2023-08-14T14:04:29.097Z,38.986084,-0.534517,502
92,Corts Valencianes 2B,Beata InesB,2023-08-14T14:04:29.097Z,38.987684,-0.53061,945
93,PalasietA,Aben FerriA,2023-08-14T14:04:29.097Z,38.985489,-0.534157,False
94,Alfons MagnanimA,Corts Valencianes 1A,2023-08-14T14:04:29.097Z,38.986084,-0.534517,907
95,Argenteria,PalasietB,2023-08-14T14:04:29.097Z,38.985489,-0.534157,486
96,9 OctubreA,9 OctubreB,2023-08-14T14:04:29.097Z,38.987144,-0.535236,386
97,Ausias MarchA,Beata InesB,2023-08-14T14:04:29.097Z,38.987684,-0.53061,047
98,Ausias MarchB,Ausias MarchA,2023-08-14T14:04:29.097Z,38.991913,-0.524291,876
99,Beata InesB,N-340A,2023-08-14T14:04:29.097Z,0.0,0.0,698
100,Albereda 2,Cosmografo,2023-08-14T14:04:29.097Z,38.990742,-0.513,957
101,Cosmografo,Maulets,2023-08-14T14:04:29.097Z,38.991249,-0.518678,122
102,N-340A,Ximen ToviaA,2023-08-14T14:04:29.097Z,38.992357,-0.519858,022
103,Corts Valencianes 2B,Argenteria,2023-08-14T14:04:39.097Z,38.987684,-0.53061,False
104,PalasietA,Aben FerriA,2023-08-14T14:04:39.097Z,38.985489,-0.534157,False
105,PalasietB,CV-645B,2023-08-14T14:04:39.097Z,38.985252,-0.537441,False
106,Aben FerriA,Aben FerriB,2023-08-14T14:04:39.097Z,38.986084,-0.534517,699
107,Beata InesA,Argenteria,2023-08-14T14:04:39.097Z,38.987684,-0.53061,434
108,Ximen ToviaA,Ausias MarchA,2023-08-14T14:04:39.097Z,38.991913,-0.524291,355
109,Carme 1,Academic Maravall,2023-08-14T14:04:39.097Z,38.99105,-0.519778,294
110,N-340A,Gregorio Molina,2023-08-14T14:04:39.097Z,38.992357,-0.519858,919
111,CV-645A,PalasietA,2023-08-14T14:04:49.097Z,38.985252,-0.537441,825
112,CV-645B,N-340A,2023-08-14T14:04:49.097Z,0.0,0.0,979
113,Corts Valencianes 1B,Alfons MagnanimB,2023-08-14T14:04:49.097Z,38.986084,-0.534517,False
114,Corts Valencianes 2B,Argenteria,2023-08-14T14:04:49.097Z,38.987684,-0.53061,354
115,Aben FerriA,Corts Valencianes 1A,2023-08-14T14:04:49.097Z,38.986084,-0.534517,107
116,Aben FerriB,PalasietB,2023-08-14T14:04:49.097Z,38.985489,-0.534157,020
117,Argenteria,PalasietB,2023-08-14T14:04:49.097Z,38.985489,-0.534157,079
118,9 OctubreA,9 OctubreB,2023-08-14T14:04:49.097Z,38.987144,-0.535236,672
119,9 OctubreB,Ausias MarchB,2023-08-14T14:04:49.097Z,38.987684,-0.53061,050
120,Abu Masaifa,Ausias MarchB,2023-08-14T14:04:49.097Z,38.987684,-0.53061,357
121,Gregorio Molina,Abu Masaifa,2023-08-14T14:04:49.097Z,38.991213,-0.523787,False
122,Albereda 2,N-340B,2023-08-14T14:04:49.097Z,38.990742,-0.513,077
123,Cosmografo,Maulets,2023-08-14T14:04:49.097Z,38.991249,-0.518678,311
124,Maulets,N-340B,2023-08-14T14:04:49.097Z,38.992357,-0.519858,False
125,CV-645A,PalasietA,2023-08-14T14:04:59.097Z,38.985252,-0.537441,124
126,CV-645B,CV-645A,2023-08-14T14:04:59.097Z,0.0,0.0,235
127,Corts Valencianes 2B,Beata InesB,2023-08-14T14:04:59.097Z,38.987684,-0.53061,259
128,PalasietA,PalasietB,2023-08-14T14:04:59.097Z,38.985489,-0.534157,825
129,Alfons MagnanimB,Alfons MagnanimA,2023-08-14T14:04:59.097Z,38.987144,-0.535236,False
130,Argenteria,PalasietB,2023-08-14T14:04:59.097Z,38.985489,-0.534157,906
131,9 OctubreA,9 OctubreB,2023-08-14T14:04:59.097Z,38.987144,-0.535236,660
132,9 OctubreB,Reina,2023-08-14T14:04:59.097Z,38.987684,-0.53061,984
133,Ximen ToviaA,Ximen ToviaB,2023-08-14T14:04:59.097Z,38.991913,-0.524291,False
134,Albereda 1,Albereda 2,2023-08-14T14:04:59.097Z,38.990122,-0.519633,479
135,Albereda 2,Cosmografo,2023-08-14T14:04:59.097Z,38.990742,-0.513,936
136,Academic Maravall,Maulets,2023-08-14T14:04:59.097Z,38.991249,-0.518678,254
137,Maulets,Ximen ToviaA,2023-08-14T14:04:59.097Z,38.992357,-0.519858,False
138,N-340A,Gregorio Molina,2023-08-14T14:04:59.097Z,38.992357,-0.519858,False
139,N-340B,N-340A,2023-08-14T14:04:59.097Z,0.0,0.0,733
140,CV-645B,N-340A,2023-08-14T14:05:09.097Z,0.0,0.0,351
141,Corts Valencianes 2B,Beata InesB,2023-08-14T14:05:09.097Z,38.987684,-0.53061,904
142,PalasietA,Aben FerriA,2023-08-14T14:05:09.097Z,38.985489,-0.534157,999
143,PalasietB,PalasietA,2023-08-14T14:05:09.097Z,38.985252,-0.537441,486
144,Argenteria,PalasietB,2023-08-14T14:05:09.097Z,38.985489,-0.534157,561
145,9 OctubreA,9 OctubreB,2023-08-14T14:05:09.097Z,38.987144,-0.535236,027
146,9 OctubreB,Argenteria,2023-08-14T14:05:09.097Z,38.987684,-0.53061,986
147,Ximen ToviaA,Baixada estacio 1,2023-08-14T14:05:09.097Z,38.991913,-0.524291,False
148,Gregorio Molina,Abu Masaifa,2023-08-14T14:05:09.097Z,38.991213,-0.523787,919
149,Albereda 1,Albereda 2,2023-08-14T14:05:09.097Z,38.990122,-0.519633,False
150,Carme 2,Albereda 2,2023-08-14T14:05:09.097Z,38.990122,-0.519633,679
151,Cosmografo,Maulets,2023-08-14T14:05:09.097Z,38.991249,-0.518678,997
152,N-340A,Carme 1,2023-08-14T14:05:09.097Z,38.992357,-0.519858,691
153,CV-645A,Corts Valencianes 1B,2023-08-14T14:05:19.097Z,38.985252,-0.537441,235
154,Corts Valencianes 1A,CV-645B,2023-08-14T14:05:19.097Z,38.985252,-0.537441,901
155,Corts Valencianes 2B,Argenteria,2023-08-14T14:05:19.097Z,38.987684,-0.53061,769
156,PalasietB,Corts Valencianes 1B,2023-08-14T14:05:19.097Z,38.985252,-0.537441,020
157,Alfons MagnanimA,Corts Valencianes 1A,2023-08-14T14:05:19.097Z,38.986084,-0.534517,False
158,Aben FerriA,Corts Valencianes 2B,2023-08-14T14:05:19.097Z,38.986084,-0.534517,724
159,Argenteria,PalasietB,2023-08-14T14:05:19.097Z,38.985489,-0.534157,False
160,9 OctubreB,Corts Valencianes 2A,2023-08-14T14:05:19.097Z,38.987684,-0.53061,861
161,Ausias MarchA,Argenteria,2023-08-14T14:05:19.097Z,38.987684,-0.53061,False
162,Ximen ToviaA,Ausias MarchA,2023-08-14T14:05:19.097Z,38.991913,-0.524291,022
163,Baixada estacio 1,Abu Masaifa,2023-08-14T14:05:19.097Z,38.991213,-0.523787,986
164,Gregorio Molina,Abu Masaifa,2023-08-14T14:05:19.097Z,38.991213,-0.523787,False
165,Albereda 1,Albereda 2,2023-08-14T14:05:19.097Z,38.990122,-0.519633,991
166,Carme 1,Academic Maravall,2023-08-14T14:05:19.097Z,38.99105,-0.519778,898
167,CV-645B,Beata InesA,2023-08-14T14:05:29.097Z,0.0,0.0,208
168,Corts Valencianes 1A,CV-645B,2023-08-14T14:05:29.097Z,38.985252,-0.537441,331
169,Corts Valencianes 1B,Corts Valencianes 2B,2023-08-14T14:05:29.097Z,38.986084,-0.534517,255
170,Corts Valencianes 2B,Ausias MarchB,2023-08-14T14:05:29.097Z,38.987684,-0.53061,167
171,PalasietA,Aben FerriA,2023-08-14T14:05:29.097Z,38.985489,-0.534157,False
172,PalasietB,PalasietA,2023-08-14T14:05:29.097Z,38.985252,-0.537441,071
173,Argenteria,PalasietB,2023-08-14T14:05:29.097Z,38.985489,-0.534157,146
174,Ausias MarchA,Reina,2023-08-14T14:05:29.097Z,38.987684,-0.53061,876
175,Ausias MarchB,Ausias MarchA,2023-08-14T14:05:29.097Z,38.991913,-0.524291,090
176,Academic Maravall,Maulets,2023-08-14T14:05:29.097Z,38.991249,-0.518678,699
177,CV-645B,N-340A,2023-08-14T14:05:39.097Z,0.0,0.0,769
178,Corts Valencianes 1A,PalasietA,2023-08-14T14:05:39.097Z,38.985252,-0.537441,False
179,PalasietB,Corts Valencianes 1B,2023-08-14T14:05:39.097Z,38.985252,-0.537441,825
180,9 OctubreB,Argenteria,2023-08-14T14:05:39.097Z,38.987684,-0.53061,880
181,Abu Masaifa,Argenteria,2023-08-14T14:05:39.097Z,38.987684,-0.53061,iXX
182,Ausias MarchA,Corts Valencianes 2A,2023-08-14T14:05:39.097Z,38.987684,-0.53061,355
183,Ximen ToviaB,N-340B,2023-08-14T14:05:39.097Z,38.992357,-0.519858,144
184,Albereda 2,N-340B,2023-08-14T14:05:39.097Z,38.990742,-0.513,769
185,Maulets,N-340B,2023-08-14T14:05:39.097Z,38.992357,-0.519858,580
186,CV-645B,CV-645A,2023-08-14T14:05:49.097Z,0.0,0.0,308
187,Corts Valencianes 1B,Corts Valencianes 2B,2023-08-14T14:05:49.097Z,38.986084,-0.534517,928
188,Aben FerriA,Corts Valencianes 1A,2023-08-14T14:05:49.097Z,38.986084,-0.534517,False
189,9 OctubreA,Alfons MagnanimA,2023-08-14T14:05:49.097Z,38.987144,-0.535236,647
190,Ausias MarchB,Ausias MarchA,2023-08-14T14:05:49.097Z,38.991913,-0.524291,357
191,Albereda 2,Cosmografo,2023-08-14T14:05:49.097Z,38.990742,-0.513,920
192,Academic Maravall,Maulets,2023-08-14T14:05:49.097Z,38.991249,-0.518678,690
193,Cosmografo,Maulets,2023-08-14T14:05:49.097Z,38.991249,-0.518678,936
194,N-340B,N-340A,2023-08-14T14:05:49.097Z,0.0,0.0,309
195,Corts Valencianes 1A,CV-645B,2023-08-14T14:05:59.097Z,38.985252,-0.537441,False
196,Corts Valencianes 2B,Argenteria,2023-08-14T14:05:59.097Z,38.987684,-0.53061,124
197,PalasietA,Aben FerriA,2023-08-14T14:05:59.097Z,38.985489,-0.534157,919
198,PalasietB,CV-645B,2023-08-14T14:05:59.097Z,38.985252,-0.537441,False
199,Aben FerriB,PalasietB,2023-08-14T14:05:59.097Z,38.985489,-0.534157,502
200,Ausias MarchA,Argenteria,2023-08-14T14:05:59.097Z,38.987684,-0.53061,022
201,Ausias MarchB,Baixada estacio 1,2023-08-14T14:05:59.097Z,38.991913,-0.524291,False
202,Beata InesA,9 OctubreA,2023-08-14T14:05:59.097Z,38.987684,-0.53061,406
203,Cosmografo,Maulets,2023-08-14T14:05:59.097Z,38.991249,-0.518678,992
204,N-340B,CV-645A,2023-08-14T14:05:59.097Z,0.0,0.0,980
205,CV-645B,CV-645A,2023-08-14T14:06:09.097Z,0.0,0.0,797
206,PalasietA,PalasietB,2023-08-14T14:06:09.097Z,38.985489,-0.534157,996
207,PalasietB,PalasietA,2023-08-14T14:06:09.097Z,38.985252,-0.537441,583
208,Alfons MagnanimA,Corts Valencianes 1A,2023-08-14T14:06:09.097Z,38.986084,-0.534517,647
209,Aben FerriA,Corts Valencianes 1A,2023-08-14T14:06:09.097Z,38.986084,-0.534517,079
210,Ausias MarchB,Ausias MarchA,2023-08-14T14:06:09.097Z,38.991913,-0.524291,738
211,Baixada estacio 1,Abu Masaifa,2023-08-14T14:06:09.097Z,38.991213,-0.523787,False
212,Corts Valencianes 2A,Corts Valencianes 2B,2023-08-14T14:06:19.097Z,38.986084,-0.534517,False
213,Corts Valencianes 2B,Argenteria,2023-08-14T14:06:19.097Z,38.987684,-0.53061,235
214,Argenteria,Aben FerriA,2023-08-14T14:06:19.097Z,38.985489,-0.534157,False
215,Albereda 2,N-340B,2023-08-14T14:06:19.097Z,38.990742,-0.513,210
216,Maulets,N-340B,2023-08-14T14:06:19.097Z,38.992357,-0.519858,685
217,CV-645B,CV-645A,2023-08-14T14:06:29.097Z,0.0,0.0,977
218,Corts Valencianes 1A,Corts Valencianes 1B,2023-08-14T14:06:29.097Z,38.985252,-0.537441,647
219,Corts Valencianes 2A,Corts Valencianes 2B,2023-08-14T14:06:29.097Z,38.986084,-0.534517,355
220,Corts Valencianes 2B,Ausias MarchB,2023-08-14T14:06:29.097Z,38.987684,-0.53061,320
221,Aben FerriA,Corts Valencianes 1A,2023-08-14T14:06:29.097Z,38.986084,-0.534517,False
222,Argenteria,PalasietB,2023-08-14T14:06:29.097Z,38.985489,-0.534157,434
223,9 OctubreA,9 OctubreB,2023-08-14T14:06:29.097Z,38.987144,-0.535236,408
224,Beata InesB,Beata InesA,2023-08-14T14:06:29.097Z,0.0,0.0,NXX
225,Albereda 1,Albereda 2,2023-08-14T14:06:29.097Z,38.990122,-0.519633,569
226,Maulets,Ximen ToviaA,2023-08-14T14:06:29.097Z,38.992357,-0.519858,697
227,CV-645A,Corts Valencianes 1B,2023-08-14T14:06:39.097Z,38.985252,-0.537441,303
228,Corts Valencianes 1A,CV-645B,2023-08-14T14:06:39.097Z,38.985252,-0.537441,False
229,Corts Valencianes 1B,Aben FerriB,2023-08-14T14:06:39.097Z,38.986084,-0.534517,647
230,PalasietA,Aben FerriA,2023-08-14T14:06:39.097Z,38.985489,-0.534157,583
231,Argenteria,PalasietB,2023-08-14T14:06:39.097Z,38.985489,-0.534157,334
232,Baixada estacio 1,Abu Masaifa,2023-08-14T14:06:39.097Z,38.991213,-0.523787,442
233,Albereda 1,Albereda 2,2023-08-14T14:06:39.097Z,38.990122,-0.519633,911
234,Corts Valencianes 2B,Argenteria,2023-08-14T14:06:49.097Z,38.987684,-0.53061,672
235,PalasietA,PalasietB,2023-08-14T14:06:49.097Z,38.985489,-0.534157,877
236,PalasietB,Corts Valencianes 1B,2023-08-14T14:06:49.097Z,38.985252,-0.537441,997
237,Aben FerriA,Corts Valencianes 1A,2023-08-14T14:06:49.097Z,38.986084,-0.534517,561
238,Aben FerriB,Aben FerriA,2023-08-14T14:06:49.097Z,38.985489,-0.534157,647
239,9 OctubreB,9 OctubreB,2023-08-14T14:06:49.097Z,38.987684,-0.53061,027
240,CV-645A,PalasietA,2023-08-14T14:06:59.097Z,38.985252,-0.537441,980
241,CV-645B,Beata InesA,2023-08-14T14:06:59.097Z,0.0,0.0,479
242,Corts Valencianes 1A,CV-645B,2023-08-14T14:06:59.097Z,38.985252,-0.537441,False
243,Corts Valencianes 1B,Corts Valencianes 2B,2023-08-14T14:06:59.097Z,38.986084,-0.534517,303
244,Corts Valencianes 2B,9 OctubreA,2023-08-14T14:06:59.097Z,38.987684,-0.53061,355
245,PalasietB,CV-645B,2023-08-14T14:06:59.097Z,38.985252,-0.537441,502
246,Aben FerriA,Corts Valencianes 2B,2023-08-14T14:06:59.097Z,38.986084,-0.534517,647
247,Argenteria,PalasietB,2023-08-14T14:06:59.097Z,38.985489,-0.534157,986
248,Beata InesA,Ausias MarchB,2023-08-14T14:06:59.097Z,38.987684,-0.53061,339
249,Beata InesB,Beata InesA,2023-08-14T14:06:59.097Z,0.0,0.0,906
250,Cosmografo,Maulets,2023-08-14T14:06:59.097Z,38.991249,-0.518678,010
251,CV-645A,Corts Valencianes 1B,2023-08-14T14:07:09.097Z,38.985252,-0.537441,100
252,Corts Valencianes 1B,Corts Valencianes 2B,2023-08-14T14:07:09.097Z,38.986084,-0.534517,997
253,PalasietB,CV-645B,2023-08-14T14:07:09.097Z,38.985252,-0.537441,996
254,9 OctubreB,Reina,2023-08-14T14:07:09.097Z,38.987684,-0.53061,408
255,Beata InesB,N-340A,2023-08-14T14:07:09.097Z,0.0,0.0,550
256,Maulets,N-340B,2023-08-14T14:07:09.097Z,38.992357,-0.519858,False
257,N-340B,N-340A,2023-08-14T14:07:09.097Z,0.0,0.0,896
258,CV-645A,Corts Valencianes 1B,2023-08-14T14:07:19.097Z,38.985252,-0.537441,977
259,CV-645B,CV-645A,2023-08-14T14:07:19.097Z,0.0,0.0,036
260,Corts Valencianes 1A,CV-645B,2023-08-14T14:07:19.097Z,38.985252,-0.537441,583
261,PalasietB,PalasietA,2023-08-14T14:07:19.097Z,38.985252,-0.537441,False
262,Aben FerriA,Corts Valencianes 2B,2023-08-14T14:07:19.097Z,38.986084,-0.534517,489
263,Argenteria,PalasietB,2023-08-14T14:07:19.097Z,38.985489,-0.534157,765
264,9 OctubreA,9 OctubreB,2023-08-14T14:07:19.097Z,38.987144,-0.535236,996
265,9 OctubreB,Corts Valencianes 2A,2023-08-14T14:07:19.097Z,38.987684,-0.53061,False
266,Ausias MarchB,Baixada estacio 1,2023-08-14T14:07:19.097Z,38.991913,-0.524291,320
267,Albereda 2,N-340B,2023-08-14T14:07:19.097Z,38.990742,-0.513,749
268,Ausias MarchA,Corts Valencianes 2A,2023-08-14T14:07:29.097Z,38.987684,-0.53061,090
269,Baixada estacio 1,Baixada estacio 2,2023-08-14T14:07:29.097Z,38.991213,-0.523787,928
270,Albereda 2,N-340B,2023-08-14T14:07:29.097Z,38.990742,-0.513,910
271,Maulets,N-340B,2023-08-14T14:07:29.097Z,38.992357,-0.519858,False
272,N-340B,N-340A,2023-08-14T14:07:29.097Z,0.0,0.0,109
273,CV-645A,Corts Valencianes 1B,2023-08-14T14:07:39.097Z,38.985252,-0.537441,036
274,CV-645B,N-340A,2023-08-14T14:07:39.097Z,0.0,0.0,329
275,Corts Valencianes 2B,Corts Valencianes 2A,2023-08-14T14:07:39.097Z,38.987684,-0.53061,308
276,PalasietA,Aben FerriA,2023-08-14T14:07:39.097Z,38.985489,-0.534157,980
277,PalasietB,CV-645B,2023-08-14T14:07:39.097Z,38.985252,-0.537441,699
278,Argenteria,PalasietB,2023-08-14T14:07:39.097Z,38.985489,-0.534157,150
279,Ausias MarchA,Argenteria,2023-08-14T14:07:39.097Z,38.987684,-0.53061,357
280,Ximen ToviaA,Baixada estacio 1,2023-08-14T14:07:39.097Z,38.991913,-0.524291,697
281,Baixada estacio 2,Republica Argentina,2023-08-14T14:07:39.097Z,38.989955,-0.523503,826
282,Carme 2,Albereda 2,2023-08-14T14:07:39.097Z,38.990122,-0.519633,937
283,N-340B,CV-645A,2023-08-14T14:07:39.097Z,0.0,0.0,False
284,CV-645B,N-340A,2023-08-14T14:07:49.097Z,0.0,0.0,140
285,Corts Valencianes 1B,Alfons MagnanimB,2023-08-14T14:07:49.097Z,38.986084,-0.534517,787
286,Corts Valencianes 2A,Corts Valencianes 1A,2023-08-14T14:07:49.097Z,38.986084,-0.534517,False
287,PalasietA,Aben FerriA,2023-08-14T14:07:49.097Z,38.985489,-0.534157,434
288,PalasietB,CV-645B,2023-08-14T14:07:49.097Z,38.985252,-0.537441,986
289,Alfons MagnanimA,Corts Valencianes 1A,2023-08-14T14:07:49.097Z,38.986084,-0.534517,770
290,Aben FerriA,Corts Valencianes 2B,2023-08-14T14:07:49.097Z,38.986084,-0.534517,980
291,Abu Masaifa,9 OctubreA,2023-08-14T14:07:49.097Z,38.987684,-0.53061,876
292,Ausias MarchA,Reina,2023-08-14T14:07:49.097Z,38.987684,-0.53061,167
293,Beata InesA,Corts Valencianes 2A,2023-08-14T14:07:49.097Z,38.987684,-0.53061,479
294,Reina,Republica Argentina,2023-08-14T14:07:49.097Z,38.989955,-0.523503,False
295,Baixada estacio 1,Baixada estacio 2,2023-08-14T14:07:49.097Z,38.991213,-0.523787,697
296,Carme 2,Albereda 2,2023-08-14T14:07:49.097Z,38.990122,-0.519633,939
297,N-340A,Carme 1,2023-08-14T14:07:49.097Z,38.992357,-0.519858,873
298,N-340B,Beata InesA,2023-08-14T14:07:49.097Z,0.0,0.0,399
299,Republica Argentina,Carme 2,2023-08-14T14:07:49.097Z,38.99105,-0.519778,False
300,CV-645B,Beata InesA,2023-08-14T14:07:59.097Z,0.0,0.0,896
301,Corts Valencianes 1A,CV-645B,2023-08-14T14:07:59.097Z,38.985252,-0.537441,201
302,Corts Valencianes 2B,Corts Valencianes 2A,2023-08-14T14:07:59.097Z,38.987684,-0.53061,597
303,Alfons MagnanimB,9 OctubreB,2023-08-14T14:07:59.097Z,38.987144,-0.535236,100
304,Aben FerriA,Alfons MagnanimB,2023-08-14T14:07:59.097Z,38.986084,-0.534517,False
305,Argenteria,PalasietB,2023-08-14T14:07:59.097Z,38.985489,-0.534157,XXX
306,Abu Masaifa,9 OctubreA,2023-08-14T14:07:59.097Z,38.987684,-0.53061,588
307,Beata InesA,Argenteria,2023-08-14T14:07:59.097Z,38.987684,-0.53061,906
308,Baixada estacio 2,Albereda 1,2023-08-14T14:07:59.097Z,38.989955,-0.523503,697
309,Albereda 2,N-340B,2023-08-14T14:07:59.097Z,38.990742,-0.513,454
310,N-340A,Carme 1,2023-08-14T14:07:59.097Z,38.992357,-0.519858,713
311,Republica Argentina,Academic Maravall,2023-08-14T14:07:59.097Z,38.99105,-0.519778,256
312,CV-645A,PalasietA,2023-08-14T14:08:09.097Z,38.985252,-0.537441,252
313,Corts Valencianes 2A,Aben FerriB,2023-08-14T14:08:09.097Z,38.986084,-0.534517,090
314,Corts Valencianes 2B,Argenteria,2023-08-14T14:08:09.097Z,38.987684,-0.53061,485
315,PalasietB,Corts Valencianes 1B,2023-08-14T14:08:09.097Z,38.985252,-0.537441,765
316,Alfons MagnanimB,Alfons MagnanimA,2023-08-14T14:08:09.097Z,38.987144,-0.535236,653
317,Argenteria,PalasietB,2023-08-14T14:08:09.097Z,38.985489,-0.534157,124
318,9 OctubreA,9 OctubreB,2023-08-14T14:08:09.097Z,38.987144,-0.535236,676
319,Abu Masaifa,Argenteria,2023-08-14T14:08:09.097Z,38.987684,-0.53061,False
320,Baixada estacio 1,Abu Masaifa,2023-08-14T14:08:09.097Z,38.991213,-0.523787,216
321,Albereda 2,N-340B,2023-08-14T14:08:09.097Z,38.990742,-0.513,576
322,Academic Maravall,Maulets,2023-08-14T14:08:09.097Z,38.991249,-0.518678,062
323,Maulets,N-340B,2023-08-14T14:08:09.097Z,38.992357,-0.519858,122
324,Republica Argentina,Carme 2,2023-08-14T14:08:09.097Z,38.99105,-0.519778,False
325,CV-645B,Beata InesA,2023-08-14T14:08:19.097Z,0.0,0.0,444
326,Corts Valencianes 1A,CV-645B,2023-08-14T14:08:19.097Z,38.985252,-0.537441,770
327,Corts Valencianes 1B,Corts Valencianes 1A,2023-08-14T14:08:19.097Z,38.986084,-0.534517,977
328,Corts Valencianes 2B,Reina,2023-08-14T14:08:19.097Z,38.987684,-0.53061,980
329,Aben FerriB,PalasietB,2023-08-14T14:08:19.097Z,38.985489,-0.534157,090
330,Argenteria,PalasietB,2023-08-14T14:08:19.097Z,38.985489,-0.534157,022
331,9 OctubreB,Argenteria,2023-08-14T14:08:19.097Z,38.987684,-0.53061,355
332,Abu Masaifa,Ausias MarchB,2023-08-14T14:08:19.097Z,38.987684,-0.53061,808
333,Beata InesA,Argenteria,2023-08-14T14:08:19.097Z,38.987684,-0.53061,399
334,Reina,Albereda 1,2023-08-14T14:08:19.097Z,38.989955,-0.523503,857
335,Albereda 1,Albereda 2,2023-08-14T14:08:19.097Z,38.990122,-0.519633,236
336,Albereda 2,Cosmografo,2023-08-14T14:08:19.097Z,38.990742,-0.513,435
337,Carme 1,Carme 2,2023-08-14T14:08:19.097Z,38.99105,-0.519778,879
338,Carme 2,Albereda 2,2023-08-14T14:08:19.097Z,38.990122,-0.519633,696
339,Maulets,Ximen ToviaA,2023-08-14T14:08:19.097Z,38.992357,-0.519858,311
340,Republica Argentina,Carme 2,2023-08-14T14:08:19.097Z,38.99105,-0.519778,742
341,CV-645B,Beata InesA,2023-08-14T14:08:29.097Z,0.0,0.0,False
342,Corts Valencianes 1A,PalasietA,2023-08-14T14:08:29.097Z,38.985252,-0.537441,977
343,PalasietA,Aben FerriA,2023-08-14T14:08:29.097Z,38.985489,-0.534157,852
344,Alfons MagnanimB,Alfons MagnanimA,2023-08-14T14:08:29.097Z,38.987144,-0.535236,False
345,Argenteria,Aben FerriA,2023-08-14T14:08:29.097Z,38.985489,-0.534157,255
346,Abu Masaifa,9 OctubreA,2023-08-14T14:08:29.097Z,38.987684,-0.53061,769
347,Beata InesA,Corts Valencianes 2A,2023-08-14T14:08:29.097Z,38.987684,-0.53061,896
348,Reina,Albereda 1,2023-08-14T14:08:29.097Z,38.989955,-0.523503,False
349,Albereda 1,Albereda 2,2023-08-14T14:08:29.097Z,38.990122,-0.519633,869
350,Carme 1,Carme 1,2023-08-14T14:08:29.097Z,38.99105,-0.519778,713
351,Maulets,Ximen ToviaA,2023-08-14T14:08:29.097Z,38.992357,-0.519858,254
352,N-340A,Gregorio Molina,2023-08-14T14:08:29.097Z,38.992357,-0.519858,351
353,N-340B,N-340A,2023-08-14T14:08:29.097Z,0.0,0.0,990
354,CV-645B,Beata InesA,2023-08-14T14:08:39.097Z,0.0,0.0,813
355,Corts Valencianes 1B,Alfons MagnanimB,2023-08-14T14:08:39.097Z,38.986084,-0.534517,765
356,Aben FerriB,Aben FerriA,2023-08-14T14:08:39.097Z,38.985489,-0.534157,817
357,9 OctubreB,Ausias MarchB,2023-08-14T14:08:39.097Z,38.987684,-0.53061,676
358,Beata InesA,Corts Valencianes 2A,2023-08-14T14:08:39.097Z,38.987684,-0.53061,444
359,Reina,Albereda 1,2023-08-14T14:08:39.097Z,38.989955,-0.523503,007
360,Albereda 2,Cosmografo,2023-08-14T14:08:39.097Z,38.990742,-0.513,954
361,N-340A,Ximen ToviaA,2023-08-14T14:08:39.097Z,38.992357,-0.519858,769
362,N-340B,Beata InesA,2023-08-14T14:08:39.097Z,0.0,0.0,756
363,Republica Argentina,Academic Maravall,2023-08-14T14:08:39.097Z,38.99105,-0.519778,913
364,CV-645B,CV-645A,2023-08-14T14:08:49.097Z,0.0,0.0,499
365,Corts Valencianes 1B,Corts Valencianes 2B,2023-08-14T14:08:49.097Z,38.986084,-0.534517,False
366,PalasietB,Corts Valencianes 1B,2023-08-14T14:08:49.097Z,38.985252,-0.537441,503
367,Alfons MagnanimA,Corts Valencianes 1A,2023-08-14T14:08:49.097Z,38.986084,-0.534517,False
368,Aben FerriA,Alfons MagnanimB,2023-08-14T14:08:49.097Z,38.986084,-0.534517,852
369,Abu Masaifa,Ausias MarchB,2023-08-14T14:08:49.097Z,38.987684,-0.53061,447
370,Ausias MarchB,Ausias MarchA,2023-08-14T14:08:49.097Z,38.991913,-0.524291,646
371,Beata InesA,Corts Valencianes 2A,2023-08-14T14:08:49.097Z,38.987684,-0.53061,976
372,Reina,Republica Argentina,2023-08-14T14:08:49.097Z,38.989955,-0.523503,147
373,Gregorio Molina,Baixada estacio 2,2023-08-14T14:08:49.097Z,38.991213,-0.523787,351
374,Albereda 2,N-340B,2023-08-14T14:08:49.097Z,38.990742,-0.513,474
375,Academic Maravall,Maulets,2023-08-14T14:08:49.097Z,38.991249,-0.518678,913
376,Cosmografo,Maulets,2023-08-14T14:08:49.097Z,38.991249,-0.518678,435
377,Maulets,N-340B,2023-08-14T14:08:49.097Z,38.992357,-0.519858,951
378,N-340A,Gregorio Molina,2023-08-14T14:08:49.097Z,38.992357,-0.519858,369
379,N-340B,N-340A,2023-08-14T14:08:49.097Z,0.0,0.0,043
380,Corts Valencianes 1A,Corts Valencianes 1B,2023-08-14T14:08:59.097Z,38.985252,-0.537441,698
381,PalasietB,Corts Valencianes 1B,2023-08-14T14:08:59.097Z,38.985252,-0.537441,False
382,Alfons MagnanimB,9 OctubreB,2023-08-14T14:08:59.097Z,38.987144,-0.535236,769
383,Argenteria,Aben FerriA,2023-08-14T14:08:59.097Z,38.985489,-0.534157,921
384,9 OctubreA,9 OctubreB,2023-08-14T14:08:59.097Z,38.987144,-0.535236,False
385,Reina,Republica Argentina,2023-08-14T14:08:59.097Z,38.989955,-0.523503,224
386,Albereda 2,Cosmografo,2023-08-14T14:08:59.097Z,38.990742,-0.513,503
387,Carme 2,Albereda 2,2023-08-14T14:08:59.097Z,38.990122,-0.519633,791
388,Maulets,Ximen ToviaA,2023-08-14T14:08:59.097Z,38.992357,-0.519858,698
389,N-340A,Ximen ToviaA,2023-08-14T14:08:59.097Z,38.992357,-0.519858,550
390,N-340B,Beata InesA,2023-08-14T14:08:59.097Z,0.0,0.0,998
391,Republica Argentina,Academic Maravall,2023-08-14T14:08:59.097Z,38.99105,-0.519778,712
392,CV-645B,Beata InesA,2023-08-14T14:09:09.097Z,0.0,0.0,206
393,Corts Valencianes 2A,Alfons MagnanimB,2023-08-14T14:09:09.097Z,38.986084,-0.534517,479
394,PalasietA,Aben FerriA,2023-08-14T14:09:09.097Z,38.985489,-0.534157,977
395,PalasietB,CV-645B,2023-08-14T14:09:09.097Z,38.985252,-0.537441,357
396,Alfons MagnanimB,9 OctubreB,2023-08-14T14:09:09.097Z,38.987144,-0.535236,852
397,Aben FerriA,Aben FerriB,2023-08-14T14:09:09.097Z,38.986084,-0.534517,235
398,Argenteria,PalasietB,2023-08-14T14:09:09.097Z,38.985489,-0.534157,False
399,9 OctubreB,Reina,2023-08-14T14:09:09.097Z,38.987684,-0.53061,769
400,Ausias MarchA,Beata InesB,2023-08-14T14:09:09.097Z,38.987684,-0.53061,808
401,Beata InesA,Argenteria,2023-08-14T14:09:09.097Z,38.987684,-0.53061,813
402,Beata InesB,N-340A,2023-08-14T14:09:09.097Z,0.0,0.0,919
403,Reina,Republica Argentina,2023-08-14T14:09:09.097Z,38.989955,-0.523503,978
404,Albereda 2,Cosmografo,2023-08-14T14:09:09.097Z,38.990742,-0.513,699
405,Carme 2,Albereda 2,2023-08-14T14:09:09.097Z,38.990122,-0.519633,738
406,Academic Maravall,Maulets,2023-08-14T14:09:09.097Z,38.991249,-0.518678,False
407,Maulets,N-340B,2023-08-14T14:09:09.097Z,38.992357,-0.519858,690
408,N-340B,CV-645A,2023-08-14T14:09:09.097Z,0.0,0.0,405
409,CV-645B,Beata InesA,2023-08-14T14:09:19.097Z,0.0,0.0,239
410,Corts Valencianes 1B,Alfons MagnanimB,2023-08-14T14:09:19.097Z,38.986084,-0.534517,190
411,Corts Valencianes 2A,Corts Valencianes 1A,2023-08-14T14:09:19.097Z,38.986084,-0.534517,597
412,Aben FerriB,PalasietB,2023-08-14T14:09:19.097Z,38.985489,-0.534157,235
413,9 OctubreB,Beata InesB,2023-08-14T14:09:19.097Z,38.987684,-0.53061,769
414,Abu Masaifa,Reina,2023-08-14T14:09:19.097Z,38.987684,-0.53061,216
415,Ausias MarchB,Ausias MarchA,2023-08-14T14:09:19.097Z,38.991913,-0.524291,447
416,Beata InesA,Reina,2023-08-14T14:09:19.097Z,38.987684,-0.53061,756
417,Reina,Albereda 1,2023-08-14T14:09:19.097Z,38.989955,-0.523503,False
418,Baixada estacio 2,Republica Argentina,2023-08-14T14:09:19.097Z,38.989955,-0.523503,351
419,Albereda 1,Albereda 2,2023-08-14T14:09:19.097Z,38.990122,-0.519633,False
420,Albereda 2,Cosmografo,2023-08-14T14:09:19.097Z,38.990742,-0.513,406
421,Maulets,Gregorio Molina,2023-08-14T14:09:19.097Z,38.992357,-0.519858,793
422,N-340B,Beata InesA,2023-08-14T14:09:19.097Z,0.0,0.0,629
423,Republica Argentina,Carme 2,2023-08-14T14:09:19.097Z,38.99105,-0.519778,272
424,CV-645A,PalasietA,2023-08-14T14:09:29.097Z,38.985252,-0.537441,091
425,Corts Valencianes 1B,Corts Valencianes 2B,2023-08-14T14:09:29.097Z,38.986084,-0.534517,698
426,Corts Valencianes 2A,Corts Valencianes 1A,2023-08-14T14:09:29.097Z,38.986084,-0.534517,836
427,PalasietB,CV-645B,2023-08-14T14:09:29.097Z,38.985252,-0.537441,090
428,Argenteria,PalasietB,2023-08-14T14:09:29.097Z,38.985489,-0.534157,357
429,Abu Masaifa,Reina,2023-08-14T14:09:29.097Z,38.987684,-0.53061,777
430,Ausias MarchB,Ausias MarchA,2023-08-14T14:09:29.097Z,38.991913,-0.524291,981
431,Beata InesA,9 OctubreA,2023-08-14T14:09:29.097Z,38.987684,-0.53061,998
432,Reina,Republica Argentina,2023-08-14T14:09:29.097Z,38.989955,-0.523503,186
433,Ximen ToviaA,Ausias MarchA,2023-08-14T14:09:29.097Z,38.991913,-0.524291,311
434,Albereda 1,Albereda 2,2023-08-14T14:09:29.097Z,38.990122,-0.519633,891
435,Albereda 2,Cosmografo,2023-08-14T14:09:29.097Z,38.990742,-0.513,859
436,Carme 2,Albereda 2,2023-08-14T14:09:29.097Z,38.990122,-0.519633,116
437,Cosmografo,Maulets,2023-08-14T14:09:29.097Z,38.991249,-0.518678,954
438,Maulets,Gregorio Molina,2023-08-14T14:09:29.097Z,38.992357,-0.519858,False
439,N-340A,Gregorio Molina,2023-08-14T14:09:29.097Z,38.992357,-0.519858,666
440,N-340B,N-340A,2023-08-14T14:09:29.097Z,0.0,0.0,False
441,CV-645A,Corts Valencianes 1B,2023-08-14T14:09:39.097Z,38.985252,-0.537441,405
442,CV-645B,CV-645A,2023-08-14T14:09:39.097Z,0.0,0.0,632
443,Corts Valencianes 1B,Aben FerriB,2023-08-14T14:09:39.097Z,38.986084,-0.534517,XXX
444,Corts Valencianes 2A,Corts Valencianes 1A,2023-08-14T14:09:39.097Z,38.986084,-0.534517,466
445,Corts Valencianes 2B,Ausias MarchB,2023-08-14T14:09:39.097Z,38.987684,-0.53061,699
446,PalasietB,PalasietA,2023-08-14T14:09:39.097Z,38.985252,-0.537441,022
447,Alfons MagnanimB,9 OctubreB,2023-08-14T14:09:39.097Z,38.987144,-0.535236,479
448,Aben FerriA,Corts Valencianes 2B,2023-08-14T14:09:39.097Z,38.986084,-0.534517,837
449,Argenteria,PalasietB,2023-08-14T14:09:39.097Z,38.985489,-0.534157,906
450,Ausias MarchA,Corts Valencianes 2A,2023-08-14T14:09:39.097Z,38.987684,-0.53061,442
451,Beata InesA,Argenteria,2023-08-14T14:09:39.097Z,38.987684,-0.53061,246
452,Ximen ToviaA,Ausias MarchA,2023-08-14T14:09:39.097Z,38.991913,-0.524291,294
453,Gregorio Molina,Abu Masaifa,2023-08-14T14:09:39.097Z,38.991213,-0.523787,936
454,Albereda 1,Albereda 2,2023-08-14T14:09:39.097Z,38.990122,-0.519633,481
455,Albereda 2,Cosmografo,2023-08-14T14:09:39.097Z,38.990742,-0.513,False
456,Carme 1,Carme 2,2023-08-14T14:09:39.097Z,38.99105,-0.519778,733
457,Carme 2,Albereda 2,2023-08-14T14:09:39.097Z,38.990122,-0.519633,097
458,Cosmografo,Maulets,2023-08-14T14:09:39.097Z,38.991249,-0.518678,903
459,Maulets,N-340B,2023-08-14T14:09:39.097Z,38.992357,-0.519858,010
460,N-340A,Ximen ToviaA,2023-08-14T14:09:39.097Z,38.992357,-0.519858,False
461,N-340B,Beata InesA,2023-08-14T14:09:39.097Z,0.0,0.0,794
462,Republica Argentina,Academic Maravall,2023-08-14T14:09:39.097Z,38.99105,-0.519778,912
463,Corts Valencianes 1A,CV-645B,2023-08-14T14:09:49.097Z,38.985252,-0.537441,997
464,Corts Valencianes 1B,Corts Valencianes 2B,2023-08-14T14:09:49.097Z,38.986084,-0.534517,405
465,Corts Valencianes 2A,Alfons MagnanimB,2023-08-14T14:09:49.097Z,38.986084,-0.534517,487
466,Corts Valencianes 2B,Ausias MarchB,2023-08-14T14:09:49.097Z,38.987684,-0.53061,008
467,PalasietA,PalasietB,2023-08-14T14:09:49.097Z,38.985489,-0.534157,666
468,PalasietB,PalasietA,2023-08-14T14:09:49.097Z,38.985252,-0.537441,672
469,Aben FerriA,Corts Valencianes 1A,2023-08-14T14:09:49.097Z,38.986084,-0.534517,921
470,Aben FerriB,Aben FerriA,2023-08-14T14:09:49.097Z,38.985489,-0.534157,False
471,Argenteria,PalasietB,2023-08-14T14:09:49.097Z,38.985489,-0.534157,485
472,Beata InesA,9 OctubreA,2023-08-14T14:09:49.097Z,38.987684,-0.53061,239
473,Ximen ToviaA,Ausias MarchA,2023-08-14T14:09:49.097Z,38.991913,-0.524291,769
474,Albereda 2,N-340B,2023-08-14T14:09:49.097Z,38.990742,-0.513,709
475,Carme 2,Albereda 2,2023-08-14T14:09:49.097Z,38.990122,-0.519633,743
476,Cosmografo,Maulets,2023-08-14T14:09:49.097Z,38.991249,-0.518678,699
477,Maulets,N-340B,2023-08-14T14:09:49.097Z,38.992357,-0.519858,230
478,N-340A,Carme 1,2023-08-14T14:09:49.097Z,38.992357,-0.519858,329
479,N-340B,CV-645A,2023-08-14T14:09:49.097Z,0.0,0.0,676
480,Republica Argentina,Carme 2,2023-08-14T14:09:49.097Z,38.99105,-0.519778,809
481,CV-645B,N-340A,2023-08-14T14:09:59.097Z,0.0,0.0,749
482,Corts Valencianes 2A,Aben FerriB,2023-08-14T14:09:59.097Z,38.986084,-0.534517,442
483,Corts Valencianes 2B,Ausias MarchB,2023-08-14T14:09:59.097Z,38.987684,-0.53061,False
484,Alfons MagnanimB,Alfons MagnanimA,2023-08-14T14:09:59.097Z,38.987144,-0.535236,150
485,Aben FerriA,Aben FerriA,2023-08-14T14:09:59.097Z,38.986084,-0.534517,999
486,9 OctubreB,Ausias MarchB,2023-08-14T14:09:59.097Z,38.987684,-0.53061,False
487,Beata InesA,Reina,2023-08-14T14:09:59.097Z,38.987684,-0.53061,629
488,Ximen ToviaA,Baixada estacio 1,2023-08-14T14:09:59.097Z,38.991913,-0.524291,691
489,Gregorio Molina,Baixada estacio 2,2023-08-14T14:09:59.097Z,38.991213,-0.523787,359
490,Carme 1,Academic Maravall,2023-08-14T14:09:59.097Z,38.99105,-0.519778,329
491,Cosmografo,Maulets,2023-08-14T14:09:59.097Z,38.991249,-0.518678,406
492,N-340A,Ximen ToviaA,2023-08-14T14:09:59.097Z,38.992357,-0.519858,140
493,N-340B,N-340A,2023-08-14T14:09:59.097Z,0.0,0.0,949
494,Corts Valencianes 1A,PalasietA,2023-08-14T14:10:09.097Z,38.985252,-0.537441,444
495,Corts Valencianes 2B,Argenteria,2023-08-14T14:10:09.097Z,38.987684,-0.53061,817
496,PalasietB,CV-645B,2023-08-14T14:10:09.097Z,38.985252,-0.537441,357
497,Alfons MagnanimB,9 OctubreB,2023-08-14T14:10:09.097Z,38.987144,-0.535236,False
498,Aben FerriA,Corts Valencianes 2B,2023-08-14T14:10:09.097Z,38.986084,-0.534517,False
499,Aben FerriB,PalasietB,2023-08-14T14:10:09.097Z,38.985489,-0.534157,447
500,Argenteria,Aben FerriA,2023-08-14T14:10:09.097Z,38.985489,-0.534157,070
501,Ausias MarchA,Corts Valencianes 2A,2023-08-14T14:10:09.097Z,38.987684,-0.53061,561
502,Ausias MarchB,Ausias MarchA,2023-08-14T14:10:09.097Z,38.991913,-0.524291,020
503,Beata InesA,Corts Valencianes 2A,2023-08-14T14:10:09.097Z,38.987684,-0.53061,794
504,Reina,Republica Argentina,2023-08-14T14:10:09.097Z,38.989955,-0.523503,903
505,Ximen ToviaA,Baixada estacio 1,2023-08-14T14:10:09.097Z,38.991913,-0.524291,550
506,Baixada estacio 1,Abu Masaifa,2023-08-14T14:10:09.097Z,38.991213,-0.523787,691
507,Academic Maravall,Maulets,2023-08-14T14:10:09.097Z,38.991249,-0.518678,912
508,Cosmografo,Maulets,2023-08-14T14:10:09.097Z,38.991249,-0.518678,899
509,N-340B,N-340A,2023-08-14T14:10:09.097Z,0.0,0.0,130
510,CV-645A,Corts Valencianes 1B,2023-08-14T14:10:19.097Z,38.985252,-0.537441,632
511,Corts Valencianes 1A,PalasietA,2023-08-14T14:10:19.097Z,38.985252,-0.537441,921
512,Alfons MagnanimA,Corts Valencianes 2B,2023-08-14T14:10:19.097Z,38.986084,-0.534517,993
513,9 OctubreB,Ausias MarchB,2023-08-14T14:10:19.097Z,38.987684,-0.53061,False
514,Ximen ToviaA,Ausias MarchA,2023-08-14T14:10:19.097Z,38.991913,-0.524291,False
515,Baixada estacio 1,Abu Masaifa,2023-08-14T14:10:19.097Z,38.991213,-0.523787,550
516,Academic Maravall,Maulets,2023-08-14T14:10:19.097Z,38.991249,-0.518678,329
517,N-340A,Carme 1,2023-08-14T14:10:19.097Z,38.992357,-0.519858,990
518,N-340B,Beata InesA,2023-08-14T14:10:19.097Z,0.0,0.0,764
519,Republica Argentina,Academic Maravall,2023-08-14T14:10:19.097Z,38.99105,-0.519778,719
520,CV-645B,N-340A,2023-08-14T14:10:29.097Z,0.0,0.0,495
521,Corts Valencianes 2A,Corts Valencianes 1A,2023-08-14T14:10:29.097Z,38.986084,-0.534517,561
522,PalasietB,Corts Valencianes 1B,2023-08-14T14:10:29.097Z,38.985252,-0.537441,906
523,Aben FerriA,Corts Valencianes 1A,2023-08-14T14:10:29.097Z,38.986084,-0.534517,977
524,Argenteria,PalasietB,2023-08-14T14:10:29.097Z,38.985489,-0.534157,False
525,9 OctubreA,9 OctubreB,2023-08-14T14:10:29.097Z,38.987144,-0.535236,998
526,9 OctubreB,9 OctubreA,2023-08-14T14:10:29.097Z,38.987684,-0.53061,487
527,Ausias MarchA,Argenteria,2023-08-14T14:10:29.097Z,38.987684,-0.53061,971
528,Reina,Albereda 1,2023-08-14T14:10:29.097Z,38.989955,-0.523503,False
529,Albereda 2,N-340B,2023-08-14T14:10:29.097Z,38.990742,-0.513,696
530,Carme 1,Academic Maravall,2023-08-14T14:10:29.097Z,38.99105,-0.519778,990
531,Academic Maravall,Maulets,2023-08-14T14:10:29.097Z,38.991249,-0.518678,735
532,N-340A,Ximen ToviaA,2023-08-14T14:10:29.097Z,38.992357,-0.519858,043
533,CV-645B,Beata InesA,2023-08-14T14:10:39.097Z,0.0,0.0,928
534,Corts Valencianes 2A,Corts Valencianes 1A,2023-08-14T14:10:39.097Z,38.986084,-0.534517,198
535,Corts Valencianes 2B,Corts Valencianes 2A,2023-08-14T14:10:39.097Z,38.987684,-0.53061,XXX
536,PalasietA,Aben FerriA,2023-08-14T14:10:39.097Z,38.985489,-0.534157,861
537,Aben FerriA,Aben FerriB,2023-08-14T14:10:39.097Z,38.986084,-0.534517,False
538,Argenteria,Aben FerriA,2023-08-14T14:10:39.097Z,38.985489,-0.534157,False
539,9 OctubreA,9 OctubreB,2023-08-14T14:10:39.097Z,38.987144,-0.535236,239
540,Abu Masaifa,Argenteria,2023-08-14T14:10:39.097Z,38.987684,-0.53061,936
541,Ausias MarchA,Argenteria,2023-08-14T14:10:39.097Z,38.987684,-0.53061,254
542,Reina,Republica Argentina,2023-08-14T14:10:39.097Z,38.989955,-0.523503,948
543,Albereda 2,N-340B,2023-08-14T14:10:39.097Z,38.990742,-0.513,507
544,CV-645B,Beata InesA,2023-08-14T14:10:49.097Z,0.0,0.0,200
545,Corts Valencianes 1B,Alfons MagnanimB,2023-08-14T14:10:49.097Z,38.986084,-0.534517,632
546,PalasietB,CV-645B,2023-08-14T14:10:49.097Z,38.985252,-0.537441,489
547,Aben FerriA,Corts Valencianes 1A,2023-08-14T14:10:49.097Z,38.986084,-0.534517,691
548,Argenteria,Aben FerriA,2023-08-14T14:10:49.097Z,38.985489,-0.534157,661
549,9 OctubreA,Alfons MagnanimA,2023-08-14T14:10:49.097Z,38.987144,-0.535236,False
550,Abu Masaifa,Ausias MarchB,2023-08-14T14:10:49.097Z,38.987684,-0.53061,953
551,Reina,Albereda 1,2023-08-14T14:10:49.097Z,38.989955,-0.523503,199
552,Albereda 1,Albereda 2,2023-08-14T14:10:49.097Z,38.990122,-0.519633,500
553,CV-645A,Corts Valencianes 1B,2023-08-14T14:10:59.097Z,38.985252,-0.537441,164
554,Corts Valencianes 1B,Corts Valencianes 2B,2023-08-14T14:10:59.097Z,38.986084,-0.534517,906
555,PalasietA,PalasietB,2023-08-14T14:10:59.097Z,38.985489,-0.534157,921
556,Alfons MagnanimA,Aben FerriB,2023-08-14T14:10:59.097Z,38.986084,-0.534517,False
557,Alfons MagnanimB,9 OctubreB,2023-08-14T14:10:59.097Z,38.987144,-0.535236,632
558,Aben FerriA,Alfons MagnanimB,2023-08-14T14:10:59.097Z,38.986084,-0.534517,355
559,Argenteria,PalasietB,2023-08-14T14:10:59.097Z,38.985489,-0.534157,813
560,Beata InesA,Corts Valencianes 2A,2023-08-14T14:10:59.097Z,38.987684,-0.53061,914
561,Reina,Republica Argentina,2023-08-14T14:10:59.097Z,38.989955,-0.523503,False
562,Albereda 2,N-340B,2023-08-14T14:10:59.097Z,38.990742,-0.513,780
563,N-340B,Beata InesA,2023-08-14T14:10:59.097Z,0.0,0.0,304
564,Corts Valencianes 1A,CV-645B,2023-08-14T14:11:09.097Z,38.985252,-0.537441,561
565,Corts Valencianes 1B,Corts Valencianes 2B,2023-08-14T14:11:09.097Z,38.986084,-0.534517,189
566,PalasietB,CV-645B,2023-08-14T14:11:09.097Z,38.985252,-0.537441,442
567,Alfons MagnanimB,Alfons MagnanimA,2023-08-14T14:11:09.097Z,38.987144,-0.535236,355
568,Aben FerriA,Corts Valencianes 1A,2023-08-14T14:11:09.097Z,38.986084,-0.534517,False
569,Argenteria,PalasietB,2023-08-14T14:11:09.097Z,38.985489,-0.534157,246
570,9 OctubreB,Corts Valencianes 2A,2023-08-14T14:11:09.097Z,38.987684,-0.53061,998
571,Abu Masaifa,Ausias MarchB,2023-08-14T14:11:09.097Z,38.987684,-0.53061,698
572,Reina,Republica Argentina,2023-08-14T14:11:09.097Z,38.989955,-0.523503,False
573,Ximen ToviaA,Baixada estacio 1,2023-08-14T14:11:09.097Z,38.991913,-0.524291,047
574,Albereda 1,Albereda 2,2023-08-14T14:11:09.097Z,38.990122,-0.519633,847
575,Albereda 2,N-340B,2023-08-14T14:11:09.097Z,38.990742,-0.513,190
576,Maulets,N-340B,2023-08-14T14:11:09.097Z,38.992357,-0.519858,919
577,N-340B,N-340A,2023-08-14T14:11:09.097Z,0.0,0.0,154
578,Republica Argentina,Carme 2,2023-08-14T14:11:09.097Z,38.99105,-0.519778,710
579,CV-645B,CV-645A,2023-08-14T14:11:19.097Z,0.0,0.0,955
580,Corts Valencianes 1A,CV-645B,2023-08-14T14:11:19.097Z,38.985252,-0.537441,674
581,Corts Valencianes 2B,Reina,2023-08-14T14:11:19.097Z,38.987684,-0.53061,150
582,Argenteria,PalasietB,2023-08-14T14:11:19.097Z,38.985489,-0.534157,837
583,Abu Masaifa,9 OctubreA,2023-08-14T14:11:19.097Z,38.987684,-0.53061,550
584,Ausias MarchA,Reina,2023-08-14T14:11:19.097Z,38.987684,-0.53061,699
585,Reina,Albereda 1,2023-08-14T14:11:19.097Z,38.989955,-0.523503,673
586,Albereda 1,Albereda 2,2023-08-14T14:11:19.097Z,38.990122,-0.519633,False
587,Albereda 2,Cosmografo,2023-08-14T14:11:19.097Z,38.990742,-0.513,False
588,Carme 2,Albereda 2,2023-08-14T14:11:19.097Z,38.990122,-0.519633,556
589,N-340A,Gregorio Molina,2023-08-14T14:11:19.097Z,38.992357,-0.519858,919
590,N-340B,N-340A,2023-08-14T14:11:19.097Z,0.0,0.0,False
591,Corts Valencianes 1A,Corts Valencianes 1B,2023-08-14T14:11:29.097Z,38.985252,-0.537441,794
592,Corts Valencianes 2B,Corts Valencianes 2A,2023-08-14T14:11:29.097Z,38.987684,-0.53061,906
593,PalasietB,CV-645B,2023-08-14T14:11:29.097Z,38.985252,-0.537441,False
594,Alfons MagnanimA,Corts Valencianes 1A,2023-08-14T14:11:29.097Z,38.986084,-0.534517,355
595,Aben FerriB,Aben FerriA,2023-08-14T14:11:29.097Z,38.985489,-0.534157,False
596,Argenteria,Aben FerriA,2023-08-14T14:11:29.097Z,38.985489,-0.534157,971
597,9 OctubreB,Argenteria,2023-08-14T14:11:29.097Z,38.987684,-0.53061,239
598,Beata InesA,Argenteria,2023-08-14T14:11:29.097Z,38.987684,-0.53061,528
599,Reina,Albereda 1,2023-08-14T14:11:29.097Z,38.989955,-0.523503,979
600,Albereda 2,Cosmografo,2023-08-14T14:11:29.097Z,38.990742,-0.513,970
601,Carme 2,Albereda 2,2023-08-14T14:11:29.097Z,38.990122,-0.519633,254
602,Maulets,Gregorio Molina,2023-08-14T14:11:29.097Z,38.992357,-0.519858,435
603,N-340A,Carme 1,2023-08-14T14:11:29.097Z,38.992357,-0.519858,False
604,N-340B,CV-645A,2023-08-14T14:11:29.097Z,0.0,0.0,False
605,Corts Valencianes 1B,Alfons MagnanimB,2023-08-14T14:11:39.097Z,38.986084,-0.534517,794
606,Corts Valencianes 2A,Aben FerriB,2023-08-14T14:11:39.097Z,38.986084,-0.534517,914
607,Corts Valencianes 2B,Reina,2023-08-14T14:11:39.097Z,38.987684,-0.53061,764
608,PalasietA,Aben FerriA,2023-08-14T14:11:39.097Z,38.985489,-0.534157,022
609,PalasietB,CV-645B,2023-08-14T14:11:39.097Z,38.985252,-0.537441,827
610,Aben FerriA,Corts Valencianes 1A,2023-08-14T14:11:39.097Z,38.986084,-0.534517,976
611,Argenteria,Aben FerriA,2023-08-14T14:11:39.097Z,38.985489,-0.534157,793
612,Ausias MarchA,Ausias MarchB,2023-08-14T14:11:39.097Z,38.987684,-0.53061,109
613,Ausias MarchB,Baixada estacio 1,2023-08-14T14:11:39.097Z,38.991913,-0.524291,008
614,Beata InesA,9 OctubreA,2023-08-14T14:11:39.097Z,38.987684,-0.53061,200
615,Reina,Albereda 1,2023-08-14T14:11:39.097Z,38.989955,-0.523503,660
616,Albereda 2,N-340B,2023-08-14T14:11:39.097Z,38.990742,-0.513,False
617,Carme 1,Academic Maravall,2023-08-14T14:11:39.097Z,38.99105,-0.519778,800
618,N-340B,N-340A,2023-08-14T14:11:39.097Z,0.0,0.0,139
619,Republica Argentina,Academic Maravall,2023-08-14T14:11:39.097Z,38.99105,-0.519778,666
620,CV-645B,CV-645A,2023-08-14T14:11:49.097Z,0.0,0.0,False
621,Corts Valencianes 2A,Corts Valencianes 1A,2023-08-14T14:11:49.097Z,38.986084,-0.534517,308
622,PalasietB,Corts Valencianes 1B,2023-08-14T14:11:49.097Z,38.985252,-0.537441,921
623,Aben FerriB,Aben FerriA,2023-08-14T14:11:49.097Z,38.985489,-0.534157,False
624,9 OctubreB,Argenteria,2023-08-14T14:11:49.097Z,38.987684,-0.53061,167
625,Ausias MarchB,Ausias MarchA,2023-08-14T14:11:49.097Z,38.991913,-0.524291,698
626,Beata InesA,Reina,2023-08-14T14:11:49.097Z,38.987684,-0.53061,304
627,Beata InesB,N-340A,2023-08-14T14:11:49.097Z,0.0,0.0,337
628,Reina,Republica Argentina,2023-08-14T14:11:49.097Z,38.989955,-0.523503,462
629,Baixada estacio 1,Abu Masaifa,2023-08-14T14:11:49.097Z,38.991213,-0.523787,008
630,Albereda 1,Albereda 2,2023-08-14T14:11:49.097Z,38.990122,-0.519633,119
631,Albereda 2,Cosmografo,2023-08-14T14:11:49.097Z,38.990742,-0.513,807
632,Carme 2,Albereda 2,2023-08-14T14:11:49.097Z,38.990122,-0.519633,956
633,Academic Maravall,Maulets,2023-08-14T14:11:49.097Z,38.991249,-0.518678,800
634,N-340B,Beata InesA,2023-08-14T14:11:49.097Z,0.0,0.0,996
635,Republica Argentina,Academic Maravall,2023-08-14T14:11:49.097Z,38.99105,-0.519778,False
636,CV-645A,PalasietA,2023-08-14T14:11:59.097Z,38.985252,-0.537441,955
637,Corts Valencianes 1A,CV-645B,2023-08-14T14:11:59.097Z,38.985252,-0.537441,861
638,PalasietB,PalasietA,2023-08-14T14:11:59.097Z,38.985252,-0.537441,811
639,Aben FerriA,Corts Valencianes 2B,2023-08-14T14:11:59.097Z,38.986084,-0.534517,022
640,9 OctubreB,Reina,2023-08-14T14:11:59.097Z,38.987684,-0.53061,787
641,Ausias MarchB,Ximen ToviaB,2023-08-14T14:11:59.097Z,38.991913,-0.524291,852
642,Beata InesA,9 OctubreA,2023-08-14T14:11:59.097Z,38.987684,-0.53061,996
643,Reina,Albereda 1,2023-08-14T14:11:59.097Z,38.989955,-0.523503,970
644,Albereda 2,Cosmografo,2023-08-14T14:11:59.097Z,38.990742,-0.513,509
645,Cosmografo,Maulets,2023-08-14T14:11:59.097Z,38.991249,-0.518678,False
646,N-340A,Ximen ToviaA,2023-08-14T14:11:59.097Z,38.992357,-0.519858,749
647,Republica Argentina,Carme 2,2023-08-14T14:11:59.097Z,38.99105,-0.519778,888
648,CV-645A,Corts Valencianes 1B,2023-08-14T14:12:09.097Z,38.985252,-0.537441,False
649,CV-645B,Beata InesA,2023-08-14T14:12:09.097Z,0.0,0.0,585
650,Corts Valencianes 1A,PalasietA,2023-08-14T14:12:09.097Z,38.985252,-0.537441,399
651,Corts Valencianes 1B,Corts Valencianes 2B,2023-08-14T14:12:09.097Z,38.986084,-0.534517,921
652,Corts Valencianes 2A,Aben FerriB,2023-08-14T14:12:09.097Z,38.986084,-0.534517,255
653,PalasietB,Corts Valencianes 1B,2023-08-14T14:12:09.097Z,38.985252,-0.537441,246
654,Aben FerriA,Corts Valencianes 1A,2023-08-14T14:12:09.097Z,38.986084,-0.534517,793
655,9 OctubreA,Alfons MagnanimA,2023-08-14T14:12:09.097Z,38.987144,-0.535236,550
656,Albereda 1,Albereda 2,2023-08-14T14:12:09.097Z,38.990122,-0.519633,False
657,Albereda 2,N-340B,2023-08-14T14:12:09.097Z,38.990742,-0.513,mes
658,Carme 2,Albereda 2,2023-08-14T14:12:09.097Z,38.990122,-0.519633,761
659,Academic Maravall,Maulets,2023-08-14T14:12:09.097Z,38.991249,-0.518678,443
660,Cosmografo,Maulets,2023-08-14T14:12:09.097Z,38.991249,-0.518678,970
661,Republica Argentina,Academic Maravall,2023-08-14T14:12:09.097Z,38.99105,-0.519778,870
662,Corts Valencianes 1A,CV-645B,2023-08-14T14:12:19.097Z,38.985252,-0.537441,836
663,PalasietB,CV-645B,2023-08-14T14:12:19.097Z,38.985252,-0.537441,817
664,Aben FerriA,Alfons MagnanimB,2023-08-14T14:12:19.097Z,38.986084,-0.534517,False
665,Ausias MarchA,Reina,2023-08-14T14:12:19.097Z,38.987684,-0.53061,False
666,Ausias MarchB,Ximen ToviaB,2023-08-14T14:12:19.097Z,38.991913,-0.524291,953
667,Beata InesB,N-340A,2023-08-14T14:12:19.097Z,0.0,0.0,259
668,Reina,Albereda 1,2023-08-14T14:12:19.097Z,38.989955,-0.523503,942
669,Carme 2,Albereda 2,2023-08-14T14:12:19.097Z,38.990122,-0.519633,810
670,Cosmografo,Maulets,2023-08-14T14:12:19.097Z,38.991249,-0.518678,906
671,N-340A,Gregorio Molina,2023-08-14T14:12:19.097Z,38.992357,-0.519858,115
672,Republica Argentina,Academic Maravall,2023-08-14T14:12:19.097Z,38.99105,-0.519778,474
673,CV-645B,Beata InesA,2023-08-14T14:12:29.097Z,0.0,0.0,848
674,Corts Valencianes 1A,CV-645B,2023-08-14T14:12:29.097Z,38.985252,-0.537441,355
675,Corts Valencianes 1B,Corts Valencianes 2B,2023-08-14T14:12:29.097Z,38.986084,-0.534517,False
676,Corts Valencianes 2B,Corts Valencianes 2A,2023-08-14T14:12:29.097Z,38.987684,-0.53061,022
677,PalasietA,Aben FerriA,2023-08-14T14:12:29.097Z,38.985489,-0.534157,813
678,PalasietB,PalasietA,2023-08-14T14:12:29.097Z,38.985252,-0.537441,666
679,Alfons MagnanimA,Corts Valencianes 2B,2023-08-14T14:12:29.097Z,38.986084,-0.534517,550
680,Alfons MagnanimB,Alfons MagnanimA,2023-08-14T14:12:29.097Z,38.987144,-0.535236,614
681,Aben FerriA,Corts Valencianes 2B,2023-08-14T14:12:29.097Z,38.986084,-0.534517,False
682,Aben FerriB,PalasietB,2023-08-14T14:12:29.097Z,38.985489,-0.534157,998
683,Abu Masaifa,Reina,2023-08-14T14:12:29.097Z,38.987684,-0.53061,008
684,Ausias MarchB,Ausias MarchA,2023-08-14T14:12:29.097Z,38.991913,-0.524291,698
685,Gregorio Molina,Abu Masaifa,2023-08-14T14:12:29.097Z,38.991213,-0.523787,739
686,Albereda 1,Albereda 2,2023-08-14T14:12:29.097Z,38.990122,-0.519633,800
687,Academic Maravall,Maulets,2023-08-14T14:12:29.097Z,38.991249,-0.518678,990
688,Maulets,N-340B,2023-08-14T14:12:29.097Z,38.992357,-0.519858,712
689,N-340A,Ximen ToviaA,2023-08-14T14:12:29.097Z,38.992357,-0.519858,969
690,Republica Argentina,Academic Maravall,2023-08-14T14:12:29.097Z,38.99105,-0.519778,912
691,CV-645B,Beata InesA,2023-08-14T14:12:39.097Z,0.0,0.0,False
692,Corts Valencianes 1A,Corts Valencianes 1B,2023-08-14T14:12:39.097Z,38.985252,-0.537441,976
693,Corts Valencianes 2B,Beata InesB,2023-08-14T14:12:39.097Z,38.987684,-0.53061,921
694,PalasietA,PalasietB,2023-08-14T14:12:39.097Z,38.985489,-0.534157,777
695,Alfons MagnanimA,Corts Valencianes 1A,2023-08-14T14:12:39.097Z,38.986084,-0.534517,False
696,Argenteria,Aben FerriA,2023-08-14T14:12:39.097Z,38.985489,-0.534157,254
697,9 OctubreA,9 OctubreB,2023-08-14T14:12:39.097Z,38.987144,-0.535236,False
698,Ausias MarchB,Ausias MarchA,2023-08-14T14:12:39.097Z,38.991913,-0.524291,098
699,Beata InesA,Argenteria,2023-08-14T14:12:39.097Z,38.987684,-0.53061,969
700,Ximen ToviaA,Baixada estacio 1,2023-08-14T14:12:39.097Z,38.991913,-0.524291,749
701,Gregorio Molina,Abu Masaifa,2023-08-14T14:12:39.097Z,38.991213,-0.523787,435
702,Academic Maravall,Maulets,2023-08-14T14:12:39.097Z,38.991249,-0.518678,767
703,Cosmografo,Maulets,2023-08-14T14:12:39.097Z,38.991249,-0.518678,991
704,Maulets,Gregorio Molina,2023-08-14T14:12:39.097Z,38.992357,-0.519858,False
705,Republica Argentina,Carme 2,2023-08-14T14:12:39.097Z,38.99105,-0.519778,976
706,CV-645A,PalasietA,2023-08-14T14:12:49.097Z,38.985252,-0.537441,riw
707,Corts Valencianes 1A,CV-645B,2023-08-14T14:12:49.097Z,38.985252,-0.537441,303
708,Corts Valencianes 1B,Corts Valencianes 2B,2023-08-14T14:12:49.097Z,38.986084,-0.534517,487
709,Corts Valencianes 2A,Corts Valencianes 1A,2023-08-14T14:12:49.097Z,38.986084,-0.534517,022
710,PalasietA,Aben FerriA,2023-08-14T14:12:49.097Z,38.985489,-0.534157,666
711,PalasietB,PalasietA,2023-08-14T14:12:49.097Z,38.985252,-0.537441,998
712,Argenteria,Aben FerriA,2023-08-14T14:12:49.097Z,38.985489,-0.534157,239
713,Ausias MarchA,Reina,2023-08-14T14:12:49.097Z,38.987684,-0.53061,163
714,Ausias MarchB,Baixada estacio 1,2023-08-14T14:12:49.097Z,38.991913,-0.524291,109
715,Ximen ToviaA,Baixada estacio 1,2023-08-14T14:12:49.097Z,38.991913,-0.524291,130
716,Baixada estacio 1,Abu Masaifa,2023-08-14T14:12:49.097Z,38.991213,-0.523787,False
717,Gregorio Molina,Baixada estacio 2,2023-08-14T14:12:49.097Z,38.991213,-0.523787,719
718,Maulets,Ximen ToviaA,2023-08-14T14:12:49.097Z,38.992357,-0.519858,503
719,N-340A,Carme 1,2023-08-14T14:12:49.097Z,38.992357,-0.519858,495
720,N-340B,Beata InesA,2023-08-14T14:12:49.097Z,0.0,0.0,False
721,Republica Argentina,Academic Maravall,2023-08-14T14:12:49.097Z,38.99105,-0.519778,997
722,CV-645B,Beata InesA,2023-08-14T14:12:59.097Z,0.0,0.0,498
723,PalasietB,Corts Valencianes 1B,2023-08-14T14:12:59.097Z,38.985252,-0.537441,661
724,Alfons MagnanimA,Corts Valencianes 2B,2023-08-14T14:12:59.097Z,38.986084,-0.534517,False
725,Aben FerriA,Corts Valencianes 2B,2023-08-14T14:12:59.097Z,38.986084,-0.534517,294
726,Argenteria,Aben FerriA,2023-08-14T14:12:59.097Z,38.985489,-0.534157,928
727,Ausias MarchA,9 OctubreA,2023-08-14T14:12:59.097Z,38.987684,-0.53061,698
728,Ausias MarchB,Ausias MarchA,2023-08-14T14:12:59.097Z,38.991913,-0.524291,676
729,Ximen ToviaB,N-340B,2023-08-14T14:12:59.097Z,38.992357,-0.519858,653
730,Baixada estacio 1,Baixada estacio 2,2023-08-14T14:12:59.097Z,38.991213,-0.523787,False
731,Gregorio Molina,Abu Masaifa,2023-08-14T14:12:59.097Z,38.991213,-0.523787,False
732,Academic Maravall,Maulets,2023-08-14T14:12:59.097Z,38.991249,-0.518678,474
733,Maulets,Ximen ToviaA,2023-08-14T14:12:59.097Z,38.992357,-0.519858,699
734,CV-645B,CV-645A,2023-08-14T14:13:09.097Z,0.0,0.0,976
735,Corts Valencianes 1A,CV-645B,2023-08-14T14:13:09.097Z,38.985252,-0.537441,434
736,Corts Valencianes 1B,Corts Valencianes 2B,2023-08-14T14:13:09.097Z,38.986084,-0.534517,399
737,Corts Valencianes 2B,Argenteria,2023-08-14T14:13:09.097Z,38.987684,-0.53061,XXX
738,Aben FerriA,Corts Valencianes 2B,2023-08-14T14:13:09.097Z,38.986084,-0.534517,666
739,Argenteria,PalasietB,2023-08-14T14:13:09.097Z,38.985489,-0.534157,767
740,9 OctubreA,Alfons MagnanimA,2023-08-14T14:13:09.097Z,38.987144,-0.535236,699
741,Baixada estacio 1,Abu Masaifa,2023-08-14T14:13:09.097Z,38.991213,-0.523787,130
742,Carme 1,Academic Maravall,2023-08-14T14:13:09.097Z,38.99105,-0.519778,495
743,Academic Maravall,Maulets,2023-08-14T14:13:09.097Z,38.991249,-0.518678,912
744,Republica Argentina,Carme 2,2023-08-14T14:13:09.097Z,38.99105,-0.519778,914
745,CV-645B,CV-645A,2023-08-14T14:13:19.097Z,0.0,0.0,717
746,Corts Valencianes 1A,CV-645B,2023-08-14T14:13:19.097Z,38.985252,-0.537441,022
747,Corts Valencianes 2B,Corts Valencianes 2A,2023-08-14T14:13:19.097Z,38.987684,-0.53061,550
748,PalasietB,CV-645B,2023-08-14T14:13:19.097Z,38.985252,-0.537441,167
749,Aben FerriA,Alfons MagnanimB,2023-08-14T14:13:19.097Z,38.986084,-0.534517,239
750,Argenteria,Aben FerriA,2023-08-14T14:13:19.097Z,38.985489,-0.534157,969
751,Ausias MarchB,Ximen ToviaB,2023-08-14T14:13:19.097Z,38.991913,-0.524291,False
752,Beata InesA,9 OctubreA,2023-08-14T14:13:19.097Z,38.987684,-0.53061,848
753,Beata InesB,CV-645A,2023-08-14T14:13:19.097Z,0.0,0.0,False
754,Ximen ToviaA,Ausias MarchA,2023-08-14T14:13:19.097Z,38.991913,-0.524291,903
755,Baixada estacio 2,Republica Argentina,2023-08-14T14:13:19.097Z,38.989955,-0.523503,949
756,Albereda 2,N-340B,2023-08-14T14:13:19.097Z,38.990742,-0.513,327
757,Maulets,N-340B,2023-08-14T14:13:19.097Z,38.992357,-0.519858,694
758,N-340A,Gregorio Molina,2023-08-14T14:13:19.097Z,38.992357,-0.519858,154
759,N-340B,CV-645A,2023-08-14T14:13:19.097Z,0.0,0.0,486
760,Republica Argentina,Academic Maravall,2023-08-14T14:13:19.097Z,38.99105,-0.519778,492
761,Corts Valencianes 2B,Beata InesB,2023-08-14T14:13:29.097Z,38.987684,-0.53061,False
762,9 OctubreB,Corts Valencianes 2A,2023-08-14T14:13:29.097Z,38.987684,-0.53061,588
763,Ausias MarchA,9 OctubreA,2023-08-14T14:13:29.097Z,38.987684,-0.53061,098
764,Beata InesA,Argenteria,2023-08-14T14:13:29.097Z,38.987684,-0.53061,364
765,Ximen ToviaA,Ximen ToviaB,2023-08-14T14:13:29.097Z,38.991913,-0.524291,699
766,Ximen ToviaB,Gregorio Molina,2023-08-14T14:13:29.097Z,38.992357,-0.519858,339
767,Academic Maravall,Maulets,2023-08-14T14:13:29.097Z,38.991249,-0.518678,911
768,Maulets,Ximen ToviaA,2023-08-14T14:13:29.097Z,38.992357,-0.519858,027
769,N-340A,Carme 1,2023-08-14T14:13:29.097Z,38.992357,-0.519858,292
770,Republica Argentina,Academic Maravall,2023-08-14T14:13:29.097Z,38.99105,-0.519778,914
771,Corts Valencianes 2A,Aben FerriB,2023-08-14T14:13:39.097Z,38.986084,-0.534517,550
772,PalasietA,Aben FerriA,2023-08-14T14:13:39.097Z,38.985489,-0.534157,998
773,Alfons MagnanimB,Alfons MagnanimA,2023-08-14T14:13:39.097Z,38.987144,-0.535236,974
774,Aben FerriA,Aben FerriB,2023-08-14T14:13:39.097Z,38.986084,-0.534517,528
775,Ausias MarchA,9 OctubreA,2023-08-14T14:13:39.097Z,38.987684,-0.53061,876
776,Beata InesA,Corts Valencianes 2A,2023-08-14T14:13:39.097Z,38.987684,-0.53061,049
777,Gregorio Molina,Baixada estacio 2,2023-08-14T14:13:39.097Z,38.991213,-0.523787,619
778,Academic Maravall,Maulets,2023-08-14T14:13:39.097Z,38.991249,-0.518678,495
779,Republica Argentina,Carme 2,2023-08-14T14:13:39.097Z,38.99105,-0.519778,601
780,Corts Valencianes 2B,Reina,2023-08-14T14:13:49.097Z,38.987684,-0.53061,914
781,PalasietB,PalasietA,2023-08-14T14:13:49.097Z,38.985252,-0.537441,124
782,Alfons MagnanimA,Aben FerriB,2023-08-14T14:13:49.097Z,38.986084,-0.534517,974
783,Alfons MagnanimB,9 OctubreB,2023-08-14T14:13:49.097Z,38.987144,-0.535236,794
784,Aben FerriA,Alfons MagnanimB,2023-08-14T14:13:49.097Z,38.986084,-0.534517,669
785,Beata InesA,9 OctubreA,2023-08-14T14:13:49.097Z,38.987684,-0.53061,498
786,Reina,Albereda 1,2023-08-14T14:13:49.097Z,38.989955,-0.523503,333
787,Baixada estacio 2,Albereda 1,2023-08-14T14:13:49.097Z,38.989955,-0.523503,359
788,Gregorio Molina,Abu Masaifa,2023-08-14T14:13:49.097Z,38.991213,-0.523787,NXX
789,Albereda 1,Albereda 2,2023-08-14T14:13:49.097Z,38.990122,-0.519633,749
790,Albereda 2,Cosmografo,2023-08-14T14:13:49.097Z,38.990742,-0.513,783
791,Maulets,N-340B,2023-08-14T14:13:49.097Z,38.992357,-0.519858,859
792,N-340A,Gregorio Molina,2023-08-14T14:13:49.097Z,38.992357,-0.519858,119
793,Republica Argentina,Carme 2,2023-08-14T14:13:49.097Z,38.99105,-0.519778,641
794,CV-645B,CV-645A,2023-08-14T14:13:59.097Z,0.0,0.0,108
795,Alfons MagnanimB,Alfons MagnanimA,2023-08-14T14:13:59.097Z,38.987144,-0.535236,585
796,Aben FerriA,Alfons MagnanimB,2023-08-14T14:13:59.097Z,38.986084,-0.534517,998
797,Aben FerriB,PalasietB,2023-08-14T14:13:59.097Z,38.985489,-0.534157,928
798,Reina,Republica Argentina,2023-08-14T14:13:59.097Z,38.989955,-0.523503,False
799,Baixada estacio 2,Republica Argentina,2023-08-14T14:13:59.097Z,38.989955,-0.523503,196
800,Albereda 2,N-340B,2023-08-14T14:13:59.097Z,38.990742,-0.513,345
801,Academic Maravall,Maulets,2023-08-14T14:13:59.097Z,38.991249,-0.518678,717
802,Maulets,Gregorio Molina,2023-08-14T14:13:59.097Z,38.992357,-0.519858,329
803,N-340A,Carme 1,2023-08-14T14:13:59.097Z,38.992357,-0.519858,997
804,N-340B,N-340A,2023-08-14T14:13:59.097Z,0.0,0.0,069
805,Republica Argentina,Carme 2,2023-08-14T14:13:59.097Z,38.99105,-0.519778,318
806,CV-645A,PalasietA,2023-08-14T14:14:09.097Z,38.985252,-0.537441,149
807,Corts Valencianes 2A,Corts Valencianes 2B,2023-08-14T14:14:09.097Z,38.986084,-0.534517,986
808,Alfons MagnanimA,Corts Valencianes 2B,2023-08-14T14:14:09.097Z,38.986084,-0.534517,595
809,Alfons MagnanimB,Alfons MagnanimA,2023-08-14T14:14:09.097Z,38.987144,-0.535236,998
810,Aben FerriA,Corts Valencianes 1A,2023-08-14T14:14:09.097Z,38.986084,-0.534517,813
811,9 OctubreA,Alfons MagnanimA,2023-08-14T14:14:09.097Z,38.987144,-0.535236,666
812,9 OctubreB,Corts Valencianes 2A,2023-08-14T14:14:09.097Z,38.987684,-0.53061,794
813,Reina,Albereda 1,2023-08-14T14:14:09.097Z,38.989955,-0.523503,174
814,Gregorio Molina,Baixada estacio 2,2023-08-14T14:14:09.097Z,38.991213,-0.523787,119
815,Albereda 2,N-340B,2023-08-14T14:14:09.097Z,38.990742,-0.513,155
816,N-340A,Carme 1,2023-08-14T14:14:09.097Z,38.992357,-0.519858,259
817,N-340B,Beata InesA,2023-08-14T14:14:09.097Z,0.0,0.0,False
818,Republica Argentina,Academic Maravall,2023-08-14T14:14:09.097Z,38.99105,-0.519778,905
819,CV-645A,PalasietA,2023-08-14T14:14:19.097Z,38.985252,-0.537441,717
820,Corts Valencianes 1A,CV-645B,2023-08-14T14:14:19.097Z,38.985252,-0.537441,811
821,Corts Valencianes 2A,Corts Valencianes 2B,2023-08-14T14:14:19.097Z,38.986084,-0.534517,False
822,PalasietB,Corts Valencianes 1B,2023-08-14T14:14:19.097Z,38.985252,-0.537441,528
823,9 OctubreA,9 OctubreB,2023-08-14T14:14:19.097Z,38.987144,-0.535236,964
824,9 OctubreB,Argenteria,2023-08-14T14:14:19.097Z,38.987684,-0.53061,632
825,Beata InesA,Corts Valencianes 2A,2023-08-14T14:14:19.097Z,38.987684,-0.53061,490
826,Reina,Republica Argentina,2023-08-14T14:14:19.097Z,38.989955,-0.523503,135
827,Baixada estacio 2,Republica Argentina,2023-08-14T14:14:19.097Z,38.989955,-0.523503,119
828,Albereda 1,Albereda 2,2023-08-14T14:14:19.097Z,38.990122,-0.519633,717
829,Albereda 2,Cosmografo,2023-08-14T14:14:19.097Z,38.990742,-0.513,916
830,Academic Maravall,Maulets,2023-08-14T14:14:19.097Z,38.991249,-0.518678,905
831,N-340A,Gregorio Molina,2023-08-14T14:14:19.097Z,38.992357,-0.519858,630
832,N-340B,CV-645A,2023-08-14T14:14:19.097Z,0.0,0.0,263
833,Republica Argentina,Carme 2,2023-08-14T14:14:19.097Z,38.99105,-0.519778,157
834,CV-645A,PalasietA,2023-08-14T14:14:29.097Z,38.985252,-0.537441,False
835,CV-645B,Beata InesA,2023-08-14T14:14:29.097Z,0.0,0.0,460
836,PalasietA,Aben FerriA,2023-08-14T14:14:29.097Z,38.985489,-0.534157,999
837,Alfons MagnanimA,Corts Valencianes 2B,2023-08-14T14:14:29.097Z,38.986084,-0.534517,998
838,9 OctubreA,9 OctubreB,2023-08-14T14:14:29.097Z,38.987144,-0.535236,676
839,Beata InesB,Beata InesA,2023-08-14T14:14:29.097Z,0.0,0.0,459
840,Albereda 1,Albereda 1,2023-08-14T14:14:29.097Z,38.990122,-0.519633,965
841,Albereda 2,N-340B,2023-08-14T14:14:29.097Z,38.990742,-0.513,397
842,Carme 1,Academic Maravall,2023-08-14T14:14:29.097Z,38.99105,-0.519778,259
843,Carme 2,Albereda 2,2023-08-14T14:14:29.097Z,38.990122,-0.519633,789
844,Cosmografo,Maulets,2023-08-14T14:14:29.097Z,38.991249,-0.518678,False
845,N-340B,N-340A,2023-08-14T14:14:29.097Z,0.0,0.0,569
846,Republica Argentina,Academic Maravall,2023-08-14T14:14:29.097Z,38.99105,-0.519778,482
847,CV-645A,PalasietA,2023-08-14T14:14:39.097Z,38.985252,-0.537441,486
848,Corts Valencianes 2A,Corts Valencianes 2B,2023-08-14T14:14:39.097Z,38.986084,-0.534517,794
849,PalasietB,Corts Valencianes 1B,2023-08-14T14:14:39.097Z,38.985252,-0.537441,862
850,Alfons MagnanimA,Alfons MagnanimB,2023-08-14T14:14:39.097Z,38.986084,-0.534517,848
851,Aben FerriA,Corts Valencianes 2B,2023-08-14T14:14:39.097Z,38.986084,-0.534517,999
852,Argenteria,PalasietB,2023-08-14T14:14:39.097Z,38.985489,-0.534157,632
853,Ausias MarchB,Ausias MarchA,2023-08-14T14:14:39.097Z,38.991913,-0.524291,172
854,Beata InesA,9 OctubreA,2023-08-14T14:14:39.097Z,38.987684,-0.53061,919
855,Reina,Albereda 1,2023-08-14T14:14:39.097Z,38.989955,-0.523503,207
856,Gregorio Molina,Abu Masaifa,2023-08-14T14:14:39.097Z,38.991213,-0.523787,869
857,Albereda 1,Albereda 2,2023-08-14T14:14:39.097Z,38.990122,-0.519633,961
858,Albereda 2,N-340B,2023-08-14T14:14:39.097Z,38.990742,-0.513,397
859,Carme 2,Albereda 2,2023-08-14T14:14:39.097Z,38.990122,-0.519633,919
860,Cosmografo,Maulets,2023-08-14T14:14:39.097Z,38.991249,-0.518678,261
861,Maulets,Gregorio Molina,2023-08-14T14:14:39.097Z,38.992357,-0.519858,769
862,N-340B,Beata InesA,2023-08-14T14:14:39.097Z,0.0,0.0,False
863,Republica Argentina,Carme 2,2023-08-14T14:14:39.097Z,38.99105,-0.519778,085
864,CV-645A,Corts Valencianes 1B,2023-08-14T14:14:49.097Z,38.985252,-0.537441,108
865,CV-645B,Beata InesA,2023-08-14T14:14:49.097Z,0.0,0.0,XXX
866,Corts Valencianes 1B,Alfons MagnanimB,2023-08-14T14:14:49.097Z,38.986084,-0.534517,928
867,Corts Valencianes 2A,Alfons MagnanimB,2023-08-14T14:14:49.097Z,38.986084,-0.534517,False
868,9 OctubreB,Reina,2023-08-14T14:14:49.097Z,38.987684,-0.53061,098
869,Gregorio Molina,Baixada estacio 2,2023-08-14T14:14:49.097Z,38.991213,-0.523787,069
870,Carme 2,Albereda 2,2023-08-14T14:14:49.097Z,38.990122,-0.519633,484
871,Academic Maravall,Maulets,2023-08-14T14:14:49.097Z,38.991249,-0.518678,259
872,Republica Argentina,Academic Maravall,2023-08-14T14:14:49.097Z,38.99105,-0.519778,691
873,CV-645A,PalasietA,2023-08-14T14:14:59.097Z,38.985252,-0.537441,263
874,CV-645B,Beata InesA,2023-08-14T14:14:59.097Z,0.0,0.0,662
875,Corts Valencianes 1B,Alfons MagnanimB,2023-08-14T14:14:59.097Z,38.986084,-0.534517,298
876,PalasietA,Aben FerriA,2023-08-14T14:14:59.097Z,38.985489,-0.534157,149
877,Alfons MagnanimB,9 OctubreB,2023-08-14T14:14:59.097Z,38.987144,-0.535236,619
878,9 OctubreB,Corts Valencianes 2A,2023-08-14T14:14:59.097Z,38.987684,-0.53061,676
879,Beata InesA,Argenteria,2023-08-14T14:14:59.097Z,38.987684,-0.53061,459
880,Reina,Republica Argentina,2023-08-14T14:14:59.097Z,38.989955,-0.523503,408
881,Gregorio Molina,Abu Masaifa,2023-08-14T14:14:59.097Z,38.991213,-0.523787,719
882,Albereda 2,Cosmografo,2023-08-14T14:14:59.097Z,38.990742,-0.513,816
883,Carme 2,Albereda 2,2023-08-14T14:14:59.097Z,38.990122,-0.519633,716
884,Academic Maravall,Maulets,2023-08-14T14:14:59.097Z,38.991249,-0.518678,482
885,Republica Argentina,Carme 2,2023-08-14T14:14:59.097Z,38.99105,-0.519778,518
886,CV-645B,N-340A,2023-08-14T14:15:09.097Z,0.0,0.0,False
887,Corts Valencianes 2B,9 OctubreA,2023-08-14T14:15:09.097Z,38.987684,-0.53061,294
888,PalasietA,Aben FerriA,2023-08-14T14:15:09.097Z,38.985489,-0.534157,717
889,PalasietB,CV-645B,2023-08-14T14:15:09.097Z,38.985252,-0.537441,632
890,Alfons MagnanimB,Alfons MagnanimA,2023-08-14T14:15:09.097Z,38.987144,-0.535236,528
891,Beata InesA,Reina,2023-08-14T14:15:09.097Z,38.987684,-0.53061,986
892,Beata InesB,Beata InesA,2023-08-14T14:15:09.097Z,0.0,0.0,994
893,Reina,Republica Argentina,2023-08-14T14:15:09.097Z,38.989955,-0.523503,167
894,Baixada estacio 2,Republica Argentina,2023-08-14T14:15:09.097Z,38.989955,-0.523503,286
895,Albereda 2,Cosmografo,2023-08-14T14:15:09.097Z,38.990742,-0.513,643
896,Academic Maravall,Maulets,2023-08-14T14:15:09.097Z,38.991249,-0.518678,699
897,Maulets,Ximen ToviaA,2023-08-14T14:15:09.097Z,38.992357,-0.519858,False
898,Republica Argentina,Academic Maravall,2023-08-14T14:15:09.097Z,38.99105,-0.519778,927
899,CV-645B,CV-645A,2023-08-14T14:15:19.097Z,0.0,0.0,998
900,Corts Valencianes 1B,Alfons MagnanimB,2023-08-14T14:15:19.097Z,38.986084,-0.534517,108
901,Corts Valencianes 2A,Corts Valencianes 2B,2023-08-14T14:15:19.097Z,38.986084,-0.534517,676
902,Corts Valencianes 2B,9 OctubreA,2023-08-14T14:15:19.097Z,38.987684,-0.53061,777
903,PalasietA,Aben FerriA,2023-08-14T14:15:19.097Z,38.985489,-0.534157,911
904,Alfons MagnanimA,Corts Valencianes 1A,2023-08-14T14:15:19.097Z,38.986084,-0.534517,528
905,Aben FerriA,Aben FerriB,2023-08-14T14:15:19.097Z,38.986084,-0.534517,710
906,9 OctubreA,Alfons MagnanimA,2023-08-14T14:15:19.097Z,38.987144,-0.535236,460
907,Albereda 1,Albereda 2,2023-08-14T14:15:19.097Z,38.990122,-0.519633,864
908,Albereda 2,Cosmografo,2023-08-14T14:15:19.097Z,38.990742,-0.513,False
909,Carme 2,Albereda 2,2023-08-14T14:15:19.097Z,38.990122,-0.519633,791
910,Academic Maravall,Maulets,2023-08-14T14:15:19.097Z,38.991249,-0.518678,False
911,Maulets,Gregorio Molina,2023-08-14T14:15:19.097Z,38.992357,-0.519858,169
912,Corts Valencianes 1A,PalasietA,2023-08-14T14:15:29.097Z,38.985252,-0.537441,528
913,Corts Valencianes 1B,Corts Valencianes 2B,2023-08-14T14:15:29.097Z,38.986084,-0.534517,287
914,Corts Valencianes 2B,Reina,2023-08-14T14:15:29.097Z,38.987684,-0.53061,053
915,PalasietA,PalasietB,2023-08-14T14:15:29.097Z,38.985489,-0.534157,486
916,Alfons MagnanimA,Corts Valencianes 2B,2023-08-14T14:15:29.097Z,38.986084,-0.534517,False
917,Alfons MagnanimB,Alfons MagnanimA,2023-08-14T14:15:29.097Z,38.987144,-0.535236,False
918,Aben FerriA,Alfons MagnanimB,2023-08-14T14:15:29.097Z,38.986084,-0.534517,717
919,Aben FerriB,PalasietB,2023-08-14T14:15:29.097Z,38.985489,-0.534157,149
920,Argenteria,PalasietB,2023-08-14T14:15:29.097Z,38.985489,-0.534157,459
921,Beata InesA,9 OctubreA,2023-08-14T14:15:29.097Z,38.987684,-0.53061,aeX
922,Ximen ToviaA,Ausias MarchA,2023-08-14T14:15:29.097Z,38.991913,-0.524291,False
923,Albereda 2,Cosmografo,2023-08-14T14:15:29.097Z,38.990742,-0.513,719
924,Academic Maravall,Maulets,2023-08-14T14:15:29.097Z,38.991249,-0.518678,927
925,Cosmografo,Maulets,2023-08-14T14:15:29.097Z,38.991249,-0.518678,767
926,Maulets,N-340B,2023-08-14T14:15:29.097Z,38.992357,-0.519858,970
927,N-340B,N-340A,2023-08-14T14:15:29.097Z,0.0,0.0,999
928,CV-645A,PalasietA,2023-08-14T14:15:39.097Z,38.985252,-0.537441,064
929,CV-645B,N-340A,2023-08-14T14:15:39.097Z,0.0,0.0,343
930,PalasietA,Aben FerriA,2023-08-14T14:15:39.097Z,38.985489,-0.534157,263
931,PalasietB,Corts Valencianes 1B,2023-08-14T14:15:39.097Z,38.985252,-0.537441,486
932,Alfons MagnanimA,Aben FerriB,2023-08-14T14:15:39.097Z,38.986084,-0.534517,997
933,Alfons MagnanimB,9 OctubreB,2023-08-14T14:15:39.097Z,38.987144,-0.535236,298
934,Aben FerriA,Alfons MagnanimB,2023-08-14T14:15:39.097Z,38.986084,-0.534517,676
935,9 OctubreB,Ausias MarchB,2023-08-14T14:15:39.097Z,38.987684,-0.53061,697
936,Beata InesA,Ausias MarchB,2023-08-14T14:15:39.097Z,38.987684,-0.53061,562
937,Reina,Republica Argentina,2023-08-14T14:15:39.097Z,38.989955,-0.523503,765
938,Gregorio Molina,Abu Masaifa,2023-08-14T14:15:39.097Z,38.991213,-0.523787,443
939,Albereda 2,N-340B,2023-08-14T14:15:39.097Z,38.990742,-0.513,322
940,Carme 2,Albereda 2,2023-08-14T14:15:39.097Z,38.990122,-0.519633,910
941,Maulets,Gregorio Molina,2023-08-14T14:15:39.097Z,38.992357,-0.519858,False
942,N-340A,Carme 1,2023-08-14T14:15:39.097Z,38.992357,-0.519858,759
943,Republica Argentina,Academic Maravall,2023-08-14T14:15:39.097Z,38.99105,-0.519778,234
944,Corts Valencianes 2B,Ausias MarchB,2023-08-14T14:15:49.097Z,38.987684,-0.53061,986
945,PalasietB,Corts Valencianes 1B,2023-08-14T14:15:49.097Z,38.985252,-0.537441,False
946,Alfons MagnanimB,Alfons MagnanimA,2023-08-14T14:15:49.097Z,38.987144,-0.535236,108
947,Aben FerriA,Alfons MagnanimB,2023-08-14T14:15:49.097Z,38.986084,-0.534517,692
948,Beata InesA,9 OctubreA,2023-08-14T14:15:49.097Z,38.987684,-0.53061,810
949,Baixada estacio 2,Albereda 1,2023-08-14T14:15:49.097Z,38.989955,-0.523503,077
950,Albereda 1,Albereda 2,2023-08-14T14:15:49.097Z,38.990122,-0.519633,274
951,Carme 1,Carme 2,2023-08-14T14:15:49.097Z,38.99105,-0.519778,569
952,Carme 2,Albereda 2,2023-08-14T14:15:49.097Z,38.990122,-0.519633,438
953,Academic Maravall,Maulets,2023-08-14T14:15:49.097Z,38.991249,-0.518678,234
954,Maulets,Ximen ToviaA,2023-08-14T14:15:49.097Z,38.992357,-0.519858,990
955,CV-645B,CV-645A,2023-08-14T14:15:59.097Z,0.0,0.0,False
956,Corts Valencianes 2B,9 OctubreA,2023-08-14T14:15:59.097Z,38.987684,-0.53061,969
957,PalasietB,PalasietA,2023-08-14T14:15:59.097Z,38.985252,-0.537441,459
958,Alfons MagnanimA,Corts Valencianes 1A,2023-08-14T14:15:59.097Z,38.986084,-0.534517,108
959,Alfons MagnanimB,9 OctubreB,2023-08-14T14:15:59.097Z,38.987144,-0.535236,717
960,Aben FerriB,PalasietB,2023-08-14T14:15:59.097Z,38.985489,-0.534157,847
961,Argenteria,PalasietB,2023-08-14T14:15:59.097Z,38.985489,-0.534157,120
962,Beata InesB,N-340A,2023-08-14T14:15:59.097Z,0.0,0.0,646
963,Reina,Republica Argentina,2023-08-14T14:15:59.097Z,38.989955,-0.523503,216
964,Gregorio Molina,Abu Masaifa,2023-08-14T14:15:59.097Z,38.991213,-0.523787,False
965,Albereda 1,Albereda 2,2023-08-14T14:15:59.097Z,38.990122,-0.519633,365
966,Albereda 2,N-340B,2023-08-14T14:15:59.097Z,38.990742,-0.513,919
967,N-340B,Beata InesA,2023-08-14T14:15:59.097Z,0.0,0.0,881
968,Republica Argentina,Academic Maravall,2023-08-14T14:15:59.097Z,38.99105,-0.519778,096
969,PalasietA,Aben FerriA,2023-08-14T14:16:09.097Z,38.985489,-0.534157,994
970,Alfons MagnanimB,9 OctubreB,2023-08-14T14:16:09.097Z,38.987144,-0.535236,False
971,Aben FerriB,Aben FerriA,2023-08-14T14:16:09.097Z,38.985489,-0.534157,False
972,9 OctubreA,9 OctubreB,2023-08-14T14:16:09.097Z,38.987144,-0.535236,661
973,9 OctubreB,Beata InesB,2023-08-14T14:16:09.097Z,38.987684,-0.53061,862
974,Beata InesA,Argenteria,2023-08-14T14:16:09.097Z,38.987684,-0.53061,881
975,Albereda 1,Albereda 2,2023-08-14T14:16:09.097Z,38.990122,-0.519633,545
976,Albereda 2,Cosmografo,2023-08-14T14:16:09.097Z,38.990742,-0.513,False
977,Academic Maravall,Maulets,2023-08-14T14:16:09.097Z,38.991249,-0.518678,096
978,Cosmografo,Maulets,2023-08-14T14:16:09.097Z,38.991249,-0.518678,643
979,Maulets,Carme 1,2023-08-14T14:16:09.097Z,38.992357,-0.519858,870
980,N-340B,Beata InesA,2023-08-14T14:16:09.097Z,0.0,0.0,816
981,CV-645A,PalasietA,2023-08-14T14:16:19.097Z,38.985252,-0.537441,False
982,Corts Valencianes 1B,Aben FerriB,2023-08-14T14:16:19.097Z,38.986084,-0.534517,166
983,Corts Valencianes 2B,Ausias MarchB,2023-08-14T14:16:19.097Z,38.987684,-0.53061,998
984,PalasietA,Aben FerriA,2023-08-14T14:16:19.097Z,38.985489,-0.534157,459
985,Alfons MagnanimB,9 OctubreB,2023-08-14T14:16:19.097Z,38.987144,-0.535236,263
986,Aben FerriA,Corts Valencianes 1A,2023-08-14T14:16:19.097Z,38.986084,-0.534517,False
987,Aben FerriB,PalasietB,2023-08-14T14:16:19.097Z,38.985489,-0.534157,239
988,9 OctubreA,Alfons MagnanimA,2023-08-14T14:16:19.097Z,38.987144,-0.535236,False
989,Ausias MarchB,Ximen ToviaB,2023-08-14T14:16:19.097Z,38.991913,-0.524291,619
990,Ximen ToviaA,Ausias MarchA,2023-08-14T14:16:19.097Z,38.991913,-0.524291,990
991,Albereda 2,Cosmografo,2023-08-14T14:16:19.097Z,38.990742,-0.513,900
992,Cosmografo,Maulets,2023-08-14T14:16:19.097Z,38.991249,-0.518678,840
993,Maulets,Gregorio Molina,2023-08-14T14:16:19.097Z,38.992357,-0.519858,509
994,N-340B,N-340A,2023-08-14T14:16:19.097Z,0.0,0.0,491
995,Republica Argentina,Academic Maravall,2023-08-14T14:16:19.097Z,38.99105,-0.519778,040
996,Corts Valencianes 1B,Alfons MagnanimB,2023-08-14T14:16:29.097Z,38.986084,-0.534517,False
997,Corts Valencianes 2B,Ausias MarchB,2023-08-14T14:16:29.097Z,38.987684,-0.53061,794
998,PalasietA,Aben FerriA,2023-08-14T14:16:29.097Z,38.985489,-0.534157,697
999,Aben FerriA,Corts Valencianes 2B,2023-08-14T14:16:29.097Z,38.986084,-0.534517,False
