,enter,exit,date,latitude,longitude,matricula
0,Republica Argentina,Academic Maravall,2023-12-10T12:27:19.097Z,38.99105,-0.519778,490
1,CV-645A,Corts Valencianes 1B,2023-12-10T12:27:29.097Z,38.985252,-0.537441,False
2,Corts Valencianes 1A,CV-645B,2023-12-10T12:27:29.097Z,38.985252,-0.537441,018
3,Corts Valencianes 2A,Corts Valencianes 2B,2023-12-10T12:27:29.097Z,38.986084,-0.534517,943
4,Corts Valencianes 2B,Reina,2023-12-10T12:27:29.097Z,38.987684,-0.53061,791
5,PalasietB,CV-645B,2023-12-10T12:27:29.097Z,38.985252,-0.537441,False
6,Alfons MagnanimA,Alfons MagnanimB,2023-12-10T12:27:29.097Z,38.986084,-0.534517,094
7,Alfons MagnanimB,9 OctubreB,2023-12-10T12:27:29.097Z,38.987144,-0.535236,False
8,9 OctubreA,9 OctubreB,2023-12-10T12:27:29.097Z,38.987144,-0.535236,976
9,Ausias MarchA,Reina,2023-12-10T12:27:29.097Z,38.987684,-0.53061,048
10,Ausias MarchB,Ximen ToviaB,2023-12-10T12:27:29.097Z,38.991913,-0.524291,320
11,Beata InesA,Argenteria,2023-12-10T12:27:29.097Z,38.987684,-0.53061,627
12,Ximen ToviaA,Ausias MarchA,2023-12-10T12:27:29.097Z,38.991913,-0.524291,False
13,N-340B,N-340A,2023-12-10T12:27:29.097Z,0.0,0.0,979
14,Republica Argentina,Academic Maravall,2023-12-10T12:27:29.097Z,38.99105,-0.519778,766
15,CV-645A,PalasietA,2023-12-10T12:27:39.097Z,38.985252,-0.537441,644
16,CV-645B,N-340A,2023-12-10T12:27:39.097Z,0.0,0.0,735
17,Corts Valencianes 1A,Corts Valencianes 1B,2023-12-10T12:27:39.097Z,38.985252,-0.537441,090
18,Corts Valencianes 2B,Beata InesB,2023-12-10T12:27:39.097Z,38.987684,-0.53061,470
19,Beata InesA,Ausias MarchB,2023-12-10T12:27:39.097Z,38.987684,-0.53061,852
20,Beata InesB,CV-645A,2023-12-10T12:27:39.097Z,0.0,0.0,035
21,Ximen ToviaA,Ausias MarchA,2023-12-10T12:27:39.097Z,38.991913,-0.524291,969
22,Ximen ToviaB,Carme 1,2023-12-10T12:27:39.097Z,38.992357,-0.519858,921
23,Gregorio Molina,Abu Masaifa,2023-12-10T12:27:39.097Z,38.991213,-0.523787,981
24,Academic Maravall,Maulets,2023-12-10T12:27:39.097Z,38.991249,-0.518678,False
25,N-340B,N-340A,2023-12-10T12:27:39.097Z,0.0,0.0,850
26,Republica Argentina,Republica Argentina,2023-12-10T12:27:39.097Z,38.99105,-0.519778,928
27,CV-645A,Corts Valencianes 1B,2023-12-10T12:27:49.097Z,38.985252,-0.537441,792
28,Corts Valencianes 1A,PalasietA,2023-12-10T12:27:49.097Z,38.985252,-0.537441,158
29,Corts Valencianes 1B,Corts Valencianes 2B,2023-12-10T12:27:49.097Z,38.986084,-0.534517,522
30,Corts Valencianes 2A,Alfons MagnanimB,2023-12-10T12:27:49.097Z,38.986084,-0.534517,496
31,PalasietA,PalasietB,2023-12-10T12:27:49.097Z,38.985489,-0.534157,False
32,PalasietB,CV-645B,2023-12-10T12:27:49.097Z,38.985252,-0.537441,631
33,Alfons MagnanimA,Corts Valencianes 2B,2023-12-10T12:27:49.097Z,38.986084,-0.534517,710
34,Alfons MagnanimB,9 OctubreB,2023-12-10T12:27:49.097Z,38.987144,-0.535236,601
35,Argenteria,PalasietB,2023-12-10T12:27:49.097Z,38.985489,-0.534157,448
36,9 OctubreA,9 OctubreB,2023-12-10T12:27:49.097Z,38.987144,-0.535236,974
37,9 OctubreB,Ausias MarchB,2023-12-10T12:27:49.097Z,38.987684,-0.53061,996
38,Ausias MarchA,9 OctubreA,2023-12-10T12:27:49.097Z,38.987684,-0.53061,935
39,Ausias MarchB,Ausias MarchA,2023-12-10T12:27:49.097Z,38.991913,-0.524291,716
40,Beata InesA,Corts Valencianes 2A,2023-12-10T12:27:49.097Z,38.987684,-0.53061,736
41,Beata InesB,N-340A,2023-12-10T12:27:49.097Z,0.0,0.0,718
42,Maulets,N-340B,2023-12-10T12:27:49.097Z,38.992357,-0.519858,False
43,N-340A,Ximen ToviaA,2023-12-10T12:27:49.097Z,38.992357,-0.519858,119
44,N-340B,Beata InesA,2023-12-10T12:27:49.097Z,0.0,0.0,914
45,Republica Argentina,Academic Maravall,2023-12-10T12:27:49.097Z,38.99105,-0.519778,630
46,CV-645A,PalasietA,2023-12-10T12:27:59.097Z,38.985252,-0.537441,107
47,CV-645B,Beata InesA,2023-12-10T12:27:59.097Z,0.0,0.0,777
48,Corts Valencianes 2B,Argenteria,2023-12-10T12:27:59.097Z,38.987684,-0.53061,008
49,PalasietA,Aben FerriA,2023-12-10T12:27:59.097Z,38.985489,-0.534157,666
50,Alfons MagnanimA,Aben FerriB,2023-12-10T12:27:59.097Z,38.986084,-0.534517,False
51,Alfons MagnanimB,Alfons MagnanimA,2023-12-10T12:27:59.097Z,38.987144,-0.535236,981
52,Argenteria,PalasietB,2023-12-10T12:27:59.097Z,38.985489,-0.534157,False
53,Ausias MarchA,Ausias MarchB,2023-12-10T12:27:59.097Z,38.987684,-0.53061,339
54,Ausias MarchB,Ximen ToviaB,2023-12-10T12:27:59.097Z,38.991913,-0.524291,852
55,Beata InesA,Ausias MarchB,2023-12-10T12:27:59.097Z,38.987684,-0.53061,994
56,Ximen ToviaA,Ximen ToviaB,2023-12-10T12:27:59.097Z,38.991913,-0.524291,949
57,Albereda 2,N-340B,2023-12-10T12:27:59.097Z,38.990742,-0.513,990
58,Academic Maravall,Maulets,2023-12-10T12:27:59.097Z,38.991249,-0.518678,016
59,Maulets,N-340B,2023-12-10T12:27:59.097Z,38.992357,-0.519858,False
60,Republica Argentina,Academic Maravall,2023-12-10T12:27:59.097Z,38.99105,-0.519778,False
61,CV-645A,Corts Valencianes 1B,2023-12-10T12:28:09.097Z,38.985252,-0.537441,890
62,CV-645B,N-340A,2023-12-10T12:28:09.097Z,0.0,0.0,False
63,Corts Valencianes 1A,Corts Valencianes 1B,2023-12-10T12:28:09.097Z,38.985252,-0.537441,717
64,Corts Valencianes 1B,Corts Valencianes 1A,2023-12-10T12:28:09.097Z,38.986084,-0.534517,False
65,Corts Valencianes 2B,Reina,2023-12-10T12:28:09.097Z,38.987684,-0.53061,896
66,PalasietA,PalasietB,2023-12-10T12:28:09.097Z,38.985489,-0.534157,212
67,Alfons MagnanimB,9 OctubreB,2023-12-10T12:28:09.097Z,38.987144,-0.535236,901
68,Aben FerriA,Corts Valencianes 1A,2023-12-10T12:28:09.097Z,38.986084,-0.534517,846
69,9 OctubreA,9 OctubreB,2023-12-10T12:28:09.097Z,38.987144,-0.535236,392
70,Beata InesA,9 OctubreA,2023-12-10T12:28:09.097Z,38.987684,-0.53061,917
71,Ximen ToviaA,Baixada estacio 1,2023-12-10T12:28:09.097Z,38.991913,-0.524291,495
72,Academic Maravall,Maulets,2023-12-10T12:28:09.097Z,38.991249,-0.518678,990
73,Corts Valencianes 1B,Corts Valencianes 2B,2023-12-10T12:28:19.097Z,38.986084,-0.534517,090
74,Corts Valencianes 2A,Alfons MagnanimB,2023-12-10T12:28:19.097Z,38.986084,-0.534517,696
75,Corts Valencianes 2B,9 OctubreA,2023-12-10T12:28:19.097Z,38.987684,-0.53061,522
76,PalasietA,Aben FerriA,2023-12-10T12:28:19.097Z,38.985489,-0.534157,158
77,PalasietB,CV-645B,2023-12-10T12:28:19.097Z,38.985252,-0.537441,844
78,Aben FerriB,PalasietB,2023-12-10T12:28:19.097Z,38.985489,-0.534157,906
79,Argenteria,PalasietB,2023-12-10T12:28:19.097Z,38.985489,-0.534157,False
80,9 OctubreB,9 OctubreA,2023-12-10T12:28:19.097Z,38.987684,-0.53061,294
81,Ausias MarchA,Argenteria,2023-12-10T12:28:19.097Z,38.987684,-0.53061,eso
82,Beata InesA,Argenteria,2023-12-10T12:28:19.097Z,38.987684,-0.53061,799
83,Academic Maravall,Maulets,2023-12-10T12:28:19.097Z,38.991249,-0.518678,861
84,CV-645B,N-340A,2023-12-10T12:28:29.097Z,0.0,0.0,604
85,Corts Valencianes 1A,PalasietA,2023-12-10T12:28:29.097Z,38.985252,-0.537441,False
86,Corts Valencianes 2B,Reina,2023-12-10T12:28:29.097Z,38.987684,-0.53061,770
87,PalasietA,Aben FerriA,2023-12-10T12:28:29.097Z,38.985489,-0.534157,False
88,PalasietB,PalasietA,2023-12-10T12:28:29.097Z,38.985252,-0.537441,221
89,Alfons MagnanimB,9 OctubreB,2023-12-10T12:28:29.097Z,38.987144,-0.535236,496
90,Aben FerriA,Alfons MagnanimB,2023-12-10T12:28:29.097Z,38.986084,-0.534517,158
91,Argenteria,PalasietB,2023-12-10T12:28:29.097Z,38.985489,-0.534157,008
92,9 OctubreA,9 OctubreB,2023-12-10T12:28:29.097Z,38.987144,-0.535236,894
93,Ausias MarchA,9 OctubreA,2023-12-10T12:28:29.097Z,38.987684,-0.53061,171
94,Ximen ToviaA,Ausias MarchA,2023-12-10T12:28:29.097Z,38.991913,-0.524291,100
95,Albereda 2,N-340B,2023-12-10T12:28:29.097Z,38.990742,-0.513,081
96,Maulets,N-340B,2023-12-10T12:28:29.097Z,38.992357,-0.519858,304
97,N-340B,N-340A,2023-12-10T12:28:29.097Z,0.0,0.0,False
98,CV-645A,Corts Valencianes 1B,2023-12-10T12:28:39.097Z,38.985252,-0.537441,877
99,Corts Valencianes 1A,Corts Valencianes 1B,2023-12-10T12:28:39.097Z,38.985252,-0.537441,666
100,Corts Valencianes 2A,Alfons MagnanimB,2023-12-10T12:28:39.097Z,38.986084,-0.534517,746
101,PalasietB,Corts Valencianes 1B,2023-12-10T12:28:39.097Z,38.985252,-0.537441,308
102,Aben FerriA,Corts Valencianes 2B,2023-12-10T12:28:39.097Z,38.986084,-0.534517,166
103,Argenteria,Aben FerriA,2023-12-10T12:28:39.097Z,38.985489,-0.534157,544
104,9 OctubreA,9 OctubreB,2023-12-10T12:28:39.097Z,38.987144,-0.535236,916
105,9 OctubreB,Ausias MarchB,2023-12-10T12:28:39.097Z,38.987684,-0.53061,746
106,Reina,Albereda 1,2023-12-10T12:28:39.097Z,38.989955,-0.523503,False
107,Ximen ToviaA,Baixada estacio 1,2023-12-10T12:28:39.097Z,38.991913,-0.524291,119
108,Ximen ToviaB,Gregorio Molina,2023-12-10T12:28:39.097Z,38.992357,-0.519858,988
109,Baixada estacio 2,Albereda 1,2023-12-10T12:28:39.097Z,38.989955,-0.523503,870
110,Albereda 1,Albereda 2,2023-12-10T12:28:39.097Z,38.990122,-0.519633,022
111,Albereda 2,Cosmografo,2023-12-10T12:28:39.097Z,38.990742,-0.513,807
112,Carme 1,Carme 2,2023-12-10T12:28:39.097Z,38.99105,-0.519778,349
113,Maulets,Ximen ToviaA,2023-12-10T12:28:39.097Z,38.992357,-0.519858,716
114,Republica Argentina,Carme 2,2023-12-10T12:28:39.097Z,38.99105,-0.519778,144
115,CV-645B,Beata InesA,2023-12-10T12:28:49.097Z,0.0,0.0,135
116,Corts Valencianes 1B,Corts Valencianes 2B,2023-12-10T12:28:49.097Z,38.986084,-0.534517,717
117,Corts Valencianes 2A,Corts Valencianes 2B,2023-12-10T12:28:49.097Z,38.986084,-0.534517,False
118,Corts Valencianes 2B,9 OctubreA,2023-12-10T12:28:49.097Z,38.987684,-0.53061,090
119,PalasietA,PalasietB,2023-12-10T12:28:49.097Z,38.985489,-0.534157,968
120,PalasietB,Corts Valencianes 1B,2023-12-10T12:28:49.097Z,38.985252,-0.537441,710
121,Alfons MagnanimB,9 OctubreB,2023-12-10T12:28:49.097Z,38.987144,-0.535236,False
122,Aben FerriA,Corts Valencianes 2B,2023-12-10T12:28:49.097Z,38.986084,-0.534517,544
123,9 OctubreA,9 OctubreB,2023-12-10T12:28:49.097Z,38.987144,-0.535236,False
124,9 OctubreB,Corts Valencianes 2A,2023-12-10T12:28:49.097Z,38.987684,-0.53061,365
125,Abu Masaifa,9 OctubreA,2023-12-10T12:28:49.097Z,38.987684,-0.53061,981
126,Ausias MarchB,Ausias MarchA,2023-12-10T12:28:49.097Z,38.991913,-0.524291,994
127,Reina,Republica Argentina,2023-12-10T12:28:49.097Z,38.989955,-0.523503,997
128,Baixada estacio 1,Abu Masaifa,2023-12-10T12:28:49.097Z,38.991213,-0.523787,999
129,Albereda 1,Albereda 2,2023-12-10T12:28:49.097Z,38.990122,-0.519633,200
130,Albereda 2,Cosmografo,2023-12-10T12:28:49.097Z,38.990742,-0.513,999
131,Maulets,Ximen ToviaA,2023-12-10T12:28:49.097Z,38.992357,-0.519858,647
132,N-340A,Carme 1,2023-12-10T12:28:49.097Z,38.992357,-0.519858,419
133,Republica Argentina,Academic Maravall,2023-12-10T12:28:49.097Z,38.99105,-0.519778,928
134,CV-645A,PalasietA,2023-12-10T12:28:59.097Z,38.985252,-0.537441,093
135,CV-645B,CV-645A,2023-12-10T12:28:59.097Z,0.0,0.0,949
136,Corts Valencianes 2A,Corts Valencianes 2B,2023-12-10T12:28:59.097Z,38.986084,-0.534517,496
137,PalasietB,Corts Valencianes 1B,2023-12-10T12:28:59.097Z,38.985252,-0.537441,eXX
138,Alfons MagnanimB,9 OctubreB,2023-12-10T12:28:59.097Z,38.987144,-0.535236,158
139,Argenteria,Aben FerriA,2023-12-10T12:28:59.097Z,38.985489,-0.534157,718
140,9 OctubreB,9 OctubreA,2023-12-10T12:28:59.097Z,38.987684,-0.53061,974
141,Ausias MarchB,Ximen ToviaB,2023-12-10T12:28:59.097Z,38.991913,-0.524291,808
142,Reina,Republica Argentina,2023-12-10T12:28:59.097Z,38.989955,-0.523503,False
143,Baixada estacio 2,Albereda 1,2023-12-10T12:28:59.097Z,38.989955,-0.523503,359
144,Gregorio Molina,Abu Masaifa,2023-12-10T12:28:59.097Z,38.991213,-0.523787,966
145,Albereda 2,Cosmografo,2023-12-10T12:28:59.097Z,38.990742,-0.513,649
146,Carme 2,Albereda 2,2023-12-10T12:28:59.097Z,38.990122,-0.519633,False
147,N-340A,Ximen ToviaA,2023-12-10T12:28:59.097Z,38.992357,-0.519858,261
148,N-340B,N-340A,2023-12-10T12:28:59.097Z,0.0,0.0,False
149,Republica Argentina,Academic Maravall,2023-12-10T12:28:59.097Z,38.99105,-0.519778,802
150,CV-645A,Corts Valencianes 1B,2023-12-10T12:29:09.097Z,38.985252,-0.537441,035
151,Corts Valencianes 1B,Corts Valencianes 2B,2023-12-10T12:29:09.097Z,38.986084,-0.534517,877
152,Corts Valencianes 2B,Ausias MarchB,2023-12-10T12:29:09.097Z,38.987684,-0.53061,107
153,PalasietB,PalasietA,2023-12-10T12:29:09.097Z,38.985252,-0.537441,448
154,Alfons MagnanimB,9 OctubreB,2023-12-10T12:29:09.097Z,38.987144,-0.535236,746
155,Aben FerriA,Corts Valencianes 2B,2023-12-10T12:29:09.097Z,38.986084,-0.534517,718
156,Argenteria,Aben FerriA,2023-12-10T12:29:09.097Z,38.985489,-0.534157,717
157,9 OctubreA,Alfons MagnanimA,2023-12-10T12:29:09.097Z,38.987144,-0.535236,200
158,9 OctubreB,Ausias MarchB,2023-12-10T12:29:09.097Z,38.987684,-0.53061,089
159,Ausias MarchA,Argenteria,2023-12-10T12:29:09.097Z,38.987684,-0.53061,007
160,Ausias MarchB,Ximen ToviaB,2023-12-10T12:29:09.097Z,38.991913,-0.524291,146
161,Beata InesB,N-340A,2023-12-10T12:29:09.097Z,0.0,0.0,964
162,Reina,Albereda 1,2023-12-10T12:29:09.097Z,38.989955,-0.523503,172
163,Ximen ToviaA,Ximen ToviaB,2023-12-10T12:29:09.097Z,38.991913,-0.524291,718
164,Albereda 1,Albereda 2,2023-12-10T12:29:09.097Z,38.990122,-0.519633,071
165,Carme 1,Academic Maravall,2023-12-10T12:29:09.097Z,38.99105,-0.519778,971
166,Academic Maravall,Maulets,2023-12-10T12:29:09.097Z,38.991249,-0.518678,928
167,Maulets,Gregorio Molina,2023-12-10T12:29:09.097Z,38.992357,-0.519858,880
168,N-340A,Gregorio Molina,2023-12-10T12:29:09.097Z,38.992357,-0.519858,994
169,N-340B,Beata InesA,2023-12-10T12:29:09.097Z,0.0,0.0,509
170,CV-645A,PalasietA,2023-12-10T12:29:19.097Z,38.985252,-0.537441,960
171,CV-645B,N-340A,2023-12-10T12:29:19.097Z,0.0,0.0,691
172,Corts Valencianes 1B,Corts Valencianes 2B,2023-12-10T12:29:19.097Z,38.986084,-0.534517,846
173,Corts Valencianes 2B,Argenteria,2023-12-10T12:29:19.097Z,38.987684,-0.53061,717
174,PalasietA,Aben FerriA,2023-12-10T12:29:19.097Z,38.985489,-0.534157,221
175,PalasietB,PalasietA,2023-12-10T12:29:19.097Z,38.985252,-0.537441,False
176,Alfons MagnanimA,Corts Valencianes 2B,2023-12-10T12:29:19.097Z,38.986084,-0.534517,240
177,Aben FerriA,Corts Valencianes 1A,2023-12-10T12:29:19.097Z,38.986084,-0.534517,777
178,Argenteria,PalasietB,2023-12-10T12:29:19.097Z,38.985489,-0.534157,999
179,9 OctubreA,Alfons MagnanimA,2023-12-10T12:29:19.097Z,38.987144,-0.535236,277
180,9 OctubreB,Beata InesB,2023-12-10T12:29:19.097Z,38.987684,-0.53061,974
181,Ausias MarchA,Corts Valencianes 2A,2023-12-10T12:29:19.097Z,38.987684,-0.53061,994
182,Beata InesB,CV-645A,2023-12-10T12:29:19.097Z,0.0,0.0,769
183,Reina,Albereda 1,2023-12-10T12:29:19.097Z,38.989955,-0.523503,False
184,Ximen ToviaA,Ximen ToviaB,2023-12-10T12:29:19.097Z,38.991913,-0.524291,647
185,Carme 1,Academic Maravall,2023-12-10T12:29:19.097Z,38.99105,-0.519778,419
186,Carme 2,Albereda 2,2023-12-10T12:29:19.097Z,38.990122,-0.519633,181
187,Academic Maravall,Maulets,2023-12-10T12:29:19.097Z,38.991249,-0.518678,802
188,Cosmografo,Maulets,2023-12-10T12:29:19.097Z,38.991249,-0.518678,906
189,N-340A,Carme 1,2023-12-10T12:29:19.097Z,38.992357,-0.519858,769
190,N-340B,CV-645A,2023-12-10T12:29:19.097Z,0.0,0.0,791
191,CV-645B,CV-645A,2023-12-10T12:29:29.097Z,0.0,0.0,False
192,Corts Valencianes 1B,Corts Valencianes 2B,2023-12-10T12:29:29.097Z,38.986084,-0.534517,108
193,Corts Valencianes 2A,Alfons MagnanimB,2023-12-10T12:29:29.097Z,38.986084,-0.534517,365
194,Corts Valencianes 2B,Reina,2023-12-10T12:29:29.097Z,38.987684,-0.53061,769
195,PalasietA,PalasietB,2023-12-10T12:29:29.097Z,38.985489,-0.534157,157
196,Alfons MagnanimA,Alfons MagnanimB,2023-12-10T12:29:29.097Z,38.986084,-0.534517,277
197,Aben FerriA,Alfons MagnanimB,2023-12-10T12:29:29.097Z,38.986084,-0.534517,223
198,9 OctubreA,Alfons MagnanimA,2023-12-10T12:29:29.097Z,38.987144,-0.535236,935
199,9 OctubreB,Corts Valencianes 2A,2023-12-10T12:29:29.097Z,38.987684,-0.53061,054
200,Ausias MarchB,Ximen ToviaB,2023-12-10T12:29:29.097Z,38.991913,-0.524291,331
201,Reina,Republica Argentina,2023-12-10T12:29:29.097Z,38.989955,-0.523503,False
202,Ximen ToviaB,Ximen ToviaA,2023-12-10T12:29:29.097Z,38.992357,-0.519858,606
203,Albereda 2,Cosmografo,2023-12-10T12:29:29.097Z,38.990742,-0.513,794
204,Carme 1,Carme 2,2023-12-10T12:29:29.097Z,38.99105,-0.519778,623
205,Maulets,Gregorio Molina,2023-12-10T12:29:29.097Z,38.992357,-0.519858,482
206,N-340A,Ximen ToviaA,2023-12-10T12:29:29.097Z,38.992357,-0.519858,850
207,Corts Valencianes 1A,PalasietA,2023-12-10T12:29:39.097Z,38.985252,-0.537441,717
208,Corts Valencianes 1B,Corts Valencianes 1A,2023-12-10T12:29:39.097Z,38.986084,-0.534517,797
209,Corts Valencianes 2B,9 OctubreA,2023-12-10T12:29:39.097Z,38.987684,-0.53061,229
210,PalasietA,PalasietB,2023-12-10T12:29:39.097Z,38.985489,-0.534157,476
211,PalasietB,CV-645B,2023-12-10T12:29:39.097Z,38.985252,-0.537441,False
212,Alfons MagnanimA,Corts Valencianes 2B,2023-12-10T12:29:39.097Z,38.986084,-0.534517,935
213,Aben FerriB,PalasietB,2023-12-10T12:29:39.097Z,38.985489,-0.534157,627
214,9 OctubreA,Alfons MagnanimA,2023-12-10T12:29:39.097Z,38.987144,-0.535236,False
215,9 OctubreB,Argenteria,2023-12-10T12:29:39.097Z,38.987684,-0.53061,392
216,Reina,Republica Argentina,2023-12-10T12:29:39.097Z,38.989955,-0.523503,061
217,Ximen ToviaB,Ximen ToviaA,2023-12-10T12:29:39.097Z,38.992357,-0.519858,146
218,Gregorio Molina,Abu Masaifa,2023-12-10T12:29:39.097Z,38.991213,-0.523787,801
219,Albereda 2,N-340B,2023-12-10T12:29:39.097Z,38.990742,-0.513,317
220,Carme 1,Academic Maravall,2023-12-10T12:29:39.097Z,38.99105,-0.519778,719
221,Carme 2,Albereda 2,2023-12-10T12:29:39.097Z,38.990122,-0.519633,False
222,Maulets,N-340B,2023-12-10T12:29:39.097Z,38.992357,-0.519858,472
223,N-340A,Gregorio Molina,2023-12-10T12:29:39.097Z,38.992357,-0.519858,718
224,Corts Valencianes 1B,Corts Valencianes 1A,2023-12-10T12:29:49.097Z,38.986084,-0.534517,710
225,Corts Valencianes 2B,Ausias MarchB,2023-12-10T12:29:49.097Z,38.987684,-0.53061,496
226,PalasietA,Aben FerriA,2023-12-10T12:29:49.097Z,38.985489,-0.534157,False
227,PalasietB,Corts Valencianes 1B,2023-12-10T12:29:49.097Z,38.985252,-0.537441,271
228,Alfons MagnanimA,Aben FerriB,2023-12-10T12:29:49.097Z,38.986084,-0.534517,False
229,Alfons MagnanimB,Alfons MagnanimA,2023-12-10T12:29:49.097Z,38.987144,-0.535236,360
230,Argenteria,PalasietB,2023-12-10T12:29:49.097Z,38.985489,-0.534157,717
231,9 OctubreA,9 OctubreB,2023-12-10T12:29:49.097Z,38.987144,-0.535236,522
232,9 OctubreB,Beata InesB,2023-12-10T12:29:49.097Z,38.987684,-0.53061,496
233,Abu Masaifa,Ausias MarchB,2023-12-10T12:29:49.097Z,38.987684,-0.53061,966
234,Ausias MarchA,Argenteria,2023-12-10T12:29:49.097Z,38.987684,-0.53061,330
235,Ausias MarchB,Ximen ToviaB,2023-12-10T12:29:49.097Z,38.991913,-0.524291,089
236,Reina,Republica Argentina,2023-12-10T12:29:49.097Z,38.989955,-0.523503,304
237,Ximen ToviaA,Ausias MarchA,2023-12-10T12:29:49.097Z,38.991913,-0.524291,808
238,Ximen ToviaB,N-340B,2023-12-10T12:29:49.097Z,38.992357,-0.519858,False
239,Gregorio Molina,Baixada estacio 2,2023-12-10T12:29:49.097Z,38.991213,-0.523787,810
240,Albereda 2,N-340B,2023-12-10T12:29:49.097Z,38.990742,-0.513,708
241,Academic Maravall,Maulets,2023-12-10T12:29:49.097Z,38.991249,-0.518678,971
242,Maulets,Ximen ToviaA,2023-12-10T12:29:49.097Z,38.992357,-0.519858,610
243,Republica Argentina,Carme 2,2023-12-10T12:29:49.097Z,38.99105,-0.519778,False
244,Corts Valencianes 1A,PalasietA,2023-12-10T12:29:59.097Z,38.985252,-0.537441,False
245,Corts Valencianes 2B,Corts Valencianes 2A,2023-12-10T12:29:59.097Z,38.987684,-0.53061,877
246,PalasietB,CV-645B,2023-12-10T12:29:59.097Z,38.985252,-0.537441,008
247,Alfons MagnanimA,Corts Valencianes 1A,2023-12-10T12:29:59.097Z,38.986084,-0.534517,365
248,Aben FerriB,Aben FerriA,2023-12-10T12:29:59.097Z,38.985489,-0.534157,False
249,9 OctubreB,Ausias MarchB,2023-12-10T12:29:59.097Z,38.987684,-0.53061,694
250,Abu Masaifa,Ausias MarchB,2023-12-10T12:29:59.097Z,38.987684,-0.53061,False
251,Ausias MarchB,Ausias MarchA,2023-12-10T12:29:59.097Z,38.991913,-0.524291,049
252,Reina,Republica Argentina,2023-12-10T12:29:59.097Z,38.989955,-0.523503,527
253,Ximen ToviaA,Baixada estacio 1,2023-12-10T12:29:59.097Z,38.991913,-0.524291,906
254,Gregorio Molina,Abu Masaifa,2023-12-10T12:29:59.097Z,38.991213,-0.523787,462
255,Carme 2,Albereda 2,2023-12-10T12:29:59.097Z,38.990122,-0.519633,789
256,N-340A,Carme 1,2023-12-10T12:29:59.097Z,38.992357,-0.519858,891
257,Corts Valencianes 2A,Corts Valencianes 1A,2023-12-10T12:30:09.097Z,38.986084,-0.534517,999
258,PalasietB,Corts Valencianes 1B,2023-12-10T12:30:09.097Z,38.985252,-0.537441,968
259,Alfons MagnanimB,9 OctubreB,2023-12-10T12:30:09.097Z,38.987144,-0.535236,277
260,Aben FerriA,Alfons MagnanimB,2023-12-10T12:30:09.097Z,38.986084,-0.534517,False
261,9 OctubreA,9 OctubreB,2023-12-10T12:30:09.097Z,38.987144,-0.535236,716
262,9 OctubreB,Beata InesB,2023-12-10T12:30:09.097Z,38.987684,-0.53061,119
263,Reina,Republica Argentina,2023-12-10T12:30:09.097Z,38.989955,-0.523503,234
264,Ximen ToviaA,Ausias MarchA,2023-12-10T12:30:09.097Z,38.991913,-0.524291,146
265,Baixada estacio 1,Baixada estacio 2,2023-12-10T12:30:09.097Z,38.991213,-0.523787,850
266,Gregorio Molina,Abu Masaifa,2023-12-10T12:30:09.097Z,38.991213,-0.523787,118
267,Carme 1,Academic Maravall,2023-12-10T12:30:09.097Z,38.99105,-0.519778,619
268,Academic Maravall,Maulets,2023-12-10T12:30:09.097Z,38.991249,-0.518678,419
269,Maulets,Ximen ToviaA,2023-12-10T12:30:09.097Z,38.992357,-0.519858,699
270,N-340A,Ximen ToviaA,2023-12-10T12:30:09.097Z,38.992357,-0.519858,604
271,CV-645A,Corts Valencianes 1B,2023-12-10T12:30:19.097Z,38.985252,-0.537441,228
272,Corts Valencianes 1A,CV-645B,2023-12-10T12:30:19.097Z,38.985252,-0.537441,149
273,Corts Valencianes 1B,Alfons MagnanimB,2023-12-10T12:30:19.097Z,38.986084,-0.534517,False
274,Corts Valencianes 2A,Aben FerriB,2023-12-10T12:30:19.097Z,38.986084,-0.534517,False
275,Corts Valencianes 2B,Argenteria,2023-12-10T12:30:19.097Z,38.987684,-0.53061,846
276,PalasietA,Aben FerriA,2023-12-10T12:30:19.097Z,38.985489,-0.534157,448
277,PalasietB,CV-645B,2023-12-10T12:30:19.097Z,38.985252,-0.537441,100
278,Alfons MagnanimB,9 OctubreB,2023-12-10T12:30:19.097Z,38.987144,-0.535236,696
279,9 OctubreA,Alfons MagnanimA,2023-12-10T12:30:19.097Z,38.987144,-0.535236,090
280,9 OctubreB,Reina,2023-12-10T12:30:19.097Z,38.987684,-0.53061,696
281,Abu Masaifa,Ausias MarchB,2023-12-10T12:30:19.097Z,38.987684,-0.53061,880
282,Ausias MarchB,Ausias MarchA,2023-12-10T12:30:19.097Z,38.991913,-0.524291,339
283,Beata InesA,Corts Valencianes 2A,2023-12-10T12:30:19.097Z,38.987684,-0.53061,135
284,Beata InesB,CV-645A,2023-12-10T12:30:19.097Z,0.0,0.0,050
285,Ximen ToviaA,Ximen ToviaB,2023-12-10T12:30:19.097Z,38.991913,-0.524291,498
286,Academic Maravall,Maulets,2023-12-10T12:30:19.097Z,38.991249,-0.518678,735
287,N-340B,Beata InesA,2023-12-10T12:30:19.097Z,0.0,0.0,False
288,Republica Argentina,Carme 2,2023-12-10T12:30:19.097Z,38.99105,-0.519778,False
289,CV-645A,Corts Valencianes 1B,2023-12-10T12:30:29.097Z,38.985252,-0.537441,791
290,CV-645B,CV-645A,2023-12-10T12:30:29.097Z,0.0,0.0,699
291,Corts Valencianes 1A,CV-645B,2023-12-10T12:30:29.097Z,38.985252,-0.537441,975
292,Corts Valencianes 1B,Corts Valencianes 2B,2023-12-10T12:30:29.097Z,38.986084,-0.534517,035
293,Corts Valencianes 2A,Alfons MagnanimB,2023-12-10T12:30:29.097Z,38.986084,-0.534517,699
294,Corts Valencianes 2B,Argenteria,2023-12-10T12:30:29.097Z,38.987684,-0.53061,240
295,PalasietA,Aben FerriA,2023-12-10T12:30:29.097Z,38.985489,-0.534157,960
296,PalasietB,CV-645B,2023-12-10T12:30:29.097Z,38.985252,-0.537441,197
297,Alfons MagnanimB,Alfons MagnanimA,2023-12-10T12:30:29.097Z,38.987144,-0.535236,False
298,Aben FerriA,Corts Valencianes 1A,2023-12-10T12:30:29.097Z,38.986084,-0.534517,448
299,Aben FerriB,Aben FerriA,2023-12-10T12:30:29.097Z,38.985489,-0.534157,False
300,Argenteria,PalasietB,2023-12-10T12:30:29.097Z,38.985489,-0.534157,392
301,9 OctubreA,9 OctubreB,2023-12-10T12:30:29.097Z,38.987144,-0.535236,991
302,9 OctubreB,Reina,2023-12-10T12:30:29.097Z,38.987684,-0.53061,False
303,Ausias MarchA,Corts Valencianes 2A,2023-12-10T12:30:29.097Z,38.987684,-0.53061,False
304,Beata InesA,Ausias MarchB,2023-12-10T12:30:29.097Z,38.987684,-0.53061,False
305,Cosmografo,Maulets,2023-12-10T12:30:29.097Z,38.991249,-0.518678,308
306,Republica Argentina,Academic Maravall,2023-12-10T12:30:29.097Z,38.99105,-0.519778,061
307,Corts Valencianes 1A,Corts Valencianes 1B,2023-12-10T12:30:39.097Z,38.985252,-0.537441,999
308,Corts Valencianes 1B,Corts Valencianes 2B,2023-12-10T12:30:39.097Z,38.986084,-0.534517,751
309,Corts Valencianes 2B,Ausias MarchB,2023-12-10T12:30:39.097Z,38.987684,-0.53061,908
310,PalasietB,CV-645B,2023-12-10T12:30:39.097Z,38.985252,-0.537441,310
311,Alfons MagnanimA,Alfons MagnanimB,2023-12-10T12:30:39.097Z,38.986084,-0.534517,050
312,Alfons MagnanimB,9 OctubreB,2023-12-10T12:30:39.097Z,38.987144,-0.535236,False
313,Aben FerriB,PalasietB,2023-12-10T12:30:39.097Z,38.985489,-0.534157,837
314,9 OctubreA,Alfons MagnanimA,2023-12-10T12:30:39.097Z,38.987144,-0.535236,974
315,9 OctubreB,Reina,2023-12-10T12:30:39.097Z,38.987684,-0.53061,158
316,Ausias MarchA,Argenteria,2023-12-10T12:30:39.097Z,38.987684,-0.53061,094
317,Ximen ToviaA,Ausias MarchA,2023-12-10T12:30:39.097Z,38.991913,-0.524291,756
318,Albereda 2,N-340B,2023-12-10T12:30:39.097Z,38.990742,-0.513,484
319,Maulets,N-340B,2023-12-10T12:30:39.097Z,38.992357,-0.519858,070
320,Republica Argentina,Academic Maravall,2023-12-10T12:30:39.097Z,38.99105,-0.519778,304
321,CV-645A,Corts Valencianes 1B,2023-12-10T12:30:49.097Z,38.985252,-0.537441,717
322,Corts Valencianes 2B,Corts Valencianes 2A,2023-12-10T12:30:49.097Z,38.987684,-0.53061,935
323,PalasietA,Aben FerriA,2023-12-10T12:30:49.097Z,38.985489,-0.534157,460
324,PalasietB,PalasietA,2023-12-10T12:30:49.097Z,38.985252,-0.537441,954
325,Alfons MagnanimA,Aben FerriB,2023-12-10T12:30:49.097Z,38.986084,-0.534517,False
326,Alfons MagnanimB,Alfons MagnanimA,2023-12-10T12:30:49.097Z,38.987144,-0.535236,817
327,Aben FerriA,Aben FerriB,2023-12-10T12:30:49.097Z,38.986084,-0.534517,949
328,Argenteria,PalasietB,2023-12-10T12:30:49.097Z,38.985489,-0.534157,338
329,9 OctubreA,9 OctubreB,2023-12-10T12:30:49.097Z,38.987144,-0.535236,229
330,9 OctubreB,9 OctubreA,2023-12-10T12:30:49.097Z,38.987684,-0.53061,736
331,Ausias MarchB,Ximen ToviaB,2023-12-10T12:30:49.097Z,38.991913,-0.524291,060
332,Reina,Albereda 1,2023-12-10T12:30:49.097Z,38.989955,-0.523503,465
333,Ximen ToviaA,Ausias MarchA,2023-12-10T12:30:49.097Z,38.991913,-0.524291,604
334,Albereda 1,Albereda 2,2023-12-10T12:30:49.097Z,38.990122,-0.519633,665
335,Albereda 2,Cosmografo,2023-12-10T12:30:49.097Z,38.990742,-0.513,897
336,Cosmografo,Maulets,2023-12-10T12:30:49.097Z,38.991249,-0.518678,262
337,Maulets,Ximen ToviaA,2023-12-10T12:30:49.097Z,38.992357,-0.519858,622
338,N-340B,Beata InesA,2023-12-10T12:30:49.097Z,0.0,0.0,784
339,CV-645A,PalasietA,2023-12-10T12:30:59.097Z,38.985252,-0.537441,090
340,Corts Valencianes 1A,CV-645B,2023-12-10T12:30:59.097Z,38.985252,-0.537441,969
341,Corts Valencianes 2B,Argenteria,2023-12-10T12:30:59.097Z,38.987684,-0.53061,910
342,PalasietA,PalasietB,2023-12-10T12:30:59.097Z,38.985489,-0.534157,777
343,Alfons MagnanimA,Corts Valencianes 1A,2023-12-10T12:30:59.097Z,38.986084,-0.534517,297
344,Alfons MagnanimB,9 OctubreB,2023-12-10T12:30:59.097Z,38.987144,-0.535236,050
345,Aben FerriB,PalasietB,2023-12-10T12:30:59.097Z,38.985489,-0.534157,093
346,9 OctubreB,Ausias MarchB,2023-12-10T12:30:59.097Z,38.987684,-0.53061,522
347,Ausias MarchA,Reina,2023-12-10T12:30:59.097Z,38.987684,-0.53061,746
348,Ausias MarchB,Ausias MarchA,2023-12-10T12:30:59.097Z,38.991913,-0.524291,966
349,Ximen ToviaA,Ausias MarchA,2023-12-10T12:30:59.097Z,38.991913,-0.524291,140
350,Albereda 1,Albereda 2,2023-12-10T12:30:59.097Z,38.990122,-0.519633,816
351,Academic Maravall,Maulets,2023-12-10T12:30:59.097Z,38.991249,-0.518678,891
352,Maulets,Gregorio Molina,2023-12-10T12:30:59.097Z,38.992357,-0.519858,780
353,N-340B,Beata InesA,2023-12-10T12:30:59.097Z,0.0,0.0,105
354,CV-645A,Corts Valencianes 1B,2023-12-10T12:31:09.097Z,38.985252,-0.537441,903
355,CV-645B,Beata InesA,2023-12-10T12:31:09.097Z,0.0,0.0,818
356,Corts Valencianes 1A,CV-645B,2023-12-10T12:31:09.097Z,38.985252,-0.537441,297
357,Corts Valencianes 1B,Corts Valencianes 2B,2023-12-10T12:31:09.097Z,38.986084,-0.534517,968
358,Corts Valencianes 2A,Alfons MagnanimB,2023-12-10T12:31:09.097Z,38.986084,-0.534517,135
359,Corts Valencianes 2B,Argenteria,2023-12-10T12:31:09.097Z,38.987684,-0.53061,197
360,PalasietB,CV-645B,2023-12-10T12:31:09.097Z,38.985252,-0.537441,717
361,Alfons MagnanimA,Corts Valencianes 1A,2023-12-10T12:31:09.097Z,38.986084,-0.534517,877
362,Alfons MagnanimB,9 OctubreB,2023-12-10T12:31:09.097Z,38.987144,-0.535236,081
363,Aben FerriA,Alfons MagnanimB,2023-12-10T12:31:09.097Z,38.986084,-0.534517,460
364,Aben FerriB,PalasietB,2023-12-10T12:31:09.097Z,38.985489,-0.534157,949
365,9 OctubreA,Alfons MagnanimA,2023-12-10T12:31:09.097Z,38.987144,-0.535236,746
366,Beata InesA,Ausias MarchB,2023-12-10T12:31:09.097Z,38.987684,-0.53061,477
367,Reina,Albereda 1,2023-12-10T12:31:09.097Z,38.989955,-0.523503,626
368,Ximen ToviaB,N-340B,2023-12-10T12:31:09.097Z,38.992357,-0.519858,647
369,Albereda 2,N-340B,2023-12-10T12:31:09.097Z,38.990742,-0.513,569
370,Carme 1,Academic Maravall,2023-12-10T12:31:09.097Z,38.99105,-0.519778,262
371,Academic Maravall,Maulets,2023-12-10T12:31:09.097Z,38.991249,-0.518678,067
372,Maulets,Ximen ToviaA,2023-12-10T12:31:09.097Z,38.992357,-0.519858,086
373,N-340A,Ximen ToviaA,2023-12-10T12:31:09.097Z,38.992357,-0.519858,796
374,N-340B,N-340A,2023-12-10T12:31:09.097Z,0.0,0.0,552
375,Corts Valencianes 1B,Alfons MagnanimB,2023-12-10T12:31:19.097Z,38.986084,-0.534517,228
376,Corts Valencianes 2A,Corts Valencianes 2B,2023-12-10T12:31:19.097Z,38.986084,-0.534517,False
377,Corts Valencianes 2B,Corts Valencianes 2A,2023-12-10T12:31:19.097Z,38.987684,-0.53061,968
378,PalasietA,Aben FerriA,2023-12-10T12:31:19.097Z,38.985489,-0.534157,False
379,PalasietB,Corts Valencianes 1B,2023-12-10T12:31:19.097Z,38.985252,-0.537441,392
380,Alfons MagnanimA,Corts Valencianes 2B,2023-12-10T12:31:19.097Z,38.986084,-0.534517,746
381,Alfons MagnanimB,9 OctubreB,2023-12-10T12:31:19.097Z,38.987144,-0.535236,135
382,Ausias MarchA,Beata InesB,2023-12-10T12:31:19.097Z,38.987684,-0.53061,339
383,Ausias MarchB,Baixada estacio 1,2023-12-10T12:31:19.097Z,38.991913,-0.524291,699
384,Beata InesA,Reina,2023-12-10T12:31:19.097Z,38.987684,-0.53061,794
385,Beata InesB,CV-645A,2023-12-10T12:31:19.097Z,0.0,0.0,553
386,Reina,Republica Argentina,2023-12-10T12:31:19.097Z,38.989955,-0.523503,897
387,Ximen ToviaA,Ximen ToviaB,2023-12-10T12:31:19.097Z,38.991913,-0.524291,622
388,Albereda 1,Albereda 2,2023-12-10T12:31:19.097Z,38.990122,-0.519633,080
389,Carme 2,Albereda 2,2023-12-10T12:31:19.097Z,38.990122,-0.519633,661
390,Academic Maravall,Maulets,2023-12-10T12:31:19.097Z,38.991249,-0.518678,304
391,Cosmografo,Maulets,2023-12-10T12:31:19.097Z,38.991249,-0.518678,992
392,N-340A,Ximen ToviaA,2023-12-10T12:31:19.097Z,38.992357,-0.519858,469
393,N-340B,Beata InesA,2023-12-10T12:31:19.097Z,0.0,0.0,820
394,CV-645B,N-340A,2023-12-10T12:31:29.097Z,0.0,0.0,653
395,Corts Valencianes 1A,PalasietA,2023-12-10T12:31:29.097Z,38.985252,-0.537441,699
396,Corts Valencianes 1B,Corts Valencianes 2B,2023-12-10T12:31:29.097Z,38.986084,-0.534517,701
397,Corts Valencianes 2A,Corts Valencianes 1A,2023-12-10T12:31:29.097Z,38.986084,-0.534517,916
398,Corts Valencianes 2B,Argenteria,2023-12-10T12:31:29.097Z,38.987684,-0.53061,808
399,PalasietA,Aben FerriA,2023-12-10T12:31:29.097Z,38.985489,-0.534157,994
400,PalasietB,CV-645B,2023-12-10T12:31:29.097Z,38.985252,-0.537441,837
401,Alfons MagnanimB,9 OctubreB,2023-12-10T12:31:29.097Z,38.987144,-0.535236,480
402,Aben FerriA,Aben FerriB,2023-12-10T12:31:29.097Z,38.986084,-0.534517,False
403,Argenteria,PalasietB,2023-12-10T12:31:29.097Z,38.985489,-0.534157,False
404,9 OctubreB,Corts Valencianes 2A,2023-12-10T12:31:29.097Z,38.987684,-0.53061,632
405,Ausias MarchB,Ximen ToviaB,2023-12-10T12:31:29.097Z,38.991913,-0.524291,637
406,Beata InesA,Ausias MarchB,2023-12-10T12:31:29.097Z,38.987684,-0.53061,106
407,Reina,Republica Argentina,2023-12-10T12:31:29.097Z,38.989955,-0.523503,False
408,Ximen ToviaA,Ausias MarchA,2023-12-10T12:31:29.097Z,38.991913,-0.524291,086
409,Ximen ToviaB,Gregorio Molina,2023-12-10T12:31:29.097Z,38.992357,-0.519858,601
410,Albereda 2,Cosmografo,2023-12-10T12:31:29.097Z,38.990742,-0.513,835
411,Maulets,Gregorio Molina,2023-12-10T12:31:29.097Z,38.992357,-0.519858,394
412,N-340A,Ximen ToviaA,2023-12-10T12:31:29.097Z,38.992357,-0.519858,669
413,CV-645B,Beata InesA,2023-12-10T12:31:39.097Z,0.0,0.0,063
414,Corts Valencianes 1A,CV-645B,2023-12-10T12:31:39.097Z,38.985252,-0.537441,916
415,Corts Valencianes 1B,Aben FerriB,2023-12-10T12:31:39.097Z,38.986084,-0.534517,999
416,Corts Valencianes 2A,Corts Valencianes 1A,2023-12-10T12:31:39.097Z,38.986084,-0.534517,968
417,Corts Valencianes 2B,Ausias MarchB,2023-12-10T12:31:39.097Z,38.987684,-0.53061,746
418,PalasietA,Aben FerriA,2023-12-10T12:31:39.097Z,38.985489,-0.534157,050
419,PalasietB,Corts Valencianes 1B,2023-12-10T12:31:39.097Z,38.985252,-0.537441,330
420,Aben FerriA,Corts Valencianes 2B,2023-12-10T12:31:39.097Z,38.986084,-0.534517,954
421,Aben FerriB,PalasietB,2023-12-10T12:31:39.097Z,38.985489,-0.534157,False
422,9 OctubreB,Argenteria,2023-12-10T12:31:39.097Z,38.987684,-0.53061,211
423,Abu Masaifa,Reina,2023-12-10T12:31:39.097Z,38.987684,-0.53061,False
424,Ausias MarchA,Ausias MarchB,2023-12-10T12:31:39.097Z,38.987684,-0.53061,499
425,Ausias MarchB,Ausias MarchA,2023-12-10T12:31:39.097Z,38.991913,-0.524291,880
426,Beata InesA,Argenteria,2023-12-10T12:31:39.097Z,38.987684,-0.53061,818
427,Ximen ToviaB,Carme 1,2023-12-10T12:31:39.097Z,38.992357,-0.519858,610
428,Baixada estacio 1,Baixada estacio 2,2023-12-10T12:31:39.097Z,38.991213,-0.523787,699
429,Albereda 2,Cosmografo,2023-12-10T12:31:39.097Z,38.990742,-0.513,831
430,Academic Maravall,Maulets,2023-12-10T12:31:39.097Z,38.991249,-0.518678,232
431,N-340A,Carme 1,2023-12-10T12:31:39.097Z,38.992357,-0.519858,691
432,Republica Argentina,Academic Maravall,2023-12-10T12:31:39.097Z,38.99105,-0.519778,527
433,CV-645B,N-340A,2023-12-10T12:31:49.097Z,0.0,0.0,851
434,Corts Valencianes 1B,Corts Valencianes 1A,2023-12-10T12:31:49.097Z,38.986084,-0.534517,False
435,Corts Valencianes 2A,Corts Valencianes 2B,2023-12-10T12:31:49.097Z,38.986084,-0.534517,169
436,Corts Valencianes 2B,9 OctubreA,2023-12-10T12:31:49.097Z,38.987684,-0.53061,781
437,Aben FerriA,Corts Valencianes 2B,2023-12-10T12:31:49.097Z,38.986084,-0.534517,050
438,Aben FerriB,Aben FerriA,2023-12-10T12:31:49.097Z,38.985489,-0.534157,994
439,Argenteria,Aben FerriA,2023-12-10T12:31:49.097Z,38.985489,-0.534157,910
440,Ausias MarchB,Ausias MarchA,2023-12-10T12:31:49.097Z,38.991913,-0.524291,509
441,Beata InesA,Reina,2023-12-10T12:31:49.097Z,38.987684,-0.53061,820
442,Reina,Albereda 1,2023-12-10T12:31:49.097Z,38.989955,-0.523503,False
443,Baixada estacio 2,Republica Argentina,2023-12-10T12:31:49.097Z,38.989955,-0.523503,894
444,Albereda 1,Albereda 2,2023-12-10T12:31:49.097Z,38.990122,-0.519633,367
445,Carme 1,Academic Maravall,2023-12-10T12:31:49.097Z,38.99105,-0.519778,198
446,Carme 2,Albereda 2,2023-12-10T12:31:49.097Z,38.990122,-0.519633,870
447,Academic Maravall,Maulets,2023-12-10T12:31:49.097Z,38.991249,-0.518678,927
448,N-340B,CV-645A,2023-12-10T12:31:49.097Z,0.0,0.0,163
449,CV-645A,Corts Valencianes 1B,2023-12-10T12:31:59.097Z,38.985252,-0.537441,553
450,Corts Valencianes 1A,CV-645B,2023-12-10T12:31:59.097Z,38.985252,-0.537441,968
451,Corts Valencianes 2A,Corts Valencianes 2B,2023-12-10T12:31:59.097Z,38.986084,-0.534517,632
452,Corts Valencianes 2B,Beata InesB,2023-12-10T12:31:59.097Z,38.987684,-0.53061,954
453,PalasietA,PalasietA,2023-12-10T12:31:59.097Z,38.985489,-0.534157,699
454,PalasietB,Corts Valencianes 1B,2023-12-10T12:31:59.097Z,38.985252,-0.537441,799
455,Aben FerriA,Corts Valencianes 2B,2023-12-10T12:31:59.097Z,38.986084,-0.534517,994
456,9 OctubreB,Reina,2023-12-10T12:31:59.097Z,38.987684,-0.53061,696
457,Ausias MarchA,Argenteria,2023-12-10T12:31:59.097Z,38.987684,-0.53061,699
458,Beata InesB,CV-645A,2023-12-10T12:31:59.097Z,0.0,0.0,966
459,Reina,Albereda 1,2023-12-10T12:31:59.097Z,38.989955,-0.523503,407
460,Ximen ToviaA,Baixada estacio 1,2023-12-10T12:31:59.097Z,38.991913,-0.524291,False
461,Gregorio Molina,Abu Masaifa,2023-12-10T12:31:59.097Z,38.991213,-0.523787,780
462,N-340A,Carme 1,2023-12-10T12:31:59.097Z,38.992357,-0.519858,920
463,N-340B,N-340A,2023-12-10T12:31:59.097Z,0.0,0.0,024
464,Republica Argentina,Academic Maravall,2023-12-10T12:31:59.097Z,38.99105,-0.519778,949
465,CV-645B,CV-645A,2023-12-10T12:32:09.097Z,0.0,0.0,679
466,Corts Valencianes 1A,Corts Valencianes 1A,2023-12-10T12:32:09.097Z,38.985252,-0.537441,False
467,Corts Valencianes 1B,Aben FerriB,2023-12-10T12:32:09.097Z,38.986084,-0.534517,903
468,Corts Valencianes 2A,Corts Valencianes 1A,2023-12-10T12:32:09.097Z,38.986084,-0.534517,437
469,Corts Valencianes 2B,Argenteria,2023-12-10T12:32:09.097Z,38.987684,-0.53061,814
470,PalasietB,Corts Valencianes 1B,2023-12-10T12:32:09.097Z,38.985252,-0.537441,False
471,Aben FerriA,Alfons MagnanimB,2023-12-10T12:32:09.097Z,38.986084,-0.534517,019
472,Argenteria,PalasietB,2023-12-10T12:32:09.097Z,38.985489,-0.534157,197
473,9 OctubreA,9 OctubreB,2023-12-10T12:32:09.097Z,38.987144,-0.535236,791
474,Ausias MarchA,Beata InesB,2023-12-10T12:32:09.097Z,38.987684,-0.53061,False
475,Ausias MarchB,Ximen ToviaB,2023-12-10T12:32:09.097Z,38.991913,-0.524291,522
476,Reina,Republica Argentina,2023-12-10T12:32:09.097Z,38.989955,-0.523503,919
477,Ximen ToviaA,Baixada estacio 1,2023-12-10T12:32:09.097Z,38.991913,-0.524291,364
478,Ximen ToviaB,N-340B,2023-12-10T12:32:09.097Z,38.992357,-0.519858,496
479,Baixada estacio 1,Baixada estacio 2,2023-12-10T12:32:09.097Z,38.991213,-0.523787,False
480,Albereda 2,N-340B,2023-12-10T12:32:09.097Z,38.990742,-0.513,False
481,Carme 1,Academic Maravall,2023-12-10T12:32:09.097Z,38.99105,-0.519778,898
482,Academic Maravall,Maulets,2023-12-10T12:32:09.097Z,38.991249,-0.518678,397
483,Maulets,N-340B,2023-12-10T12:32:09.097Z,38.992357,-0.519858,XXX
484,N-340B,N-340A,2023-12-10T12:32:09.097Z,0.0,0.0,499
485,CV-645A,Corts Valencianes 1B,2023-12-10T12:32:19.097Z,38.985252,-0.537441,163
486,Corts Valencianes 1A,Corts Valencianes 1B,2023-12-10T12:32:19.097Z,38.985252,-0.537441,437
487,Corts Valencianes 1B,Aben FerriB,2023-12-10T12:32:19.097Z,38.986084,-0.534517,392
488,PalasietA,PalasietB,2023-12-10T12:32:19.097Z,38.985489,-0.534157,308
489,Alfons MagnanimA,Corts Valencianes 2B,2023-12-10T12:32:19.097Z,38.986084,-0.534517,981
490,Aben FerriA,Corts Valencianes 1A,2023-12-10T12:32:19.097Z,38.986084,-0.534517,094
491,Aben FerriB,PalasietB,2023-12-10T12:32:19.097Z,38.985489,-0.534157,903
492,Ausias MarchA,Beata InesB,2023-12-10T12:32:19.097Z,38.987684,-0.53061,699
493,Beata InesA,Argenteria,2023-12-10T12:32:19.097Z,38.987684,-0.53061,063
494,Reina,Albereda 1,2023-12-10T12:32:19.097Z,38.989955,-0.523503,078
495,Gregorio Molina,Baixada estacio 2,2023-12-10T12:32:19.097Z,38.991213,-0.523787,394
496,Carme 1,Academic Maravall,2023-12-10T12:32:19.097Z,38.99105,-0.519778,False
497,Cosmografo,Maulets,2023-12-10T12:32:19.097Z,38.991249,-0.518678,849
498,Maulets,Ximen ToviaA,2023-12-10T12:32:19.097Z,38.992357,-0.519858,799
499,N-340B,Beata InesA,2023-12-10T12:32:19.097Z,0.0,0.0,208
500,CV-645B,Beata InesA,2023-12-10T12:32:29.097Z,0.0,0.0,659
501,Corts Valencianes 1A,Corts Valencianes 1B,2023-12-10T12:32:29.097Z,38.985252,-0.537441,717
502,Corts Valencianes 1B,Corts Valencianes 1A,2023-12-10T12:32:29.097Z,38.986084,-0.534517,330
503,Corts Valencianes 2B,Reina,2023-12-10T12:32:29.097Z,38.987684,-0.53061,632
504,PalasietA,PalasietB,2023-12-10T12:32:29.097Z,38.985489,-0.534157,False
505,PalasietB,PalasietA,2023-12-10T12:32:29.097Z,38.985252,-0.537441,049
506,Alfons MagnanimB,Alfons MagnanimA,2023-12-10T12:32:29.097Z,38.987144,-0.535236,019
507,Argenteria,PalasietB,2023-12-10T12:32:29.097Z,38.985489,-0.534157,606
508,9 OctubreB,Ausias MarchB,2023-12-10T12:32:29.097Z,38.987684,-0.53061,991
509,Ausias MarchA,Ausias MarchB,2023-12-10T12:32:29.097Z,38.987684,-0.53061,604
510,Ausias MarchB,Ximen ToviaB,2023-12-10T12:32:29.097Z,38.991913,-0.524291,False
511,Reina,Republica Argentina,2023-12-10T12:32:29.097Z,38.989955,-0.523503,380
512,Baixada estacio 2,Republica Argentina,2023-12-10T12:32:29.097Z,38.989955,-0.523503,532
513,Gregorio Molina,Abu Masaifa,2023-12-10T12:32:29.097Z,38.991213,-0.523787,141
514,Academic Maravall,Maulets,2023-12-10T12:32:29.097Z,38.991249,-0.518678,698
515,Maulets,Gregorio Molina,2023-12-10T12:32:29.097Z,38.992357,-0.519858,411
516,Republica Argentina,Academic Maravall,2023-12-10T12:32:29.097Z,38.99105,-0.519778,065
517,CV-645B,Beata InesA,2023-12-10T12:32:39.097Z,0.0,0.0,574
518,Corts Valencianes 1A,Corts Valencianes 1B,2023-12-10T12:32:39.097Z,38.985252,-0.537441,094
519,Corts Valencianes 1B,Corts Valencianes 2B,2023-12-10T12:32:39.097Z,38.986084,-0.534517,False
520,Corts Valencianes 2B,9 OctubreA,2023-12-10T12:32:39.097Z,38.987684,-0.53061,994
521,PalasietA,PalasietB,2023-12-10T12:32:39.097Z,38.985489,-0.534157,699
522,PalasietB,CV-645B,2023-12-10T12:32:39.097Z,38.985252,-0.537441,False
523,Alfons MagnanimA,Aben FerriB,2023-12-10T12:32:39.097Z,38.986084,-0.534517,910
524,Aben FerriB,Aben FerriA,2023-12-10T12:32:39.097Z,38.985489,-0.534157,392
525,Argenteria,PalasietB,2023-12-10T12:32:39.097Z,38.985489,-0.534157,925
526,Ausias MarchA,Reina,2023-12-10T12:32:39.097Z,38.987684,-0.53061,949
527,Beata InesA,Reina,2023-12-10T12:32:39.097Z,38.987684,-0.53061,209
528,Reina,Republica Argentina,2023-12-10T12:32:39.097Z,38.989955,-0.523503,066
529,Ximen ToviaA,Ausias MarchA,2023-12-10T12:32:39.097Z,38.991913,-0.524291,696
530,Baixada estacio 2,Republica Argentina,2023-12-10T12:32:39.097Z,38.989955,-0.523503,394
531,Gregorio Molina,Abu Masaifa,2023-12-10T12:32:39.097Z,38.991213,-0.523787,661
532,Cosmografo,Maulets,2023-12-10T12:32:39.097Z,38.991249,-0.518678,831
533,Republica Argentina,Carme 2,2023-12-10T12:32:39.097Z,38.99105,-0.519778,False
534,Corts Valencianes 1A,CV-645B,2023-12-10T12:32:49.097Z,38.985252,-0.537441,338
535,Corts Valencianes 2B,Ausias MarchB,2023-12-10T12:32:49.097Z,38.987684,-0.53061,981
536,PalasietB,PalasietA,2023-12-10T12:32:49.097Z,38.985252,-0.537441,269
537,Aben FerriB,PalasietB,2023-12-10T12:32:49.097Z,38.985489,-0.534157,035
538,Argenteria,PalasietB,2023-12-10T12:32:49.097Z,38.985489,-0.534157,277
539,Ausias MarchA,Reina,2023-12-10T12:32:49.097Z,38.987684,-0.53061,140
540,Ausias MarchB,Ximen ToviaB,2023-12-10T12:32:49.097Z,38.991913,-0.524291,705
541,Ximen ToviaA,Ausias MarchA,2023-12-10T12:32:49.097Z,38.991913,-0.524291,267
542,Gregorio Molina,Abu Masaifa,2023-12-10T12:32:49.097Z,38.991213,-0.523787,471
543,Academic Maravall,Maulets,2023-12-10T12:32:49.097Z,38.991249,-0.518678,552
544,N-340B,N-340A,2023-12-10T12:32:49.097Z,0.0,0.0,383
545,CV-645A,Corts Valencianes 1B,2023-12-10T12:32:59.097Z,38.985252,-0.537441,966
546,Corts Valencianes 1B,Alfons MagnanimB,2023-12-10T12:32:59.097Z,38.986084,-0.534517,777
547,Corts Valencianes 2B,9 OctubreA,2023-12-10T12:32:59.097Z,38.987684,-0.53061,890
548,PalasietB,CV-645B,2023-12-10T12:32:59.097Z,38.985252,-0.537441,751
549,Aben FerriA,Alfons MagnanimB,2023-12-10T12:32:59.097Z,38.986084,-0.534517,392
550,Argenteria,Aben FerriA,2023-12-10T12:32:59.097Z,38.985489,-0.534157,818
551,9 OctubreA,Alfons MagnanimA,2023-12-10T12:32:59.097Z,38.987144,-0.535236,999
552,9 OctubreB,Ausias MarchB,2023-12-10T12:32:59.097Z,38.987684,-0.53061,544
553,Ausias MarchB,Ximen ToviaB,2023-12-10T12:32:59.097Z,38.991913,-0.524291,746
554,Beata InesB,CV-645A,2023-12-10T12:32:59.097Z,0.0,0.0,496
555,Ximen ToviaB,N-340B,2023-12-10T12:32:59.097Z,38.992357,-0.519858,False
556,Baixada estacio 1,Abu Masaifa,2023-12-10T12:32:59.097Z,38.991213,-0.523787,495
557,Albereda 2,N-340B,2023-12-10T12:32:59.097Z,38.990742,-0.513,489
558,Maulets,N-340B,2023-12-10T12:32:59.097Z,38.992357,-0.519858,False
559,N-340B,N-340A,2023-12-10T12:32:59.097Z,0.0,0.0,696
560,Republica Argentina,Academic Maravall,2023-12-10T12:32:59.097Z,38.99105,-0.519778,False
561,CV-645B,Beata InesA,2023-12-10T12:33:09.097Z,0.0,0.0,494
562,Corts Valencianes 1B,Corts Valencianes 2B,2023-12-10T12:33:09.097Z,38.986084,-0.534517,False
563,PalasietB,CV-645B,2023-12-10T12:33:09.097Z,38.985252,-0.537441,208
564,Alfons MagnanimA,Alfons MagnanimB,2023-12-10T12:33:09.097Z,38.986084,-0.534517,984
565,Aben FerriA,Corts Valencianes 1A,2023-12-10T12:33:09.097Z,38.986084,-0.534517,818
566,Argenteria,PalasietB,2023-12-10T12:33:09.097Z,38.985489,-0.534157,919
567,9 OctubreB,Ausias MarchB,2023-12-10T12:33:09.097Z,38.987684,-0.53061,090
568,Ausias MarchA,9 OctubreA,2023-12-10T12:33:09.097Z,38.987684,-0.53061,086
569,Ausias MarchB,Baixada estacio 1,2023-12-10T12:33:09.097Z,38.991913,-0.524291,893
570,Beata InesB,N-340A,2023-12-10T12:33:09.097Z,0.0,0.0,356
571,Reina,Albereda 1,2023-12-10T12:33:09.097Z,38.989955,-0.523503,237
572,Albereda 1,Albereda 2,2023-12-10T12:33:09.097Z,38.990122,-0.519633,mel
573,Carme 2,Albereda 2,2023-12-10T12:33:09.097Z,38.990122,-0.519633,139
574,Academic Maravall,Maulets,2023-12-10T12:33:09.097Z,38.991249,-0.518678,065
575,Maulets,Ximen ToviaA,2023-12-10T12:33:09.097Z,38.992357,-0.519858,749
576,N-340B,N-340A,2023-12-10T12:33:09.097Z,0.0,0.0,994
577,Republica Argentina,Academic Maravall,2023-12-10T12:33:09.097Z,38.99105,-0.519778,894
578,CV-645B,Beata InesA,2023-12-10T12:33:19.097Z,0.0,0.0,965
579,Corts Valencianes 1A,Corts Valencianes 1B,2023-12-10T12:33:19.097Z,38.985252,-0.537441,818
580,Corts Valencianes 1B,Corts Valencianes 2B,2023-12-10T12:33:19.097Z,38.986084,-0.534517,760
581,PalasietA,Aben FerriA,2023-12-10T12:33:19.097Z,38.985489,-0.534157,False
582,Argenteria,PalasietB,2023-12-10T12:33:19.097Z,38.985489,-0.534157,699
583,9 OctubreB,Argenteria,2023-12-10T12:33:19.097Z,38.987684,-0.53061,992
584,Ausias MarchB,Baixada estacio 1,2023-12-10T12:33:19.097Z,38.991913,-0.524291,355
585,Beata InesA,Ausias MarchB,2023-12-10T12:33:19.097Z,38.987684,-0.53061,989
586,Reina,Republica Argentina,2023-12-10T12:33:19.097Z,38.989955,-0.523503,866
587,Baixada estacio 1,Abu Masaifa,2023-12-10T12:33:19.097Z,38.991213,-0.523787,893
588,Academic Maravall,Maulets,2023-12-10T12:33:19.097Z,38.991249,-0.518678,False
589,N-340A,Gregorio Molina,2023-12-10T12:33:19.097Z,38.992357,-0.519858,False
590,N-340B,Beata InesA,2023-12-10T12:33:19.097Z,0.0,0.0,669
591,Republica Argentina,Carme 2,2023-12-10T12:33:19.097Z,38.99105,-0.519778,919
592,CV-645A,PalasietA,2023-12-10T12:33:29.097Z,38.985252,-0.537441,597
593,Corts Valencianes 1B,Corts Valencianes 2B,2023-12-10T12:33:29.097Z,38.986084,-0.534517,171
594,PalasietA,Aben FerriA,2023-12-10T12:33:29.097Z,38.985489,-0.534157,269
595,PalasietB,Corts Valencianes 1B,2023-12-10T12:33:29.097Z,38.985252,-0.537441,179
596,Alfons MagnanimB,9 OctubreB,2023-12-10T12:33:29.097Z,38.987144,-0.535236,799
597,Aben FerriA,Corts Valencianes 1A,2023-12-10T12:33:29.097Z,38.986084,-0.534517,False
598,9 OctubreA,9 OctubreB,2023-12-10T12:33:29.097Z,38.987144,-0.535236,False
599,9 OctubreB,Ausias MarchB,2023-12-10T12:33:29.097Z,38.987684,-0.53061,081
600,Ausias MarchA,Beata InesB,2023-12-10T12:33:29.097Z,38.987684,-0.53061,880
601,Beata InesA,Argenteria,2023-12-10T12:33:29.097Z,38.987684,-0.53061,974
602,N-340B,Beata InesA,2023-12-10T12:33:29.097Z,0.0,0.0,False
603,CV-645A,Corts Valencianes 1B,2023-12-10T12:33:39.097Z,38.985252,-0.537441,496
604,CV-645B,Beata InesA,2023-12-10T12:33:39.097Z,0.0,0.0,216
605,Corts Valencianes 1B,Corts Valencianes 2B,2023-12-10T12:33:39.097Z,38.986084,-0.534517,False
606,Corts Valencianes 2B,Reina,2023-12-10T12:33:39.097Z,38.987684,-0.53061,False
607,PalasietB,CV-645B,2023-12-10T12:33:39.097Z,38.985252,-0.537441,808
608,Alfons MagnanimB,Alfons MagnanimA,2023-12-10T12:33:39.097Z,38.987144,-0.535236,397
609,Argenteria,PalasietB,2023-12-10T12:33:39.097Z,38.985489,-0.534157,169
610,9 OctubreB,9 OctubreA,2023-12-10T12:33:39.097Z,38.987684,-0.53061,876
611,Abu Masaifa,Argenteria,2023-12-10T12:33:39.097Z,38.987684,-0.53061,780
612,Ausias MarchA,9 OctubreA,2023-12-10T12:33:39.097Z,38.987684,-0.53061,509
613,Beata InesA,9 OctubreA,2023-12-10T12:33:39.097Z,38.987684,-0.53061,244
614,Reina,Republica Argentina,2023-12-10T12:33:39.097Z,38.989955,-0.523503,940
615,Ximen ToviaA,Ximen ToviaB,2023-12-10T12:33:39.097Z,38.991913,-0.524291,016
616,Academic Maravall,Maulets,2023-12-10T12:33:39.097Z,38.991249,-0.518678,694
617,N-340A,Ximen ToviaA,2023-12-10T12:33:39.097Z,38.992357,-0.519858,False
618,CV-645B,CV-645A,2023-12-10T12:33:49.097Z,0.0,0.0,687
619,Corts Valencianes 1B,Corts Valencianes 2B,2023-12-10T12:33:49.097Z,38.986084,-0.534517,False
620,Corts Valencianes 2B,Ausias MarchB,2023-12-10T12:33:49.097Z,38.987684,-0.53061,769
621,PalasietA,Aben FerriA,2023-12-10T12:33:49.097Z,38.985489,-0.534157,679
622,PalasietB,CV-645B,2023-12-10T12:33:49.097Z,38.985252,-0.537441,877
623,Alfons MagnanimB,9 OctubreB,2023-12-10T12:33:49.097Z,38.987144,-0.535236,999
624,Argenteria,Aben FerriA,2023-12-10T12:33:49.097Z,38.985489,-0.534157,063
625,9 OctubreA,Alfons MagnanimA,2023-12-10T12:33:49.097Z,38.987144,-0.535236,086
626,9 OctubreB,Beata InesB,2023-12-10T12:33:49.097Z,38.987684,-0.53061,480
627,Abu Masaifa,Ausias MarchB,2023-12-10T12:33:49.097Z,38.987684,-0.53061,747
628,Ausias MarchA,Argenteria,2023-12-10T12:33:49.097Z,38.987684,-0.53061,779
629,Beata InesA,9 OctubreA,2023-12-10T12:33:49.097Z,38.987684,-0.53061,965
630,Reina,Republica Argentina,2023-12-10T12:33:49.097Z,38.989955,-0.523503,False
631,Ximen ToviaA,Ausias MarchA,2023-12-10T12:33:49.097Z,38.991913,-0.524291,False
632,Gregorio Molina,Baixada estacio 2,2023-12-10T12:33:49.097Z,38.991213,-0.523787,434
633,Republica Argentina,Carme 2,2023-12-10T12:33:49.097Z,38.99105,-0.519778,380
634,Corts Valencianes 1B,Alfons MagnanimB,2023-12-10T12:33:59.097Z,38.986084,-0.534517,966
635,Corts Valencianes 2B,Argenteria,2023-12-10T12:33:59.097Z,38.987684,-0.53061,437
636,PalasietB,CV-645B,2023-12-10T12:33:59.097Z,38.985252,-0.537441,925
637,Alfons MagnanimA,Corts Valencianes 2B,2023-12-10T12:33:59.097Z,38.986084,-0.534517,392
638,Argenteria,PalasietB,2023-12-10T12:33:59.097Z,38.985489,-0.534157,592
639,Abu Masaifa,Corts Valencianes 2A,2023-12-10T12:33:59.097Z,38.987684,-0.53061,974
640,Ausias MarchA,Reina,2023-12-10T12:33:59.097Z,38.987684,-0.53061,261
641,Ausias MarchB,Ximen ToviaB,2023-12-10T12:33:59.097Z,38.991913,-0.524291,908
642,Beata InesA,Argenteria,2023-12-10T12:33:59.097Z,38.987684,-0.53061,998
643,Reina,Republica Argentina,2023-12-10T12:33:59.097Z,38.989955,-0.523503,False
644,Republica Argentina,Carme 2,2023-12-10T12:33:59.097Z,38.99105,-0.519778,532
645,CV-645B,CV-645A,2023-12-10T12:34:09.097Z,0.0,0.0,False
646,Corts Valencianes 1A,CV-645B,2023-12-10T12:34:09.097Z,38.985252,-0.537441,049
647,Corts Valencianes 1B,Alfons MagnanimB,2023-12-10T12:34:09.097Z,38.986084,-0.534517,False
648,Corts Valencianes 2B,Ausias MarchB,2023-12-10T12:34:09.097Z,38.987684,-0.53061,False
649,PalasietB,CV-645B,2023-12-10T12:34:09.097Z,38.985252,-0.537441,479
650,Alfons MagnanimA,Aben FerriB,2023-12-10T12:34:09.097Z,38.986084,-0.534517,086
651,Alfons MagnanimB,Alfons MagnanimA,2023-12-10T12:34:09.097Z,38.987144,-0.535236,966
652,Argenteria,Aben FerriA,2023-12-10T12:34:09.097Z,38.985489,-0.534157,974
653,9 OctubreB,Reina,2023-12-10T12:34:09.097Z,38.987684,-0.53061,781
654,Ausias MarchB,Ximen ToviaB,2023-12-10T12:34:09.097Z,38.991913,-0.524291,981
655,Beata InesA,Reina,2023-12-10T12:34:09.097Z,38.987684,-0.53061,907
656,Reina,Republica Argentina,2023-12-10T12:34:09.097Z,38.989955,-0.523503,False
657,Ximen ToviaA,Ausias MarchA,2023-12-10T12:34:09.097Z,38.991913,-0.524291,897
658,Ximen ToviaB,N-340B,2023-12-10T12:34:09.097Z,38.992357,-0.519858,522
659,Baixada estacio 1,Abu Masaifa,2023-12-10T12:34:09.097Z,38.991213,-0.523787,355
660,Maulets,N-340B,2023-12-10T12:34:09.097Z,38.992357,-0.519858,False
661,CV-645B,CV-645A,2023-12-10T12:34:19.097Z,0.0,0.0,053
662,Corts Valencianes 1A,CV-645B,2023-12-10T12:34:19.097Z,38.985252,-0.537441,108
663,Corts Valencianes 2A,Alfons MagnanimB,2023-12-10T12:34:19.097Z,38.986084,-0.534517,681
664,Alfons MagnanimA,Corts Valencianes 2B,2023-12-10T12:34:19.097Z,38.986084,-0.534517,969
665,Alfons MagnanimB,9 OctubreB,2023-12-10T12:34:19.097Z,38.987144,-0.535236,228
666,Aben FerriB,Aben FerriA,2023-12-10T12:34:19.097Z,38.985489,-0.534157,086
667,Argenteria,PalasietB,2023-12-10T12:34:19.097Z,38.985489,-0.534157,109
668,9 OctubreB,Reina,2023-12-10T12:34:19.097Z,38.987684,-0.53061,712
669,Ausias MarchB,Ximen ToviaB,2023-12-10T12:34:19.097Z,38.991913,-0.524291,229
670,Beata InesA,Argenteria,2023-12-10T12:34:19.097Z,38.987684,-0.53061,216
671,Beata InesB,Beata InesA,2023-12-10T12:34:19.097Z,0.0,0.0,954
672,Ximen ToviaB,Carme 1,2023-12-10T12:34:19.097Z,38.992357,-0.519858,477
673,Baixada estacio 1,Abu Masaifa,2023-12-10T12:34:19.097Z,38.991213,-0.523787,964
674,Academic Maravall,Maulets,2023-12-10T12:34:19.097Z,38.991249,-0.518678,198
675,Maulets,Ximen ToviaA,2023-12-10T12:34:19.097Z,38.992357,-0.519858,928
676,N-340B,CV-645A,2023-12-10T12:34:19.097Z,0.0,0.0,161
677,Republica Argentina,Academic Maravall,2023-12-10T12:34:19.097Z,38.99105,-0.519778,066
678,CV-645A,PalasietA,2023-12-10T12:34:29.097Z,38.985252,-0.537441,696
679,Corts Valencianes 1B,Corts Valencianes 2B,2023-12-10T12:34:29.097Z,38.986084,-0.534517,553
680,Corts Valencianes 2B,Reina,2023-12-10T12:34:29.097Z,38.987684,-0.53061,False
681,PalasietB,PalasietA,2023-12-10T12:34:29.097Z,38.985252,-0.537441,277
682,Alfons MagnanimB,Alfons MagnanimA,2023-12-10T12:34:29.097Z,38.987144,-0.535236,False
683,9 OctubreB,9 OctubreA,2023-12-10T12:34:29.097Z,38.987684,-0.53061,777
684,Abu Masaifa,Ausias MarchB,2023-12-10T12:34:29.097Z,38.987684,-0.53061,411
685,Ausias MarchB,Ausias MarchA,2023-12-10T12:34:29.097Z,38.991913,-0.524291,050
686,Beata InesB,CV-645A,2023-12-10T12:34:29.097Z,0.0,0.0,932
687,Ximen ToviaA,Ausias MarchA,2023-12-10T12:34:29.097Z,38.991913,-0.524291,826
688,Ximen ToviaB,Carme 1,2023-12-10T12:34:29.097Z,38.992357,-0.519858,705
689,Maulets,Gregorio Molina,2023-12-10T12:34:29.097Z,38.992357,-0.519858,802
690,CV-645A,PalasietA,2023-12-10T12:34:39.097Z,38.985252,-0.537441,584
691,CV-645B,CV-645A,2023-12-10T12:34:39.097Z,0.0,0.0,933
692,Corts Valencianes 1B,Corts Valencianes 2B,2023-12-10T12:34:39.097Z,38.986084,-0.534517,967
693,PalasietB,CV-645B,2023-12-10T12:34:39.097Z,38.985252,-0.537441,636
694,Alfons MagnanimB,9 OctubreB,2023-12-10T12:34:39.097Z,38.987144,-0.535236,681
695,Aben FerriA,Corts Valencianes 1A,2023-12-10T12:34:39.097Z,38.986084,-0.534517,192
696,9 OctubreB,Argenteria,2023-12-10T12:34:39.097Z,38.987684,-0.53061,False
697,Abu Masaifa,9 OctubreA,2023-12-10T12:34:39.097Z,38.987684,-0.53061,495
698,Ausias MarchA,Beata InesB,2023-12-10T12:34:39.097Z,38.987684,-0.53061,796
699,Ausias MarchB,Baixada estacio 1,2023-12-10T12:34:39.097Z,38.991913,-0.524291,False
700,Beata InesA,Corts Valencianes 2A,2023-12-10T12:34:39.097Z,38.987684,-0.53061,954
701,Beata InesB,Beata InesA,2023-12-10T12:34:39.097Z,0.0,0.0,997
702,Ximen ToviaB,N-340B,2023-12-10T12:34:39.097Z,38.992357,-0.519858,622
703,Albereda 2,N-340B,2023-12-10T12:34:39.097Z,38.990742,-0.513,378
704,Carme 1,Academic Maravall,2023-12-10T12:34:39.097Z,38.99105,-0.519778,False
705,Maulets,N-340B,2023-12-10T12:34:39.097Z,38.992357,-0.519858,False
706,N-340B,Beata InesA,2023-12-10T12:34:39.097Z,0.0,0.0,847
707,CV-645A,Corts Valencianes 1B,2023-12-10T12:34:49.097Z,38.985252,-0.537441,053
708,PalasietB,CV-645B,2023-12-10T12:34:49.097Z,38.985252,-0.537441,699
709,Alfons MagnanimA,Corts Valencianes 2B,2023-12-10T12:34:49.097Z,38.986084,-0.534517,491
710,Aben FerriA,Aben FerriB,2023-12-10T12:34:49.097Z,38.986084,-0.534517,597
711,9 OctubreA,Alfons MagnanimA,2023-12-10T12:34:49.097Z,38.987144,-0.535236,135
712,Abu Masaifa,Reina,2023-12-10T12:34:49.097Z,38.987684,-0.53061,693
713,Ausias MarchA,Argenteria,2023-12-10T12:34:49.097Z,38.987684,-0.53061,897
714,Beata InesA,Ausias MarchB,2023-12-10T12:34:49.097Z,38.987684,-0.53061,False
715,Ximen ToviaB,Ximen ToviaA,2023-12-10T12:34:49.097Z,38.992357,-0.519858,746
716,Maulets,Gregorio Molina,2023-12-10T12:34:49.097Z,38.992357,-0.519858,971
717,N-340B,Beata InesA,2023-12-10T12:34:49.097Z,0.0,0.0,030
718,CV-645B,N-340A,2023-12-10T12:34:59.097Z,0.0,0.0,936
719,Corts Valencianes 1A,CV-645B,2023-12-10T12:34:59.097Z,38.985252,-0.537441,792
720,Corts Valencianes 1B,Corts Valencianes 2B,2023-12-10T12:34:59.097Z,38.986084,-0.534517,False
721,Corts Valencianes 2A,Aben FerriB,2023-12-10T12:34:59.097Z,38.986084,-0.534517,994
722,Corts Valencianes 2B,Reina,2023-12-10T12:34:59.097Z,38.987684,-0.53061,694
723,PalasietB,Corts Valencianes 1B,2023-12-10T12:34:59.097Z,38.985252,-0.537441,814
724,Alfons MagnanimA,Aben FerriB,2023-12-10T12:34:59.097Z,38.986084,-0.534517,818
725,Aben FerriB,PalasietB,2023-12-10T12:34:59.097Z,38.985489,-0.534157,597
726,9 OctubreA,Alfons MagnanimA,2023-12-10T12:34:59.097Z,38.987144,-0.535236,509
727,9 OctubreB,Reina,2023-12-10T12:34:59.097Z,38.987684,-0.53061,984
728,Abu Masaifa,Corts Valencianes 2A,2023-12-10T12:34:59.097Z,38.987684,-0.53061,350
729,Ausias MarchA,Corts Valencianes 2A,2023-12-10T12:34:59.097Z,38.987684,-0.53061,090
730,Ausias MarchB,Ausias MarchA,2023-12-10T12:34:59.097Z,38.991913,-0.524291,081
731,Beata InesA,Reina,2023-12-10T12:34:59.097Z,38.987684,-0.53061,847
732,Ximen ToviaA,Ximen ToviaB,2023-12-10T12:34:59.097Z,38.991913,-0.524291,928
733,Ximen ToviaB,Gregorio Molina,2023-12-10T12:34:59.097Z,38.992357,-0.519858,019
734,Baixada estacio 1,Abu Masaifa,2023-12-10T12:34:59.097Z,38.991213,-0.523787,599
735,Gregorio Molina,Abu Masaifa,2023-12-10T12:34:59.097Z,38.991213,-0.523787,080
736,Academic Maravall,Maulets,2023-12-10T12:34:59.097Z,38.991249,-0.518678,False
737,Maulets,Ximen ToviaA,2023-12-10T12:34:59.097Z,38.992357,-0.519858,419
738,N-340B,Beata InesA,2023-12-10T12:34:59.097Z,0.0,0.0,999
739,CV-645A,Corts Valencianes 1B,2023-12-10T12:35:09.097Z,38.985252,-0.537441,963
740,Corts Valencianes 1B,Corts Valencianes 2B,2023-12-10T12:35:09.097Z,38.986084,-0.534517,496
741,Corts Valencianes 2A,Corts Valencianes 1A,2023-12-10T12:35:09.097Z,38.986084,-0.534517,070
742,Corts Valencianes 2B,Argenteria,2023-12-10T12:35:09.097Z,38.987684,-0.53061,966
743,PalasietA,PalasietB,2023-12-10T12:35:09.097Z,38.985489,-0.534157,696
744,Alfons MagnanimA,Aben FerriB,2023-12-10T12:35:09.097Z,38.986084,-0.534517,135
745,Aben FerriA,Alfons MagnanimB,2023-12-10T12:35:09.097Z,38.986084,-0.534517,063
746,Ausias MarchB,Ausias MarchA,2023-12-10T12:35:09.097Z,38.991913,-0.524291,163
747,Ximen ToviaA,Baixada estacio 1,2023-12-10T12:35:09.097Z,38.991913,-0.524291,746
748,N-340B,N-340A,2023-12-10T12:35:09.097Z,0.0,0.0,045
749,CV-645A,Corts Valencianes 1B,2023-12-10T12:35:19.097Z,38.985252,-0.537441,932
750,Corts Valencianes 1A,CV-645B,2023-12-10T12:35:19.097Z,38.985252,-0.537441,070
751,Corts Valencianes 1B,Alfons MagnanimB,2023-12-10T12:35:19.097Z,38.986084,-0.534517,False
752,Corts Valencianes 2A,Corts Valencianes 2B,2023-12-10T12:35:19.097Z,38.986084,-0.534517,350
753,Corts Valencianes 2B,Ausias MarchB,2023-12-10T12:35:19.097Z,38.987684,-0.53061,953
754,PalasietA,Aben FerriA,2023-12-10T12:35:19.097Z,38.985489,-0.534157,112
755,PalasietB,Corts Valencianes 1B,2023-12-10T12:35:19.097Z,38.985252,-0.537441,992
756,Alfons MagnanimB,Alfons MagnanimA,2023-12-10T12:35:19.097Z,38.987144,-0.535236,063
757,Aben FerriB,PalasietB,2023-12-10T12:35:19.097Z,38.985489,-0.534157,181
758,9 OctubreA,9 OctubreB,2023-12-10T12:35:19.097Z,38.987144,-0.535236,494
759,9 OctubreB,Ausias MarchB,2023-12-10T12:35:19.097Z,38.987684,-0.53061,228
760,Ausias MarchA,Argenteria,2023-12-10T12:35:19.097Z,38.987684,-0.53061,928
761,Ausias MarchB,Ausias MarchA,2023-12-10T12:35:19.097Z,38.991913,-0.524291,141
762,Beata InesA,Ausias MarchB,2023-12-10T12:35:19.097Z,38.987684,-0.53061,609
763,Baixada estacio 1,Abu Masaifa,2023-12-10T12:35:19.097Z,38.991213,-0.523787,746
764,Academic Maravall,Maulets,2023-12-10T12:35:19.097Z,38.991249,-0.518678,False
765,Maulets,Ximen ToviaA,2023-12-10T12:35:19.097Z,38.992357,-0.519858,735
766,N-340A,Carme 1,2023-12-10T12:35:19.097Z,38.992357,-0.519858,024
767,N-340B,N-340A,2023-12-10T12:35:19.097Z,0.0,0.0,769
768,Corts Valencianes 2A,Aben FerriB,2023-12-10T12:35:29.097Z,38.986084,-0.534517,090
769,Corts Valencianes 2B,Ausias MarchB,2023-12-10T12:35:29.097Z,38.987684,-0.53061,966
770,PalasietB,CV-645B,2023-12-10T12:35:29.097Z,38.985252,-0.537441,212
771,Alfons MagnanimA,Corts Valencianes 1A,2023-12-10T12:35:29.097Z,38.986084,-0.534517,509
772,Alfons MagnanimB,9 OctubreB,2023-12-10T12:35:29.097Z,38.987144,-0.535236,091
773,Aben FerriA,Alfons MagnanimB,2023-12-10T12:35:29.097Z,38.986084,-0.534517,086
774,9 OctubreB,Ausias MarchB,2023-12-10T12:35:29.097Z,38.987684,-0.53061,661
775,Abu Masaifa,Argenteria,2023-12-10T12:35:29.097Z,38.987684,-0.53061,False
776,Ausias MarchA,9 OctubreA,2023-12-10T12:35:29.097Z,38.987684,-0.53061,081
777,Ausias MarchB,Ausias MarchA,2023-12-10T12:35:29.097Z,38.991913,-0.524291,False
778,Beata InesA,Corts Valencianes 2A,2023-12-10T12:35:29.097Z,38.987684,-0.53061,999
779,Gregorio Molina,Abu Masaifa,2023-12-10T12:35:29.097Z,38.991213,-0.523787,971
780,Maulets,Ximen ToviaA,2023-12-10T12:35:29.097Z,38.992357,-0.519858,308
781,N-340A,Carme 1,2023-12-10T12:35:29.097Z,38.992357,-0.519858,445
782,N-340B,Beata InesA,2023-12-10T12:35:29.097Z,0.0,0.0,301
783,Corts Valencianes 1B,Alfons MagnanimB,2023-12-10T12:35:39.097Z,38.986084,-0.534517,814
784,Corts Valencianes 2B,Argenteria,2023-12-10T12:35:39.097Z,38.987684,-0.53061,292
785,PalasietB,CV-645B,2023-12-10T12:35:39.097Z,38.985252,-0.537441,100
786,Alfons MagnanimA,Corts Valencianes 1A,2023-12-10T12:35:39.097Z,38.986084,-0.534517,063
787,Alfons MagnanimB,9 OctubreB,2023-12-10T12:35:39.097Z,38.987144,-0.535236,086
788,Aben FerriA,Corts Valencianes 1A,2023-12-10T12:35:39.097Z,38.986084,-0.534517,211
789,Aben FerriB,PalasietB,2023-12-10T12:35:39.097Z,38.985489,-0.534157,135
790,9 OctubreA,9 OctubreB,2023-12-10T12:35:39.097Z,38.987144,-0.535236,965
791,9 OctubreB,Corts Valencianes 2A,2023-12-10T12:35:39.097Z,38.987684,-0.53061,699
792,Ausias MarchA,Ausias MarchB,2023-12-10T12:35:39.097Z,38.987684,-0.53061,819
793,Gregorio Molina,Baixada estacio 2,2023-12-10T12:35:39.097Z,38.991213,-0.523787,019
794,Maulets,Ximen ToviaA,2023-12-10T12:35:39.097Z,38.992357,-0.519858,821
795,N-340A,Carme 1,2023-12-10T12:35:39.097Z,38.992357,-0.519858,082
796,N-340B,N-340A,2023-12-10T12:35:39.097Z,0.0,0.0,999
797,CV-645B,Beata InesA,2023-12-10T12:35:49.097Z,0.0,0.0,False
798,Corts Valencianes 1B,Corts Valencianes 1A,2023-12-10T12:35:49.097Z,38.986084,-0.534517,161
799,Corts Valencianes 2B,Corts Valencianes 2A,2023-12-10T12:35:49.097Z,38.987684,-0.53061,False
800,Aben FerriB,PalasietB,2023-12-10T12:35:49.097Z,38.985489,-0.534157,090
801,9 OctubreB,Argenteria,2023-12-10T12:35:49.097Z,38.987684,-0.53061,996
802,Beata InesB,Beata InesA,2023-12-10T12:35:49.097Z,0.0,0.0,796
803,Ximen ToviaA,Baixada estacio 1,2023-12-10T12:35:49.097Z,38.991913,-0.524291,419
804,Maulets,Gregorio Molina,2023-12-10T12:35:49.097Z,38.992357,-0.519858,891
805,N-340A,Gregorio Molina,2023-12-10T12:35:49.097Z,38.992357,-0.519858,tle
806,N-340B,N-340A,2023-12-10T12:35:49.097Z,0.0,0.0,166
807,CV-645B,CV-645A,2023-12-10T12:35:59.097Z,0.0,0.0,567
808,Corts Valencianes 1A,Corts Valencianes 1B,2023-12-10T12:35:59.097Z,38.985252,-0.537441,509
809,Corts Valencianes 2A,Alfons MagnanimB,2023-12-10T12:35:59.097Z,38.986084,-0.534517,494
810,Corts Valencianes 2B,9 OctubreA,2023-12-10T12:35:59.097Z,38.987684,-0.53061,496
811,PalasietA,PalasietB,2023-12-10T12:35:59.097Z,38.985489,-0.534157,584
812,PalasietB,Corts Valencianes 1B,2023-12-10T12:35:59.097Z,38.985252,-0.537441,893
813,Alfons MagnanimB,Alfons MagnanimA,2023-12-10T12:35:59.097Z,38.987144,-0.535236,814
814,9 OctubreA,Alfons MagnanimA,2023-12-10T12:35:59.097Z,38.987144,-0.535236,429
815,Ausias MarchA,Reina,2023-12-10T12:35:59.097Z,38.987684,-0.53061,141
816,Ausias MarchB,Ausias MarchA,2023-12-10T12:35:59.097Z,38.991913,-0.524291,471
817,Ximen ToviaA,Ausias MarchA,2023-12-10T12:35:59.097Z,38.991913,-0.524291,735
818,Gregorio Molina,Abu Masaifa,2023-12-10T12:35:59.097Z,38.991213,-0.523787,891
819,Carme 1,Carme 2,2023-12-10T12:35:59.097Z,38.99105,-0.519778,705
820,N-340A,Gregorio Molina,2023-12-10T12:35:59.097Z,38.992357,-0.519858,356
821,N-340B,Beata InesA,2023-12-10T12:35:59.097Z,0.0,0.0,699
822,CV-645A,PalasietA,2023-12-10T12:36:09.097Z,38.985252,-0.537441,933
823,Corts Valencianes 1A,Corts Valencianes 1B,2023-12-10T12:36:09.097Z,38.985252,-0.537441,063
824,Corts Valencianes 1B,Alfons MagnanimB,2023-12-10T12:36:09.097Z,38.986084,-0.534517,932
825,Corts Valencianes 2B,Ausias MarchB,2023-12-10T12:36:09.097Z,38.987684,-0.53061,164
826,Alfons MagnanimB,Alfons MagnanimA,2023-12-10T12:36:09.097Z,38.987144,-0.535236,244
827,9 OctubreA,Alfons MagnanimA,2023-12-10T12:36:09.097Z,38.987144,-0.535236,777
828,Abu Masaifa,9 OctubreA,2023-12-10T12:36:09.097Z,38.987684,-0.53061,355
829,Ausias MarchA,Reina,2023-12-10T12:36:09.097Z,38.987684,-0.53061,717
830,Ausias MarchB,Ausias MarchA,2023-12-10T12:36:09.097Z,38.991913,-0.524291,718
831,Beata InesA,Ausias MarchB,2023-12-10T12:36:09.097Z,38.987684,-0.53061,901
832,Beata InesB,Beata InesA,2023-12-10T12:36:09.097Z,0.0,0.0,969
833,Baixada estacio 1,Baixada estacio 2,2023-12-10T12:36:09.097Z,38.991213,-0.523787,419
834,Gregorio Molina,Baixada estacio 2,2023-12-10T12:36:09.097Z,38.991213,-0.523787,696
835,N-340A,Ximen ToviaA,2023-12-10T12:36:09.097Z,38.992357,-0.519858,934
836,N-340B,N-340A,2023-12-10T12:36:09.097Z,0.0,0.0,906
837,CV-645B,CV-645A,2023-12-10T12:36:19.097Z,0.0,0.0,325
838,Corts Valencianes 1A,CV-645B,2023-12-10T12:36:19.097Z,38.985252,-0.537441,277
839,Corts Valencianes 1B,Corts Valencianes 1A,2023-12-10T12:36:19.097Z,38.986084,-0.534517,992
840,Alfons MagnanimA,Corts Valencianes 1A,2023-12-10T12:36:19.097Z,38.986084,-0.534517,814
841,Alfons MagnanimB,Alfons MagnanimA,2023-12-10T12:36:19.097Z,38.987144,-0.535236,663
842,Aben FerriA,Alfons MagnanimB,2023-12-10T12:36:19.097Z,38.986084,-0.534517,919
843,Argenteria,PalasietB,2023-12-10T12:36:19.097Z,38.985489,-0.534157,780
844,9 OctubreA,9 OctubreB,2023-12-10T12:36:19.097Z,38.987144,-0.535236,937
845,9 OctubreB,Argenteria,2023-12-10T12:36:19.097Z,38.987684,-0.53061,969
846,Abu Masaifa,Argenteria,2023-12-10T12:36:19.097Z,38.987684,-0.53061,964
847,Ausias MarchA,Corts Valencianes 2A,2023-12-10T12:36:19.097Z,38.987684,-0.53061,471
848,Ausias MarchB,Ausias MarchA,2023-12-10T12:36:19.097Z,38.991913,-0.524291,953
849,Beata InesA,Ausias MarchB,2023-12-10T12:36:19.097Z,38.987684,-0.53061,False
850,N-340B,Beata InesA,2023-12-10T12:36:19.097Z,0.0,0.0,626
851,CV-645B,CV-645A,2023-12-10T12:36:29.097Z,0.0,0.0,166
852,Corts Valencianes 1A,Corts Valencianes 1B,2023-12-10T12:36:29.097Z,38.985252,-0.537441,793
853,Corts Valencianes 1B,Alfons MagnanimB,2023-12-10T12:36:29.097Z,38.986084,-0.534517,509
854,Alfons MagnanimA,Alfons MagnanimB,2023-12-10T12:36:29.097Z,38.986084,-0.534517,429
855,Alfons MagnanimB,9 OctubreB,2023-12-10T12:36:29.097Z,38.987144,-0.535236,919
856,Argenteria,PalasietB,2023-12-10T12:36:29.097Z,38.985489,-0.534157,False
857,9 OctubreB,Argenteria,2023-12-10T12:36:29.097Z,38.987684,-0.53061,005
858,Abu Masaifa,Argenteria,2023-12-10T12:36:29.097Z,38.987684,-0.53061,False
859,Ausias MarchA,Argenteria,2023-12-10T12:36:29.097Z,38.987684,-0.53061,719
860,Beata InesB,N-340A,2023-12-10T12:36:29.097Z,0.0,0.0,470
861,Ximen ToviaA,Ausias MarchA,2023-12-10T12:36:29.097Z,38.991913,-0.524291,999
862,Ximen ToviaB,N-340B,2023-12-10T12:36:29.097Z,38.992357,-0.519858,908
863,Gregorio Molina,Baixada estacio 2,2023-12-10T12:36:29.097Z,38.991213,-0.523787,386
864,Albereda 2,N-340B,2023-12-10T12:36:29.097Z,38.990742,-0.513,769
865,Carme 1,Academic Maravall,2023-12-10T12:36:29.097Z,38.99105,-0.519778,524
866,Maulets,N-340B,2023-12-10T12:36:29.097Z,38.992357,-0.519858,061
867,CV-645A,Corts Valencianes 1B,2023-12-10T12:36:39.097Z,38.985252,-0.537441,False
868,CV-645B,Beata InesA,2023-12-10T12:36:39.097Z,0.0,0.0,340
869,Corts Valencianes 1A,PalasietA,2023-12-10T12:36:39.097Z,38.985252,-0.537441,963
870,Corts Valencianes 1B,Corts Valencianes 2B,2023-12-10T12:36:39.097Z,38.986084,-0.534517,893
871,PalasietA,Aben FerriA,2023-12-10T12:36:39.097Z,38.985489,-0.534157,933
872,Alfons MagnanimA,Corts Valencianes 2B,2023-12-10T12:36:39.097Z,38.986084,-0.534517,699
873,Alfons MagnanimB,9 OctubreB,2023-12-10T12:36:39.097Z,38.987144,-0.535236,False
874,Argenteria,PalasietB,2023-12-10T12:36:39.097Z,38.985489,-0.534157,916
875,9 OctubreA,Alfons MagnanimA,2023-12-10T12:36:39.097Z,38.987144,-0.535236,495
876,Beata InesB,Beata InesA,2023-12-10T12:36:39.097Z,0.0,0.0,694
877,Reina,Albereda 1,2023-12-10T12:36:39.097Z,38.989955,-0.523503,536
878,Ximen ToviaB,Ximen ToviaA,2023-12-10T12:36:39.097Z,38.992357,-0.519858,981
879,Albereda 1,Albereda 2,2023-12-10T12:36:39.097Z,38.990122,-0.519633,092
880,Albereda 2,Cosmografo,2023-12-10T12:36:39.097Z,38.990742,-0.513,197
881,Academic Maravall,Maulets,2023-12-10T12:36:39.097Z,38.991249,-0.518678,252
882,Republica Argentina,Carme 2,2023-12-10T12:36:39.097Z,38.99105,-0.519778,394
883,CV-645A,PalasietA,2023-12-10T12:36:49.097Z,38.985252,-0.537441,649
884,Corts Valencianes 1A,CV-645B,2023-12-10T12:36:49.097Z,38.985252,-0.537441,592
885,Corts Valencianes 1B,Aben FerriB,2023-12-10T12:36:49.097Z,38.986084,-0.534517,063
886,Corts Valencianes 2B,Argenteria,2023-12-10T12:36:49.097Z,38.987684,-0.53061,687
887,Alfons MagnanimA,Corts Valencianes 2B,2023-12-10T12:36:49.097Z,38.986084,-0.534517,777
888,Alfons MagnanimB,9 OctubreB,2023-12-10T12:36:49.097Z,38.987144,-0.535236,429
889,Aben FerriA,Aben FerriB,2023-12-10T12:36:49.097Z,38.986084,-0.534517,933
890,Argenteria,PalasietB,2023-12-10T12:36:49.097Z,38.985489,-0.534157,998
891,9 OctubreA,Alfons MagnanimA,2023-12-10T12:36:49.097Z,38.987144,-0.535236,081
892,Abu Masaifa,Ausias MarchB,2023-12-10T12:36:49.097Z,38.987684,-0.53061,802
893,Beata InesA,Ausias MarchB,2023-12-10T12:36:49.097Z,38.987684,-0.53061,796
894,Reina,Albereda 1,2023-12-10T12:36:49.097Z,38.989955,-0.523503,716
895,Baixada estacio 2,Albereda 1,2023-12-10T12:36:49.097Z,38.989955,-0.523503,False
896,Carme 1,Carme 2,2023-12-10T12:36:49.097Z,38.99105,-0.519778,499
897,Carme 2,Albereda 2,2023-12-10T12:36:49.097Z,38.990122,-0.519633,False
898,Cosmografo,Maulets,2023-12-10T12:36:49.097Z,38.991249,-0.518678,951
899,N-340A,Ximen ToviaA,2023-12-10T12:36:49.097Z,38.992357,-0.519858,336
900,N-340B,Beata InesA,2023-12-10T12:36:49.097Z,0.0,0.0,119
901,Republica Argentina,Carme 2,2023-12-10T12:36:49.097Z,38.99105,-0.519778,839
902,CV-645A,Corts Valencianes 1B,2023-12-10T12:36:59.097Z,38.985252,-0.537441,166
903,Corts Valencianes 1B,Corts Valencianes 2B,2023-12-10T12:36:59.097Z,38.986084,-0.534517,733
904,Corts Valencianes 2B,Argenteria,2023-12-10T12:36:59.097Z,38.987684,-0.53061,244
905,PalasietB,Corts Valencianes 1B,2023-12-10T12:36:59.097Z,38.985252,-0.537441,135
906,Argenteria,PalasietB,2023-12-10T12:36:59.097Z,38.985489,-0.534157,False
907,9 OctubreA,9 OctubreB,2023-12-10T12:36:59.097Z,38.987144,-0.535236,496
908,Ausias MarchA,Beata InesB,2023-12-10T12:36:59.097Z,38.987684,-0.53061,953
909,Beata InesA,Corts Valencianes 2A,2023-12-10T12:36:59.097Z,38.987684,-0.53061,699
910,Albereda 1,Albereda 2,2023-12-10T12:36:59.097Z,38.990122,-0.519633,False
911,Carme 2,Albereda 2,2023-12-10T12:36:59.097Z,38.990122,-0.519633,False
912,Republica Argentina,Academic Maravall,2023-12-10T12:36:59.097Z,38.99105,-0.519778,940
913,CV-645B,Beata InesA,2023-12-10T12:37:09.097Z,0.0,0.0,167
914,Corts Valencianes 1A,CV-645B,2023-12-10T12:37:09.097Z,38.985252,-0.537441,814
915,Corts Valencianes 1B,Aben FerriB,2023-12-10T12:37:09.097Z,38.986084,-0.534517,967
916,Corts Valencianes 2A,Corts Valencianes 1A,2023-12-10T12:37:09.097Z,38.986084,-0.534517,False
917,Corts Valencianes 2B,Corts Valencianes 2A,2023-12-10T12:37:09.097Z,38.987684,-0.53061,717
918,PalasietB,CV-645B,2023-12-10T12:37:09.097Z,38.985252,-0.537441,090
919,Alfons MagnanimA,Corts Valencianes 2B,2023-12-10T12:37:09.097Z,38.986084,-0.534517,495
920,Alfons MagnanimB,Alfons MagnanimA,2023-12-10T12:37:09.097Z,38.987144,-0.535236,969
921,Argenteria,PalasietB,2023-12-10T12:37:09.097Z,38.985489,-0.534157,890
922,9 OctubreA,Alfons MagnanimA,2023-12-10T12:37:09.097Z,38.987144,-0.535236,355
923,9 OctubreB,Reina,2023-12-10T12:37:09.097Z,38.987684,-0.53061,937
924,Abu Masaifa,Argenteria,2023-12-10T12:37:09.097Z,38.987684,-0.53061,736
925,Beata InesA,Argenteria,2023-12-10T12:37:09.097Z,38.987684,-0.53061,480
926,Reina,Albereda 1,2023-12-10T12:37:09.097Z,38.989955,-0.523503,666
927,Ximen ToviaA,Ximen ToviaB,2023-12-10T12:37:09.097Z,38.991913,-0.524291,794
928,Ximen ToviaB,N-340B,2023-12-10T12:37:09.097Z,38.992357,-0.519858,544
929,Baixada estacio 2,Republica Argentina,2023-12-10T12:37:09.097Z,38.989955,-0.523503,983
930,Albereda 1,Albereda 2,2023-12-10T12:37:09.097Z,38.990122,-0.519633,370
931,Albereda 2,N-340B,2023-12-10T12:37:09.097Z,38.990742,-0.513,819
932,Carme 1,Academic Maravall,2023-12-10T12:37:09.097Z,38.99105,-0.519778,082
933,Carme 2,Albereda 2,2023-12-10T12:37:09.097Z,38.990122,-0.519633,144
934,Maulets,N-340B,2023-12-10T12:37:09.097Z,38.992357,-0.519858,992
935,Corts Valencianes 2A,Corts Valencianes 2B,2023-12-10T12:37:19.097Z,38.986084,-0.534517,411
936,Alfons MagnanimA,Aben FerriB,2023-12-10T12:37:19.097Z,38.986084,-0.534517,081
937,9 OctubreB,Ausias MarchB,2023-12-10T12:37:19.097Z,38.987684,-0.53061,919
938,Abu Masaifa,Argenteria,2023-12-10T12:37:19.097Z,38.987684,-0.53061,921
939,Beata InesA,Corts Valencianes 2A,2023-12-10T12:37:19.097Z,38.987684,-0.53061,626
940,Baixada estacio 2,Albereda 1,2023-12-10T12:37:19.097Z,38.989955,-0.523503,749
941,Carme 1,Academic Maravall,2023-12-10T12:37:19.097Z,38.99105,-0.519778,796
942,Maulets,Gregorio Molina,2023-12-10T12:37:19.097Z,38.992357,-0.519858,232
943,Republica Argentina,Carme 2,2023-12-10T12:37:19.097Z,38.99105,-0.519778,969
944,Corts Valencianes 1B,Corts Valencianes 1A,2023-12-10T12:37:29.097Z,38.986084,-0.534517,135
945,Corts Valencianes 2A,Aben FerriB,2023-12-10T12:37:29.097Z,38.986084,-0.534517,699
946,Corts Valencianes 2B,Argenteria,2023-12-10T12:37:29.097Z,38.987684,-0.53061,936
947,Alfons MagnanimA,Corts Valencianes 1A,2023-12-10T12:37:29.097Z,38.986084,-0.534517,478
948,Aben FerriB,PalasietB,2023-12-10T12:37:29.097Z,38.985489,-0.534157,081
949,Argenteria,Aben FerriA,2023-12-10T12:37:29.097Z,38.985489,-0.534157,661
950,9 OctubreA,9 OctubreB,2023-12-10T12:37:29.097Z,38.987144,-0.535236,294
951,9 OctubreB,Reina,2023-12-10T12:37:29.097Z,38.987684,-0.53061,509
952,Abu Masaifa,9 OctubreA,2023-12-10T12:37:29.097Z,38.987684,-0.53061,949
953,Beata InesA,Argenteria,2023-12-10T12:37:29.097Z,38.987684,-0.53061,340
954,Reina,Republica Argentina,2023-12-10T12:37:29.097Z,38.989955,-0.523503,021
955,Ximen ToviaA,Ausias MarchA,2023-12-10T12:37:29.097Z,38.991913,-0.524291,941
956,Baixada estacio 2,Republica Argentina,2023-12-10T12:37:29.097Z,38.989955,-0.523503,419
957,Academic Maravall,Maulets,2023-12-10T12:37:29.097Z,38.991249,-0.518678,940
958,N-340B,Beata InesA,2023-12-10T12:37:29.097Z,0.0,0.0,408
959,Republica Argentina,Academic Maravall,2023-12-10T12:37:29.097Z,38.99105,-0.519778,False
960,Corts Valencianes 1A,CV-645B,2023-12-10T12:37:39.097Z,38.985252,-0.537441,False
961,Corts Valencianes 2B,Argenteria,2023-12-10T12:37:39.097Z,38.987684,-0.53061,495
962,PalasietB,CV-645B,2023-12-10T12:37:39.097Z,38.985252,-0.537441,584
963,Alfons MagnanimA,Corts Valencianes 2B,2023-12-10T12:37:39.097Z,38.986084,-0.534517,860
964,Aben FerriB,Aben FerriA,2023-12-10T12:37:39.097Z,38.985489,-0.534157,699
965,Beata InesA,Reina,2023-12-10T12:37:39.097Z,38.987684,-0.53061,406
966,Reina,Republica Argentina,2023-12-10T12:37:39.097Z,38.989955,-0.523503,914
967,Ximen ToviaB,N-340B,2023-12-10T12:37:39.097Z,38.992357,-0.519858,False
968,Gregorio Molina,Abu Masaifa,2023-12-10T12:37:39.097Z,38.991213,-0.523787,232
969,Albereda 2,N-340B,2023-12-10T12:37:39.097Z,38.990742,-0.513,886
970,Maulets,N-340B,2023-12-10T12:37:39.097Z,38.992357,-0.519858,527
971,N-340B,CV-645A,2023-12-10T12:37:39.097Z,0.0,0.0,487
972,Republica Argentina,Academic Maravall,2023-12-10T12:37:39.097Z,38.99105,-0.519778,234
973,Corts Valencianes 2A,Corts Valencianes 2B,2023-12-10T12:37:49.097Z,38.986084,-0.534517,699
974,Corts Valencianes 2B,Argenteria,2023-12-10T12:37:49.097Z,38.987684,-0.53061,411
975,PalasietA,PalasietB,2023-12-10T12:37:49.097Z,38.985489,-0.534157,325
976,PalasietB,CV-645B,2023-12-10T12:37:49.097Z,38.985252,-0.537441,780
977,Alfons MagnanimA,Corts Valencianes 2B,2023-12-10T12:37:49.097Z,38.986084,-0.534517,355
978,Argenteria,Aben FerriA,2023-12-10T12:37:49.097Z,38.985489,-0.534157,826
979,9 OctubreA,Alfons MagnanimA,2023-12-10T12:37:49.097Z,38.987144,-0.535236,949
980,9 OctubreB,Beata InesB,2023-12-10T12:37:49.097Z,38.987684,-0.53061,429
981,Beata InesA,9 OctubreA,2023-12-10T12:37:49.097Z,38.987684,-0.53061,181
982,Reina,Republica Argentina,2023-12-10T12:37:49.097Z,38.989955,-0.523503,474
983,Ximen ToviaA,Ausias MarchA,2023-12-10T12:37:49.097Z,38.991913,-0.524291,936
984,Gregorio Molina,Abu Masaifa,2023-12-10T12:37:49.097Z,38.991213,-0.523787,680
985,Carme 1,Academic Maravall,2023-12-10T12:37:49.097Z,38.99105,-0.519778,024
986,Republica Argentina,Academic Maravall,2023-12-10T12:37:49.097Z,38.99105,-0.519778,906
987,CV-645A,Corts Valencianes 1B,2023-12-10T12:37:59.097Z,38.985252,-0.537441,False
988,Corts Valencianes 1A,PalasietA,2023-12-10T12:37:59.097Z,38.985252,-0.537441,135
989,Corts Valencianes 2A,Corts Valencianes 2B,2023-12-10T12:37:59.097Z,38.986084,-0.534517,938
990,PalasietB,Corts Valencianes 1B,2023-12-10T12:37:59.097Z,38.985252,-0.537441,799
991,Alfons MagnanimA,Corts Valencianes 1A,2023-12-10T12:37:59.097Z,38.986084,-0.534517,False
992,Aben FerriA,Corts Valencianes 2B,2023-12-10T12:37:59.097Z,38.986084,-0.534517,699
993,Argenteria,Aben FerriA,2023-12-10T12:37:59.097Z,38.985489,-0.534157,False
994,9 OctubreB,Corts Valencianes 2A,2023-12-10T12:37:59.097Z,38.987684,-0.53061,496
995,Ausias MarchB,Ausias MarchA,2023-12-10T12:37:59.097Z,38.991913,-0.524291,769
996,Reina,Albereda 1,2023-12-10T12:37:59.097Z,38.989955,-0.523503,797
997,Albereda 2,Cosmografo,2023-12-10T12:37:59.097Z,38.990742,-0.513,False
998,Academic Maravall,Maulets,2023-12-10T12:37:59.097Z,38.991249,-0.518678,383
999,N-340B,Beata InesA,2023-12-10T12:37:59.097Z,0.0,0.0,390
